Loading plugins phase: Elapsed time ==> 0s.329ms
<CYPRESSTAG name="CyDsfit arguments...">
cydsfit arguments: -.fdsnotice -.fdswarpdepfile=warp_dependencies.txt -.fdselabdepfile=elab_dependencies.txt -.fdsbldfile=generated_files.txt -.fdsreffile=referenced_files.txt -p C:\Users\alexport\OneDrive - Safeguard Analytics\TESTs\UART UDB test\SA-200.cydsn\SA-200.cyprj -d CYBLE-224116-01 -s C:\Users\alexport\OneDrive - Safeguard Analytics\TESTs\UART UDB test\SA-200.cydsn\Generated_Source\PSoC4 -- -yv2 -q10 -ygs -o2 -v3 -.fftcfgtype=LE
</CYPRESSTAG>
<CYPRESSTAG name="Design elaboration results...">
</CYPRESSTAG>
Elaboration phase: Elapsed time ==> 4s.555ms
<CYPRESSTAG name="HDL generation results...">
</CYPRESSTAG>
HDL generation phase: Elapsed time ==> 0s.080ms
<CYPRESSTAG name="Synthesis results...">

     | | | | | | |
   _________________
  -|               |-
  -|               |-
  -|               |-
  -|    CYPRESS    |-
  -|               |-
  -|               |-   Warp Verilog Synthesis Compiler: Version 6.3 IR 41
  -|               |-   Copyright (C) 1991-2001 Cypress Semiconductor
   |_______________|
     | | | | | | |

======================================================================
Compiling:  SA-200.v
Program  :   C:\Program Files (x86)\Cypress\PSoC Creator\4.4\PSoC Creator\warp\bin\warp.exe
Options  :    -yv2 -q10 -ygs -o2 -v3 -.fftcfgtype=LE -ya -.fftprj=C:\Users\alexport\OneDrive - Safeguard Analytics\TESTs\UART UDB test\SA-200.cydsn\SA-200.cyprj -dcpsoc3 SA-200.v -verilog
======================================================================

======================================================================
Compiling:  SA-200.v
Program  :   C:\Program Files (x86)\Cypress\PSoC Creator\4.4\PSoC Creator\warp\bin\warp.exe
Options  :    -yv2 -q10 -ygs -o2 -v3 -.fftcfgtype=LE -ya -.fftprj=C:\Users\alexport\OneDrive - Safeguard Analytics\TESTs\UART UDB test\SA-200.cydsn\SA-200.cyprj -dcpsoc3 SA-200.v -verilog
======================================================================

======================================================================
Compiling:  SA-200.v
Program  :   vlogfe
Options  :    -yv2 -q10 -ygs -o2 -v3 -.fftcfgtype=LE -ya -.fftprj=C:\Users\alexport\OneDrive - Safeguard Analytics\TESTs\UART UDB test\SA-200.cydsn\SA-200.cyprj -dcpsoc3 -verilog SA-200.v
======================================================================

vlogfe V6.3 IR 41:  Verilog parser
Thu Feb 20 11:39:48 2025


======================================================================
Compiling:  SA-200.v
Program  :   vpp
Options  :    -yv2 -q10 SA-200.v
======================================================================

vpp V6.3 IR 41:  Verilog Pre-Processor
Thu Feb 20 11:39:48 2025

Flattening file 'C:\Program Files (x86)\Cypress\PSoC Creator\4.4\PSoC Creator\psoc\content\CyPrimitives\cyprimitives.cylib\cy_virtualmux_v1_0\cy_virtualmux_v1_0.v'
Flattening file 'C:\Program Files (x86)\Cypress\PSoC Creator\4.4\PSoC Creator\psoc\content\CyPrimitives\cyprimitives.cylib\ZeroTerminal\ZeroTerminal.v'
Flattening file 'C:\Program Files (x86)\Cypress\PSoC Creator\4.4\PSoC Creator\psoc\content\CyPrimitives\cyprimitives.cylib\or_v1_0\or_v1_0.v'
Flattening file 'C:\Program Files (x86)\Cypress\PSoC Creator\4.4\PSoC Creator\psoc\content\CyPrimitives\cyprimitives.cylib\cy_constant_v1_0\cy_constant_v1_0.v'
Flattening file 'C:\Program Files (x86)\Cypress\PSoC Creator\4.4\PSoC Creator\psoc\content\CyComponentLibrary\CyComponentLibrary.cylib\B_SPI_Master_v2_50\B_SPI_Master_v2_50.v'
Flattening file 'C:\Program Files (x86)\Cypress\PSoC Creator\4.4\PSoC Creator\warp\lib\common\cypress.v'
Flattening file 'C:\Program Files (x86)\Cypress\PSoC Creator\4.4\PSoC Creator\warp\lib\common\cy_psoc3_inc.v'

vpp:  No errors.

Library 'work' => directory 'lcpsoc3'
General_symbol_table
General_symbol_table
Linking 'C:\Program Files (x86)\Cypress\PSoC Creator\4.4\PSoC Creator\warp\lib\common\std.vhd'.
Linking 'C:\Program Files (x86)\Cypress\PSoC Creator\4.4\PSoC Creator\warp\lib\common\cypress.vhd'.
Linking 'C:\Program Files (x86)\Cypress\PSoC Creator\4.4\PSoC Creator\warp\lib\common\work\cypress.vif'.
Linking 'C:\Program Files (x86)\Cypress\PSoC Creator\4.4\PSoC Creator\warp\lib\ieee\work\stdlogic.vif'.
Linking 'C:\Program Files (x86)\Cypress\PSoC Creator\4.4\PSoC Creator\warp\lib\common\stdlogic\lpmpkg.vif'.
Linking 'C:\Program Files (x86)\Cypress\PSoC Creator\4.4\PSoC Creator\warp\lib\common\stdlogic\rtlpkg.vif'.
Linking 'C:\Program Files (x86)\Cypress\PSoC Creator\4.4\PSoC Creator\warp\lib\common\stdlogic\mod_cnst.vif'.
Linking 'C:\Program Files (x86)\Cypress\PSoC Creator\4.4\PSoC Creator\warp\lib\common\stdlogic\mod_mthv.vif'.
Linking 'C:\Program Files (x86)\Cypress\PSoC Creator\4.4\PSoC Creator\warp\lib\common\stdlogic\mod_genv.vif'.
Using control file 'SA-200.ctl'.
Linking 'C:\Program Files (x86)\Cypress\PSoC Creator\4.4\PSoC Creator\warp\lib\common\stdlogic\cy_psoc3pkg.vif'.
Linking 'C:\Program Files (x86)\Cypress\PSoC Creator\4.4\PSoC Creator\warp\lib\common\stdlogic\cy_psoc3.vif'.

vlogfe:  No errors.


======================================================================
Compiling:  SA-200.v
Program  :   tovif
Options  :    -yv2 -q10 -ygs -o2 -v3 -.fftcfgtype=LE -ya -.fftprj=C:\Users\alexport\OneDrive - Safeguard Analytics\TESTs\UART UDB test\SA-200.cydsn\SA-200.cyprj -dcpsoc3 -verilog SA-200.v
======================================================================

tovif V6.3 IR 41:  High-level synthesis
Thu Feb 20 11:39:48 2025

Linking 'C:\Program Files (x86)\Cypress\PSoC Creator\4.4\PSoC Creator\warp\lib\common\std.vhd'.
Linking 'C:\Program Files (x86)\Cypress\PSoC Creator\4.4\PSoC Creator\warp\lib\common\cypress.vhd'.
Linking 'C:\Program Files (x86)\Cypress\PSoC Creator\4.4\PSoC Creator\warp\lib\common\work\cypress.vif'.
Linking 'C:\Program Files (x86)\Cypress\PSoC Creator\4.4\PSoC Creator\warp\lib\ieee\work\stdlogic.vif'.
Linking 'C:\Program Files (x86)\Cypress\PSoC Creator\4.4\PSoC Creator\warp\lib\common\stdlogic\lpmpkg.vif'.
Linking 'C:\Program Files (x86)\Cypress\PSoC Creator\4.4\PSoC Creator\warp\lib\common\stdlogic\rtlpkg.vif'.
Linking 'C:\Program Files (x86)\Cypress\PSoC Creator\4.4\PSoC Creator\warp\lib\common\stdlogic\mod_cnst.vif'.
Linking 'C:\Program Files (x86)\Cypress\PSoC Creator\4.4\PSoC Creator\warp\lib\common\stdlogic\mod_mthv.vif'.
Linking 'C:\Program Files (x86)\Cypress\PSoC Creator\4.4\PSoC Creator\warp\lib\common\stdlogic\mod_genv.vif'.
Linking 'C:\Users\alexport\OneDrive - Safeguard Analytics\TESTs\UART UDB test\SA-200.cydsn\codegentemp\SA-200.ctl'.
Linking 'C:\Program Files (x86)\Cypress\PSoC Creator\4.4\PSoC Creator\psoc\content\CyPrimitives\cyprimitives.cylib\cy_virtualmux_v1_0\cy_virtualmux_v1_0.v'.
Linking 'C:\Users\alexport\OneDrive - Safeguard Analytics\TESTs\UART UDB test\SA-200.cydsn\codegentemp\SA-200.v'.
Linking 'C:\Program Files (x86)\Cypress\PSoC Creator\4.4\PSoC Creator\psoc\content\CyPrimitives\cyprimitives.cylib\ZeroTerminal\ZeroTerminal.v'.
Linking 'C:\Program Files (x86)\Cypress\PSoC Creator\4.4\PSoC Creator\psoc\content\CyPrimitives\cyprimitives.cylib\or_v1_0\or_v1_0.v'.
Linking 'C:\Program Files (x86)\Cypress\PSoC Creator\4.4\PSoC Creator\psoc\content\CyPrimitives\cyprimitives.cylib\cy_constant_v1_0\cy_constant_v1_0.v'.
Linking 'C:\Program Files (x86)\Cypress\PSoC Creator\4.4\PSoC Creator\psoc\content\CyComponentLibrary\CyComponentLibrary.cylib\B_SPI_Master_v2_50\B_SPI_Master_v2_50.v'.
Linking 'C:\Program Files (x86)\Cypress\PSoC Creator\4.4\PSoC Creator\warp\lib\common\cypress.v'.
Linking 'C:\Program Files (x86)\Cypress\PSoC Creator\4.4\PSoC Creator\warp\lib\common\cy_psoc3_inc.v'.
Linking 'C:\Program Files (x86)\Cypress\PSoC Creator\4.4\PSoC Creator\warp\lib\common\stdlogic\cy_psoc3pkg.vif'.
Linking 'C:\Program Files (x86)\Cypress\PSoC Creator\4.4\PSoC Creator\warp\lib\common\stdlogic\cy_psoc3.vif'.

tovif:  No errors.


======================================================================
Compiling:  SA-200.v
Program  :   topld
Options  :    -yv2 -q10 -ygs -o2 -v3 -.fftcfgtype=LE -ya -.fftprj=C:\Users\alexport\OneDrive - Safeguard Analytics\TESTs\UART UDB test\SA-200.cydsn\SA-200.cyprj -dcpsoc3 -verilog SA-200.v
======================================================================

topld V6.3 IR 41:  Synthesis and optimization
Thu Feb 20 11:39:49 2025

Linking 'C:\Program Files (x86)\Cypress\PSoC Creator\4.4\PSoC Creator\warp\lib\common\std.vhd'.
Linking 'C:\Program Files (x86)\Cypress\PSoC Creator\4.4\PSoC Creator\warp\lib\common\cypress.vhd'.
Linking 'C:\Program Files (x86)\Cypress\PSoC Creator\4.4\PSoC Creator\warp\lib\common\work\cypress.vif'.
Linking 'C:\Program Files (x86)\Cypress\PSoC Creator\4.4\PSoC Creator\warp\lib\ieee\work\stdlogic.vif'.
Linking 'C:\Program Files (x86)\Cypress\PSoC Creator\4.4\PSoC Creator\warp\lib\common\stdlogic\lpmpkg.vif'.
Linking 'C:\Program Files (x86)\Cypress\PSoC Creator\4.4\PSoC Creator\warp\lib\common\stdlogic\rtlpkg.vif'.
Linking 'C:\Program Files (x86)\Cypress\PSoC Creator\4.4\PSoC Creator\warp\lib\common\stdlogic\mod_cnst.vif'.
Linking 'C:\Program Files (x86)\Cypress\PSoC Creator\4.4\PSoC Creator\warp\lib\common\stdlogic\mod_mthv.vif'.
Linking 'C:\Program Files (x86)\Cypress\PSoC Creator\4.4\PSoC Creator\warp\lib\common\stdlogic\mod_genv.vif'.
Linking 'C:\Users\alexport\OneDrive - Safeguard Analytics\TESTs\UART UDB test\SA-200.cydsn\codegentemp\SA-200.ctl'.
Linking 'C:\Program Files (x86)\Cypress\PSoC Creator\4.4\PSoC Creator\psoc\content\CyPrimitives\cyprimitives.cylib\cy_virtualmux_v1_0\cy_virtualmux_v1_0.v'.
Linking 'C:\Users\alexport\OneDrive - Safeguard Analytics\TESTs\UART UDB test\SA-200.cydsn\codegentemp\SA-200.v'.
Linking 'C:\Program Files (x86)\Cypress\PSoC Creator\4.4\PSoC Creator\psoc\content\CyPrimitives\cyprimitives.cylib\ZeroTerminal\ZeroTerminal.v'.
Linking 'C:\Program Files (x86)\Cypress\PSoC Creator\4.4\PSoC Creator\psoc\content\CyPrimitives\cyprimitives.cylib\or_v1_0\or_v1_0.v'.
Linking 'C:\Program Files (x86)\Cypress\PSoC Creator\4.4\PSoC Creator\psoc\content\CyPrimitives\cyprimitives.cylib\cy_constant_v1_0\cy_constant_v1_0.v'.
Linking 'C:\Program Files (x86)\Cypress\PSoC Creator\4.4\PSoC Creator\psoc\content\CyComponentLibrary\CyComponentLibrary.cylib\B_SPI_Master_v2_50\B_SPI_Master_v2_50.v'.
Linking 'C:\Program Files (x86)\Cypress\PSoC Creator\4.4\PSoC Creator\warp\lib\common\cypress.v'.
Linking 'C:\Program Files (x86)\Cypress\PSoC Creator\4.4\PSoC Creator\warp\lib\common\cy_psoc3_inc.v'.
Linking 'C:\Program Files (x86)\Cypress\PSoC Creator\4.4\PSoC Creator\warp\lib\common\stdlogic\cy_psoc3pkg.vif'.
Linking 'C:\Program Files (x86)\Cypress\PSoC Creator\4.4\PSoC Creator\warp\lib\common\stdlogic\cy_psoc3.vif'.
Linking 'C:\Program Files (x86)\Cypress\PSoC Creator\4.4\PSoC Creator\warp\lib\lcpsoc3\stdlogic\cpsoc3.vif'.

----------------------------------------------------------
Detecting unused logic.
----------------------------------------------------------
    User names
	\ModbusUART:Net_1099\
	\ModbusUART:Net_1258\
	\ModbusUART:uncfg_rx_irq\
	Net_1859
	Net_1860
	Net_1861
	Net_1862
	Net_1863
	Net_1864
	Net_1865
	Net_1868
	Net_1869
	Net_1876
	Net_621
	\blue:Net_55\
	\I2C:Net_1257\
	\I2C:uncfg_rx_irq\
	\I2C:Net_1099\
	\I2C:Net_1258\
	Net_1881
	Net_1882
	Net_1883
	Net_1884
	Net_1885
	Net_1886
	Net_1887
	Net_1890
	Net_1891
	Net_1898
	\SPIM_1:BSPIM:mosi_after_ld\
	\SPIM_1:BSPIM:so_send\
	\SPIM_1:BSPIM:mosi_fin\
	\SPIM_1:BSPIM:mosi_cpha_0\
	\SPIM_1:BSPIM:mosi_cpha_1\
	\SPIM_1:BSPIM:pre_mosi\
	\SPIM_1:BSPIM:dpcounter_zero\
	\SPIM_1:BSPIM:control_7\
	\SPIM_1:BSPIM:control_6\
	\SPIM_1:BSPIM:control_5\
	\SPIM_1:BSPIM:control_4\
	\SPIM_1:BSPIM:control_3\
	\SPIM_1:BSPIM:control_2\
	\SPIM_1:BSPIM:control_1\
	\SPIM_1:BSPIM:control_0\
	\SPIM_1:Net_294\


Deleted 45 User equations/components.
Deleted 0 Synthesized equations/components.

------------------------------------------------------
Alias Detection
------------------------------------------------------
Aliasing zero to \ModbusUART:select_s_wire\
Aliasing one to \ModbusUART:tmpOE__rx_wake_net_0\
Aliasing \ModbusUART:sclk_s_wire\ to \ModbusUART:select_s_wire\
Aliasing \ModbusUART:mosi_s_wire\ to \ModbusUART:select_s_wire\
Aliasing \ModbusUART:miso_m_wire\ to \ModbusUART:select_s_wire\
Aliasing \ModbusUART:tmpOE__tx_net_0\ to \ModbusUART:tmpOE__rx_wake_net_0\
Aliasing \ModbusUART:cts_wire\ to \ModbusUART:select_s_wire\
Aliasing tmpOE__PG_3V3_net_0 to \ModbusUART:tmpOE__rx_wake_net_0\
Aliasing tmpOE__LED_net_0 to \ModbusUART:tmpOE__rx_wake_net_0\
Aliasing tmpOE__LED2_net_0 to \ModbusUART:tmpOE__rx_wake_net_0\
Aliasing \MessageTimer:Net_75\ to \ModbusUART:select_s_wire\
Aliasing \MessageTimer:Net_69\ to \ModbusUART:tmpOE__rx_wake_net_0\
Aliasing \MessageTimer:Net_66\ to \ModbusUART:select_s_wire\
Aliasing \MessageTimer:Net_82\ to \ModbusUART:select_s_wire\
Aliasing \MessageTimer:Net_72\ to \ModbusUART:select_s_wire\
Aliasing tmpOE__CPS_net_0 to \ModbusUART:tmpOE__rx_wake_net_0\
Aliasing \BLETimer:Net_81\ to \MessageTimer:Net_81\
Aliasing \BLETimer:Net_75\ to \ModbusUART:select_s_wire\
Aliasing \BLETimer:Net_69\ to \ModbusUART:tmpOE__rx_wake_net_0\
Aliasing \BLETimer:Net_66\ to \ModbusUART:select_s_wire\
Aliasing \BLETimer:Net_82\ to \ModbusUART:select_s_wire\
Aliasing \BLETimer:Net_72\ to \ModbusUART:select_s_wire\
Aliasing tmpOE__LED3_net_0 to \ModbusUART:tmpOE__rx_wake_net_0\
Aliasing tmpOE__SW_net_0 to \ModbusUART:tmpOE__rx_wake_net_0\
Aliasing tmpOE__TXEN_net_0 to \ModbusUART:tmpOE__rx_wake_net_0\
Aliasing \I2C:select_s_wire\ to \ModbusUART:select_s_wire\
Aliasing \I2C:rx_wire\ to \ModbusUART:select_s_wire\
Aliasing \I2C:sclk_s_wire\ to \ModbusUART:select_s_wire\
Aliasing \I2C:mosi_s_wire\ to \ModbusUART:select_s_wire\
Aliasing \I2C:miso_m_wire\ to \ModbusUART:select_s_wire\
Aliasing \I2C:tmpOE__sda_net_0\ to \ModbusUART:tmpOE__rx_wake_net_0\
Aliasing \I2C:tmpOE__scl_net_0\ to \ModbusUART:tmpOE__rx_wake_net_0\
Aliasing \I2C:cts_wire\ to \ModbusUART:select_s_wire\
Aliasing tmpOE__CSD_net_0 to \ModbusUART:tmpOE__rx_wake_net_0\
Aliasing Net_1712 to \ModbusUART:tmpOE__rx_wake_net_0\
Aliasing tmpOE__ss_net_0 to \ModbusUART:tmpOE__rx_wake_net_0\
Aliasing tmpOE__sclk_net_0 to \ModbusUART:tmpOE__rx_wake_net_0\
Aliasing tmpOE__mosi_net_0 to \ModbusUART:tmpOE__rx_wake_net_0\
Aliasing \SPIM_1:BSPIM:pol_supprt\ to \ModbusUART:select_s_wire\
Aliasing \SPIM_1:BSPIM:tx_status_3\ to \SPIM_1:BSPIM:load_rx_data\
Aliasing \SPIM_1:BSPIM:tx_status_6\ to \ModbusUART:select_s_wire\
Aliasing \SPIM_1:BSPIM:tx_status_5\ to \ModbusUART:select_s_wire\
Aliasing \SPIM_1:BSPIM:rx_status_3\ to \ModbusUART:select_s_wire\
Aliasing \SPIM_1:BSPIM:rx_status_2\ to \ModbusUART:select_s_wire\
Aliasing \SPIM_1:BSPIM:rx_status_1\ to \ModbusUART:select_s_wire\
Aliasing \SPIM_1:BSPIM:rx_status_0\ to \ModbusUART:select_s_wire\
Aliasing \SPIM_1:Net_289\ to \ModbusUART:select_s_wire\
Aliasing \SerialNVRAM_1:tmpOE__CS_0_net_0\ to \ModbusUART:tmpOE__rx_wake_net_0\
Aliasing \SPIM_1:BSPIM:so_send_reg\\D\ to \ModbusUART:select_s_wire\
Aliasing \SPIM_1:BSPIM:mosi_pre_reg\\D\ to \ModbusUART:select_s_wire\
Aliasing \SPIM_1:BSPIM:dpcounter_one_reg\\D\ to \SPIM_1:BSPIM:load_rx_data\
Removing Rhs of wire \ModbusUART:rx_wire\[3] = \ModbusUART:Net_1172\[4]
Removing Rhs of wire zero[7] = \ModbusUART:select_s_wire\[2]
Removing Rhs of wire one[10] = \ModbusUART:tmpOE__rx_wake_net_0\[6]
Removing Lhs of wire \ModbusUART:Net_1257\[12] = \ModbusUART:rx_irq\[11]
Removing Lhs of wire \ModbusUART:Net_1170\[14] = \ModbusUART:Net_847\[1]
Removing Lhs of wire \ModbusUART:sclk_s_wire\[15] = zero[7]
Removing Lhs of wire \ModbusUART:mosi_s_wire\[16] = zero[7]
Removing Lhs of wire \ModbusUART:miso_m_wire\[17] = zero[7]
Removing Lhs of wire \ModbusUART:tmpOE__tx_net_0\[19] = one[10]
Removing Lhs of wire \ModbusUART:cts_wire\[27] = zero[7]
Removing Lhs of wire tmpOE__PG_3V3_net_0[55] = one[10]
Removing Lhs of wire tmpOE__LED_net_0[61] = one[10]
Removing Lhs of wire tmpOE__LED2_net_0[71] = one[10]
Removing Lhs of wire \MessageTimer:Net_81\[77] = Net_480[67]
Removing Lhs of wire \MessageTimer:Net_75\[78] = zero[7]
Removing Lhs of wire \MessageTimer:Net_69\[79] = one[10]
Removing Lhs of wire \MessageTimer:Net_66\[80] = zero[7]
Removing Lhs of wire \MessageTimer:Net_82\[81] = zero[7]
Removing Lhs of wire \MessageTimer:Net_72\[82] = zero[7]
Removing Lhs of wire tmpOE__CPS_net_0[90] = one[10]
Removing Lhs of wire \BLETimer:Net_81\[105] = Net_480[67]
Removing Lhs of wire \BLETimer:Net_75\[106] = zero[7]
Removing Lhs of wire \BLETimer:Net_69\[107] = one[10]
Removing Lhs of wire \BLETimer:Net_66\[108] = zero[7]
Removing Lhs of wire \BLETimer:Net_82\[109] = zero[7]
Removing Lhs of wire \BLETimer:Net_72\[110] = zero[7]
Removing Lhs of wire tmpOE__LED3_net_0[117] = one[10]
Removing Lhs of wire tmpOE__SW_net_0[123] = one[10]
Removing Lhs of wire tmpOE__TXEN_net_0[130] = one[10]
Removing Lhs of wire \I2C:select_s_wire\[141] = zero[7]
Removing Lhs of wire \I2C:rx_wire\[142] = zero[7]
Removing Lhs of wire \I2C:Net_1170\[145] = \I2C:Net_847\[140]
Removing Lhs of wire \I2C:sclk_s_wire\[146] = zero[7]
Removing Lhs of wire \I2C:mosi_s_wire\[147] = zero[7]
Removing Lhs of wire \I2C:miso_m_wire\[148] = zero[7]
Removing Lhs of wire \I2C:tmpOE__sda_net_0\[150] = one[10]
Removing Lhs of wire \I2C:tmpOE__scl_net_0\[156] = one[10]
Removing Lhs of wire \I2C:cts_wire\[165] = zero[7]
Removing Lhs of wire tmpOE__CSD_net_0[190] = one[10]
Removing Lhs of wire Net_1712[195] = one[10]
Removing Lhs of wire tmpOE__ss_net_0[197] = one[10]
Removing Lhs of wire tmpOE__sclk_net_0[204] = one[10]
Removing Lhs of wire tmpOE__mosi_net_0[211] = one[10]
Removing Rhs of wire Net_1709[212] = \SPIM_1:BSPIM:mosi_reg\[229]
Removing Lhs of wire \SPIM_1:Net_276\[217] = Net_1713[218]
Removing Rhs of wire \SPIM_1:BSPIM:load_rx_data\[221] = \SPIM_1:BSPIM:dpcounter_one\[222]
Removing Lhs of wire \SPIM_1:BSPIM:pol_supprt\[223] = zero[7]
Removing Lhs of wire \SPIM_1:BSPIM:miso_to_dp\[224] = \SPIM_1:Net_244\[225]
Removing Lhs of wire \SPIM_1:Net_244\[225] = one[10]
Removing Rhs of wire \SPIM_1:BSPIM:tx_status_1\[250] = \SPIM_1:BSPIM:dpMOSI_fifo_empty\[251]
Removing Rhs of wire \SPIM_1:BSPIM:tx_status_2\[252] = \SPIM_1:BSPIM:dpMOSI_fifo_not_full\[253]
Removing Lhs of wire \SPIM_1:BSPIM:tx_status_3\[254] = \SPIM_1:BSPIM:load_rx_data\[221]
Removing Rhs of wire \SPIM_1:BSPIM:rx_status_4\[256] = \SPIM_1:BSPIM:dpMISO_fifo_full\[257]
Removing Rhs of wire \SPIM_1:BSPIM:rx_status_5\[258] = \SPIM_1:BSPIM:dpMISO_fifo_not_empty\[259]
Removing Lhs of wire \SPIM_1:BSPIM:tx_status_6\[261] = zero[7]
Removing Lhs of wire \SPIM_1:BSPIM:tx_status_5\[262] = zero[7]
Removing Lhs of wire \SPIM_1:BSPIM:rx_status_3\[263] = zero[7]
Removing Lhs of wire \SPIM_1:BSPIM:rx_status_2\[264] = zero[7]
Removing Lhs of wire \SPIM_1:BSPIM:rx_status_1\[265] = zero[7]
Removing Lhs of wire \SPIM_1:BSPIM:rx_status_0\[266] = zero[7]
Removing Lhs of wire \SPIM_1:Net_273\[276] = zero[7]
Removing Lhs of wire \SPIM_1:Net_289\[315] = zero[7]
Removing Lhs of wire \SerialNVRAM_1:tmpOE__CS_0_net_0\[317] = one[10]
Removing Lhs of wire \SPIM_1:BSPIM:so_send_reg\\D\[325] = zero[7]
Removing Lhs of wire \SPIM_1:BSPIM:mosi_pre_reg\\D\[330] = zero[7]
Removing Lhs of wire \SPIM_1:BSPIM:dpcounter_one_reg\\D\[332] = \SPIM_1:BSPIM:load_rx_data\[221]
Removing Lhs of wire \SPIM_1:BSPIM:mosi_from_dp_reg\\D\[333] = \SPIM_1:BSPIM:mosi_from_dp\[235]

------------------------------------------------------
Aliased 0 equations, 67 wires.
------------------------------------------------------

----------------------------------------------------------
Circuit simplification
----------------------------------------------------------

Substituting virtuals - pass 1:

Note:  Expanding virtual equation for 'zero' (cost = 0):
zero <=  ('0') ;

Note:  Expanding virtual equation for '\SPIM_1:BSPIM:load_rx_data\' (cost = 1):
\SPIM_1:BSPIM:load_rx_data\ <= ((not \SPIM_1:BSPIM:count_4\ and not \SPIM_1:BSPIM:count_3\ and not \SPIM_1:BSPIM:count_2\ and not \SPIM_1:BSPIM:count_1\ and \SPIM_1:BSPIM:count_0\));


Substituting virtuals - pass 2:


----------------------------------------------------------
Circuit simplification results:

	Expanded 2 signals.
	Turned 0 signals into soft nodes.
	Maximum default expansion cost was set at 3.
----------------------------------------------------------

------------------------------------------------------
Alias Detection
------------------------------------------------------

------------------------------------------------------
Aliased 0 equations, 0 wires.
------------------------------------------------------

Last attempt to remove unused logic - pass 1:


Last attempt to remove unused logic - pass 2:


topld:  No errors.

CYPRESS_DIR    : C:\Program Files (x86)\Cypress\PSoC Creator\4.4\PSoC Creator\warp
Warp Program   : C:\Program Files (x86)\Cypress\PSoC Creator\4.4\PSoC Creator\warp\bin\warp.exe
Warp Arguments : -yv2 -q10 -ygs -o2 -v3 -.fftcfgtype=LE -ya "-.fftprj=C:\Users\alexport\OneDrive - Safeguard Analytics\TESTs\UART UDB test\SA-200.cydsn\SA-200.cyprj" -dcpsoc3 SA-200.v -verilog
</CYPRESSTAG>
Warp synthesis phase: Elapsed time ==> 1s.079ms
<CYPRESSTAG name="Fitter results...">
<CYPRESSTAG name="Fitter startup details...">
cyp3fit: V4.4.0.80, Family: PSoC3, Started at: Thursday, 20 February 2025 11:39:49
Options: -yv2 -q10 -ygs -o2 -v3 -.fftcfgtype=LE -ya -.fftprj=C:\Users\alexport\OneDrive - Safeguard Analytics\TESTs\UART UDB test\SA-200.cydsn\SA-200.cyprj -d CYBLE-224116-01 SA-200.v -verilog
</CYPRESSTAG>
<CYPRESSTAG name="Design parsing">
Design parsing phase: Elapsed time ==> 0s.014ms
</CYPRESSTAG>
<CYPRESSTAG name="Tech Mapping">
<CYPRESSTAG name="Initial Mapping" icon="FILE_RPT_TECHM">
    Converted constant MacroCell: \SPIM_1:BSPIM:so_send_reg\ from registered to combinatorial
    Converted constant MacroCell: \SPIM_1:BSPIM:mosi_pre_reg\ from registered to combinatorial
Assigning clock blue_LFCLK to clock LFClk because it is a pass-through

Removing unused cells resulting from optimization
Done removing unused cells.
<CYPRESSTAG name="Global Clock Selection" icon="FILE_RPT_TECHM">
    Digital Clock 0: Automatic-assigning  clock 'Clock2'. Fanout=1, Signal=Net_1713_digital
    Fixed Function Clock 1: Automatic-assigning  clock 'I2C_SCBCLK'. Signal=\I2C:Net_847_ff1\
    Fixed Function Clock 2: Automatic-assigning  clock 'ModbusUART_SCBCLK'. Signal=\ModbusUART:Net_847_ff2\
    Fixed Function Clock 7: Automatic-assigning  clock 'Clock_1'. Signal=Net_480_ff7
    Fixed Function Clock 8: Automatic-assigning  clock 'Clock_1'. Signal=Net_480_ff8
<CYPRESSTAG name="UDB Clock/Enable Remapping Results">
    UDB Clk/Enable \SPIM_1:BSPIM:ClkEn\: with output requested to be synchronous
        ClockIn: ClockGenBlock:m0s8clockgenblockcell.gen_clk_out_0 was determined to be a global clock that is synchronous to HFClk
        EnableIn: Constant 1 was determined to be synchronous to ClockIn
        ClockOut: ClockGenBlock:m0s8clockgenblockcell.gen_clk_out_0, EnableOut: Constant 1
</CYPRESSTAG>
</CYPRESSTAG>
ADD: pft.M0040: information: The following 13 pin(s) will be assigned a location by the fitter: \I2C:scl(0)\, \I2C:sda(0)\, \SerialNVRAM_1:CS_0(0)\, CPS(0), CSD(0), LED2(0), LED3(0), LED(0), mosi(0), PG_3V3(0), sclk(0), ss(0), SW(0)


Removing unused cells resulting from optimization
Done removing unused cells.
<CYPRESSTAG name="Duplicate Macrocell detection">
</CYPRESSTAG>
</CYPRESSTAG>
<CYPRESSTAG name="Duplicate Macrocell detection">
</CYPRESSTAG>
<CYPRESSTAG name="Design Equations" icon="FILE_RPT_EQUATION">

------------------------------------------------------------
Design Equations
------------------------------------------------------------
    <CYPRESSTAG name="Pin listing">

    ------------------------------------------------------------
    Pin listing
    ------------------------------------------------------------

    Pin : Name = \ModbusUART:rx_wake(0)\
        Attributes:
            In Group/Port: True
            In Sync Option: NOSYNC
            Out Sync Option: AUTO
            Interrupt generated: True
            Interrupt mode: FALLING
            Drive mode: HI_Z_DIGITAL
            VTrip: CMOS
            Slew: FAST
            Input Sync needed: False
            Output Sync needed: False
            SC shield enabled: False
            POR State: ANY
            LCD Mode: COMMON
            Register Mode: RegComb
            CaSense Mode: NEITHER
            Treat as pin: False
            Is OE Registered: False
            Uses Analog: False
            Can contain Digital: True
            Is SIO: False
            SIO Output Buf: NONREGULATED
            SIO Input Buf: SINGLE_ENDED
            SIO HiFreq: LOW
            SIO Hyst: DISABLED
            SIO Vtrip: MULTIPLIER_0_5
            SIO Multiplier Index: 0
            SIO RefSel: VCC_IO
            Required Capabilities: DIGITAL, PORT_INTERRUPT
            Initial Value: 0
            IO Voltage: 0
        PORT MAP (
            pa_out => \ModbusUART:rx_wake(0)\__PA ,
            fb => \ModbusUART:rx_wire\ ,
            pad => \ModbusUART:rx_wake(0)_PAD\ );
        Properties:
        {
        }

    Pin : Name = \ModbusUART:tx(0)\
        Attributes:
            In Group/Port: True
            In Sync Option: NOSYNC
            Out Sync Option: NOSYNC
            Interrupt generated: False
            Interrupt mode: NONE
            Drive mode: CMOS_OUT
            VTrip: CMOS
            Slew: FAST
            Input Sync needed: False
            Output Sync needed: False
            SC shield enabled: False
            POR State: ANY
            LCD Mode: COMMON
            Register Mode: RegComb
            CaSense Mode: NEITHER
            Treat as pin: True
            Is OE Registered: False
            Uses Analog: False
            Can contain Digital: True
            Is SIO: False
            SIO Output Buf: NONREGULATED
            SIO Input Buf: SINGLE_ENDED
            SIO HiFreq: LOW
            SIO Hyst: DISABLED
            SIO Vtrip: MULTIPLIER_0_5
            SIO Multiplier Index: 0
            SIO RefSel: VCC_IO
            Required Capabilities: DIGITAL
            Initial Value: 1
            IO Voltage: 0
        PORT MAP (
            pa_out => \ModbusUART:tx(0)\__PA ,
            pin_input => \ModbusUART:tx_wire\ ,
            pad => \ModbusUART:tx(0)_PAD\ );
        Properties:
        {
        }

    Pin : Name = PG_3V3(0)
        Attributes:
            In Group/Port: True
            In Sync Option: NOSYNC
            Out Sync Option: AUTO
            Interrupt generated: False
            Interrupt mode: NONE
            Drive mode: HI_Z_DIGITAL
            VTrip: CMOS
            Slew: FAST
            Input Sync needed: False
            Output Sync needed: False
            SC shield enabled: False
            POR State: ANY
            LCD Mode: COMMON
            Register Mode: RegComb
            CaSense Mode: NEITHER
            Treat as pin: True
            Is OE Registered: False
            Uses Analog: False
            Can contain Digital: True
            Is SIO: False
            SIO Output Buf: NONREGULATED
            SIO Input Buf: SINGLE_ENDED
            SIO HiFreq: LOW
            SIO Hyst: DISABLED
            SIO Vtrip: MULTIPLIER_0_5
            SIO Multiplier Index: 0
            SIO RefSel: VCC_IO
            Required Capabilities: DIGITAL
            Initial Value: 0
            IO Voltage: 0
        PORT MAP (
            pa_out => PG_3V3(0)__PA ,
            pad => PG_3V3(0)_PAD );

    Pin : Name = LED(0)
        Attributes:
            In Group/Port: True
            In Sync Option: AUTO
            Out Sync Option: NOSYNC
            Interrupt generated: False
            Interrupt mode: NONE
            Drive mode: CMOS_OUT
            VTrip: EITHER
            Slew: FAST
            Input Sync needed: False
            Output Sync needed: False
            SC shield enabled: False
            POR State: ANY
            LCD Mode: COMMON
            Register Mode: RegComb
            CaSense Mode: NEITHER
            Treat as pin: True
            Is OE Registered: False
            Uses Analog: False
            Can contain Digital: True
            Is SIO: False
            SIO Output Buf: NONREGULATED
            SIO Input Buf: SINGLE_ENDED
            SIO HiFreq: LOW
            SIO Hyst: DISABLED
            SIO Vtrip: MULTIPLIER_0_5
            SIO Multiplier Index: 0
            SIO RefSel: VCC_IO
            Required Capabilities: DIGITAL
            Initial Value: 0
            IO Voltage: 0
        PORT MAP (
            pa_out => LED(0)__PA ,
            pad => LED(0)_PAD );

    Pin : Name = LED2(0)
        Attributes:
            In Group/Port: True
            In Sync Option: AUTO
            Out Sync Option: NOSYNC
            Interrupt generated: False
            Interrupt mode: NONE
            Drive mode: CMOS_OUT
            VTrip: EITHER
            Slew: FAST
            Input Sync needed: False
            Output Sync needed: False
            SC shield enabled: False
            POR State: ANY
            LCD Mode: COMMON
            Register Mode: RegComb
            CaSense Mode: NEITHER
            Treat as pin: True
            Is OE Registered: False
            Uses Analog: False
            Can contain Digital: True
            Is SIO: False
            SIO Output Buf: NONREGULATED
            SIO Input Buf: SINGLE_ENDED
            SIO HiFreq: LOW
            SIO Hyst: DISABLED
            SIO Vtrip: MULTIPLIER_0_5
            SIO Multiplier Index: 0
            SIO RefSel: VCC_IO
            Required Capabilities: DIGITAL
            Initial Value: 0
            IO Voltage: 0
        PORT MAP (
            pa_out => LED2(0)__PA ,
            pad => LED2(0)_PAD );

    Pin : Name = CPS(0)
        Attributes:
            In Group/Port: True
            In Sync Option: AUTO
            Out Sync Option: NOSYNC
            Interrupt generated: False
            Interrupt mode: NONE
            Drive mode: CMOS_OUT
            VTrip: EITHER
            Slew: FAST
            Input Sync needed: False
            Output Sync needed: False
            SC shield enabled: False
            POR State: ANY
            LCD Mode: COMMON
            Register Mode: RegComb
            CaSense Mode: NEITHER
            Treat as pin: True
            Is OE Registered: False
            Uses Analog: False
            Can contain Digital: True
            Is SIO: False
            SIO Output Buf: NONREGULATED
            SIO Input Buf: SINGLE_ENDED
            SIO HiFreq: LOW
            SIO Hyst: DISABLED
            SIO Vtrip: MULTIPLIER_0_5
            SIO Multiplier Index: 0
            SIO RefSel: VCC_IO
            Required Capabilities: DIGITAL
            Initial Value: 0
            IO Voltage: 0
        PORT MAP (
            pa_out => CPS(0)__PA ,
            pad => CPS(0)_PAD );

    Pin : Name = LED3(0)
        Attributes:
            In Group/Port: True
            In Sync Option: AUTO
            Out Sync Option: NOSYNC
            Interrupt generated: False
            Interrupt mode: NONE
            Drive mode: CMOS_OUT
            VTrip: EITHER
            Slew: FAST
            Input Sync needed: False
            Output Sync needed: False
            SC shield enabled: False
            POR State: ANY
            LCD Mode: COMMON
            Register Mode: RegComb
            CaSense Mode: NEITHER
            Treat as pin: True
            Is OE Registered: False
            Uses Analog: False
            Can contain Digital: True
            Is SIO: False
            SIO Output Buf: NONREGULATED
            SIO Input Buf: SINGLE_ENDED
            SIO HiFreq: LOW
            SIO Hyst: DISABLED
            SIO Vtrip: MULTIPLIER_0_5
            SIO Multiplier Index: 0
            SIO RefSel: VCC_IO
            Required Capabilities: DIGITAL
            Initial Value: 0
            IO Voltage: 0
        PORT MAP (
            pa_out => LED3(0)__PA ,
            pad => LED3(0)_PAD );

    Pin : Name = SW(0)
        Attributes:
            In Group/Port: True
            In Sync Option: NOSYNC
            Out Sync Option: AUTO
            Interrupt generated: True
            Interrupt mode: FALLING
            Drive mode: RES_PULL_UP
            VTrip: CMOS
            Slew: FAST
            Input Sync needed: False
            Output Sync needed: False
            SC shield enabled: False
            POR State: ANY
            LCD Mode: COMMON
            Register Mode: RegComb
            CaSense Mode: NEITHER
            Treat as pin: False
            Is OE Registered: False
            Uses Analog: False
            Can contain Digital: True
            Is SIO: False
            SIO Output Buf: NONREGULATED
            SIO Input Buf: SINGLE_ENDED
            SIO HiFreq: LOW
            SIO Hyst: DISABLED
            SIO Vtrip: MULTIPLIER_0_5
            SIO Multiplier Index: 0
            SIO RefSel: VCC_IO
            Required Capabilities: DIGITAL, PORT_INTERRUPT
            Initial Value: 1
            IO Voltage: 0
        PORT MAP (
            pa_out => SW(0)__PA ,
            pad => SW(0)_PAD );

    Pin : Name = TXEN(0)
        Attributes:
            In Group/Port: True
            In Sync Option: AUTO
            Out Sync Option: NOSYNC
            Interrupt generated: False
            Interrupt mode: NONE
            Drive mode: RES_PULL_DOWN
            VTrip: EITHER
            Slew: FAST
            Input Sync needed: False
            Output Sync needed: False
            SC shield enabled: False
            POR State: ANY
            LCD Mode: COMMON
            Register Mode: RegComb
            CaSense Mode: NEITHER
            Treat as pin: True
            Is OE Registered: False
            Uses Analog: False
            Can contain Digital: True
            Is SIO: False
            SIO Output Buf: NONREGULATED
            SIO Input Buf: SINGLE_ENDED
            SIO HiFreq: LOW
            SIO Hyst: DISABLED
            SIO Vtrip: MULTIPLIER_0_5
            SIO Multiplier Index: 0
            SIO RefSel: VCC_IO
            Required Capabilities: DIGITAL
            Initial Value: 0
            IO Voltage: 0
        PORT MAP (
            pa_out => TXEN(0)__PA ,
            pad => TXEN(0)_PAD );
        Properties:
        {
        }

    Pin : Name = \I2C:sda(0)\
        Attributes:
            In Group/Port: True
            In Sync Option: NOSYNC
            Out Sync Option: NOSYNC
            Interrupt generated: False
            Interrupt mode: NONE
            Drive mode: OPEN_DRAIN_LO
            VTrip: CMOS
            Slew: FAST
            Input Sync needed: False
            Output Sync needed: False
            SC shield enabled: False
            POR State: ANY
            LCD Mode: COMMON
            Register Mode: RegComb
            CaSense Mode: NEITHER
            Treat as pin: True
            Is OE Registered: False
            Uses Analog: False
            Can contain Digital: True
            Is SIO: False
            SIO Output Buf: NONREGULATED
            SIO Input Buf: SINGLE_ENDED
            SIO HiFreq: LOW
            SIO Hyst: DISABLED
            SIO Vtrip: MULTIPLIER_0_5
            SIO Multiplier Index: 0
            SIO RefSel: VCC_IO
            Required Capabilities: DIGITAL
            Initial Value: 1
            IO Voltage: 0
        PORT MAP (
            pa_out => \I2C:sda(0)\__PA ,
            fb => Net_1896 ,
            pad => \I2C:sda(0)_PAD\ );

    Pin : Name = \I2C:scl(0)\
        Attributes:
            In Group/Port: True
            In Sync Option: NOSYNC
            Out Sync Option: NOSYNC
            Interrupt generated: False
            Interrupt mode: NONE
            Drive mode: OPEN_DRAIN_LO
            VTrip: CMOS
            Slew: FAST
            Input Sync needed: False
            Output Sync needed: False
            SC shield enabled: False
            POR State: ANY
            LCD Mode: COMMON
            Register Mode: RegComb
            CaSense Mode: NEITHER
            Treat as pin: True
            Is OE Registered: False
            Uses Analog: False
            Can contain Digital: True
            Is SIO: False
            SIO Output Buf: NONREGULATED
            SIO Input Buf: SINGLE_ENDED
            SIO HiFreq: LOW
            SIO Hyst: DISABLED
            SIO Vtrip: MULTIPLIER_0_5
            SIO Multiplier Index: 0
            SIO RefSel: VCC_IO
            Required Capabilities: DIGITAL
            Initial Value: 1
            IO Voltage: 0
        PORT MAP (
            pa_out => \I2C:scl(0)\__PA ,
            fb => Net_1895 ,
            pad => \I2C:scl(0)_PAD\ );

    Pin : Name = CSD(0)
        Attributes:
            In Group/Port: True
            In Sync Option: AUTO
            Out Sync Option: NOSYNC
            Interrupt generated: False
            Interrupt mode: NONE
            Drive mode: CMOS_OUT
            VTrip: EITHER
            Slew: FAST
            Input Sync needed: False
            Output Sync needed: False
            SC shield enabled: False
            POR State: ANY
            LCD Mode: COMMON
            Register Mode: RegComb
            CaSense Mode: NEITHER
            Treat as pin: True
            Is OE Registered: False
            Uses Analog: False
            Can contain Digital: True
            Is SIO: False
            SIO Output Buf: NONREGULATED
            SIO Input Buf: SINGLE_ENDED
            SIO HiFreq: LOW
            SIO Hyst: DISABLED
            SIO Vtrip: MULTIPLIER_0_5
            SIO Multiplier Index: 0
            SIO RefSel: VCC_IO
            Required Capabilities: DIGITAL
            Initial Value: 0
            IO Voltage: 0
        PORT MAP (
            pa_out => CSD(0)__PA ,
            pad => CSD(0)_PAD );

    Pin : Name = ss(0)
        Attributes:
            In Group/Port: True
            In Sync Option: AUTO
            Out Sync Option: NOSYNC
            Interrupt generated: False
            Interrupt mode: NONE
            Drive mode: CMOS_OUT
            VTrip: EITHER
            Slew: FAST
            Input Sync needed: False
            Output Sync needed: False
            SC shield enabled: False
            POR State: ANY
            LCD Mode: COMMON
            Register Mode: RegComb
            CaSense Mode: NEITHER
            Treat as pin: True
            Is OE Registered: False
            Uses Analog: False
            Can contain Digital: True
            Is SIO: False
            SIO Output Buf: NONREGULATED
            SIO Input Buf: SINGLE_ENDED
            SIO HiFreq: LOW
            SIO Hyst: DISABLED
            SIO Vtrip: MULTIPLIER_0_5
            SIO Multiplier Index: 0
            SIO RefSel: VCC_IO
            Required Capabilities: DIGITAL, ROUTABLE
            Initial Value: 1
            IO Voltage: 0
        PORT MAP (
            pa_out => ss(0)__PA ,
            pin_input => Net_1711 ,
            pad => ss(0)_PAD );

    Pin : Name = sclk(0)
        Attributes:
            In Group/Port: True
            In Sync Option: AUTO
            Out Sync Option: NOSYNC
            Interrupt generated: False
            Interrupt mode: NONE
            Drive mode: CMOS_OUT
            VTrip: EITHER
            Slew: FAST
            Input Sync needed: False
            Output Sync needed: False
            SC shield enabled: False
            POR State: ANY
            LCD Mode: COMMON
            Register Mode: RegComb
            CaSense Mode: NEITHER
            Treat as pin: True
            Is OE Registered: False
            Uses Analog: False
            Can contain Digital: True
            Is SIO: False
            SIO Output Buf: NONREGULATED
            SIO Input Buf: SINGLE_ENDED
            SIO HiFreq: LOW
            SIO Hyst: DISABLED
            SIO Vtrip: MULTIPLIER_0_5
            SIO Multiplier Index: 0
            SIO RefSel: VCC_IO
            Required Capabilities: DIGITAL, ROUTABLE
            Initial Value: 1
            IO Voltage: 0
        PORT MAP (
            pa_out => sclk(0)__PA ,
            pin_input => Net_1710 ,
            pad => sclk(0)_PAD );

    Pin : Name = mosi(0)
        Attributes:
            In Group/Port: True
            In Sync Option: AUTO
            Out Sync Option: NOSYNC
            Interrupt generated: False
            Interrupt mode: NONE
            Drive mode: CMOS_OUT
            VTrip: EITHER
            Slew: FAST
            Input Sync needed: False
            Output Sync needed: False
            SC shield enabled: False
            POR State: ANY
            LCD Mode: COMMON
            Register Mode: RegComb
            CaSense Mode: NEITHER
            Treat as pin: True
            Is OE Registered: False
            Uses Analog: False
            Can contain Digital: True
            Is SIO: False
            SIO Output Buf: NONREGULATED
            SIO Input Buf: SINGLE_ENDED
            SIO HiFreq: LOW
            SIO Hyst: DISABLED
            SIO Vtrip: MULTIPLIER_0_5
            SIO Multiplier Index: 0
            SIO RefSel: VCC_IO
            Required Capabilities: DIGITAL, ROUTABLE
            Initial Value: 1
            IO Voltage: 0
        PORT MAP (
            pa_out => mosi(0)__PA ,
            pin_input => Net_1709 ,
            pad => mosi(0)_PAD );

    Pin : Name = \SerialNVRAM_1:CS_0(0)\
        Attributes:
            In Group/Port: True
            In Sync Option: AUTO
            Out Sync Option: NOSYNC
            Interrupt generated: False
            Interrupt mode: NONE
            Drive mode: CMOS_OUT
            VTrip: EITHER
            Slew: FAST
            Input Sync needed: False
            Output Sync needed: False
            SC shield enabled: False
            POR State: ANY
            LCD Mode: COMMON
            Register Mode: RegComb
            CaSense Mode: NEITHER
            Treat as pin: True
            Is OE Registered: False
            Uses Analog: False
            Can contain Digital: True
            Is SIO: False
            SIO Output Buf: NONREGULATED
            SIO Input Buf: SINGLE_ENDED
            SIO HiFreq: LOW
            SIO Hyst: DISABLED
            SIO Vtrip: MULTIPLIER_0_5
            SIO Multiplier Index: 0
            SIO RefSel: VCC_IO
            Required Capabilities: DIGITAL
            Initial Value: 1
            IO Voltage: 0
        PORT MAP (
            pa_out => \SerialNVRAM_1:CS_0(0)\__PA ,
            pad => \SerialNVRAM_1:CS_0(0)_PAD\ );
    </CYPRESSTAG>
    <CYPRESSTAG name="Macrocell listing" icon="FILE_RPT_EQUATION">

    ------------------------------------------------------------
    Macrocell listing
    ------------------------------------------------------------

    MacroCell: Name=\SPIM_1:BSPIM:load_rx_data\, Mode=(Combinatorial)
        Total # of inputs        : 5
        Total # of product terms : 1
            Clock Enable: True
        Main Equation            : 1 pterm
        (
              !\SPIM_1:BSPIM:count_4\ * !\SPIM_1:BSPIM:count_3\ * 
              !\SPIM_1:BSPIM:count_2\ * !\SPIM_1:BSPIM:count_1\ * 
              \SPIM_1:BSPIM:count_0\
        );
        Output = \SPIM_1:BSPIM:load_rx_data\ (fanout=2)

    MacroCell: Name=\SPIM_1:BSPIM:tx_status_0\, Mode=(Combinatorial)
        Total # of inputs        : 3
        Total # of product terms : 1
            Clock Enable: True
        Main Equation            : 1 pterm
        (
              \SPIM_1:BSPIM:state_2\ * !\SPIM_1:BSPIM:state_1\ * 
              \SPIM_1:BSPIM:state_0\
        );
        Output = \SPIM_1:BSPIM:tx_status_0\ (fanout=1)

    MacroCell: Name=\SPIM_1:BSPIM:tx_status_4\, Mode=(Combinatorial)
        Total # of inputs        : 3
        Total # of product terms : 1
            Clock Enable: True
        Main Equation            : 1 pterm
        (
              !\SPIM_1:BSPIM:state_2\ * !\SPIM_1:BSPIM:state_1\ * 
              !\SPIM_1:BSPIM:state_0\
        );
        Output = \SPIM_1:BSPIM:tx_status_4\ (fanout=1)

    MacroCell: Name=\SPIM_1:BSPIM:rx_status_6\, Mode=(Combinatorial)
        Total # of inputs        : 6
        Total # of product terms : 1
            Clock Enable: True
        Main Equation            : 1 pterm
        (
              !\SPIM_1:BSPIM:count_4\ * !\SPIM_1:BSPIM:count_3\ * 
              !\SPIM_1:BSPIM:count_2\ * !\SPIM_1:BSPIM:count_1\ * 
              \SPIM_1:BSPIM:count_0\ * \SPIM_1:BSPIM:rx_status_4\
        );
        Output = \SPIM_1:BSPIM:rx_status_6\ (fanout=1)

    MacroCell: Name=__ONE__, Mode=(Combinatorial)
        Total # of inputs        : 0
        Total # of product terms : 0
            Clock Enable: True
        Main Equation            : 0 pterms
        !(
            0
        );
        Output = __ONE__ (fanout=1)

    MacroCell: Name=Net_1711, Mode=(D-Register)
        Total # of inputs        : 4
        Total # of product terms : 4
        List of special equations: 
            Clock  = (Net_1713_digital) => Global
            Clock Enable: True
        Main Equation            : 4 pterms
        !(
              !Net_1711 * !\SPIM_1:BSPIM:state_2\ * \SPIM_1:BSPIM:state_1\
            + !Net_1711 * \SPIM_1:BSPIM:state_2\ * !\SPIM_1:BSPIM:state_1\ * 
              !\SPIM_1:BSPIM:state_0\
            + !Net_1711 * \SPIM_1:BSPIM:state_1\ * \SPIM_1:BSPIM:state_0\
            + !\SPIM_1:BSPIM:state_2\ * !\SPIM_1:BSPIM:state_1\ * 
              \SPIM_1:BSPIM:state_0\
        );
        Output = Net_1711 (fanout=2)

    MacroCell: Name=Net_1710, Mode=(D-Register)
        Total # of inputs        : 4
        Total # of product terms : 2
        List of special equations: 
            Clock  = (Net_1713_digital) => Global
            Clock Enable: True
        Main Equation            : 2 pterms
        (
              Net_1710 * \SPIM_1:BSPIM:state_1\ * \SPIM_1:BSPIM:state_0\
            + !\SPIM_1:BSPIM:state_2\ * \SPIM_1:BSPIM:state_1\ * 
              \SPIM_1:BSPIM:state_0\
        );
        Output = Net_1710 (fanout=2)

    MacroCell: Name=Net_1709, Mode=(D-Register)
        Total # of inputs        : 11
        Total # of product terms : 7
        List of special equations: 
            Clock  = (Net_1713_digital) => Global
            Clock Enable: True
        Main Equation            : 7 pterms
        !(
              !Net_1709 * !\SPIM_1:BSPIM:state_2\ * \SPIM_1:BSPIM:state_0\
            + !\SPIM_1:BSPIM:state_2\ * !\SPIM_1:BSPIM:state_1\ * 
              !\SPIM_1:BSPIM:state_0\
            + !\SPIM_1:BSPIM:state_2\ * !\SPIM_1:BSPIM:state_0\ * 
              !\SPIM_1:BSPIM:count_4\ * !\SPIM_1:BSPIM:count_3\ * 
              !\SPIM_1:BSPIM:count_2\ * \SPIM_1:BSPIM:count_1\ * 
              !\SPIM_1:BSPIM:count_0\ * !\SPIM_1:BSPIM:ld_ident\
            + \SPIM_1:BSPIM:state_2\ * !\SPIM_1:BSPIM:state_1\ * 
              \SPIM_1:BSPIM:state_0\
            + \SPIM_1:BSPIM:state_2\ * \SPIM_1:BSPIM:state_1\ * 
              !\SPIM_1:BSPIM:state_0\
            + \SPIM_1:BSPIM:state_2\ * !\SPIM_1:BSPIM:mosi_from_dp\
            + !\SPIM_1:BSPIM:state_0\ * !\SPIM_1:BSPIM:mosi_from_dp\
        );
        Output = Net_1709 (fanout=2)

    MacroCell: Name=\SPIM_1:BSPIM:state_2\, Mode=(D-Register)
        Total # of inputs        : 10
        Total # of product terms : 3
        List of special equations: 
            Clock  = (Net_1713_digital) => Global
            Clock Enable: True
        Main Equation            : 3 pterms
        (
              !\SPIM_1:BSPIM:state_2\ * !\SPIM_1:BSPIM:state_1\ * 
              \SPIM_1:BSPIM:state_0\
            + !\SPIM_1:BSPIM:state_2\ * \SPIM_1:BSPIM:state_1\ * 
              !\SPIM_1:BSPIM:state_0\ * !\SPIM_1:BSPIM:count_4\ * 
              !\SPIM_1:BSPIM:count_3\ * !\SPIM_1:BSPIM:count_2\ * 
              \SPIM_1:BSPIM:count_1\ * !\SPIM_1:BSPIM:count_0\ * 
              !\SPIM_1:BSPIM:ld_ident\
            + !\SPIM_1:BSPIM:state_2\ * \SPIM_1:BSPIM:state_0\ * 
              !\SPIM_1:BSPIM:count_4\ * !\SPIM_1:BSPIM:count_3\ * 
              \SPIM_1:BSPIM:count_2\ * !\SPIM_1:BSPIM:count_1\ * 
              \SPIM_1:BSPIM:count_0\ * !\SPIM_1:BSPIM:tx_status_1\
        );
        Output = \SPIM_1:BSPIM:state_2\ (fanout=12)

    MacroCell: Name=\SPIM_1:BSPIM:state_1\, Mode=(T-Register)
        Total # of inputs        : 10
        Total # of product terms : 4
        List of special equations: 
            Clock  = (Net_1713_digital) => Global
            Clock Enable: True
        Main Equation            : 4 pterms
        (
              !\SPIM_1:BSPIM:state_2\ * !\SPIM_1:BSPIM:state_1\ * 
              \SPIM_1:BSPIM:state_0\
            + !\SPIM_1:BSPIM:state_2\ * \SPIM_1:BSPIM:state_0\ * 
              !\SPIM_1:BSPIM:count_4\ * !\SPIM_1:BSPIM:count_3\ * 
              \SPIM_1:BSPIM:count_2\ * !\SPIM_1:BSPIM:count_1\ * 
              \SPIM_1:BSPIM:count_0\ * !\SPIM_1:BSPIM:tx_status_1\
            + \SPIM_1:BSPIM:state_2\ * !\SPIM_1:BSPIM:state_0\
            + \SPIM_1:BSPIM:state_1\ * !\SPIM_1:BSPIM:state_0\ * 
              !\SPIM_1:BSPIM:count_4\ * !\SPIM_1:BSPIM:count_3\ * 
              !\SPIM_1:BSPIM:count_2\ * \SPIM_1:BSPIM:count_1\ * 
              !\SPIM_1:BSPIM:count_0\ * !\SPIM_1:BSPIM:ld_ident\
        );
        Output = \SPIM_1:BSPIM:state_1\ (fanout=12)

    MacroCell: Name=\SPIM_1:BSPIM:state_0\, Mode=(T-Register)
        Total # of inputs        : 4
        Total # of product terms : 3
        List of special equations: 
            Clock  = (Net_1713_digital) => Global
            Clock Enable: True
        Main Equation            : 3 pterms
        (
              !\SPIM_1:BSPIM:state_2\ * \SPIM_1:BSPIM:state_1\
            + \SPIM_1:BSPIM:state_2\ * !\SPIM_1:BSPIM:state_1\
            + !\SPIM_1:BSPIM:state_1\ * !\SPIM_1:BSPIM:state_0\ * 
              !\SPIM_1:BSPIM:tx_status_1\
        );
        Output = \SPIM_1:BSPIM:state_0\ (fanout=12)

    MacroCell: Name=\SPIM_1:BSPIM:load_cond\, Mode=(T-Register)
        Total # of inputs        : 9
        Total # of product terms : 4
        List of special equations: 
            Clock  = (Net_1713_digital) => Global
            Clock Enable: True
        Main Equation            : 4 pterms
        (
              !\SPIM_1:BSPIM:state_2\ * !\SPIM_1:BSPIM:count_4\ * 
              !\SPIM_1:BSPIM:count_3\ * !\SPIM_1:BSPIM:count_2\ * 
              !\SPIM_1:BSPIM:count_1\ * !\SPIM_1:BSPIM:count_0\ * 
              \SPIM_1:BSPIM:load_cond\
            + \SPIM_1:BSPIM:state_2\ * !\SPIM_1:BSPIM:state_1\ * 
              !\SPIM_1:BSPIM:state_0\ * !\SPIM_1:BSPIM:load_cond\
            + \SPIM_1:BSPIM:state_1\ * !\SPIM_1:BSPIM:count_4\ * 
              !\SPIM_1:BSPIM:count_3\ * !\SPIM_1:BSPIM:count_2\ * 
              !\SPIM_1:BSPIM:count_1\ * !\SPIM_1:BSPIM:count_0\ * 
              \SPIM_1:BSPIM:load_cond\
            + \SPIM_1:BSPIM:state_0\ * !\SPIM_1:BSPIM:count_4\ * 
              !\SPIM_1:BSPIM:count_3\ * !\SPIM_1:BSPIM:count_2\ * 
              !\SPIM_1:BSPIM:count_1\ * !\SPIM_1:BSPIM:count_0\ * 
              \SPIM_1:BSPIM:load_cond\
        );
        Output = \SPIM_1:BSPIM:load_cond\ (fanout=1)

    MacroCell: Name=\SPIM_1:BSPIM:ld_ident\, Mode=(T-Register)
        Total # of inputs        : 9
        Total # of product terms : 3
        List of special equations: 
            Clock  = (Net_1713_digital) => Global
            Clock Enable: True
        Main Equation            : 3 pterms
        (
              \SPIM_1:BSPIM:state_2\ * !\SPIM_1:BSPIM:state_1\ * 
              !\SPIM_1:BSPIM:state_0\ * !\SPIM_1:BSPIM:ld_ident\
            + \SPIM_1:BSPIM:state_2\ * \SPIM_1:BSPIM:state_1\ * 
              !\SPIM_1:BSPIM:state_0\ * \SPIM_1:BSPIM:ld_ident\
            + \SPIM_1:BSPIM:state_1\ * !\SPIM_1:BSPIM:state_0\ * 
              !\SPIM_1:BSPIM:count_4\ * !\SPIM_1:BSPIM:count_3\ * 
              !\SPIM_1:BSPIM:count_2\ * \SPIM_1:BSPIM:count_1\ * 
              !\SPIM_1:BSPIM:count_0\ * \SPIM_1:BSPIM:ld_ident\
        );
        Output = \SPIM_1:BSPIM:ld_ident\ (fanout=4)

    MacroCell: Name=\SPIM_1:BSPIM:cnt_enable\, Mode=(T-Register)
        Total # of inputs        : 4
        Total # of product terms : 4
        List of special equations: 
            Clock  = (Net_1713_digital) => Global
            Clock Enable: True
        Main Equation            : 4 pterms
        (
              !\SPIM_1:BSPIM:state_2\ * !\SPIM_1:BSPIM:state_1\ * 
              !\SPIM_1:BSPIM:state_0\ * \SPIM_1:BSPIM:cnt_enable\
            + !\SPIM_1:BSPIM:state_2\ * \SPIM_1:BSPIM:state_1\ * 
              \SPIM_1:BSPIM:state_0\ * !\SPIM_1:BSPIM:cnt_enable\
            + \SPIM_1:BSPIM:state_2\ * !\SPIM_1:BSPIM:state_1\ * 
              \SPIM_1:BSPIM:state_0\ * \SPIM_1:BSPIM:cnt_enable\
            + \SPIM_1:BSPIM:state_2\ * \SPIM_1:BSPIM:state_1\ * 
              !\SPIM_1:BSPIM:state_0\ * \SPIM_1:BSPIM:cnt_enable\
        );
        Output = \SPIM_1:BSPIM:cnt_enable\ (fanout=2)
    </CYPRESSTAG>
    <CYPRESSTAG name="Datapath listing">

    ------------------------------------------------------------
    Datapath listing
    ------------------------------------------------------------

    datapathcell: Name =\SPIM_1:BSPIM:sR8:Dp:u0\
        PORT MAP (
            clock => Net_1713_digital ,
            cs_addr_2 => \SPIM_1:BSPIM:state_2\ ,
            cs_addr_1 => \SPIM_1:BSPIM:state_1\ ,
            cs_addr_0 => \SPIM_1:BSPIM:state_0\ ,
            route_si => __ONE__ ,
            f1_load => \SPIM_1:BSPIM:load_rx_data\ ,
            so_comb => \SPIM_1:BSPIM:mosi_from_dp\ ,
            f0_bus_stat_comb => \SPIM_1:BSPIM:tx_status_2\ ,
            f0_blk_stat_comb => \SPIM_1:BSPIM:tx_status_1\ ,
            f1_bus_stat_comb => \SPIM_1:BSPIM:rx_status_5\ ,
            f1_blk_stat_comb => \SPIM_1:BSPIM:rx_status_4\ );
        Properties:
        {
            a0_init = "00000000"
            a1_init = "00000000"
            ce0_sync = 1
            ce1_sync = 1
            cl0_sync = 1
            cl1_sync = 1
            cmsb_sync = 1
            co_msb_sync = 1
            cy_dpconfig = "0000000000000000000000001100000000000001010000000001000100010000000000011100000000010001000000000000000101000000000000010100000011111111000000001111111111111111000000000010001000001000111100000000000000000100"
            d0_init = "00000000"
            d1_init = "00000000"
            f0_blk_sync = 1
            f0_bus_sync = 1
            f1_blk_sync = 1
            f1_bus_sync = 1
            ff0_sync = 1
            ff1_sync = 1
            ov_msb_sync = 1
            so_sync = 1
            z0_sync = 1
            z1_sync = 1
        }
        Clock Polarity: Active High
        Clock Enable: True
    </CYPRESSTAG>
    <CYPRESSTAG name="Status register listing">
    </CYPRESSTAG>
    <CYPRESSTAG name="StatusI register listing">

    ------------------------------------------------------------
    StatusI register listing
    ------------------------------------------------------------

    statusicell: Name =\SPIM_1:BSPIM:TxStsReg\
        PORT MAP (
            clock => Net_1713_digital ,
            status_4 => \SPIM_1:BSPIM:tx_status_4\ ,
            status_3 => \SPIM_1:BSPIM:load_rx_data\ ,
            status_2 => \SPIM_1:BSPIM:tx_status_2\ ,
            status_1 => \SPIM_1:BSPIM:tx_status_1\ ,
            status_0 => \SPIM_1:BSPIM:tx_status_0\ );
        Properties:
        {
            cy_force_order = 1
            cy_int_mask = "0000000"
            cy_md_select = "0001001"
        }
        Clock Polarity: Active High
        Clock Enable: True

    statusicell: Name =\SPIM_1:BSPIM:RxStsReg\
        PORT MAP (
            clock => Net_1713_digital ,
            status_6 => \SPIM_1:BSPIM:rx_status_6\ ,
            status_5 => \SPIM_1:BSPIM:rx_status_5\ ,
            status_4 => \SPIM_1:BSPIM:rx_status_4\ );
        Properties:
        {
            cy_force_order = 1
            cy_int_mask = "0000000"
            cy_md_select = "1000000"
        }
        Clock Polarity: Active High
        Clock Enable: True
    </CYPRESSTAG>
    <CYPRESSTAG name="Sync listing">
    </CYPRESSTAG>
    <CYPRESSTAG name="Control register listing">
    </CYPRESSTAG>
    <CYPRESSTAG name="Count7 listing">

    ------------------------------------------------------------
    Count7 listing
    ------------------------------------------------------------

    count7cell: Name =\SPIM_1:BSPIM:BitCounter\
        PORT MAP (
            clock => Net_1713_digital ,
            enable => \SPIM_1:BSPIM:cnt_enable\ ,
            count_6 => \SPIM_1:BSPIM:count_6\ ,
            count_5 => \SPIM_1:BSPIM:count_5\ ,
            count_4 => \SPIM_1:BSPIM:count_4\ ,
            count_3 => \SPIM_1:BSPIM:count_3\ ,
            count_2 => \SPIM_1:BSPIM:count_2\ ,
            count_1 => \SPIM_1:BSPIM:count_1\ ,
            count_0 => \SPIM_1:BSPIM:count_0\ ,
            tc => \SPIM_1:BSPIM:cnt_tc\ );
        Properties:
        {
            cy_alt_mode = 0
            cy_init_value = "0000000"
            cy_period = "0001111"
            cy_route_en = 1
            cy_route_ld = 0
        }
        Clock Polarity: Active High
        Clock Enable: True
    </CYPRESSTAG>
    <CYPRESSTAG name="DRQ listing">
    </CYPRESSTAG>
    <CYPRESSTAG name="Interrupt listing">

    ------------------------------------------------------------
    Interrupt listing
    ------------------------------------------------------------

    interrupt: Name =\ModbusUART:RX_WAKEUP_IRQ\
        PORT MAP (
            interrupt => \ModbusUART:rx_irq\ );
        Properties:
        {
            int_type = "10"
            is_nmi = 0
        }

    interrupt: Name =isr_BLE
        PORT MAP (
            interrupt => Net_482 );
        Properties:
        {
            int_type = "10"
            is_nmi = 0
        }

    interrupt: Name =isr_NewMessage
        PORT MAP (
            interrupt => Net_768 );
        Properties:
        {
            int_type = "10"
            is_nmi = 0
        }

    interrupt: Name =\blue:bless_isr\
        PORT MAP (
            interrupt => \blue:Net_15\ );
        Properties:
        {
            int_type = "10"
            is_nmi = 0
        }

    interrupt: Name =isr_SW
        PORT MAP (
            interrupt => Net_96 );
        Properties:
        {
            int_type = "10"
            is_nmi = 0
        }

    interrupt: Name =isr_ModbusByteIn
        PORT MAP (
            interrupt => Net_1557 );
        Properties:
        {
            int_type = "10"
            is_nmi = 0
        }

    interrupt: Name =WdtIsr
        PORT MAP (
            interrupt => WDT_INT_OUT );
        Properties:
        {
            int_type = "10"
            is_nmi = 0
        }

    interrupt: Name =\I2C:SCB_IRQ\
        PORT MAP (
            interrupt => Net_1879 );
        Properties:
        {
            int_type = "10"
            is_nmi = 0
        }
    </CYPRESSTAG>
</CYPRESSTAG>
<CYPRESSTAG name="Technology mapping summary" expanded>

------------------------------------------------------------
Technology mapping summary
------------------------------------------------------------

Resource Type                 : Used : Free :  Max :  % Used
============================================================
Digital Clocks                :    1 :    3 :    4 : 25.00 %
Interrupts                    :    8 :   24 :   32 : 25.00 %
IO                            :   18 :   11 :   29 : 62.07 %
Segment LCD                   :    0 :    1 :    1 :  0.00 %
CapSense                      :    0 :    1 :    1 :  0.00 %
Die Temp                      :    0 :    1 :    1 :  0.00 %
Serial Communication (SCB)    :    2 :    0 :    2 : 100.00 %
BLE                           :    1 :    0 :    1 : 100.00 %
DMA Channels                  :    0 :    8 :    8 :  0.00 %
Timer/Counter/PWM             :    2 :    2 :    4 : 50.00 %
UDB                           :      :      :      :        
  Macrocells                  :   14 :   18 :   32 : 43.75 %
  Unique P-terms              :   33 :   31 :   64 : 51.56 %
  Total P-terms               :   38 :      :      :        
  Datapath Cells              :    1 :    3 :    4 : 25.00 %
  Status Cells                :    3 :    1 :    4 : 75.00 %
    StatusI Registers         :    2 :      :      :        
    Routed Count7 Load/Enable :    1 :      :      :        
  Control Cells               :    1 :    3 :    4 : 25.00 %
    Count7 Cells              :    1 :      :      :        
Comparator/Opamp              :    0 :    4 :    4 :  0.00 %
LP Comparator                 :    0 :    1 :    1 :  0.00 %
SAR ADC                       :    0 :    1 :    1 :  0.00 %
DAC                           :      :      :      :        
  7-bit IDAC                  :    0 :    1 :    1 :  0.00 %
  8-bit IDAC                  :    0 :    1 :    1 :  0.00 %
</CYPRESSTAG>
Technology Mapping: Elapsed time ==> 0s.148ms
Tech Mapping phase: Elapsed time ==> 0s.174ms
</CYPRESSTAG>
<CYPRESSTAG name="Analog Placement">
<CYPRESSTAG name="FFB & IO Pre Placement">
<CYPRESSTAG name="Placement" icon="FILE_RPT_PLACEMENT">

Cell                                : Block                              
=========================================================================
\ModbusUART:rx_wake(0)\             : [IOP=(3)][IoId=(4)]                
\ModbusUART:tx(0)\                  : [IOP=(0)][IoId=(1)]                
TXEN(0)                             : [IOP=(1)][IoId=(2)]                
ClockGenBlock                       : CLK_GEN_[FFB(CLK_GEN,0)]           
\ModbusUART:SCB\                    : SCB_[FFB(SCB,1)]                   
\blue:cy_m0s8_ble\                  : BLE_[FFB(BLE,0)]                   
\I2C:SCB\                           : SCB_[FFB(SCB,0)]                   
SRSS                                : SRSS_[FFB(SRSS,0)]                 
\I2C:sda(0)\                        : [IOP=(0)][IoId=(4)]                
\I2C:scl(0)\                        : [IOP=(0)][IoId=(5)]                
\MessageTimer:cy_m0s8_tcpwm_1\      : TCPWM_[FFB(TCPWM,0)]               
\BLETimer:cy_m0s8_tcpwm_1\          : TCPWM_[FFB(TCPWM,1)]               
SW(0)                               : [IOP=(0)][IoId=(2)]                
ss(0)                               : [IOP=(1)][IoId=(0)]                
sclk(0)                             : [IOP=(1)][IoId=(1)]                
mosi(0)                             : [IOP=(1)][IoId=(3)]                
PG_3V3(0)                           : [IOP=(0)][IoId=(3)]                
LED(0)                              : [IOP=(1)][IoId=(4)]                
LED2(0)                             : [IOP=(1)][IoId=(5)]                
CPS(0)                              : [IOP=(2)][IoId=(1)]                
LED3(0)                             : [IOP=(2)][IoId=(2)]                
CSD(0)                              : [IOP=(2)][IoId=(3)]                
\SerialNVRAM_1:CS_0(0)\             : [IOP=(2)][IoId=(4)]                

</CYPRESSTAG>
</CYPRESSTAG>
<CYPRESSTAG name="Real Analog Placement">
Elapsed time ==> 0.1304801s
</CYPRESSTAG>
Analog Placement phase: Elapsed time ==> 0s.417ms
</CYPRESSTAG>
<CYPRESSTAG name="Analog Routing">
<CYPRESSTAG name="Analog Routing">
Route success=True, Iterations=1 Elapsed=0.0008159 secs
</CYPRESSTAG>
Analog Routing phase: Elapsed time ==> 0s.001ms
</CYPRESSTAG>
<CYPRESSTAG name="Analog Code Generation">
============ Analog Final Answer Routes ============
Dump of CyAnalogRoutingResultsDB
Map of net to items {
}
Map of item to net {
}
Mux Info {
}
Analog Code Generation phase: Elapsed time ==> 0s.013ms
</CYPRESSTAG>
<CYPRESSTAG name="Digital Placement">
<CYPRESSTAG name="Detailed placement messages">
I2076: Total run-time: 0.6 sec.

</CYPRESSTAG>
<CYPRESSTAG name="PLD Packing">
<CYPRESSTAG name="PLD Packing Summary" expanded>

------------------------------------------------------------
PLD Packing Summary
------------------------------------------------------------
            Resource Type : Used : Free :  Max :  % Used
    ====================================================
                     PLDs :    5 :    3 :    8 :  62.50%

<CYPRESSTAG name="PLD Statistics">

        PLD Resource Type :     Average/LAB
    =======================================
                   Inputs :            8.20
                   Pterms :            7.20
               Macrocells :            2.80
</CYPRESSTAG>
<CYPRESSTAG name="Packed PLD Contents">
Packed PLD Contents not displayed at this verbose level.</CYPRESSTAG>
</CYPRESSTAG>
PLD Packing: Elapsed time ==> 0s.001ms
</CYPRESSTAG>
<CYPRESSTAG name="Partitioning">
<CYPRESSTAG name="Initial Partitioning Summary">
Initial Partitioning Summary not displayed at this verbose level.</CYPRESSTAG>
<CYPRESSTAG name="Final Partitioning Summary">
Final Partitioning Summary not displayed at this verbose level.</CYPRESSTAG>
Partitioning: Elapsed time ==> 0s.024ms
</CYPRESSTAG>
<CYPRESSTAG name="Final Placement Summary">

------------------------------------------------------------
Final Placement Summary
------------------------------------------------------------

       Resource Type :      Count : Avg Inputs : Avg Outputs
    ========================================================
                 UDB :          3 :       9.67 :       4.67
<CYPRESSTAG name="Final Placement Details">
<CYPRESSTAG name="Component Details">

------------------------------------------------------------
Component Placement Details
------------------------------------------------------------
UDB [UDB=(0,0)] contents:
LAB@[UDB=(0,0)][LB=0] #macrocells=2, #inputs=4, #pterms=4
{
    [McSlotId=0]:     MacroCell: Name=\SPIM_1:BSPIM:cnt_enable\, Mode=(T-Register) @ [UDB=(0,0)][LB=0][MC=0]
        Total # of inputs        : 4
        Total # of product terms : 4
        List of special equations: 
            Clock  = (Net_1713_digital) => Global
            Clock Enable: True
        Main Equation            : 4 pterms
        (
              !\SPIM_1:BSPIM:state_2\ * !\SPIM_1:BSPIM:state_1\ * 
              !\SPIM_1:BSPIM:state_0\ * \SPIM_1:BSPIM:cnt_enable\
            + !\SPIM_1:BSPIM:state_2\ * \SPIM_1:BSPIM:state_1\ * 
              \SPIM_1:BSPIM:state_0\ * !\SPIM_1:BSPIM:cnt_enable\
            + \SPIM_1:BSPIM:state_2\ * !\SPIM_1:BSPIM:state_1\ * 
              \SPIM_1:BSPIM:state_0\ * \SPIM_1:BSPIM:cnt_enable\
            + \SPIM_1:BSPIM:state_2\ * \SPIM_1:BSPIM:state_1\ * 
              !\SPIM_1:BSPIM:state_0\ * \SPIM_1:BSPIM:cnt_enable\
        );
        Output = \SPIM_1:BSPIM:cnt_enable\ (fanout=3)
        Properties               : 
        {
        }

    [McSlotId=1]:     MacroCell: Name=__ONE__, Mode=(Combinatorial) @ [UDB=(0,0)][LB=0][MC=1]
        Total # of inputs        : 0
        Total # of product terms : 0
            Clock Enable: True
        Main Equation            : 0 pterms
        !(
            0
        );
        Output = __ONE__ (fanout=1)
        Properties               : 
        {
        }

    [McSlotId=2]: (empty)
    [McSlotId=3]: (empty)
}

statusicell: Name =\SPIM_1:BSPIM:RxStsReg\
    PORT MAP (
        clock => Net_1713_digital ,
        status_6 => \SPIM_1:BSPIM:rx_status_6\ ,
        status_5 => \SPIM_1:BSPIM:rx_status_5\ ,
        status_4 => \SPIM_1:BSPIM:rx_status_4\ );
    Properties:
    {
        cy_force_order = 1
        cy_int_mask = "0000000"
        cy_md_select = "1000000"
    }
    Clock Polarity: Active High
    Clock Enable: True

UDB [UDB=(0,1)] is empty.
UDB [UDB=(1,0)] contents:
LAB@[UDB=(1,0)][LB=0] #macrocells=3, #inputs=11, #pterms=8
{
    [McSlotId=0]:     MacroCell: Name=\SPIM_1:BSPIM:load_cond\, Mode=(T-Register) @ [UDB=(1,0)][LB=0][MC=0]
        Total # of inputs        : 9
        Total # of product terms : 4
        List of special equations: 
            Clock  = (Net_1713_digital) => Global
            Clock Enable: True
        Main Equation            : 4 pterms
        (
              !\SPIM_1:BSPIM:state_2\ * !\SPIM_1:BSPIM:count_4\ * 
              !\SPIM_1:BSPIM:count_3\ * !\SPIM_1:BSPIM:count_2\ * 
              !\SPIM_1:BSPIM:count_1\ * !\SPIM_1:BSPIM:count_0\ * 
              \SPIM_1:BSPIM:load_cond\
            + \SPIM_1:BSPIM:state_2\ * !\SPIM_1:BSPIM:state_1\ * 
              !\SPIM_1:BSPIM:state_0\ * !\SPIM_1:BSPIM:load_cond\
            + \SPIM_1:BSPIM:state_1\ * !\SPIM_1:BSPIM:count_4\ * 
              !\SPIM_1:BSPIM:count_3\ * !\SPIM_1:BSPIM:count_2\ * 
              !\SPIM_1:BSPIM:count_1\ * !\SPIM_1:BSPIM:count_0\ * 
              \SPIM_1:BSPIM:load_cond\
            + \SPIM_1:BSPIM:state_0\ * !\SPIM_1:BSPIM:count_4\ * 
              !\SPIM_1:BSPIM:count_3\ * !\SPIM_1:BSPIM:count_2\ * 
              !\SPIM_1:BSPIM:count_1\ * !\SPIM_1:BSPIM:count_0\ * 
              \SPIM_1:BSPIM:load_cond\
        );
        Output = \SPIM_1:BSPIM:load_cond\ (fanout=1)
        Properties               : 
        {
        }

    [McSlotId=1]:     MacroCell: Name=\SPIM_1:BSPIM:state_0\, Mode=(T-Register) @ [UDB=(1,0)][LB=0][MC=1]
        Total # of inputs        : 4
        Total # of product terms : 3
        List of special equations: 
            Clock  = (Net_1713_digital) => Global
            Clock Enable: True
        Main Equation            : 3 pterms
        (
              !\SPIM_1:BSPIM:state_2\ * \SPIM_1:BSPIM:state_1\
            + \SPIM_1:BSPIM:state_2\ * !\SPIM_1:BSPIM:state_1\
            + !\SPIM_1:BSPIM:state_1\ * !\SPIM_1:BSPIM:state_0\ * 
              !\SPIM_1:BSPIM:tx_status_1\
        );
        Output = \SPIM_1:BSPIM:state_0\ (fanout=12)
        Properties               : 
        {
        }

    [McSlotId=2]:     MacroCell: Name=\SPIM_1:BSPIM:rx_status_6\, Mode=(Combinatorial) @ [UDB=(1,0)][LB=0][MC=2]
        Total # of inputs        : 6
        Total # of product terms : 1
            Clock Enable: True
        Main Equation            : 1 pterm
        (
              !\SPIM_1:BSPIM:count_4\ * !\SPIM_1:BSPIM:count_3\ * 
              !\SPIM_1:BSPIM:count_2\ * !\SPIM_1:BSPIM:count_1\ * 
              \SPIM_1:BSPIM:count_0\ * \SPIM_1:BSPIM:rx_status_4\
        );
        Output = \SPIM_1:BSPIM:rx_status_6\ (fanout=1)
        Properties               : 
        {
        }

    [McSlotId=3]: (empty)
}

LAB@[UDB=(1,0)][LB=1] #macrocells=4, #inputs=5, #pterms=8
{
    [McSlotId=0]:     MacroCell: Name=Net_1710, Mode=(D-Register) @ [UDB=(1,0)][LB=1][MC=0]
        Total # of inputs        : 4
        Total # of product terms : 2
        List of special equations: 
            Clock  = (Net_1713_digital) => Global
            Clock Enable: True
        Main Equation            : 2 pterms
        (
              Net_1710 * \SPIM_1:BSPIM:state_1\ * \SPIM_1:BSPIM:state_0\
            + !\SPIM_1:BSPIM:state_2\ * \SPIM_1:BSPIM:state_1\ * 
              \SPIM_1:BSPIM:state_0\
        );
        Output = Net_1710 (fanout=2)
        Properties               : 
        {
        }

    [McSlotId=1]:     MacroCell: Name=Net_1711, Mode=(D-Register) @ [UDB=(1,0)][LB=1][MC=1]
        Total # of inputs        : 4
        Total # of product terms : 4
        List of special equations: 
            Clock  = (Net_1713_digital) => Global
            Clock Enable: True
        Main Equation            : 4 pterms
        !(
              !Net_1711 * !\SPIM_1:BSPIM:state_2\ * \SPIM_1:BSPIM:state_1\
            + !Net_1711 * \SPIM_1:BSPIM:state_2\ * !\SPIM_1:BSPIM:state_1\ * 
              !\SPIM_1:BSPIM:state_0\
            + !Net_1711 * \SPIM_1:BSPIM:state_1\ * \SPIM_1:BSPIM:state_0\
            + !\SPIM_1:BSPIM:state_2\ * !\SPIM_1:BSPIM:state_1\ * 
              \SPIM_1:BSPIM:state_0\
        );
        Output = Net_1711 (fanout=2)
        Properties               : 
        {
        }

    [McSlotId=2]:     MacroCell: Name=\SPIM_1:BSPIM:tx_status_4\, Mode=(Combinatorial) @ [UDB=(1,0)][LB=1][MC=2]
        Total # of inputs        : 3
        Total # of product terms : 1
            Clock Enable: True
        Main Equation            : 1 pterm
        (
              !\SPIM_1:BSPIM:state_2\ * !\SPIM_1:BSPIM:state_1\ * 
              !\SPIM_1:BSPIM:state_0\
        );
        Output = \SPIM_1:BSPIM:tx_status_4\ (fanout=1)
        Properties               : 
        {
        }

    [McSlotId=3]:     MacroCell: Name=\SPIM_1:BSPIM:tx_status_0\, Mode=(Combinatorial) @ [UDB=(1,0)][LB=1][MC=3]
        Total # of inputs        : 3
        Total # of product terms : 1
            Clock Enable: True
        Main Equation            : 1 pterm
        (
              \SPIM_1:BSPIM:state_2\ * !\SPIM_1:BSPIM:state_1\ * 
              \SPIM_1:BSPIM:state_0\
        );
        Output = \SPIM_1:BSPIM:tx_status_0\ (fanout=1)
        Properties               : 
        {
        }
}

statusicell: Name =\SPIM_1:BSPIM:TxStsReg\
    PORT MAP (
        clock => Net_1713_digital ,
        status_4 => \SPIM_1:BSPIM:tx_status_4\ ,
        status_3 => \SPIM_1:BSPIM:load_rx_data\ ,
        status_2 => \SPIM_1:BSPIM:tx_status_2\ ,
        status_1 => \SPIM_1:BSPIM:tx_status_1\ ,
        status_0 => \SPIM_1:BSPIM:tx_status_0\ );
    Properties:
    {
        cy_force_order = 1
        cy_int_mask = "0000000"
        cy_md_select = "0001001"
    }
    Clock Polarity: Active High
    Clock Enable: True

UDB [UDB=(1,1)] contents:
LAB@[UDB=(1,1)][LB=0] #macrocells=2, #inputs=11, #pterms=8
{
    [McSlotId=0]:     MacroCell: Name=Net_1709, Mode=(D-Register) @ [UDB=(1,1)][LB=0][MC=0]
        Total # of inputs        : 11
        Total # of product terms : 7
        List of special equations: 
            Clock  = (Net_1713_digital) => Global
            Clock Enable: True
        Main Equation            : 7 pterms
        !(
              !Net_1709 * !\SPIM_1:BSPIM:state_2\ * \SPIM_1:BSPIM:state_0\
            + !\SPIM_1:BSPIM:state_2\ * !\SPIM_1:BSPIM:state_1\ * 
              !\SPIM_1:BSPIM:state_0\
            + !\SPIM_1:BSPIM:state_2\ * !\SPIM_1:BSPIM:state_0\ * 
              !\SPIM_1:BSPIM:count_4\ * !\SPIM_1:BSPIM:count_3\ * 
              !\SPIM_1:BSPIM:count_2\ * \SPIM_1:BSPIM:count_1\ * 
              !\SPIM_1:BSPIM:count_0\ * !\SPIM_1:BSPIM:ld_ident\
            + \SPIM_1:BSPIM:state_2\ * !\SPIM_1:BSPIM:state_1\ * 
              \SPIM_1:BSPIM:state_0\
            + \SPIM_1:BSPIM:state_2\ * \SPIM_1:BSPIM:state_1\ * 
              !\SPIM_1:BSPIM:state_0\
            + \SPIM_1:BSPIM:state_2\ * !\SPIM_1:BSPIM:mosi_from_dp\
            + !\SPIM_1:BSPIM:state_0\ * !\SPIM_1:BSPIM:mosi_from_dp\
        );
        Output = Net_1709 (fanout=2)
        Properties               : 
        {
        }

    [McSlotId=1]:     MacroCell: Name=\SPIM_1:BSPIM:load_rx_data\, Mode=(Combinatorial) @ [UDB=(1,1)][LB=0][MC=1]
        Total # of inputs        : 5
        Total # of product terms : 1
            Clock Enable: True
        Main Equation            : 1 pterm
        (
              !\SPIM_1:BSPIM:count_4\ * !\SPIM_1:BSPIM:count_3\ * 
              !\SPIM_1:BSPIM:count_2\ * !\SPIM_1:BSPIM:count_1\ * 
              \SPIM_1:BSPIM:count_0\
        );
        Output = \SPIM_1:BSPIM:load_rx_data\ (fanout=2)
        Properties               : 
        {
        }

    [McSlotId=2]: (empty)
    [McSlotId=3]: (empty)
}

LAB@[UDB=(1,1)][LB=1] #macrocells=3, #inputs=10, #pterms=8
{
    [McSlotId=0]:     MacroCell: Name=\SPIM_1:BSPIM:state_1\, Mode=(T-Register) @ [UDB=(1,1)][LB=1][MC=0]
        Total # of inputs        : 10
        Total # of product terms : 4
        List of special equations: 
            Clock  = (Net_1713_digital) => Global
            Clock Enable: True
        Main Equation            : 4 pterms
        (
              !\SPIM_1:BSPIM:state_2\ * !\SPIM_1:BSPIM:state_1\ * 
              \SPIM_1:BSPIM:state_0\
            + !\SPIM_1:BSPIM:state_2\ * \SPIM_1:BSPIM:state_0\ * 
              !\SPIM_1:BSPIM:count_4\ * !\SPIM_1:BSPIM:count_3\ * 
              \SPIM_1:BSPIM:count_2\ * !\SPIM_1:BSPIM:count_1\ * 
              \SPIM_1:BSPIM:count_0\ * !\SPIM_1:BSPIM:tx_status_1\
            + \SPIM_1:BSPIM:state_2\ * !\SPIM_1:BSPIM:state_0\
            + \SPIM_1:BSPIM:state_1\ * !\SPIM_1:BSPIM:state_0\ * 
              !\SPIM_1:BSPIM:count_4\ * !\SPIM_1:BSPIM:count_3\ * 
              !\SPIM_1:BSPIM:count_2\ * \SPIM_1:BSPIM:count_1\ * 
              !\SPIM_1:BSPIM:count_0\ * !\SPIM_1:BSPIM:ld_ident\
        );
        Output = \SPIM_1:BSPIM:state_1\ (fanout=12)
        Properties               : 
        {
        }

    [McSlotId=1]:     MacroCell: Name=\SPIM_1:BSPIM:state_2\, Mode=(D-Register) @ [UDB=(1,1)][LB=1][MC=1]
        Total # of inputs        : 10
        Total # of product terms : 3
        List of special equations: 
            Clock  = (Net_1713_digital) => Global
            Clock Enable: True
        Main Equation            : 3 pterms
        (
              !\SPIM_1:BSPIM:state_2\ * !\SPIM_1:BSPIM:state_1\ * 
              \SPIM_1:BSPIM:state_0\
            + !\SPIM_1:BSPIM:state_2\ * \SPIM_1:BSPIM:state_1\ * 
              !\SPIM_1:BSPIM:state_0\ * !\SPIM_1:BSPIM:count_4\ * 
              !\SPIM_1:BSPIM:count_3\ * !\SPIM_1:BSPIM:count_2\ * 
              \SPIM_1:BSPIM:count_1\ * !\SPIM_1:BSPIM:count_0\ * 
              !\SPIM_1:BSPIM:ld_ident\
            + !\SPIM_1:BSPIM:state_2\ * \SPIM_1:BSPIM:state_0\ * 
              !\SPIM_1:BSPIM:count_4\ * !\SPIM_1:BSPIM:count_3\ * 
              \SPIM_1:BSPIM:count_2\ * !\SPIM_1:BSPIM:count_1\ * 
              \SPIM_1:BSPIM:count_0\ * !\SPIM_1:BSPIM:tx_status_1\
        );
        Output = \SPIM_1:BSPIM:state_2\ (fanout=12)
        Properties               : 
        {
        }

    [McSlotId=2]:     MacroCell: Name=\SPIM_1:BSPIM:ld_ident\, Mode=(T-Register) @ [UDB=(1,1)][LB=1][MC=2]
        Total # of inputs        : 9
        Total # of product terms : 3
        List of special equations: 
            Clock  = (Net_1713_digital) => Global
            Clock Enable: True
        Main Equation            : 3 pterms
        (
              \SPIM_1:BSPIM:state_2\ * !\SPIM_1:BSPIM:state_1\ * 
              !\SPIM_1:BSPIM:state_0\ * !\SPIM_1:BSPIM:ld_ident\
            + \SPIM_1:BSPIM:state_2\ * \SPIM_1:BSPIM:state_1\ * 
              !\SPIM_1:BSPIM:state_0\ * \SPIM_1:BSPIM:ld_ident\
            + \SPIM_1:BSPIM:state_1\ * !\SPIM_1:BSPIM:state_0\ * 
              !\SPIM_1:BSPIM:count_4\ * !\SPIM_1:BSPIM:count_3\ * 
              !\SPIM_1:BSPIM:count_2\ * \SPIM_1:BSPIM:count_1\ * 
              !\SPIM_1:BSPIM:count_0\ * \SPIM_1:BSPIM:ld_ident\
        );
        Output = \SPIM_1:BSPIM:ld_ident\ (fanout=4)
        Properties               : 
        {
        }

    [McSlotId=3]: (empty)
}

datapathcell: Name =\SPIM_1:BSPIM:sR8:Dp:u0\
    PORT MAP (
        clock => Net_1713_digital ,
        cs_addr_2 => \SPIM_1:BSPIM:state_2\ ,
        cs_addr_1 => \SPIM_1:BSPIM:state_1\ ,
        cs_addr_0 => \SPIM_1:BSPIM:state_0\ ,
        route_si => __ONE__ ,
        f1_load => \SPIM_1:BSPIM:load_rx_data\ ,
        so_comb => \SPIM_1:BSPIM:mosi_from_dp\ ,
        f0_bus_stat_comb => \SPIM_1:BSPIM:tx_status_2\ ,
        f0_blk_stat_comb => \SPIM_1:BSPIM:tx_status_1\ ,
        f1_bus_stat_comb => \SPIM_1:BSPIM:rx_status_5\ ,
        f1_blk_stat_comb => \SPIM_1:BSPIM:rx_status_4\ );
    Properties:
    {
        a0_init = "00000000"
        a1_init = "00000000"
        ce0_sync = 1
        ce1_sync = 1
        cl0_sync = 1
        cl1_sync = 1
        cmsb_sync = 1
        co_msb_sync = 1
        cy_dpconfig = "0000000000000000000000001100000000000001010000000001000100010000000000011100000000010001000000000000000101000000000000010100000011111111000000001111111111111111000000000010001000001000111100000000000000000100"
        d0_init = "00000000"
        d1_init = "00000000"
        f0_blk_sync = 1
        f0_bus_sync = 1
        f1_blk_sync = 1
        f1_bus_sync = 1
        ff0_sync = 1
        ff1_sync = 1
        ov_msb_sync = 1
        so_sync = 1
        z0_sync = 1
        z1_sync = 1
    }
    Clock Polarity: Active High
    Clock Enable: True

count7cell: Name =\SPIM_1:BSPIM:BitCounter\
    PORT MAP (
        clock => Net_1713_digital ,
        enable => \SPIM_1:BSPIM:cnt_enable\ ,
        count_6 => \SPIM_1:BSPIM:count_6\ ,
        count_5 => \SPIM_1:BSPIM:count_5\ ,
        count_4 => \SPIM_1:BSPIM:count_4\ ,
        count_3 => \SPIM_1:BSPIM:count_3\ ,
        count_2 => \SPIM_1:BSPIM:count_2\ ,
        count_1 => \SPIM_1:BSPIM:count_1\ ,
        count_0 => \SPIM_1:BSPIM:count_0\ ,
        tc => \SPIM_1:BSPIM:cnt_tc\ );
    Properties:
    {
        cy_alt_mode = 0
        cy_init_value = "0000000"
        cy_period = "0001111"
        cy_route_en = 1
        cy_route_ld = 0
    }
    Clock Polarity: Active High
    Clock Enable: True

Intr container @ [IntrContainer=(0)]: 
  Intr@ [IntrContainer=(0)][IntrId=(0)] 
    interrupt: Name =isr_SW
        PORT MAP (
            interrupt => Net_96 );
        Properties:
        {
            int_type = "10"
            is_nmi = 0
        }
  Intr@ [IntrContainer=(0)][IntrId=(3)] 
    interrupt: Name =\ModbusUART:RX_WAKEUP_IRQ\
        PORT MAP (
            interrupt => \ModbusUART:rx_irq\ );
        Properties:
        {
            int_type = "10"
            is_nmi = 0
        }
  Intr@ [IntrContainer=(0)][IntrId=(8)] 
    interrupt: Name =WdtIsr
        PORT MAP (
            interrupt => WDT_INT_OUT );
        Properties:
        {
            int_type = "10"
            is_nmi = 0
        }
  Intr@ [IntrContainer=(0)][IntrId=(9)] 
    interrupt: Name =\I2C:SCB_IRQ\
        PORT MAP (
            interrupt => Net_1879 );
        Properties:
        {
            int_type = "10"
            is_nmi = 0
        }
  Intr@ [IntrContainer=(0)][IntrId=(10)] 
    interrupt: Name =isr_ModbusByteIn
        PORT MAP (
            interrupt => Net_1557 );
        Properties:
        {
            int_type = "10"
            is_nmi = 0
        }
  Intr@ [IntrContainer=(0)][IntrId=(12)] 
    interrupt: Name =\blue:bless_isr\
        PORT MAP (
            interrupt => \blue:Net_15\ );
        Properties:
        {
            int_type = "10"
            is_nmi = 0
        }
  Intr@ [IntrContainer=(0)][IntrId=(17)] 
    interrupt: Name =isr_BLE
        PORT MAP (
            interrupt => Net_482 );
        Properties:
        {
            int_type = "10"
            is_nmi = 0
        }
  Intr@ [IntrContainer=(0)][IntrId=(18)] 
    interrupt: Name =isr_NewMessage
        PORT MAP (
            interrupt => Net_768 );
        Properties:
        {
            int_type = "10"
            is_nmi = 0
        }
Drq container @ [DrqContainer=(0)]: empty
Port 0 generates interrupt for logical port:
    logicalport: Name =SW
        PORT MAP (
            in_clock_en => one ,
            in_reset => zero ,
            out_clock_en => one ,
            out_reset => zero ,
            interrupt => Net_96 );
        Properties:
        {
            drive_mode = "010"
            ibuf_enabled = "1"
            id = "8d318d8b-cf7b-4b6b-b02c-ab1c5c49d0ba"
            init_dr_st = "1"
            input_buffer_sel = "00"
            input_clk_en = 0
            input_sync = "0"
            input_sync_mode = "0"
            intr_mode = "10"
            invert_in_clock = 0
            invert_in_clock_en = 0
            invert_in_reset = 0
            invert_out_clock = 0
            invert_out_clock_en = 0
            invert_out_reset = 0
            io_voltage = ""
            layout_mode = "CONTIGUOUS"
            oe_conn = "0"
            oe_reset = 0
            oe_sync = "0"
            output_clk_en = 0
            output_clock_mode = "0"
            output_conn = "0"
            output_mode = "0"
            output_reset = 0
            output_sync = "0"
            ovt_hyst_trim = "0"
            ovt_needed = "0"
            ovt_slew_control = "00"
            pa_in_clock = -1
            pa_in_clock_en = -1
            pa_in_reset = -1
            pa_out_clock = -1
            pa_out_clock_en = -1
            pa_out_reset = -1
            pin_aliases = ""
            pin_mode = "I"
            por_state = 4
            port_alias_group = ""
            port_alias_required = 0
            sio_group_cnt = 0
            sio_hifreq = "00000000"
            sio_hyst = "1"
            sio_ibuf = "00000000"
            sio_info = "00"
            sio_obuf = "00000000"
            sio_refsel = "00000000"
            sio_vohsel = "00000000"
            sio_vtrip = "00000000"
            slew_rate = "0"
            spanning = 0
            sw_only = 0
            use_annotation = "0"
            vtrip = "00"
            width = 1
        }
    and contains the following IO cells:
[IoId=1]: 
Pin : Name = \ModbusUART:tx(0)\
    Attributes:
        In Group/Port: True
        In Sync Option: NOSYNC
        Out Sync Option: NOSYNC
        Interrupt generated: False
        Interrupt mode: NONE
        Drive mode: CMOS_OUT
        VTrip: CMOS
        Slew: FAST
        Input Sync needed: False
        Output Sync needed: False
        SC shield enabled: False
        POR State: ANY
        LCD Mode: COMMON
        Register Mode: RegComb
        CaSense Mode: NEITHER
        Treat as pin: True
        Is OE Registered: False
        Uses Analog: False
        Can contain Digital: True
        Is SIO: False
        SIO Output Buf: NONREGULATED
        SIO Input Buf: SINGLE_ENDED
        SIO HiFreq: LOW
        SIO Hyst: DISABLED
        SIO Vtrip: MULTIPLIER_0_5
        SIO Multiplier Index: 0
        SIO RefSel: VCC_IO
        Required Capabilities: DIGITAL
        Initial Value: 1
        IO Voltage: 0
    PORT MAP (
        pa_out => \ModbusUART:tx(0)\__PA ,
        pin_input => \ModbusUART:tx_wire\ ,
        pad => \ModbusUART:tx(0)_PAD\ );
    Properties:
    {
    }

[IoId=2]: 
Pin : Name = SW(0)
    Attributes:
        In Group/Port: True
        In Sync Option: NOSYNC
        Out Sync Option: AUTO
        Interrupt generated: True
        Interrupt mode: FALLING
        Drive mode: RES_PULL_UP
        VTrip: CMOS
        Slew: FAST
        Input Sync needed: False
        Output Sync needed: False
        SC shield enabled: False
        POR State: ANY
        LCD Mode: COMMON
        Register Mode: RegComb
        CaSense Mode: NEITHER
        Treat as pin: False
        Is OE Registered: False
        Uses Analog: False
        Can contain Digital: True
        Is SIO: False
        SIO Output Buf: NONREGULATED
        SIO Input Buf: SINGLE_ENDED
        SIO HiFreq: LOW
        SIO Hyst: DISABLED
        SIO Vtrip: MULTIPLIER_0_5
        SIO Multiplier Index: 0
        SIO RefSel: VCC_IO
        Required Capabilities: DIGITAL, PORT_INTERRUPT
        Initial Value: 1
        IO Voltage: 0
    PORT MAP (
        pa_out => SW(0)__PA ,
        pad => SW(0)_PAD );
    Properties:
    {
    }

[IoId=3]: 
Pin : Name = LED(0)
    Attributes:
        In Group/Port: True
        In Sync Option: AUTO
        Out Sync Option: NOSYNC
        Interrupt generated: False
        Interrupt mode: NONE
        Drive mode: CMOS_OUT
        VTrip: EITHER
        Slew: FAST
        Input Sync needed: False
        Output Sync needed: False
        SC shield enabled: False
        POR State: ANY
        LCD Mode: COMMON
        Register Mode: RegComb
        CaSense Mode: NEITHER
        Treat as pin: True
        Is OE Registered: False
        Uses Analog: False
        Can contain Digital: True
        Is SIO: False
        SIO Output Buf: NONREGULATED
        SIO Input Buf: SINGLE_ENDED
        SIO HiFreq: LOW
        SIO Hyst: DISABLED
        SIO Vtrip: MULTIPLIER_0_5
        SIO Multiplier Index: 0
        SIO RefSel: VCC_IO
        Required Capabilities: DIGITAL
        Initial Value: 0
        IO Voltage: 0
    PORT MAP (
        pa_out => LED(0)__PA ,
        pad => LED(0)_PAD );
    Properties:
    {
    }

[IoId=4]: 
Pin : Name = \I2C:sda(0)\
    Attributes:
        In Group/Port: True
        In Sync Option: NOSYNC
        Out Sync Option: NOSYNC
        Interrupt generated: False
        Interrupt mode: NONE
        Drive mode: OPEN_DRAIN_LO
        VTrip: CMOS
        Slew: FAST
        Input Sync needed: False
        Output Sync needed: False
        SC shield enabled: False
        POR State: ANY
        LCD Mode: COMMON
        Register Mode: RegComb
        CaSense Mode: NEITHER
        Treat as pin: True
        Is OE Registered: False
        Uses Analog: False
        Can contain Digital: True
        Is SIO: False
        SIO Output Buf: NONREGULATED
        SIO Input Buf: SINGLE_ENDED
        SIO HiFreq: LOW
        SIO Hyst: DISABLED
        SIO Vtrip: MULTIPLIER_0_5
        SIO Multiplier Index: 0
        SIO RefSel: VCC_IO
        Required Capabilities: DIGITAL
        Initial Value: 1
        IO Voltage: 0
    PORT MAP (
        pa_out => \I2C:sda(0)\__PA ,
        fb => Net_1896 ,
        pad => \I2C:sda(0)_PAD\ );
    Properties:
    {
    }

[IoId=5]: 
Pin : Name = \I2C:scl(0)\
    Attributes:
        In Group/Port: True
        In Sync Option: NOSYNC
        Out Sync Option: NOSYNC
        Interrupt generated: False
        Interrupt mode: NONE
        Drive mode: OPEN_DRAIN_LO
        VTrip: CMOS
        Slew: FAST
        Input Sync needed: False
        Output Sync needed: False
        SC shield enabled: False
        POR State: ANY
        LCD Mode: COMMON
        Register Mode: RegComb
        CaSense Mode: NEITHER
        Treat as pin: True
        Is OE Registered: False
        Uses Analog: False
        Can contain Digital: True
        Is SIO: False
        SIO Output Buf: NONREGULATED
        SIO Input Buf: SINGLE_ENDED
        SIO HiFreq: LOW
        SIO Hyst: DISABLED
        SIO Vtrip: MULTIPLIER_0_5
        SIO Multiplier Index: 0
        SIO RefSel: VCC_IO
        Required Capabilities: DIGITAL
        Initial Value: 1
        IO Voltage: 0
    PORT MAP (
        pa_out => \I2C:scl(0)\__PA ,
        fb => Net_1895 ,
        pad => \I2C:scl(0)_PAD\ );
    Properties:
    {
    }

Port 1 contains the following IO cells:
[IoId=0]: 
Pin : Name = mosi(0)
    Attributes:
        In Group/Port: True
        In Sync Option: AUTO
        Out Sync Option: NOSYNC
        Interrupt generated: False
        Interrupt mode: NONE
        Drive mode: CMOS_OUT
        VTrip: EITHER
        Slew: FAST
        Input Sync needed: False
        Output Sync needed: False
        SC shield enabled: False
        POR State: ANY
        LCD Mode: COMMON
        Register Mode: RegComb
        CaSense Mode: NEITHER
        Treat as pin: True
        Is OE Registered: False
        Uses Analog: False
        Can contain Digital: True
        Is SIO: False
        SIO Output Buf: NONREGULATED
        SIO Input Buf: SINGLE_ENDED
        SIO HiFreq: LOW
        SIO Hyst: DISABLED
        SIO Vtrip: MULTIPLIER_0_5
        SIO Multiplier Index: 0
        SIO RefSel: VCC_IO
        Required Capabilities: DIGITAL, ROUTABLE
        Initial Value: 1
        IO Voltage: 0
    PORT MAP (
        pa_out => mosi(0)__PA ,
        pin_input => Net_1709 ,
        pad => mosi(0)_PAD );
    Properties:
    {
    }

[IoId=1]: 
Pin : Name = ss(0)
    Attributes:
        In Group/Port: True
        In Sync Option: AUTO
        Out Sync Option: NOSYNC
        Interrupt generated: False
        Interrupt mode: NONE
        Drive mode: CMOS_OUT
        VTrip: EITHER
        Slew: FAST
        Input Sync needed: False
        Output Sync needed: False
        SC shield enabled: False
        POR State: ANY
        LCD Mode: COMMON
        Register Mode: RegComb
        CaSense Mode: NEITHER
        Treat as pin: True
        Is OE Registered: False
        Uses Analog: False
        Can contain Digital: True
        Is SIO: False
        SIO Output Buf: NONREGULATED
        SIO Input Buf: SINGLE_ENDED
        SIO HiFreq: LOW
        SIO Hyst: DISABLED
        SIO Vtrip: MULTIPLIER_0_5
        SIO Multiplier Index: 0
        SIO RefSel: VCC_IO
        Required Capabilities: DIGITAL, ROUTABLE
        Initial Value: 1
        IO Voltage: 0
    PORT MAP (
        pa_out => ss(0)__PA ,
        pin_input => Net_1711 ,
        pad => ss(0)_PAD );
    Properties:
    {
    }

[IoId=2]: 
Pin : Name = TXEN(0)
    Attributes:
        In Group/Port: True
        In Sync Option: AUTO
        Out Sync Option: NOSYNC
        Interrupt generated: False
        Interrupt mode: NONE
        Drive mode: RES_PULL_DOWN
        VTrip: EITHER
        Slew: FAST
        Input Sync needed: False
        Output Sync needed: False
        SC shield enabled: False
        POR State: ANY
        LCD Mode: COMMON
        Register Mode: RegComb
        CaSense Mode: NEITHER
        Treat as pin: True
        Is OE Registered: False
        Uses Analog: False
        Can contain Digital: True
        Is SIO: False
        SIO Output Buf: NONREGULATED
        SIO Input Buf: SINGLE_ENDED
        SIO HiFreq: LOW
        SIO Hyst: DISABLED
        SIO Vtrip: MULTIPLIER_0_5
        SIO Multiplier Index: 0
        SIO RefSel: VCC_IO
        Required Capabilities: DIGITAL
        Initial Value: 0
        IO Voltage: 0
    PORT MAP (
        pa_out => TXEN(0)__PA ,
        pad => TXEN(0)_PAD );
    Properties:
    {
    }

[IoId=3]: 
Pin : Name = sclk(0)
    Attributes:
        In Group/Port: True
        In Sync Option: AUTO
        Out Sync Option: NOSYNC
        Interrupt generated: False
        Interrupt mode: NONE
        Drive mode: CMOS_OUT
        VTrip: EITHER
        Slew: FAST
        Input Sync needed: False
        Output Sync needed: False
        SC shield enabled: False
        POR State: ANY
        LCD Mode: COMMON
        Register Mode: RegComb
        CaSense Mode: NEITHER
        Treat as pin: True
        Is OE Registered: False
        Uses Analog: False
        Can contain Digital: True
        Is SIO: False
        SIO Output Buf: NONREGULATED
        SIO Input Buf: SINGLE_ENDED
        SIO HiFreq: LOW
        SIO Hyst: DISABLED
        SIO Vtrip: MULTIPLIER_0_5
        SIO Multiplier Index: 0
        SIO RefSel: VCC_IO
        Required Capabilities: DIGITAL, ROUTABLE
        Initial Value: 1
        IO Voltage: 0
    PORT MAP (
        pa_out => sclk(0)__PA ,
        pin_input => Net_1710 ,
        pad => sclk(0)_PAD );
    Properties:
    {
    }

[IoId=4]: 
Pin : Name = LED2(0)
    Attributes:
        In Group/Port: True
        In Sync Option: AUTO
        Out Sync Option: NOSYNC
        Interrupt generated: False
        Interrupt mode: NONE
        Drive mode: CMOS_OUT
        VTrip: EITHER
        Slew: FAST
        Input Sync needed: False
        Output Sync needed: False
        SC shield enabled: False
        POR State: ANY
        LCD Mode: COMMON
        Register Mode: RegComb
        CaSense Mode: NEITHER
        Treat as pin: True
        Is OE Registered: False
        Uses Analog: False
        Can contain Digital: True
        Is SIO: False
        SIO Output Buf: NONREGULATED
        SIO Input Buf: SINGLE_ENDED
        SIO HiFreq: LOW
        SIO Hyst: DISABLED
        SIO Vtrip: MULTIPLIER_0_5
        SIO Multiplier Index: 0
        SIO RefSel: VCC_IO
        Required Capabilities: DIGITAL
        Initial Value: 0
        IO Voltage: 0
    PORT MAP (
        pa_out => LED2(0)__PA ,
        pad => LED2(0)_PAD );
    Properties:
    {
    }

[IoId=5]: 
Pin : Name = CPS(0)
    Attributes:
        In Group/Port: True
        In Sync Option: AUTO
        Out Sync Option: NOSYNC
        Interrupt generated: False
        Interrupt mode: NONE
        Drive mode: CMOS_OUT
        VTrip: EITHER
        Slew: FAST
        Input Sync needed: False
        Output Sync needed: False
        SC shield enabled: False
        POR State: ANY
        LCD Mode: COMMON
        Register Mode: RegComb
        CaSense Mode: NEITHER
        Treat as pin: True
        Is OE Registered: False
        Uses Analog: False
        Can contain Digital: True
        Is SIO: False
        SIO Output Buf: NONREGULATED
        SIO Input Buf: SINGLE_ENDED
        SIO HiFreq: LOW
        SIO Hyst: DISABLED
        SIO Vtrip: MULTIPLIER_0_5
        SIO Multiplier Index: 0
        SIO RefSel: VCC_IO
        Required Capabilities: DIGITAL
        Initial Value: 0
        IO Voltage: 0
    PORT MAP (
        pa_out => CPS(0)__PA ,
        pad => CPS(0)_PAD );
    Properties:
    {
    }

Port 2 contains the following IO cells:
[IoId=1]: 
Pin : Name = LED3(0)
    Attributes:
        In Group/Port: True
        In Sync Option: AUTO
        Out Sync Option: NOSYNC
        Interrupt generated: False
        Interrupt mode: NONE
        Drive mode: CMOS_OUT
        VTrip: EITHER
        Slew: FAST
        Input Sync needed: False
        Output Sync needed: False
        SC shield enabled: False
        POR State: ANY
        LCD Mode: COMMON
        Register Mode: RegComb
        CaSense Mode: NEITHER
        Treat as pin: True
        Is OE Registered: False
        Uses Analog: False
        Can contain Digital: True
        Is SIO: False
        SIO Output Buf: NONREGULATED
        SIO Input Buf: SINGLE_ENDED
        SIO HiFreq: LOW
        SIO Hyst: DISABLED
        SIO Vtrip: MULTIPLIER_0_5
        SIO Multiplier Index: 0
        SIO RefSel: VCC_IO
        Required Capabilities: DIGITAL
        Initial Value: 0
        IO Voltage: 0
    PORT MAP (
        pa_out => LED3(0)__PA ,
        pad => LED3(0)_PAD );
    Properties:
    {
    }

[IoId=2]: 
Pin : Name = CSD(0)
    Attributes:
        In Group/Port: True
        In Sync Option: AUTO
        Out Sync Option: NOSYNC
        Interrupt generated: False
        Interrupt mode: NONE
        Drive mode: CMOS_OUT
        VTrip: EITHER
        Slew: FAST
        Input Sync needed: False
        Output Sync needed: False
        SC shield enabled: False
        POR State: ANY
        LCD Mode: COMMON
        Register Mode: RegComb
        CaSense Mode: NEITHER
        Treat as pin: True
        Is OE Registered: False
        Uses Analog: False
        Can contain Digital: True
        Is SIO: False
        SIO Output Buf: NONREGULATED
        SIO Input Buf: SINGLE_ENDED
        SIO HiFreq: LOW
        SIO Hyst: DISABLED
        SIO Vtrip: MULTIPLIER_0_5
        SIO Multiplier Index: 0
        SIO RefSel: VCC_IO
        Required Capabilities: DIGITAL
        Initial Value: 0
        IO Voltage: 0
    PORT MAP (
        pa_out => CSD(0)__PA ,
        pad => CSD(0)_PAD );
    Properties:
    {
    }

[IoId=3]: 
Pin : Name = \SerialNVRAM_1:CS_0(0)\
    Attributes:
        In Group/Port: True
        In Sync Option: AUTO
        Out Sync Option: NOSYNC
        Interrupt generated: False
        Interrupt mode: NONE
        Drive mode: CMOS_OUT
        VTrip: EITHER
        Slew: FAST
        Input Sync needed: False
        Output Sync needed: False
        SC shield enabled: False
        POR State: ANY
        LCD Mode: COMMON
        Register Mode: RegComb
        CaSense Mode: NEITHER
        Treat as pin: True
        Is OE Registered: False
        Uses Analog: False
        Can contain Digital: True
        Is SIO: False
        SIO Output Buf: NONREGULATED
        SIO Input Buf: SINGLE_ENDED
        SIO HiFreq: LOW
        SIO Hyst: DISABLED
        SIO Vtrip: MULTIPLIER_0_5
        SIO Multiplier Index: 0
        SIO RefSel: VCC_IO
        Required Capabilities: DIGITAL
        Initial Value: 1
        IO Voltage: 0
    PORT MAP (
        pa_out => \SerialNVRAM_1:CS_0(0)\__PA ,
        pad => \SerialNVRAM_1:CS_0(0)_PAD\ );
    Properties:
    {
    }

[IoId=4]: 
Pin : Name = PG_3V3(0)
    Attributes:
        In Group/Port: True
        In Sync Option: NOSYNC
        Out Sync Option: AUTO
        Interrupt generated: False
        Interrupt mode: NONE
        Drive mode: HI_Z_DIGITAL
        VTrip: CMOS
        Slew: FAST
        Input Sync needed: False
        Output Sync needed: False
        SC shield enabled: False
        POR State: ANY
        LCD Mode: COMMON
        Register Mode: RegComb
        CaSense Mode: NEITHER
        Treat as pin: True
        Is OE Registered: False
        Uses Analog: False
        Can contain Digital: True
        Is SIO: False
        SIO Output Buf: NONREGULATED
        SIO Input Buf: SINGLE_ENDED
        SIO HiFreq: LOW
        SIO Hyst: DISABLED
        SIO Vtrip: MULTIPLIER_0_5
        SIO Multiplier Index: 0
        SIO RefSel: VCC_IO
        Required Capabilities: DIGITAL
        Initial Value: 0
        IO Voltage: 0
    PORT MAP (
        pa_out => PG_3V3(0)__PA ,
        pad => PG_3V3(0)_PAD );
    Properties:
    {
    }

Port 3 generates interrupt for logical port:
    logicalport: Name =\ModbusUART:rx_wake\
        PORT MAP (
            in_clock_en => one ,
            in_reset => zero ,
            out_clock_en => one ,
            out_reset => zero ,
            interrupt => \ModbusUART:rx_irq\ );
        Properties:
        {
            drive_mode = "001"
            ibuf_enabled = "1"
            id = "43ec2fa1-bf22-4b71-9477-b6ca7b97f0b0/e9408829-61ce-4f43-b0c1-855b87d0fbdc"
            init_dr_st = "0"
            input_buffer_sel = "00"
            input_clk_en = 0
            input_sync = "0"
            input_sync_mode = "0"
            intr_mode = "10"
            invert_in_clock = 0
            invert_in_clock_en = 0
            invert_in_reset = 0
            invert_out_clock = 0
            invert_out_clock_en = 0
            invert_out_reset = 0
            io_voltage = ""
            layout_mode = "CONTIGUOUS"
            oe_conn = "0"
            oe_reset = 0
            oe_sync = "0"
            output_clk_en = 0
            output_clock_mode = "0"
            output_conn = "0"
            output_mode = "0"
            output_reset = 0
            output_sync = "0"
            ovt_hyst_trim = "0"
            ovt_needed = "0"
            ovt_slew_control = "00"
            pa_in_clock = -1
            pa_in_clock_en = -1
            pa_in_reset = -1
            pa_out_clock = -1
            pa_out_clock_en = -1
            pa_out_reset = -1
            pin_aliases = ""
            pin_mode = "I"
            por_state = 4
            port_alias_group = ""
            port_alias_required = 0
            sio_group_cnt = 0
            sio_hifreq = "00000000"
            sio_hyst = "1"
            sio_ibuf = "00000000"
            sio_info = "00"
            sio_obuf = "00000000"
            sio_refsel = "00000000"
            sio_vohsel = "00000000"
            sio_vtrip = "00000000"
            slew_rate = "0"
            spanning = 0
            sw_only = 0
            use_annotation = "0"
            vtrip = "00"
            width = 1
        }
    and contains the following IO cells:
[IoId=4]: 
Pin : Name = \ModbusUART:rx_wake(0)\
    Attributes:
        In Group/Port: True
        In Sync Option: NOSYNC
        Out Sync Option: AUTO
        Interrupt generated: True
        Interrupt mode: FALLING
        Drive mode: HI_Z_DIGITAL
        VTrip: CMOS
        Slew: FAST
        Input Sync needed: False
        Output Sync needed: False
        SC shield enabled: False
        POR State: ANY
        LCD Mode: COMMON
        Register Mode: RegComb
        CaSense Mode: NEITHER
        Treat as pin: False
        Is OE Registered: False
        Uses Analog: False
        Can contain Digital: True
        Is SIO: False
        SIO Output Buf: NONREGULATED
        SIO Input Buf: SINGLE_ENDED
        SIO HiFreq: LOW
        SIO Hyst: DISABLED
        SIO Vtrip: MULTIPLIER_0_5
        SIO Multiplier Index: 0
        SIO RefSel: VCC_IO
        Required Capabilities: DIGITAL, PORT_INTERRUPT
        Initial Value: 0
        IO Voltage: 0
    PORT MAP (
        pa_out => \ModbusUART:rx_wake(0)\__PA ,
        fb => \ModbusUART:rx_wire\ ,
        pad => \ModbusUART:rx_wake(0)_PAD\ );
    Properties:
    {
    }

Port 4 contains the following IO cells:
Port 5 contains the following IO cells:
ARM group 0: empty
Clock group 0: 
    Clock Block @ F(Clock,0): 
    m0s8clockblockcell: Name =ClockBlock
        PORT MAP (
            hfclk => ClockBlock_HFClk ,
            imo => ClockBlock_IMO ,
            ext => ClockBlock_ExtClk ,
            sysclk => ClockBlock_SysClk ,
            eco => ClockBlock_ECO ,
            ilo => ClockBlock_ILO ,
            lfclk => ClockBlock_LFClk ,
            wco => ClockBlock_WCO ,
            dsi_in_0 => ClockBlock_Routed1 ,
            udb_div_0 => dclk_to_genclk ,
            ff_div_1 => \I2C:Net_847_ff1\ ,
            ff_div_2 => \ModbusUART:Net_847_ff2\ ,
            ff_div_7 => Net_480_ff7 ,
            ff_div_8 => Net_480_ff8 );
        Properties:
        {
        }
LCD group 0: empty
PICU group 0: empty
LPCOMP group 0: empty
SCB group 0: 
    SCB Block @ F(SCB,0): 
    m0s8scbcell: Name =\I2C:SCB\
        PORT MAP (
            clock => \I2C:Net_847_ff1\ ,
            interrupt => Net_1879 ,
            uart_tx => \I2C:tx_wire\ ,
            uart_rts => \I2C:rts_wire\ ,
            mosi_m => \I2C:mosi_m_wire\ ,
            select_m_3 => \I2C:select_m_wire_3\ ,
            select_m_2 => \I2C:select_m_wire_2\ ,
            select_m_1 => \I2C:select_m_wire_1\ ,
            select_m_0 => \I2C:select_m_wire_0\ ,
            sclk_m => \I2C:sclk_m_wire\ ,
            miso_s => \I2C:miso_s_wire\ ,
            i2c_scl => Net_1895 ,
            i2c_sda => Net_1896 ,
            tr_tx_req => Net_1897 ,
            tr_rx_req => Net_1888 );
        Properties:
        {
            cy_registers = ""
            scb_mode = 0
        }
    SCB Block @ F(SCB,1): 
    m0s8scbcell: Name =\ModbusUART:SCB\
        PORT MAP (
            clock => \ModbusUART:Net_847_ff2\ ,
            interrupt => Net_1557 ,
            uart_rx => \ModbusUART:rx_wire\ ,
            uart_tx => \ModbusUART:tx_wire\ ,
            uart_rts => \ModbusUART:rts_wire\ ,
            mosi_m => \ModbusUART:mosi_m_wire\ ,
            select_m_3 => \ModbusUART:select_m_wire_3\ ,
            select_m_2 => \ModbusUART:select_m_wire_2\ ,
            select_m_1 => \ModbusUART:select_m_wire_1\ ,
            select_m_0 => \ModbusUART:select_m_wire_0\ ,
            sclk_m => \ModbusUART:sclk_m_wire\ ,
            miso_s => \ModbusUART:miso_s_wire\ ,
            tr_tx_req => Net_1875 ,
            tr_rx_req => Net_1866 );
        Properties:
        {
            cy_registers = ""
            scb_mode = 2
        }
CSD group 0: empty
CSIDAC8 group 0: empty
CSIDAC7 group 0: empty
TCPWM group 0: 
    Tcpwm Block @ F(TCPWM,0): 
    m0s8tcpwmcell: Name =\BLETimer:cy_m0s8_tcpwm_1\
        PORT MAP (
            clock => Net_480_ff7 ,
            capture => zero ,
            count => one ,
            reload => zero ,
            stop => zero ,
            start => zero ,
            tr_underflow => Net_1909 ,
            tr_overflow => Net_1905 ,
            tr_compare_match => Net_1901 ,
            line => Net_1903 ,
            line_compl => Net_1904 ,
            interrupt => Net_482 );
        Properties:
        {
            cy_registers = ""
        }
    Tcpwm Block @ F(TCPWM,1): 
    m0s8tcpwmcell: Name =\MessageTimer:cy_m0s8_tcpwm_1\
        PORT MAP (
            clock => Net_480_ff8 ,
            capture => zero ,
            count => one ,
            reload => zero ,
            stop => zero ,
            start => zero ,
            tr_underflow => Net_1920 ,
            tr_overflow => Net_1916 ,
            tr_compare_match => Net_1912 ,
            line => Net_1914 ,
            line_compl => Net_1915 ,
            interrupt => Net_768 );
        Properties:
        {
            cy_registers = ""
        }
OA group 0: empty
TEMP group 0: empty
SARADC group 0: empty
CLK_GEN group 0: 
    M0S8 Clock Gen Block @ F(CLK_GEN,0): 
    m0s8clockgenblockcell: Name =ClockGenBlock
        PORT MAP (
            gen_clk_out_0 => Net_1713_digital ,
            gen_clk_in_0 => dclk_to_genclk );
        Properties:
        {
        }
LPCOMPBLOCK group 0: empty
PASSBLOCK group 0: empty
BLE group 0: 
    BLE Block @ F(BLE,0): 
    p4blecell: Name =\blue:cy_m0s8_ble\
        PORT MAP (
            interrupt => \blue:Net_15\ ,
            rfctrl_extpa_en => Net_622 );
        Properties:
        {
            cy_registers = ""
        }
WCO group 0: empty
SRSS group 0: 
    SRSS Block @ F(SRSS,0): 
    m0s8srsscell: Name =SRSS
        PORT MAP (
            interrupt_wdt => WDT_INT_OUT );
        Properties:
        {
        }
CPUSS group 0: empty
IOSS group 0: empty
EXCO group 0: empty
</CYPRESSTAG>
<CYPRESSTAG name="Port Configuration Details">

------------------------------------------------------------
Port Configuration report
------------------------------------------------------------
     |     |       | Interrupt |                  |                         | 
Port | Pin | Fixed |      Type |       Drive Mode |                    Name | Connections
-----+-----+-------+-----------+------------------+-------------------------+-------------------------
   0 |   1 |     * |      NONE |         CMOS_OUT |      \ModbusUART:tx(0)\ | In(\ModbusUART:tx_wire\)
     |   2 |       |   FALLING |      RES_PULL_UP |                   SW(0) | 
     |   3 |       |      NONE |         CMOS_OUT |                  LED(0) | 
     |   4 |       |      NONE |    OPEN_DRAIN_LO |            \I2C:sda(0)\ | FB(Net_1896)
     |   5 |       |      NONE |    OPEN_DRAIN_LO |            \I2C:scl(0)\ | FB(Net_1895)
-----+-----+-------+-----------+------------------+-------------------------+-------------------------
   1 |   0 |       |      NONE |         CMOS_OUT |                 mosi(0) | In(Net_1709)
     |   1 |       |      NONE |         CMOS_OUT |                   ss(0) | In(Net_1711)
     |   2 |     * |      NONE |    RES_PULL_DOWN |                 TXEN(0) | 
     |   3 |       |      NONE |         CMOS_OUT |                 sclk(0) | In(Net_1710)
     |   4 |       |      NONE |         CMOS_OUT |                 LED2(0) | 
     |   5 |       |      NONE |         CMOS_OUT |                  CPS(0) | 
-----+-----+-------+-----------+------------------+-------------------------+-------------------------
   2 |   1 |       |      NONE |         CMOS_OUT |                 LED3(0) | 
     |   2 |       |      NONE |         CMOS_OUT |                  CSD(0) | 
     |   3 |       |      NONE |         CMOS_OUT | \SerialNVRAM_1:CS_0(0)\ | 
     |   4 |       |      NONE |     HI_Z_DIGITAL |               PG_3V3(0) | 
-----+-----+-------+-----------+------------------+-------------------------+-------------------------
   3 |   4 |     * |   FALLING |     HI_Z_DIGITAL | \ModbusUART:rx_wake(0)\ | FB(\ModbusUART:rx_wire\)
------------------------------------------------------------------------------------------------------
</CYPRESSTAG>
</CYPRESSTAG>
</CYPRESSTAG>
Digital component placer commit/Report: Elapsed time ==> 0s.075ms
Digital Placement phase: Elapsed time ==> 0s.921ms
</CYPRESSTAG>
<CYPRESSTAG name="Digital Routing">
"C:\Program Files (x86)\Cypress\PSoC Creator\4.4\PSoC Creator\bin/sjrouter.exe" --xml-path "C:\Program Files (x86)\Cypress\PSoC Creator\4.4\PSoC Creator\dev\psoc4/3/256dma/route_arch-rrg.cydata" --vh2-path "SA-200_r.vh2" --pcf-path "SA-200.pco" --des-name "SA-200" --dsf-path "SA-200.dsf" --sdc-path "SA-200.sdc" --lib-path "SA-200_r.lib"
Routing successful.
Digital Routing phase: Elapsed time ==> 0s.869ms
</CYPRESSTAG>
<CYPRESSTAG name="Bitstream Generation">
Bitstream Generation phase: Elapsed time ==> 0s.514ms
</CYPRESSTAG>
<CYPRESSTAG name="Bitstream Verification">
Bitstream Verification phase: Elapsed time ==> 0s.074ms
</CYPRESSTAG>
<CYPRESSTAG name="Static timing analysis">
Timing report is in SA-200_timing.html.
Static timing analysis phase: Elapsed time ==> 0s.385ms
</CYPRESSTAG>
<CYPRESSTAG name="Data reporting">
Data reporting phase: Elapsed time ==> 0s.000ms
</CYPRESSTAG>
<CYPRESSTAG name="Database update...">
Design database save phase: Elapsed time ==> 0s.275ms
</CYPRESSTAG>
cydsfit: Elapsed time ==> 3s.774ms
</CYPRESSTAG>
Fitter phase: Elapsed time ==> 3s.774ms
Info: fit.M0045: Generation of disabled sheet defines resulted in name collisions or name changes due to a sheet name not being a valid C identifier. The following names were changed to avoid the collision(s)/illegal names: Page 3, Page 2, Page 4.
API generation phase: Elapsed time ==> 4s.049ms
Dependency generation phase: Elapsed time ==> 0s.015ms
Cleanup phase: Elapsed time ==> 0s.001ms
