ARM GAS  C:\Users\alexport\AppData\Local\Temp\ccKIFySF.s 			page 1


   1              		.syntax unified
   2              		.cpu cortex-m0
   3              		.fpu softvfp
   4              		.eabi_attribute 20, 1
   5              		.eabi_attribute 21, 1
   6              		.eabi_attribute 23, 3
   7              		.eabi_attribute 24, 1
   8              		.eabi_attribute 25, 1
   9              		.eabi_attribute 26, 1
  10              		.eabi_attribute 30, 6
  11              		.eabi_attribute 34, 0
  12              		.eabi_attribute 18, 4
  13              		.thumb
  14              		.syntax unified
  15              		.file	"blue_gatt.c"
  16              		.text
  17              	.Ltext0:
  18              		.cfi_sections	.debug_frame
  19              		.comm	cyBle_state,1,1
  20              		.global	cyBle_flashStorage
  21              		.section	.cy_checksum_exclude,"a",%progbits
  22              		.align	8
  23              		.type	cyBle_flashStorage, %object
  24              		.size	cyBle_flashStorage, 825
  25              	cyBle_flashStorage:
  26 0000 00       		.byte	0
  27 0001 00       		.byte	0
  28 0002 00       		.byte	0
  29 0003 00       		.byte	0
  30 0004 00       		.byte	0
  31 0005 00       		.byte	0
  32 0006 00       		.byte	0
  33 0007 00       		.byte	0
  34 0008 00       		.byte	0
  35 0009 00       		.byte	0
  36 000a 00       		.byte	0
  37 000b 00       		.byte	0
  38 000c 00       		.byte	0
  39 000d 00       		.byte	0
  40 000e 00       		.byte	0
  41 000f 00       		.byte	0
  42 0010 00       		.byte	0
  43 0011 00       		.byte	0
  44 0012 00       		.byte	0
  45 0013 00       		.byte	0
  46 0014 00       		.byte	0
  47 0015 00       		.byte	0
  48 0016 00       		.byte	0
  49 0017 00       		.byte	0
  50 0018 00       		.byte	0
  51 0019 00       		.byte	0
  52 001a 00       		.byte	0
  53 001b 00       		.byte	0
  54 001c 00       		.byte	0
  55 001d 00       		.byte	0
  56 001e 00       		.byte	0
  57 001f 00       		.byte	0
ARM GAS  C:\Users\alexport\AppData\Local\Temp\ccKIFySF.s 			page 2


  58 0020 00       		.byte	0
  59 0021 00       		.byte	0
  60 0022 00       		.byte	0
  61 0023 00       		.byte	0
  62 0024 00       		.byte	0
  63 0025 00       		.byte	0
  64 0026 00       		.byte	0
  65 0027 00       		.byte	0
  66 0028 00       		.byte	0
  67 0029 00       		.byte	0
  68 002a 00       		.byte	0
  69 002b 00       		.byte	0
  70 002c 00       		.byte	0
  71 002d 00       		.byte	0
  72 002e 00       		.byte	0
  73 002f 00       		.byte	0
  74 0030 00       		.byte	0
  75 0031 00       		.byte	0
  76 0032 00       		.byte	0
  77 0033 00       		.byte	0
  78 0034 00       		.byte	0
  79 0035 00       		.byte	0
  80 0036 00       		.byte	0
  81 0037 00       		.byte	0
  82 0038 00       		.byte	0
  83 0039 00       		.byte	0
  84 003a 00       		.byte	0
  85 003b 00       		.byte	0
  86 003c 00       		.byte	0
  87 003d 00       		.byte	0
  88 003e 00       		.byte	0
  89 003f 00       		.byte	0
  90 0040 00       		.byte	0
  91 0041 00       		.byte	0
  92 0042 00       		.byte	0
  93 0043 00       		.byte	0
  94 0044 00       		.byte	0
  95 0045 00       		.byte	0
  96 0046 00       		.byte	0
  97 0047 00       		.byte	0
  98 0048 00       		.byte	0
  99 0049 00       		.byte	0
 100 004a 00       		.byte	0
 101 004b 00       		.byte	0
 102 004c 00       		.byte	0
 103 004d 00       		.byte	0
 104 004e 00       		.byte	0
 105 004f 00       		.byte	0
 106 0050 00       		.byte	0
 107 0051 00       		.byte	0
 108 0052 00       		.byte	0
 109 0053 00       		.byte	0
 110 0054 00       		.byte	0
 111 0055 00       		.byte	0
 112 0056 00       		.byte	0
 113 0057 00       		.byte	0
 114 0058 00       		.byte	0
ARM GAS  C:\Users\alexport\AppData\Local\Temp\ccKIFySF.s 			page 3


 115 0059 00       		.byte	0
 116 005a 00       		.byte	0
 117 005b 00       		.byte	0
 118 005c 00       		.byte	0
 119 005d 00       		.byte	0
 120 005e 00       		.byte	0
 121 005f 00       		.byte	0
 122 0060 00       		.byte	0
 123 0061 00       		.byte	0
 124 0062 00       		.byte	0
 125 0063 00       		.byte	0
 126 0064 00       		.byte	0
 127 0065 00       		.byte	0
 128 0066 00       		.byte	0
 129 0067 00       		.byte	0
 130 0068 00       		.byte	0
 131 0069 00       		.byte	0
 132 006a 00       		.byte	0
 133 006b 00       		.byte	0
 134 006c 00       		.byte	0
 135 006d 00       		.byte	0
 136 006e 00       		.byte	0
 137 006f 00       		.byte	0
 138 0070 00       		.byte	0
 139 0071 00       		.byte	0
 140 0072 00       		.byte	0
 141 0073 00       		.byte	0
 142 0074 00       		.byte	0
 143 0075 00       		.byte	0
 144 0076 00       		.byte	0
 145 0077 00       		.byte	0
 146 0078 00       		.byte	0
 147 0079 00       		.byte	0
 148 007a 00       		.byte	0
 149 007b 00       		.byte	0
 150 007c 00       		.byte	0
 151 007d 00       		.byte	0
 152 007e 00       		.byte	0
 153 007f 00       		.byte	0
 154 0080 00       		.byte	0
 155 0081 00       		.byte	0
 156 0082 00       		.byte	0
 157 0083 00       		.byte	0
 158 0084 00       		.byte	0
 159 0085 00       		.byte	0
 160 0086 00       		.byte	0
 161 0087 00       		.byte	0
 162 0088 00       		.byte	0
 163 0089 00       		.byte	0
 164 008a 00       		.byte	0
 165 008b 00       		.byte	0
 166 008c 00       		.byte	0
 167 008d 00       		.byte	0
 168 008e 00       		.byte	0
 169 008f 00       		.byte	0
 170 0090 00       		.byte	0
 171 0091 00       		.byte	0
ARM GAS  C:\Users\alexport\AppData\Local\Temp\ccKIFySF.s 			page 4


 172 0092 00       		.byte	0
 173 0093 00       		.byte	0
 174 0094 00       		.byte	0
 175 0095 00       		.byte	0
 176 0096 00       		.byte	0
 177 0097 00       		.byte	0
 178 0098 00       		.byte	0
 179 0099 00       		.byte	0
 180 009a 00       		.byte	0
 181 009b 00       		.byte	0
 182 009c 00       		.byte	0
 183 009d 00       		.byte	0
 184 009e 00       		.byte	0
 185 009f 00       		.byte	0
 186 00a0 00       		.byte	0
 187 00a1 00       		.byte	0
 188 00a2 00       		.byte	0
 189 00a3 00       		.byte	0
 190 00a4 00       		.byte	0
 191 00a5 00       		.byte	0
 192 00a6 00       		.byte	0
 193 00a7 00       		.byte	0
 194 00a8 00       		.byte	0
 195 00a9 00       		.byte	0
 196 00aa 00       		.byte	0
 197 00ab 00       		.byte	0
 198 00ac 00       		.byte	0
 199 00ad 00       		.byte	0
 200 00ae 00       		.byte	0
 201 00af 00       		.byte	0
 202 00b0 00       		.byte	0
 203 00b1 00       		.byte	0
 204 00b2 00       		.byte	0
 205 00b3 00       		.byte	0
 206 00b4 00       		.byte	0
 207 00b5 00       		.byte	0
 208 00b6 00       		.byte	0
 209 00b7 00       		.byte	0
 210 00b8 00       		.byte	0
 211 00b9 00       		.byte	0
 212 00ba 00       		.byte	0
 213 00bb 00       		.byte	0
 214 00bc 00       		.byte	0
 215 00bd 00       		.byte	0
 216 00be 00       		.byte	0
 217 00bf 00       		.byte	0
 218 00c0 00       		.byte	0
 219 00c1 00       		.byte	0
 220 00c2 00       		.byte	0
 221 00c3 00       		.byte	0
 222 00c4 00       		.byte	0
 223 00c5 00       		.byte	0
 224 00c6 00       		.byte	0
 225 00c7 00       		.byte	0
 226 00c8 00       		.byte	0
 227 00c9 00       		.byte	0
 228 00ca 00       		.byte	0
ARM GAS  C:\Users\alexport\AppData\Local\Temp\ccKIFySF.s 			page 5


 229 00cb 00       		.byte	0
 230 00cc 00       		.byte	0
 231 00cd 00       		.byte	0
 232 00ce 00       		.byte	0
 233 00cf 00       		.byte	0
 234 00d0 00       		.byte	0
 235 00d1 00       		.byte	0
 236 00d2 00       		.byte	0
 237 00d3 00       		.byte	0
 238 00d4 00       		.byte	0
 239 00d5 00       		.byte	0
 240 00d6 00       		.byte	0
 241 00d7 00       		.byte	0
 242 00d8 00       		.byte	0
 243 00d9 00       		.byte	0
 244 00da 00       		.byte	0
 245 00db 00       		.byte	0
 246 00dc 00       		.byte	0
 247 00dd 00       		.byte	0
 248 00de 00       		.byte	0
 249 00df 00       		.byte	0
 250 00e0 00       		.byte	0
 251 00e1 00       		.byte	0
 252 00e2 00       		.byte	0
 253 00e3 00       		.byte	0
 254 00e4 00       		.byte	0
 255 00e5 00       		.byte	0
 256 00e6 00       		.byte	0
 257 00e7 00       		.byte	0
 258 00e8 00       		.byte	0
 259 00e9 00       		.byte	0
 260 00ea 00       		.byte	0
 261 00eb 00       		.byte	0
 262 00ec 00       		.byte	0
 263 00ed 00       		.byte	0
 264 00ee 00       		.byte	0
 265 00ef 00       		.byte	0
 266 00f0 00       		.byte	0
 267 00f1 00       		.byte	0
 268 00f2 00       		.byte	0
 269 00f3 00       		.byte	0
 270 00f4 00       		.byte	0
 271 00f5 00       		.byte	0
 272 00f6 00       		.byte	0
 273 00f7 00       		.byte	0
 274 00f8 00       		.byte	0
 275 00f9 00       		.byte	0
 276 00fa 00       		.byte	0
 277 00fb 00       		.byte	0
 278 00fc 00       		.byte	0
 279 00fd 00       		.byte	0
 280 00fe 00       		.byte	0
 281 00ff 00       		.byte	0
 282 0100 00       		.byte	0
 283 0101 00       		.byte	0
 284 0102 00       		.byte	0
 285 0103 00       		.byte	0
ARM GAS  C:\Users\alexport\AppData\Local\Temp\ccKIFySF.s 			page 6


 286 0104 00       		.byte	0
 287 0105 00       		.byte	0
 288 0106 00       		.byte	0
 289 0107 00       		.byte	0
 290 0108 00       		.byte	0
 291 0109 00       		.byte	0
 292 010a 00       		.byte	0
 293 010b 00       		.byte	0
 294 010c 00       		.byte	0
 295 010d 00       		.byte	0
 296 010e 00       		.byte	0
 297 010f 00       		.byte	0
 298 0110 00       		.byte	0
 299 0111 00       		.byte	0
 300 0112 00       		.byte	0
 301 0113 00       		.byte	0
 302 0114 00       		.byte	0
 303 0115 00       		.byte	0
 304 0116 00       		.byte	0
 305 0117 00       		.byte	0
 306 0118 00       		.byte	0
 307 0119 00       		.byte	0
 308 011a 00       		.byte	0
 309 011b 00       		.byte	0
 310 011c 00       		.byte	0
 311 011d 00       		.byte	0
 312 011e 00       		.byte	0
 313 011f 00       		.byte	0
 314 0120 00       		.byte	0
 315 0121 00       		.byte	0
 316 0122 00       		.byte	0
 317 0123 00       		.byte	0
 318 0124 00       		.byte	0
 319 0125 00       		.byte	0
 320 0126 00       		.byte	0
 321 0127 00       		.byte	0
 322 0128 00       		.byte	0
 323 0129 00       		.byte	0
 324 012a 00       		.byte	0
 325 012b 00       		.byte	0
 326 012c 00       		.byte	0
 327 012d 00       		.byte	0
 328 012e 00       		.byte	0
 329 012f 00       		.byte	0
 330 0130 00       		.byte	0
 331 0131 00       		.byte	0
 332 0132 00       		.byte	0
 333 0133 00       		.byte	0
 334 0134 00       		.byte	0
 335 0135 00       		.byte	0
 336 0136 00       		.byte	0
 337 0137 00       		.byte	0
 338 0138 00       		.byte	0
 339 0139 00       		.byte	0
 340 013a 00       		.byte	0
 341 013b 00       		.byte	0
 342 013c 00       		.byte	0
ARM GAS  C:\Users\alexport\AppData\Local\Temp\ccKIFySF.s 			page 7


 343 013d 00       		.byte	0
 344 013e 00       		.byte	0
 345 013f 00       		.byte	0
 346 0140 00       		.byte	0
 347 0141 00       		.byte	0
 348 0142 00       		.byte	0
 349 0143 00       		.byte	0
 350 0144 00       		.byte	0
 351 0145 00       		.byte	0
 352 0146 00       		.byte	0
 353 0147 00       		.byte	0
 354 0148 00       		.byte	0
 355 0149 00       		.byte	0
 356 014a 00       		.byte	0
 357 014b 00       		.byte	0
 358 014c 00       		.byte	0
 359 014d 00       		.byte	0
 360 014e 00       		.byte	0
 361 014f 00       		.byte	0
 362 0150 00       		.byte	0
 363 0151 00       		.byte	0
 364 0152 00       		.byte	0
 365 0153 00       		.byte	0
 366 0154 00       		.byte	0
 367 0155 00       		.byte	0
 368 0156 00       		.byte	0
 369 0157 00       		.byte	0
 370 0158 00       		.byte	0
 371 0159 00       		.byte	0
 372 015a 00       		.byte	0
 373 015b 00       		.byte	0
 374 015c 00       		.byte	0
 375 015d 00       		.byte	0
 376 015e 00       		.byte	0
 377 015f 00       		.byte	0
 378 0160 00       		.byte	0
 379 0161 00       		.byte	0
 380 0162 00       		.byte	0
 381 0163 00       		.byte	0
 382 0164 00       		.byte	0
 383 0165 00       		.byte	0
 384 0166 00       		.byte	0
 385 0167 00       		.byte	0
 386 0168 00       		.byte	0
 387 0169 00       		.byte	0
 388 016a 00       		.byte	0
 389 016b 00       		.byte	0
 390 016c 00       		.byte	0
 391 016d 00       		.byte	0
 392 016e 00       		.byte	0
 393 016f 00       		.byte	0
 394 0170 00       		.byte	0
 395 0171 00       		.byte	0
 396 0172 00       		.byte	0
 397 0173 00       		.byte	0
 398 0174 00       		.byte	0
 399 0175 00       		.byte	0
ARM GAS  C:\Users\alexport\AppData\Local\Temp\ccKIFySF.s 			page 8


 400 0176 00       		.byte	0
 401 0177 00       		.byte	0
 402 0178 00       		.byte	0
 403 0179 00       		.byte	0
 404 017a 00       		.byte	0
 405 017b 00       		.byte	0
 406 017c 00       		.byte	0
 407 017d 00       		.byte	0
 408 017e 00       		.byte	0
 409 017f 00       		.byte	0
 410 0180 00       		.byte	0
 411 0181 00       		.byte	0
 412 0182 00       		.byte	0
 413 0183 00       		.byte	0
 414 0184 00       		.byte	0
 415 0185 00       		.byte	0
 416 0186 00       		.byte	0
 417 0187 00       		.byte	0
 418 0188 00       		.byte	0
 419 0189 00       		.byte	0
 420 018a 00       		.byte	0
 421 018b 00       		.byte	0
 422 018c 00       		.byte	0
 423 018d 00       		.byte	0
 424 018e 00       		.byte	0
 425 018f 00       		.byte	0
 426 0190 00       		.byte	0
 427 0191 00       		.byte	0
 428 0192 00       		.byte	0
 429 0193 00       		.byte	0
 430 0194 00       		.byte	0
 431 0195 00       		.byte	0
 432 0196 00       		.byte	0
 433 0197 00       		.byte	0
 434 0198 00       		.byte	0
 435 0199 00       		.byte	0
 436 019a 00       		.byte	0
 437 019b 00       		.byte	0
 438 019c 00       		.byte	0
 439 019d 00       		.byte	0
 440 019e 00       		.byte	0
 441 019f 00       		.byte	0
 442 01a0 00       		.byte	0
 443 01a1 00       		.byte	0
 444 01a2 00       		.byte	0
 445 01a3 00       		.byte	0
 446 01a4 00       		.byte	0
 447 01a5 00       		.byte	0
 448 01a6 00       		.byte	0
 449 01a7 00       		.byte	0
 450 01a8 00       		.byte	0
 451 01a9 00       		.byte	0
 452 01aa 00       		.byte	0
 453 01ab 00       		.byte	0
 454 01ac 00       		.byte	0
 455 01ad 00       		.byte	0
 456 01ae 00       		.byte	0
ARM GAS  C:\Users\alexport\AppData\Local\Temp\ccKIFySF.s 			page 9


 457 01af 00       		.byte	0
 458 01b0 00       		.byte	0
 459 01b1 00       		.byte	0
 460 01b2 00       		.byte	0
 461 01b3 00       		.byte	0
 462 01b4 00       		.byte	0
 463 01b5 00       		.byte	0
 464 01b6 00       		.byte	0
 465 01b7 00       		.byte	0
 466 01b8 00       		.byte	0
 467 01b9 00       		.byte	0
 468 01ba 00       		.byte	0
 469 01bb 00       		.byte	0
 470 01bc 00       		.byte	0
 471 01bd 00       		.byte	0
 472 01be 00       		.byte	0
 473 01bf 00       		.byte	0
 474 01c0 00       		.byte	0
 475 01c1 00       		.byte	0
 476 01c2 00       		.byte	0
 477 01c3 00       		.byte	0
 478 01c4 00       		.byte	0
 479 01c5 00       		.byte	0
 480 01c6 00       		.byte	0
 481 01c7 00       		.byte	0
 482 01c8 00       		.byte	0
 483 01c9 00       		.byte	0
 484 01ca 00       		.byte	0
 485 01cb 00       		.byte	0
 486 01cc 00       		.byte	0
 487 01cd 00       		.byte	0
 488 01ce 00       		.byte	0
 489 01cf 00       		.byte	0
 490 01d0 00       		.byte	0
 491 01d1 00       		.byte	0
 492 01d2 00       		.byte	0
 493 01d3 00       		.byte	0
 494 01d4 00       		.byte	0
 495 01d5 00       		.byte	0
 496 01d6 00       		.byte	0
 497 01d7 00       		.byte	0
 498 01d8 00       		.byte	0
 499 01d9 00       		.byte	0
 500 01da 00       		.byte	0
 501 01db 00       		.byte	0
 502 01dc 00       		.byte	0
 503 01dd 00       		.byte	0
 504 01de 00       		.byte	0
 505 01df 00       		.byte	0
 506 01e0 00       		.byte	0
 507 01e1 00       		.byte	0
 508 01e2 00       		.byte	0
 509 01e3 00       		.byte	0
 510 01e4 00       		.byte	0
 511 01e5 00       		.byte	0
 512 01e6 00       		.byte	0
 513 01e7 00       		.byte	0
ARM GAS  C:\Users\alexport\AppData\Local\Temp\ccKIFySF.s 			page 10


 514 01e8 00       		.byte	0
 515 01e9 00       		.byte	0
 516 01ea 00       		.byte	0
 517 01eb 00       		.byte	0
 518 01ec 00       		.byte	0
 519 01ed 00       		.byte	0
 520 01ee 00       		.byte	0
 521 01ef 00       		.byte	0
 522 01f0 00       		.byte	0
 523 01f1 00       		.byte	0
 524 01f2 00       		.byte	0
 525 01f3 00       		.byte	0
 526 01f4 00       		.byte	0
 527 01f5 00       		.byte	0
 528 01f6 00       		.byte	0
 529 01f7 00       		.byte	0
 530 01f8 00       		.byte	0
 531 01f9 00       		.byte	0
 532 01fa 00       		.byte	0
 533 01fb 00       		.byte	0
 534 01fc 00       		.byte	0
 535 01fd 00       		.byte	0
 536 01fe 00       		.byte	0
 537 01ff 00       		.byte	0
 538 0200 00       		.byte	0
 539 0201 00       		.byte	0
 540 0202 00       		.byte	0
 541 0203 00       		.byte	0
 542 0204 00       		.byte	0
 543 0205 00       		.byte	0
 544 0206 00       		.byte	0
 545 0207 00       		.byte	0
 546 0208 00       		.byte	0
 547 0209 00       		.byte	0
 548 020a 00       		.byte	0
 549 020b 00       		.byte	0
 550 020c 00       		.byte	0
 551 020d 00       		.byte	0
 552 020e 00       		.byte	0
 553 020f 00       		.byte	0
 554 0210 00       		.byte	0
 555 0211 00       		.byte	0
 556 0212 00       		.byte	0
 557 0213 00       		.byte	0
 558 0214 00       		.byte	0
 559 0215 00       		.byte	0
 560 0216 00       		.byte	0
 561 0217 00       		.byte	0
 562 0218 00       		.byte	0
 563 0219 00       		.byte	0
 564 021a 00       		.byte	0
 565 021b 00       		.byte	0
 566 021c 00       		.byte	0
 567 021d 00       		.byte	0
 568 021e 00       		.byte	0
 569 021f 00       		.byte	0
 570 0220 00       		.byte	0
ARM GAS  C:\Users\alexport\AppData\Local\Temp\ccKIFySF.s 			page 11


 571 0221 00       		.byte	0
 572 0222 00       		.byte	0
 573 0223 00       		.byte	0
 574 0224 00       		.byte	0
 575 0225 00       		.byte	0
 576 0226 00       		.byte	0
 577 0227 00       		.byte	0
 578 0228 00       		.byte	0
 579 0229 00       		.byte	0
 580 022a 00       		.byte	0
 581 022b 00       		.byte	0
 582 022c 00       		.byte	0
 583 022d 00       		.byte	0
 584 022e 00       		.byte	0
 585 022f 00       		.byte	0
 586 0230 00       		.byte	0
 587 0231 00       		.byte	0
 588 0232 00       		.byte	0
 589 0233 00       		.byte	0
 590 0234 00       		.byte	0
 591 0235 00       		.byte	0
 592 0236 00       		.byte	0
 593 0237 00       		.byte	0
 594 0238 00       		.byte	0
 595 0239 00       		.byte	0
 596 023a 00       		.byte	0
 597 023b 00       		.byte	0
 598 023c 00       		.byte	0
 599 023d 00       		.byte	0
 600 023e 00       		.byte	0
 601 023f 00       		.byte	0
 602 0240 00       		.byte	0
 603 0241 00       		.byte	0
 604 0242 00       		.byte	0
 605 0243 00       		.byte	0
 606 0244 00       		.byte	0
 607 0245 00       		.byte	0
 608 0246 00       		.byte	0
 609 0247 00       		.byte	0
 610 0248 00       		.byte	0
 611 0249 00       		.byte	0
 612 024a 00       		.byte	0
 613 024b 00       		.byte	0
 614 024c 00       		.byte	0
 615 024d 00       		.byte	0
 616 024e 00       		.byte	0
 617 024f 00       		.byte	0
 618 0250 00       		.byte	0
 619 0251 00       		.byte	0
 620 0252 00       		.byte	0
 621 0253 00       		.byte	0
 622 0254 00       		.byte	0
 623 0255 00       		.byte	0
 624 0256 00       		.byte	0
 625 0257 00       		.byte	0
 626 0258 00       		.byte	0
 627 0259 00       		.byte	0
ARM GAS  C:\Users\alexport\AppData\Local\Temp\ccKIFySF.s 			page 12


 628 025a 00       		.byte	0
 629 025b 00       		.byte	0
 630 025c 00       		.byte	0
 631 025d 00       		.byte	0
 632 025e 00       		.byte	0
 633 025f 00       		.byte	0
 634 0260 00       		.byte	0
 635 0261 00       		.byte	0
 636 0262 00       		.byte	0
 637 0263 00       		.byte	0
 638 0264 00       		.byte	0
 639 0265 00       		.byte	0
 640 0266 00       		.byte	0
 641 0267 00       		.byte	0
 642 0268 00       		.byte	0
 643 0269 00       		.byte	0
 644 026a 00       		.byte	0
 645 026b 00       		.byte	0
 646 026c 00       		.byte	0
 647 026d 00       		.byte	0
 648 026e 00       		.byte	0
 649 026f 00       		.byte	0
 650 0270 00       		.byte	0
 651 0271 00       		.byte	0
 652 0272 00       		.byte	0
 653 0273 00       		.byte	0
 654 0274 00       		.byte	0
 655 0275 00       		.byte	0
 656 0276 00       		.byte	0
 657 0277 00       		.byte	0
 658 0278 00       		.byte	0
 659 0279 00       		.byte	0
 660 027a 00       		.byte	0
 661 027b 00       		.byte	0
 662 027c 00       		.byte	0
 663 027d 00       		.byte	0
 664 027e 00       		.byte	0
 665 027f 00       		.byte	0
 666 0280 00       		.byte	0
 667 0281 00       		.byte	0
 668 0282 00       		.byte	0
 669 0283 00       		.byte	0
 670 0284 00       		.byte	0
 671 0285 00       		.byte	0
 672 0286 00       		.byte	0
 673 0287 00       		.byte	0
 674 0288 00       		.byte	0
 675 0289 00       		.byte	0
 676 028a 00       		.byte	0
 677 028b 00       		.byte	0
 678 028c 00       		.byte	0
 679 028d 00       		.byte	0
 680 028e 00       		.byte	0
 681 028f 00       		.byte	0
 682 0290 00       		.byte	0
 683 0291 00       		.byte	0
 684 0292 00       		.byte	0
ARM GAS  C:\Users\alexport\AppData\Local\Temp\ccKIFySF.s 			page 13


 685 0293 00       		.byte	0
 686 0294 00       		.byte	0
 687 0295 00       		.byte	0
 688 0296 00       		.byte	0
 689 0297 00       		.byte	0
 690 0298 00       		.byte	0
 691 0299 00       		.byte	0
 692 029a 00       		.byte	0
 693 029b 00       		.byte	0
 694 029c 00       		.byte	0
 695 029d 00       		.byte	0
 696 029e 00       		.byte	0
 697 029f 00       		.byte	0
 698 02a0 00       		.byte	0
 699 02a1 00       		.byte	0
 700 02a2 00       		.byte	0
 701 02a3 00       		.byte	0
 702 02a4 00       		.byte	0
 703 02a5 00       		.byte	0
 704 02a6 00       		.byte	0
 705 02a7 00       		.byte	0
 706 02a8 00       		.byte	0
 707 02a9 00       		.byte	0
 708 02aa 00       		.byte	0
 709 02ab 00       		.byte	0
 710 02ac 00       		.byte	0
 711 02ad 00       		.byte	0
 712 02ae 00       		.byte	0
 713 02af 00       		.byte	0
 714 02b0 00       		.byte	0
 715 02b1 00       		.byte	0
 716 02b2 00       		.byte	0
 717 02b3 00       		.byte	0
 718 02b4 00       		.byte	0
 719 02b5 00       		.byte	0
 720 02b6 00       		.byte	0
 721 02b7 00       		.byte	0
 722 02b8 00       		.byte	0
 723 02b9 00       		.byte	0
 724 02ba 00       		.byte	0
 725 02bb 00       		.byte	0
 726 02bc 00       		.byte	0
 727 02bd 00       		.byte	0
 728 02be 00       		.byte	0
 729 02bf 00       		.byte	0
 730 02c0 00       		.byte	0
 731 02c1 00       		.byte	0
 732 02c2 00       		.byte	0
 733 02c3 00       		.byte	0
 734 02c4 00       		.byte	0
 735 02c5 00       		.byte	0
 736 02c6 00       		.byte	0
 737 02c7 00       		.byte	0
 738 02c8 00       		.byte	0
 739 02c9 00       		.byte	0
 740 02ca 00       		.byte	0
 741 02cb 00       		.byte	0
ARM GAS  C:\Users\alexport\AppData\Local\Temp\ccKIFySF.s 			page 14


 742 02cc 00       		.byte	0
 743 02cd 00       		.byte	0
 744 02ce 00       		.byte	0
 745 02cf 00       		.byte	0
 746 02d0 00       		.byte	0
 747 02d1 00       		.byte	0
 748 02d2 00       		.byte	0
 749 02d3 00       		.byte	0
 750 02d4 00       		.byte	0
 751 02d5 00       		.byte	0
 752 02d6 00       		.byte	0
 753 02d7 00       		.byte	0
 754 02d8 00       		.byte	0
 755 02d9 00       		.byte	0
 756 02da 00       		.byte	0
 757 02db 00       		.byte	0
 758 02dc 00       		.byte	0
 759 02dd 00       		.byte	0
 760 02de 00       		.byte	0
 761 02df 00       		.byte	0
 762 02e0 00       		.byte	0
 763 02e1 00       		.byte	0
 764 02e2 00       		.byte	0
 765 02e3 00       		.byte	0
 766 02e4 00       		.byte	0
 767 02e5 00       		.byte	0
 768 02e6 00       		.byte	0
 769 02e7 00       		.byte	0
 770 02e8 00       		.byte	0
 771 02e9 00       		.byte	0
 772 02ea 00       		.byte	0
 773 02eb 00       		.byte	0
 774 02ec 00       		.byte	0
 775 02ed 00       		.byte	0
 776 02ee 00       		.byte	0
 777 02ef 00       		.byte	0
 778 02f0 00       		.byte	0
 779 02f1 00       		.byte	0
 780 02f2 00       		.byte	0
 781 02f3 00       		.byte	0
 782 02f4 00       		.byte	0
 783 02f5 00       		.byte	0
 784 02f6 00       		.byte	0
 785 02f7 00       		.byte	0
 786 02f8 00       		.byte	0
 787 02f9 00       		.byte	0
 788 02fa 00       		.byte	0
 789 02fb 00       		.byte	0
 790 02fc 00       		.byte	0
 791 02fd 00       		.byte	0
 792 02fe 00       		.byte	0
 793 02ff 00       		.byte	0
 794 0300 00       		.byte	0
 795 0301 00       		.byte	0
 796 0302 00       		.byte	0
 797 0303 00       		.byte	0
 798 0304 00       		.byte	0
ARM GAS  C:\Users\alexport\AppData\Local\Temp\ccKIFySF.s 			page 15


 799 0305 00       		.byte	0
 800 0306 00       		.byte	0
 801 0307 00       		.byte	0
 802 0308 00       		.byte	0
 803 0309 00       		.byte	0
 804 030a 00       		.byte	0
 805 030b 00       		.byte	0
 806 030c 00       		.byte	0
 807 030d 00       		.byte	0
 808 030e 00       		.byte	0
 809 030f 00       		.byte	0
 810 0310 00       		.byte	0
 811 0311 00       		.byte	0
 812 0312 00       		.byte	0
 813 0313 00       		.byte	0
 814 0314 00       		.byte	0
 815 0315 00       		.byte	0
 816 0316 00       		.byte	0
 817 0317 00       		.byte	0
 818 0318 00       		.byte	0
 819 0319 00       		.byte	0
 820 031a 00       		.byte	0
 821 031b 00       		.byte	0
 822 031c 00       		.byte	0
 823 031d 00       		.byte	0
 824 031e 00       		.byte	0
 825 031f 00       		.byte	0
 826 0320 00       		.byte	0
 827 0321 00       		.byte	0
 828 0322 00       		.byte	0
 829 0323 00       		.byte	0
 830 0324 00       		.byte	0
 831 0325 00       		.byte	0
 832 0326 00       		.byte	0
 833 0327 00       		.byte	0
 834 0328 00       		.byte	0
 835 0329 00       		.byte	0
 836 032a 00       		.byte	0
 837 032b 00       		.byte	0
 838 032c 00       		.byte	0
 839 032d 00       		.byte	0
 840 032e 00       		.byte	0
 841 032f 00       		.byte	0
 842 0330 00       		.byte	0
 843 0331 00       		.byte	0
 844 0332 00       		.byte	0
 845 0333 00       		.byte	0
 846 0334 00       		.byte	0
 847 0335 00       		.byte	0
 848 0336 00       		.byte	0
 849 0337 26       		.byte	38
 850 0338 05       		.byte	5
 851              		.global	cyBle_gatts
 852              		.section	.rodata
 853              		.align	2
 854              		.type	cyBle_gatts, %object
 855              		.size	cyBle_gatts, 6
ARM GAS  C:\Users\alexport\AppData\Local\Temp\ccKIFySF.s 			page 16


 856              	cyBle_gatts:
 857 0000 0C00     		.short	12
 858 0002 0E00     		.short	14
 859 0004 0F00     		.short	15
 860              		.data
 861              		.align	2
 862              		.type	cyBle_attValues, %object
 863              		.size	cyBle_attValues, 578
 864              	cyBle_attValues:
 865 0000 4C       		.byte	76
 866 0001 41       		.byte	65
 867 0002 4E       		.byte	78
 868 0003 43       		.byte	67
 869 0004 45       		.byte	69
 870 0005 20       		.byte	32
 871 0006 54       		.byte	84
 872 0007 4F       		.byte	79
 873 0008 55       		.byte	85
 874 0009 50       		.byte	80
 875 000a 53       		.byte	83
 876 000b 20       		.byte	32
 877 000c 32       		.byte	50
 878 000d 33       		.byte	51
 879 000e 34       		.byte	52
 880 000f 35       		.byte	53
 881 0010 36       		.byte	54
 882 0011 37       		.byte	55
 883 0012 38       		.byte	56
 884 0013 39       		.byte	57
 885 0014 30       		.byte	48
 886 0015 00       		.byte	0
 887 0016 00       		.byte	0
 888 0017 28       		.byte	40
 889 0018 00       		.byte	0
 890 0019 38       		.byte	56
 891 001a 00       		.byte	0
 892 001b 00       		.byte	0
 893 001c 00       		.byte	0
 894 001d 1E       		.byte	30
 895 001e 00       		.byte	0
 896 001f 00       		.byte	0
 897 0020 00       		.byte	0
 898 0021 00       		.byte	0
 899 0022 00       		.byte	0
 900 0023 00       		.byte	0
 901 0024 00       		.byte	0
 902 0025 00       		.byte	0
 903 0026 53       		.byte	83
 904 0027 59       		.byte	89
 905 0028 53       		.byte	83
 906 0029 5F       		.byte	95
 907 002a 52       		.byte	82
 908 002b 45       		.byte	69
 909 002c 4D       		.byte	77
 910 002d 4F       		.byte	79
 911 002e 54       		.byte	84
 912 002f 45       		.byte	69
ARM GAS  C:\Users\alexport\AppData\Local\Temp\ccKIFySF.s 			page 17


 913 0030 00       		.byte	0
 914 0031 00       		.byte	0
 915 0032 00       		.byte	0
 916 0033 00       		.byte	0
 917 0034 53       		.byte	83
 918 0035 59       		.byte	89
 919 0036 53       		.byte	83
 920 0037 5F       		.byte	95
 921 0038 52       		.byte	82
 922 0039 45       		.byte	69
 923 003a 41       		.byte	65
 924 003b 44       		.byte	68
 925 003c 49       		.byte	73
 926 003d 4E       		.byte	78
 927 003e 47       		.byte	71
 928 003f 00       		.byte	0
 929 0040 00       		.byte	0
 930 0041 53       		.byte	83
 931 0042 59       		.byte	89
 932 0043 53       		.byte	83
 933 0044 5F       		.byte	95
 934 0045 53       		.byte	83
 935 0046 54       		.byte	84
 936 0047 41       		.byte	65
 937 0048 54       		.byte	84
 938 0049 55       		.byte	85
 939 004a 53       		.byte	83
 940 004b 00       		.byte	0
 941 004c 53       		.byte	83
 942 004d 59       		.byte	89
 943 004e 53       		.byte	83
 944 004f 5F       		.byte	95
 945 0050 43       		.byte	67
 946 0051 41       		.byte	65
 947 0052 4E       		.byte	78
 948 0053 5F       		.byte	95
 949 0054 43       		.byte	67
 950 0055 48       		.byte	72
 951 0056 41       		.byte	65
 952 0057 4E       		.byte	78
 953 0058 00       		.byte	0
 954 0059 53       		.byte	83
 955 005a 59       		.byte	89
 956 005b 53       		.byte	83
 957 005c 5F       		.byte	95
 958 005d 43       		.byte	67
 959 005e 41       		.byte	65
 960 005f 4E       		.byte	78
 961 0060 5F       		.byte	95
 962 0061 49       		.byte	73
 963 0062 44       		.byte	68
 964 0063 00       		.byte	0
 965 0064 00       		.byte	0
 966 0065 53       		.byte	83
 967 0066 59       		.byte	89
 968 0067 53       		.byte	83
 969 0068 5F       		.byte	95
ARM GAS  C:\Users\alexport\AppData\Local\Temp\ccKIFySF.s 			page 18


 970 0069 43       		.byte	67
 971 006a 41       		.byte	65
 972 006b 4C       		.byte	76
 973 006c 5F       		.byte	95
 974 006d 4C       		.byte	76
 975 006e 4F       		.byte	79
 976 006f 4F       		.byte	79
 977 0070 50       		.byte	80
 978 0071 00       		.byte	0
 979 0072 00       		.byte	0
 980 0073 53       		.byte	83
 981 0074 59       		.byte	89
 982 0075 53       		.byte	83
 983 0076 5F       		.byte	95
 984 0077 41       		.byte	65
 985 0078 44       		.byte	68
 986 0079 43       		.byte	67
 987 007a 00       		.byte	0
 988 007b 00       		.byte	0
 989 007c 53       		.byte	83
 990 007d 59       		.byte	89
 991 007e 53       		.byte	83
 992 007f 5F       		.byte	95
 993 0080 41       		.byte	65
 994 0081 4C       		.byte	76
 995 0082 45       		.byte	69
 996 0083 52       		.byte	82
 997 0084 54       		.byte	84
 998 0085 5F       		.byte	95
 999 0086 31       		.byte	49
 1000 0087 00       		.byte	0
 1001 0088 00       		.byte	0
 1002 0089 53       		.byte	83
 1003 008a 59       		.byte	89
 1004 008b 53       		.byte	83
 1005 008c 5F       		.byte	95
 1006 008d 41       		.byte	65
 1007 008e 4C       		.byte	76
 1008 008f 45       		.byte	69
 1009 0090 52       		.byte	82
 1010 0091 54       		.byte	84
 1011 0092 5F       		.byte	95
 1012 0093 32       		.byte	50
 1013 0094 00       		.byte	0
 1014 0095 00       		.byte	0
 1015 0096 53       		.byte	83
 1016 0097 59       		.byte	89
 1017 0098 53       		.byte	83
 1018 0099 5F       		.byte	95
 1019 009a 41       		.byte	65
 1020 009b 4C       		.byte	76
 1021 009c 45       		.byte	69
 1022 009d 52       		.byte	82
 1023 009e 54       		.byte	84
 1024 009f 5F       		.byte	95
 1025 00a0 31       		.byte	49
 1026 00a1 5F       		.byte	95
ARM GAS  C:\Users\alexport\AppData\Local\Temp\ccKIFySF.s 			page 19


 1027 00a2 41       		.byte	65
 1028 00a3 53       		.byte	83
 1029 00a4 43       		.byte	67
 1030 00a5 00       		.byte	0
 1031 00a6 00       		.byte	0
 1032 00a7 53       		.byte	83
 1033 00a8 59       		.byte	89
 1034 00a9 53       		.byte	83
 1035 00aa 5F       		.byte	95
 1036 00ab 41       		.byte	65
 1037 00ac 4C       		.byte	76
 1038 00ad 45       		.byte	69
 1039 00ae 52       		.byte	82
 1040 00af 54       		.byte	84
 1041 00b0 5F       		.byte	95
 1042 00b1 32       		.byte	50
 1043 00b2 5F       		.byte	95
 1044 00b3 41       		.byte	65
 1045 00b4 53       		.byte	83
 1046 00b5 43       		.byte	67
 1047 00b6 00       		.byte	0
 1048 00b7 00       		.byte	0
 1049 00b8 53       		.byte	83
 1050 00b9 59       		.byte	89
 1051 00ba 53       		.byte	83
 1052 00bb 5F       		.byte	95
 1053 00bc 46       		.byte	70
 1054 00bd 52       		.byte	82
 1055 00be 41       		.byte	65
 1056 00bf 43       		.byte	67
 1057 00c0 54       		.byte	84
 1058 00c1 49       		.byte	73
 1059 00c2 4F       		.byte	79
 1060 00c3 4E       		.byte	78
 1061 00c4 41       		.byte	65
 1062 00c5 4C       		.byte	76
 1063 00c6 53       		.byte	83
 1064 00c7 61       		.byte	97
 1065 00c8 66       		.byte	102
 1066 00c9 65       		.byte	101
 1067 00ca 67       		.byte	103
 1068 00cb 75       		.byte	117
 1069 00cc 61       		.byte	97
 1070 00cd 72       		.byte	114
 1071 00ce 64       		.byte	100
 1072 00cf 20       		.byte	32
 1073 00d0 41       		.byte	65
 1074 00d1 6E       		.byte	110
 1075 00d2 61       		.byte	97
 1076 00d3 6C       		.byte	108
 1077 00d4 79       		.byte	121
 1078 00d5 74       		.byte	116
 1079 00d6 69       		.byte	105
 1080 00d7 63       		.byte	99
 1081 00d8 73       		.byte	115
 1082 00d9 53       		.byte	83
 1083 00da 41       		.byte	65
ARM GAS  C:\Users\alexport\AppData\Local\Temp\ccKIFySF.s 			page 20


 1084 00db 2D       		.byte	45
 1085 00dc 31       		.byte	49
 1086 00dd 30       		.byte	48
 1087 00de 30       		.byte	48
 1088 00df 53       		.byte	83
 1089 00e0 4E       		.byte	78
 1090 00e1 30       		.byte	48
 1091 00e2 30       		.byte	48
 1092 00e3 31       		.byte	49
 1093 00e4 00       		.byte	0
 1094 00e5 00       		.byte	0
 1095 00e6 00       		.byte	0
 1096 00e7 00       		.byte	0
 1097 00e8 00       		.byte	0
 1098 00e9 00       		.byte	0
 1099 00ea 00       		.byte	0
 1100 00eb 20       		.byte	32
 1101 00ec 20       		.byte	32
 1102 00ed 52       		.byte	82
 1103 00ee 32       		.byte	50
 1104 00ef 46       		.byte	70
 1105 00f0 57       		.byte	87
 1106 00f1 30       		.byte	48
 1107 00f2 31       		.byte	49
 1108 00f3 4E       		.byte	78
 1109 00f4 41       		.byte	65
 1110 00f5 00       		.byte	0
 1111 00f6 00       		.byte	0
 1112 00f7 00       		.byte	0
 1113 00f8 00       		.byte	0
 1114 00f9 00       		.byte	0
 1115 00fa 00       		.byte	0
 1116 00fb 00       		.byte	0
 1117 00fc 00       		.byte	0
 1118 00fd 00       		.byte	0
 1119 00fe 01       		.byte	1
 1120 00ff 00       		.byte	0
 1121 0100 00       		.byte	0
 1122 0101 00       		.byte	0
 1123 0102 00       		.byte	0
 1124 0103 00       		.byte	0
 1125 0104 00       		.byte	0
 1126 0105 30       		.byte	48
 1127 0106 30       		.byte	48
 1128 0107 30       		.byte	48
 1129 0108 30       		.byte	48
 1130 0109 50       		.byte	80
 1131 010a 49       		.byte	73
 1132 010b 4E       		.byte	78
 1133 010c 00       		.byte	0
 1134 010d 53       		.byte	83
 1135 010e 45       		.byte	69
 1136 010f 4E       		.byte	78
 1137 0110 53       		.byte	83
 1138 0111 4F       		.byte	79
 1139 0112 52       		.byte	82
 1140 0113 5F       		.byte	95
ARM GAS  C:\Users\alexport\AppData\Local\Temp\ccKIFySF.s 			page 21


 1141 0114 54       		.byte	84
 1142 0115 59       		.byte	89
 1143 0116 50       		.byte	80
 1144 0117 45       		.byte	69
 1145 0118 00       		.byte	0
 1146 0119 00       		.byte	0
 1147 011a 53       		.byte	83
 1148 011b 45       		.byte	69
 1149 011c 4E       		.byte	78
 1150 011d 53       		.byte	83
 1151 011e 4F       		.byte	79
 1152 011f 52       		.byte	82
 1153 0120 5F       		.byte	95
 1154 0121 52       		.byte	82
 1155 0122 41       		.byte	65
 1156 0123 4E       		.byte	78
 1157 0124 47       		.byte	71
 1158 0125 45       		.byte	69
 1159 0126 54       		.byte	84
 1160 0127 59       		.byte	89
 1161 0128 50       		.byte	80
 1162 0129 55       		.byte	85
 1163 012a 4E       		.byte	78
 1164 012b 4B       		.byte	75
 1165 012c 4E       		.byte	78
 1166 012d 4F       		.byte	79
 1167 012e 57       		.byte	87
 1168 012f 4E       		.byte	78
 1169 0130 53       		.byte	83
 1170 0131 45       		.byte	69
 1171 0132 4E       		.byte	78
 1172 0133 53       		.byte	83
 1173 0134 4F       		.byte	79
 1174 0135 52       		.byte	82
 1175 0136 5F       		.byte	95
 1176 0137 47       		.byte	71
 1177 0138 41       		.byte	65
 1178 0139 53       		.byte	83
 1179 013a 5F       		.byte	95
 1180 013b 4E       		.byte	78
 1181 013c 4F       		.byte	79
 1182 013d 54       		.byte	84
 1183 013e 45       		.byte	69
 1184 013f 53       		.byte	83
 1185 0140 41       		.byte	65
 1186 0141 46       		.byte	70
 1187 0142 45       		.byte	69
 1188 0143 47       		.byte	71
 1189 0144 55       		.byte	85
 1190 0145 41       		.byte	65
 1191 0146 52       		.byte	82
 1192 0147 44       		.byte	68
 1193 0148 20       		.byte	32
 1194 0149 41       		.byte	65
 1195 014a 4E       		.byte	78
 1196 014b 41       		.byte	65
 1197 014c 4C       		.byte	76
ARM GAS  C:\Users\alexport\AppData\Local\Temp\ccKIFySF.s 			page 22


 1198 014d 59       		.byte	89
 1199 014e 54       		.byte	84
 1200 014f 49       		.byte	73
 1201 0150 43       		.byte	67
 1202 0151 53       		.byte	83
 1203 0152 53       		.byte	83
 1204 0153 45       		.byte	69
 1205 0154 4E       		.byte	78
 1206 0155 53       		.byte	83
 1207 0156 4F       		.byte	79
 1208 0157 52       		.byte	82
 1209 0158 5F       		.byte	95
 1210 0159 54       		.byte	84
 1211 015a 41       		.byte	65
 1212 015b 47       		.byte	71
 1213 015c 00       		.byte	0
 1214 015d 53       		.byte	83
 1215 015e 45       		.byte	69
 1216 015f 4E       		.byte	78
 1217 0160 53       		.byte	83
 1218 0161 4F       		.byte	79
 1219 0162 52       		.byte	82
 1220 0163 5F       		.byte	95
 1221 0164 54       		.byte	84
 1222 0165 45       		.byte	69
 1223 0166 4D       		.byte	77
 1224 0167 50       		.byte	80
 1225 0168 45       		.byte	69
 1226 0169 52       		.byte	82
 1227 016a 41       		.byte	65
 1228 016b 54       		.byte	84
 1229 016c 55       		.byte	85
 1230 016d 52       		.byte	82
 1231 016e 45       		.byte	69
 1232 016f 00       		.byte	0
 1233 0170 00       		.byte	0
 1234 0171 53       		.byte	83
 1235 0172 45       		.byte	69
 1236 0173 4E       		.byte	78
 1237 0174 53       		.byte	83
 1238 0175 4F       		.byte	79
 1239 0176 52       		.byte	82
 1240 0177 5F       		.byte	95
 1241 0178 43       		.byte	67
 1242 0179 41       		.byte	65
 1243 017a 4C       		.byte	76
 1244 017b 5F       		.byte	95
 1245 017c 4C       		.byte	76
 1246 017d 45       		.byte	69
 1247 017e 56       		.byte	86
 1248 017f 45       		.byte	69
 1249 0180 4C       		.byte	76
 1250 0181 00       		.byte	0
 1251 0182 00       		.byte	0
 1252 0183 43       		.byte	67
 1253 0184 41       		.byte	65
 1254 0185 4C       		.byte	76
ARM GAS  C:\Users\alexport\AppData\Local\Temp\ccKIFySF.s 			page 23


 1255 0186 5F       		.byte	95
 1256 0187 5A       		.byte	90
 1257 0188 5F       		.byte	95
 1258 0189 43       		.byte	67
 1259 018a 4F       		.byte	79
 1260 018b 55       		.byte	85
 1261 018c 4E       		.byte	78
 1262 018d 54       		.byte	84
 1263 018e 53       		.byte	83
 1264 018f 00       		.byte	0
 1265 0190 00       		.byte	0
 1266 0191 5A       		.byte	90
 1267 0192 45       		.byte	69
 1268 0193 52       		.byte	82
 1269 0194 4F       		.byte	79
 1270 0195 5F       		.byte	95
 1271 0196 52       		.byte	82
 1272 0197 45       		.byte	69
 1273 0198 41       		.byte	65
 1274 0199 44       		.byte	68
 1275 019a 49       		.byte	73
 1276 019b 4E       		.byte	78
 1277 019c 47       		.byte	71
 1278 019d 00       		.byte	0
 1279 019e 43       		.byte	67
 1280 019f 41       		.byte	65
 1281 01a0 4C       		.byte	76
 1282 01a1 5F       		.byte	95
 1283 01a2 5A       		.byte	90
 1284 01a3 45       		.byte	69
 1285 01a4 52       		.byte	82
 1286 01a5 4F       		.byte	79
 1287 01a6 5F       		.byte	95
 1288 01a7 45       		.byte	69
 1289 01a8 52       		.byte	82
 1290 01a9 52       		.byte	82
 1291 01aa 4F       		.byte	79
 1292 01ab 52       		.byte	82
 1293 01ac 00       		.byte	0
 1294 01ad 43       		.byte	67
 1295 01ae 41       		.byte	65
 1296 01af 4C       		.byte	76
 1297 01b0 5F       		.byte	95
 1298 01b1 53       		.byte	83
 1299 01b2 54       		.byte	84
 1300 01b3 45       		.byte	69
 1301 01b4 50       		.byte	80
 1302 01b5 00       		.byte	0
 1303 01b6 00       		.byte	0
 1304 01b7 43       		.byte	67
 1305 01b8 41       		.byte	65
 1306 01b9 4C       		.byte	76
 1307 01ba 5F       		.byte	95
 1308 01bb 53       		.byte	83
 1309 01bc 50       		.byte	80
 1310 01bd 45       		.byte	69
 1311 01be 45       		.byte	69
ARM GAS  C:\Users\alexport\AppData\Local\Temp\ccKIFySF.s 			page 24


 1312 01bf 44       		.byte	68
 1313 01c0 00       		.byte	0
 1314 01c1 43       		.byte	67
 1315 01c2 41       		.byte	65
 1316 01c3 4C       		.byte	76
 1317 01c4 5F       		.byte	95
 1318 01c5 41       		.byte	65
 1319 01c6 53       		.byte	83
 1320 01c7 5F       		.byte	95
 1321 01c8 46       		.byte	70
 1322 01c9 4F       		.byte	79
 1323 01ca 55       		.byte	85
 1324 01cb 4E       		.byte	78
 1325 01cc 44       		.byte	68
 1326 01cd 00       		.byte	0
 1327 01ce 43       		.byte	67
 1328 01cf 41       		.byte	65
 1329 01d0 4C       		.byte	76
 1330 01d1 5F       		.byte	95
 1331 01d2 41       		.byte	65
 1332 01d3 44       		.byte	68
 1333 01d4 4A       		.byte	74
 1334 01d5 55       		.byte	85
 1335 01d6 53       		.byte	83
 1336 01d7 54       		.byte	84
 1337 01d8 45       		.byte	69
 1338 01d9 44       		.byte	68
 1339 01da 00       		.byte	0
 1340 01db 00       		.byte	0
 1341 01dc 43       		.byte	67
 1342 01dd 41       		.byte	65
 1343 01de 4C       		.byte	76
 1344 01df 5F       		.byte	95
 1345 01e0 43       		.byte	67
 1346 01e1 4F       		.byte	79
 1347 01e2 55       		.byte	85
 1348 01e3 4E       		.byte	78
 1349 01e4 54       		.byte	84
 1350 01e5 53       		.byte	83
 1351 01e6 00       		.byte	0
 1352 01e7 53       		.byte	83
 1353 01e8 45       		.byte	69
 1354 01e9 4E       		.byte	78
 1355 01ea 53       		.byte	83
 1356 01eb 4F       		.byte	79
 1357 01ec 52       		.byte	82
 1358 01ed 5F       		.byte	95
 1359 01ee 4C       		.byte	76
 1360 01ef 49       		.byte	73
 1361 01f0 46       		.byte	70
 1362 01f1 45       		.byte	69
 1363 01f2 00       		.byte	0
 1364 01f3 00       		.byte	0
 1365 01f4 43       		.byte	67
 1366 01f5 41       		.byte	65
 1367 01f6 4C       		.byte	76
 1368 01f7 5F       		.byte	95
ARM GAS  C:\Users\alexport\AppData\Local\Temp\ccKIFySF.s 			page 25


 1369 01f8 43       		.byte	67
 1370 01f9 4C       		.byte	76
 1371 01fa 45       		.byte	69
 1372 01fb 41       		.byte	65
 1373 01fc 52       		.byte	82
 1374 01fd 49       		.byte	73
 1375 01fe 4E       		.byte	78
 1376 01ff 47       		.byte	71
 1377 0200 00       		.byte	0
 1378 0201 43       		.byte	67
 1379 0202 41       		.byte	65
 1380 0203 4C       		.byte	76
 1381 0204 5F       		.byte	95
 1382 0205 53       		.byte	83
 1383 0206 50       		.byte	80
 1384 0207 41       		.byte	65
 1385 0208 4E       		.byte	78
 1386 0209 5F       		.byte	95
 1387 020a 45       		.byte	69
 1388 020b 52       		.byte	82
 1389 020c 52       		.byte	82
 1390 020d 4F       		.byte	79
 1391 020e 52       		.byte	82
 1392 020f 00       		.byte	0
 1393 0210 00       		.byte	0
 1394 0211 43       		.byte	67
 1395 0212 41       		.byte	65
 1396 0213 4C       		.byte	76
 1397 0214 49       		.byte	73
 1398 0215 42       		.byte	66
 1399 0216 52       		.byte	82
 1400 0217 41       		.byte	65
 1401 0218 54       		.byte	84
 1402 0219 49       		.byte	73
 1403 021a 4F       		.byte	79
 1404 021b 4E       		.byte	78
 1405 021c 5F       		.byte	95
 1406 021d 53       		.byte	83
 1407 021e 54       		.byte	84
 1408 021f 41       		.byte	65
 1409 0220 54       		.byte	84
 1410 0221 55       		.byte	85
 1411 0222 53       		.byte	83
 1412 0223 00       		.byte	0
 1413 0224 00       		.byte	0
 1414 0225 00       		.byte	0
 1415 0226 00       		.byte	0
 1416 0227 52       		.byte	82
 1417 0228 45       		.byte	69
 1418 0229 41       		.byte	65
 1419 022a 44       		.byte	68
 1420 022b 49       		.byte	73
 1421 022c 4E       		.byte	78
 1422 022d 47       		.byte	71
 1423 022e 5F       		.byte	95
 1424 022f 53       		.byte	83
 1425 0230 43       		.byte	67
ARM GAS  C:\Users\alexport\AppData\Local\Temp\ccKIFySF.s 			page 26


 1426 0231 41       		.byte	65
 1427 0232 4C       		.byte	76
 1428 0233 45       		.byte	69
 1429 0234 44       		.byte	68
 1430 0235 00       		.byte	0
 1431 0236 41       		.byte	65
 1432 0237 4C       		.byte	76
 1433 0238 45       		.byte	69
 1434 0239 52       		.byte	82
 1435 023a 54       		.byte	84
 1436 023b 5F       		.byte	95
 1437 023c 53       		.byte	83
 1438 023d 54       		.byte	84
 1439 023e 41       		.byte	65
 1440 023f 54       		.byte	84
 1441 0240 55       		.byte	85
 1442 0241 53       		.byte	83
 1443              		.comm	cyBle_attValuesCCCD,38,4
 1444              		.global	cyBle_attValuesLen
 1445 0242 0000     		.align	2
 1446              		.type	cyBle_attValuesLen, %object
 1447              		.size	cyBle_attValuesLen, 800
 1448              	cyBle_attValuesLen:
 1449 0244 1500     		.short	21
 1450 0246 0000     		.space	2
 1451 0248 00000000 		.word	cyBle_attValues
 1452 024c 0200     		.short	2
 1453 024e 0000     		.space	2
 1454 0250 15000000 		.word	cyBle_attValues+21
 1455 0254 0800     		.short	8
 1456 0256 0000     		.space	2
 1457 0258 17000000 		.word	cyBle_attValues+23
 1458 025c 0100     		.short	1
 1459 025e 0000     		.space	2
 1460 0260 1F000000 		.word	cyBle_attValues+31
 1461 0264 0100     		.short	1
 1462 0266 0000     		.space	2
 1463 0268 20000000 		.word	cyBle_attValues+32
 1464 026c 0400     		.short	4
 1465 026e 0000     		.space	2
 1466 0270 21000000 		.word	cyBle_attValues+33
 1467 0274 0200     		.short	2
 1468 0276 0000     		.space	2
 1469 0278 00000000 		.word	cyBle_attValuesCCCD
 1470 027c 0100     		.short	1
 1471 027e 0000     		.space	2
 1472 0280 25000000 		.word	cyBle_attValues+37
 1473 0284 0A00     		.short	10
 1474 0286 0000     		.space	2
 1475 0288 26000000 		.word	cyBle_attValues+38
 1476 028c 0200     		.short	2
 1477 028e 0000     		.space	2
 1478 0290 02000000 		.word	cyBle_attValuesCCCD+2
 1479 0294 0400     		.short	4
 1480 0296 0000     		.space	2
 1481 0298 30000000 		.word	cyBle_attValues+48
 1482 029c 0B00     		.short	11
ARM GAS  C:\Users\alexport\AppData\Local\Temp\ccKIFySF.s 			page 27


 1483 029e 0000     		.space	2
 1484 02a0 34000000 		.word	cyBle_attValues+52
 1485 02a4 0200     		.short	2
 1486 02a6 0000     		.space	2
 1487 02a8 04000000 		.word	cyBle_attValuesCCCD+4
 1488 02ac 0200     		.short	2
 1489 02ae 0000     		.space	2
 1490 02b0 3F000000 		.word	cyBle_attValues+63
 1491 02b4 0A00     		.short	10
 1492 02b6 0000     		.space	2
 1493 02b8 41000000 		.word	cyBle_attValues+65
 1494 02bc 0200     		.short	2
 1495 02be 0000     		.space	2
 1496 02c0 06000000 		.word	cyBle_attValuesCCCD+6
 1497 02c4 0100     		.short	1
 1498 02c6 0000     		.space	2
 1499 02c8 4B000000 		.word	cyBle_attValues+75
 1500 02cc 0C00     		.short	12
 1501 02ce 0000     		.space	2
 1502 02d0 4C000000 		.word	cyBle_attValues+76
 1503 02d4 0100     		.short	1
 1504 02d6 0000     		.space	2
 1505 02d8 58000000 		.word	cyBle_attValues+88
 1506 02dc 0A00     		.short	10
 1507 02de 0000     		.space	2
 1508 02e0 59000000 		.word	cyBle_attValues+89
 1509 02e4 0200     		.short	2
 1510 02e6 0000     		.space	2
 1511 02e8 63000000 		.word	cyBle_attValues+99
 1512 02ec 0C00     		.short	12
 1513 02ee 0000     		.space	2
 1514 02f0 65000000 		.word	cyBle_attValues+101
 1515 02f4 0200     		.short	2
 1516 02f6 0000     		.space	2
 1517 02f8 71000000 		.word	cyBle_attValues+113
 1518 02fc 0700     		.short	7
 1519 02fe 0000     		.space	2
 1520 0300 73000000 		.word	cyBle_attValues+115
 1521 0304 0200     		.short	2
 1522 0306 0000     		.space	2
 1523 0308 08000000 		.word	cyBle_attValuesCCCD+8
 1524 030c 0200     		.short	2
 1525 030e 0000     		.space	2
 1526 0310 7A000000 		.word	cyBle_attValues+122
 1527 0314 0B00     		.short	11
 1528 0316 0000     		.space	2
 1529 0318 7C000000 		.word	cyBle_attValues+124
 1530 031c 0200     		.short	2
 1531 031e 0000     		.space	2
 1532 0320 87000000 		.word	cyBle_attValues+135
 1533 0324 0B00     		.short	11
 1534 0326 0000     		.space	2
 1535 0328 89000000 		.word	cyBle_attValues+137
 1536 032c 0200     		.short	2
 1537 032e 0000     		.space	2
 1538 0330 94000000 		.word	cyBle_attValues+148
 1539 0334 0F00     		.short	15
ARM GAS  C:\Users\alexport\AppData\Local\Temp\ccKIFySF.s 			page 28


 1540 0336 0000     		.space	2
 1541 0338 96000000 		.word	cyBle_attValues+150
 1542 033c 0200     		.short	2
 1543 033e 0000     		.space	2
 1544 0340 A5000000 		.word	cyBle_attValues+165
 1545 0344 0F00     		.short	15
 1546 0346 0000     		.space	2
 1547 0348 A7000000 		.word	cyBle_attValues+167
 1548 034c 0200     		.short	2
 1549 034e 0000     		.space	2
 1550 0350 B6000000 		.word	cyBle_attValues+182
 1551 0354 0E00     		.short	14
 1552 0356 0000     		.space	2
 1553 0358 B8000000 		.word	cyBle_attValues+184
 1554 035c 1300     		.short	19
 1555 035e 0000     		.space	2
 1556 0360 C6000000 		.word	cyBle_attValues+198
 1557 0364 0600     		.short	6
 1558 0366 0000     		.space	2
 1559 0368 D9000000 		.word	cyBle_attValues+217
 1560 036c 0C00     		.short	12
 1561 036e 0000     		.space	2
 1562 0370 DF000000 		.word	cyBle_attValues+223
 1563 0374 0400     		.short	4
 1564 0376 0000     		.space	2
 1565 0378 EB000000 		.word	cyBle_attValues+235
 1566 037c 0400     		.short	4
 1567 037e 0000     		.space	2
 1568 0380 EF000000 		.word	cyBle_attValues+239
 1569 0384 0200     		.short	2
 1570 0386 0000     		.space	2
 1571 0388 F3000000 		.word	cyBle_attValues+243
 1572 038c 0800     		.short	8
 1573 038e 0000     		.space	2
 1574 0390 F5000000 		.word	cyBle_attValues+245
 1575 0394 0100     		.short	1
 1576 0396 0000     		.space	2
 1577 0398 FD000000 		.word	cyBle_attValues+253
 1578 039c 0700     		.short	7
 1579 039e 0000     		.space	2
 1580 03a0 FE000000 		.word	cyBle_attValues+254
 1581 03a4 0400     		.short	4
 1582 03a6 0000     		.space	2
 1583 03a8 05010000 		.word	cyBle_attValues+261
 1584 03ac 0300     		.short	3
 1585 03ae 0000     		.space	2
 1586 03b0 09010000 		.word	cyBle_attValues+265
 1587 03b4 0100     		.short	1
 1588 03b6 0000     		.space	2
 1589 03b8 0C010000 		.word	cyBle_attValues+268
 1590 03bc 0B00     		.short	11
 1591 03be 0000     		.space	2
 1592 03c0 0D010000 		.word	cyBle_attValues+269
 1593 03c4 0200     		.short	2
 1594 03c6 0000     		.space	2
 1595 03c8 18010000 		.word	cyBle_attValues+280
 1596 03cc 0C00     		.short	12
ARM GAS  C:\Users\alexport\AppData\Local\Temp\ccKIFySF.s 			page 29


 1597 03ce 0000     		.space	2
 1598 03d0 1A010000 		.word	cyBle_attValues+282
 1599 03d4 0A00     		.short	10
 1600 03d6 0000     		.space	2
 1601 03d8 26010000 		.word	cyBle_attValues+294
 1602 03dc 0F00     		.short	15
 1603 03de 0000     		.space	2
 1604 03e0 30010000 		.word	cyBle_attValues+304
 1605 03e4 1300     		.short	19
 1606 03e6 0000     		.space	2
 1607 03e8 3F010000 		.word	cyBle_attValues+319
 1608 03ec 0A00     		.short	10
 1609 03ee 0000     		.space	2
 1610 03f0 52010000 		.word	cyBle_attValues+338
 1611 03f4 0100     		.short	1
 1612 03f6 0000     		.space	2
 1613 03f8 5C010000 		.word	cyBle_attValues+348
 1614 03fc 1200     		.short	18
 1615 03fe 0000     		.space	2
 1616 0400 5D010000 		.word	cyBle_attValues+349
 1617 0404 0200     		.short	2
 1618 0406 0000     		.space	2
 1619 0408 0A000000 		.word	cyBle_attValuesCCCD+10
 1620 040c 0200     		.short	2
 1621 040e 0000     		.space	2
 1622 0410 6F010000 		.word	cyBle_attValues+367
 1623 0414 1000     		.short	16
 1624 0416 0000     		.space	2
 1625 0418 71010000 		.word	cyBle_attValues+369
 1626 041c 0200     		.short	2
 1627 041e 0000     		.space	2
 1628 0420 0C000000 		.word	cyBle_attValuesCCCD+12
 1629 0424 0200     		.short	2
 1630 0426 0000     		.space	2
 1631 0428 81010000 		.word	cyBle_attValues+385
 1632 042c 0C00     		.short	12
 1633 042e 0000     		.space	2
 1634 0430 83010000 		.word	cyBle_attValues+387
 1635 0434 0200     		.short	2
 1636 0436 0000     		.space	2
 1637 0438 8F010000 		.word	cyBle_attValues+399
 1638 043c 0C00     		.short	12
 1639 043e 0000     		.space	2
 1640 0440 91010000 		.word	cyBle_attValues+401
 1641 0444 0200     		.short	2
 1642 0446 0000     		.space	2
 1643 0448 0E000000 		.word	cyBle_attValuesCCCD+14
 1644 044c 0100     		.short	1
 1645 044e 0000     		.space	2
 1646 0450 9D010000 		.word	cyBle_attValues+413
 1647 0454 0E00     		.short	14
 1648 0456 0000     		.space	2
 1649 0458 9E010000 		.word	cyBle_attValues+414
 1650 045c 0200     		.short	2
 1651 045e 0000     		.space	2
 1652 0460 10000000 		.word	cyBle_attValuesCCCD+16
 1653 0464 0100     		.short	1
ARM GAS  C:\Users\alexport\AppData\Local\Temp\ccKIFySF.s 			page 30


 1654 0466 0000     		.space	2
 1655 0468 AC010000 		.word	cyBle_attValues+428
 1656 046c 0800     		.short	8
 1657 046e 0000     		.space	2
 1658 0470 AD010000 		.word	cyBle_attValues+429
 1659 0474 0200     		.short	2
 1660 0476 0000     		.space	2
 1661 0478 12000000 		.word	cyBle_attValuesCCCD+18
 1662 047c 0200     		.short	2
 1663 047e 0000     		.space	2
 1664 0480 B5010000 		.word	cyBle_attValues+437
 1665 0484 0900     		.short	9
 1666 0486 0000     		.space	2
 1667 0488 B7010000 		.word	cyBle_attValues+439
 1668 048c 0200     		.short	2
 1669 048e 0000     		.space	2
 1670 0490 14000000 		.word	cyBle_attValuesCCCD+20
 1671 0494 0100     		.short	1
 1672 0496 0000     		.space	2
 1673 0498 C0010000 		.word	cyBle_attValues+448
 1674 049c 0C00     		.short	12
 1675 049e 0000     		.space	2
 1676 04a0 C1010000 		.word	cyBle_attValues+449
 1677 04a4 0200     		.short	2
 1678 04a6 0000     		.space	2
 1679 04a8 16000000 		.word	cyBle_attValuesCCCD+22
 1680 04ac 0100     		.short	1
 1681 04ae 0000     		.space	2
 1682 04b0 CD010000 		.word	cyBle_attValues+461
 1683 04b4 0C00     		.short	12
 1684 04b6 0000     		.space	2
 1685 04b8 CE010000 		.word	cyBle_attValues+462
 1686 04bc 0200     		.short	2
 1687 04be 0000     		.space	2
 1688 04c0 18000000 		.word	cyBle_attValuesCCCD+24
 1689 04c4 0200     		.short	2
 1690 04c6 0000     		.space	2
 1691 04c8 DA010000 		.word	cyBle_attValues+474
 1692 04cc 0A00     		.short	10
 1693 04ce 0000     		.space	2
 1694 04d0 DC010000 		.word	cyBle_attValues+476
 1695 04d4 0100     		.short	1
 1696 04d6 0000     		.space	2
 1697 04d8 E6010000 		.word	cyBle_attValues+486
 1698 04dc 0B00     		.short	11
 1699 04de 0000     		.space	2
 1700 04e0 E7010000 		.word	cyBle_attValues+487
 1701 04e4 0200     		.short	2
 1702 04e6 0000     		.space	2
 1703 04e8 1A000000 		.word	cyBle_attValuesCCCD+26
 1704 04ec 0200     		.short	2
 1705 04ee 0000     		.space	2
 1706 04f0 F2010000 		.word	cyBle_attValues+498
 1707 04f4 0C00     		.short	12
 1708 04f6 0000     		.space	2
 1709 04f8 F4010000 		.word	cyBle_attValues+500
 1710 04fc 0200     		.short	2
ARM GAS  C:\Users\alexport\AppData\Local\Temp\ccKIFySF.s 			page 31


 1711 04fe 0000     		.space	2
 1712 0500 1C000000 		.word	cyBle_attValuesCCCD+28
 1713 0504 0100     		.short	1
 1714 0506 0000     		.space	2
 1715 0508 00020000 		.word	cyBle_attValues+512
 1716 050c 0E00     		.short	14
 1717 050e 0000     		.space	2
 1718 0510 01020000 		.word	cyBle_attValues+513
 1719 0514 0200     		.short	2
 1720 0516 0000     		.space	2
 1721 0518 1E000000 		.word	cyBle_attValuesCCCD+30
 1722 051c 0200     		.short	2
 1723 051e 0000     		.space	2
 1724 0520 0F020000 		.word	cyBle_attValues+527
 1725 0524 1200     		.short	18
 1726 0526 0000     		.space	2
 1727 0528 11020000 		.word	cyBle_attValues+529
 1728 052c 0200     		.short	2
 1729 052e 0000     		.space	2
 1730 0530 20000000 		.word	cyBle_attValuesCCCD+32
 1731 0534 0400     		.short	4
 1732 0536 0000     		.space	2
 1733 0538 23020000 		.word	cyBle_attValues+547
 1734 053c 0E00     		.short	14
 1735 053e 0000     		.space	2
 1736 0540 27020000 		.word	cyBle_attValues+551
 1737 0544 0200     		.short	2
 1738 0546 0000     		.space	2
 1739 0548 22000000 		.word	cyBle_attValuesCCCD+34
 1740 054c 0100     		.short	1
 1741 054e 0000     		.space	2
 1742 0550 35020000 		.word	cyBle_attValues+565
 1743 0554 0C00     		.short	12
 1744 0556 0000     		.space	2
 1745 0558 36020000 		.word	cyBle_attValues+566
 1746 055c 0200     		.short	2
 1747 055e 0000     		.space	2
 1748 0560 24000000 		.word	cyBle_attValuesCCCD+36
 1749              		.global	cyBle_gattDB
 1750              		.section	.rodata
 1751 0006 0000     		.align	2
 1752              		.type	cyBle_gattDB, %object
 1753              		.size	cyBle_gattDB, 3060
 1754              	cyBle_gattDB:
 1755 0008 0100     		.short	1
 1756 000a 0028     		.short	10240
 1757 000c 01000000 		.word	1
 1758 0010 0B00     		.short	11
 1759 0012 0000     		.space	2
 1760 0014 0018     		.short	6144
 1761 0016 0000     		.space	2
 1762 0018 00000000 		.word	0
 1763 001c 0200     		.short	2
 1764 001e 0328     		.short	10243
 1765 0020 01000200 		.word	131073
 1766 0024 0300     		.short	3
 1767 0026 0000     		.space	2
ARM GAS  C:\Users\alexport\AppData\Local\Temp\ccKIFySF.s 			page 32


 1768 0028 002A     		.short	10752
 1769 002a 0000     		.space	2
 1770 002c 00000000 		.word	0
 1771 0030 0300     		.short	3
 1772 0032 002A     		.short	10752
 1773 0034 01000201 		.word	16908289
 1774 0038 0300     		.short	3
 1775 003a 0000     		.space	2
 1776 003c 1500     		.short	21
 1777 003e 0000     		.space	2
 1778 0040 00000000 		.word	cyBle_attValuesLen
 1779 0044 0400     		.short	4
 1780 0046 0328     		.short	10243
 1781 0048 01000200 		.word	131073
 1782 004c 0500     		.short	5
 1783 004e 0000     		.space	2
 1784 0050 012A     		.short	10753
 1785 0052 0000     		.space	2
 1786 0054 00000000 		.word	0
 1787 0058 0500     		.short	5
 1788 005a 012A     		.short	10753
 1789 005c 01000201 		.word	16908289
 1790 0060 0500     		.short	5
 1791 0062 0000     		.space	2
 1792 0064 0200     		.short	2
 1793 0066 0000     		.space	2
 1794 0068 08000000 		.word	cyBle_attValuesLen+8
 1795 006c 0600     		.short	6
 1796 006e 0328     		.short	10243
 1797 0070 01000200 		.word	131073
 1798 0074 0700     		.short	7
 1799 0076 0000     		.space	2
 1800 0078 042A     		.short	10756
 1801 007a 0000     		.space	2
 1802 007c 00000000 		.word	0
 1803 0080 0700     		.short	7
 1804 0082 042A     		.short	10756
 1805 0084 01000201 		.word	16908289
 1806 0088 0700     		.short	7
 1807 008a 0000     		.space	2
 1808 008c 0800     		.short	8
 1809 008e 0000     		.space	2
 1810 0090 10000000 		.word	cyBle_attValuesLen+16
 1811 0094 0800     		.short	8
 1812 0096 0328     		.short	10243
 1813 0098 01000200 		.word	131073
 1814 009c 0900     		.short	9
 1815 009e 0000     		.space	2
 1816 00a0 A62A     		.short	10918
 1817 00a2 0000     		.space	2
 1818 00a4 00000000 		.word	0
 1819 00a8 0900     		.short	9
 1820 00aa A62A     		.short	10918
 1821 00ac 01000201 		.word	16908289
 1822 00b0 0900     		.short	9
 1823 00b2 0000     		.space	2
 1824 00b4 0100     		.short	1
ARM GAS  C:\Users\alexport\AppData\Local\Temp\ccKIFySF.s 			page 33


 1825 00b6 0000     		.space	2
 1826 00b8 18000000 		.word	cyBle_attValuesLen+24
 1827 00bc 0A00     		.short	10
 1828 00be 0328     		.short	10243
 1829 00c0 01000200 		.word	131073
 1830 00c4 0B00     		.short	11
 1831 00c6 0000     		.space	2
 1832 00c8 C92A     		.short	10953
 1833 00ca 0000     		.space	2
 1834 00cc 00000000 		.word	0
 1835 00d0 0B00     		.short	11
 1836 00d2 C92A     		.short	10953
 1837 00d4 01000201 		.word	16908289
 1838 00d8 0B00     		.short	11
 1839 00da 0000     		.space	2
 1840 00dc 0100     		.short	1
 1841 00de 0000     		.space	2
 1842 00e0 20000000 		.word	cyBle_attValuesLen+32
 1843 00e4 0C00     		.short	12
 1844 00e6 0028     		.short	10240
 1845 00e8 01000000 		.word	1
 1846 00ec 0F00     		.short	15
 1847 00ee 0000     		.space	2
 1848 00f0 0118     		.short	6145
 1849 00f2 0000     		.space	2
 1850 00f4 00000000 		.word	0
 1851 00f8 0D00     		.short	13
 1852 00fa 0328     		.short	10243
 1853 00fc 01002000 		.word	2097153
 1854 0100 0F00     		.short	15
 1855 0102 0000     		.space	2
 1856 0104 052A     		.short	10757
 1857 0106 0000     		.space	2
 1858 0108 00000000 		.word	0
 1859 010c 0E00     		.short	14
 1860 010e 052A     		.short	10757
 1861 0110 00002001 		.word	18874368
 1862 0114 0F00     		.short	15
 1863 0116 0000     		.space	2
 1864 0118 0400     		.short	4
 1865 011a 0000     		.space	2
 1866 011c 28000000 		.word	cyBle_attValuesLen+40
 1867 0120 0F00     		.short	15
 1868 0122 0229     		.short	10498
 1869 0124 01010A01 		.word	17432833
 1870 0128 0F00     		.short	15
 1871 012a 0000     		.space	2
 1872 012c 0200     		.short	2
 1873 012e 0000     		.space	2
 1874 0130 30000000 		.word	cyBle_attValuesLen+48
 1875 0134 1000     		.short	16
 1876 0136 0028     		.short	10240
 1877 0138 01000000 		.word	1
 1878 013c 3800     		.short	56
 1879 013e 0000     		.space	2
 1880 0140 2CB8     		.short	-18388
 1881 0142 0000     		.space	2
ARM GAS  C:\Users\alexport\AppData\Local\Temp\ccKIFySF.s 			page 34


 1882 0144 00000000 		.word	0
 1883 0148 1100     		.short	17
 1884 014a 0328     		.short	10243
 1885 014c 01001A00 		.word	1703937
 1886 0150 1400     		.short	20
 1887 0152 0000     		.space	2
 1888 0154 A714     		.short	5287
 1889 0156 0000     		.space	2
 1890 0158 00000000 		.word	0
 1891 015c 1200     		.short	18
 1892 015e A714     		.short	5287
 1893 0160 01011A01 		.word	18481409
 1894 0164 1400     		.short	20
 1895 0166 0000     		.space	2
 1896 0168 0100     		.short	1
 1897 016a 0000     		.space	2
 1898 016c 38000000 		.word	cyBle_attValuesLen+56
 1899 0170 1300     		.short	19
 1900 0172 0129     		.short	10497
 1901 0174 01000201 		.word	16908289
 1902 0178 1300     		.short	19
 1903 017a 0000     		.space	2
 1904 017c 0A00     		.short	10
 1905 017e 0000     		.space	2
 1906 0180 40000000 		.word	cyBle_attValuesLen+64
 1907 0184 1400     		.short	20
 1908 0186 0229     		.short	10498
 1909 0188 01010A01 		.word	17432833
 1910 018c 1400     		.short	20
 1911 018e 0000     		.space	2
 1912 0190 0200     		.short	2
 1913 0192 0000     		.space	2
 1914 0194 48000000 		.word	cyBle_attValuesLen+72
 1915 0198 1500     		.short	21
 1916 019a 0328     		.short	10243
 1917 019c 01001200 		.word	1179649
 1918 01a0 1800     		.short	24
 1919 01a2 0000     		.space	2
 1920 01a4 EB3E     		.short	16107
 1921 01a6 0000     		.space	2
 1922 01a8 00000000 		.word	0
 1923 01ac 1600     		.short	22
 1924 01ae EB3E     		.short	16107
 1925 01b0 01001201 		.word	17956865
 1926 01b4 1800     		.short	24
 1927 01b6 0000     		.space	2
 1928 01b8 0400     		.short	4
 1929 01ba 0000     		.space	2
 1930 01bc 50000000 		.word	cyBle_attValuesLen+80
 1931 01c0 1700     		.short	23
 1932 01c2 0129     		.short	10497
 1933 01c4 01000201 		.word	16908289
 1934 01c8 1700     		.short	23
 1935 01ca 0000     		.space	2
 1936 01cc 0B00     		.short	11
 1937 01ce 0000     		.space	2
 1938 01d0 58000000 		.word	cyBle_attValuesLen+88
ARM GAS  C:\Users\alexport\AppData\Local\Temp\ccKIFySF.s 			page 35


 1939 01d4 1800     		.short	24
 1940 01d6 0229     		.short	10498
 1941 01d8 01010A01 		.word	17432833
 1942 01dc 1800     		.short	24
 1943 01de 0000     		.space	2
 1944 01e0 0200     		.short	2
 1945 01e2 0000     		.space	2
 1946 01e4 60000000 		.word	cyBle_attValuesLen+96
 1947 01e8 1900     		.short	25
 1948 01ea 0328     		.short	10243
 1949 01ec 01001200 		.word	1179649
 1950 01f0 1C00     		.short	28
 1951 01f2 0000     		.space	2
 1952 01f4 C938     		.short	14537
 1953 01f6 0000     		.space	2
 1954 01f8 00000000 		.word	0
 1955 01fc 1A00     		.short	26
 1956 01fe C938     		.short	14537
 1957 0200 01001201 		.word	17956865
 1958 0204 1C00     		.short	28
 1959 0206 0000     		.space	2
 1960 0208 0200     		.short	2
 1961 020a 0000     		.space	2
 1962 020c 68000000 		.word	cyBle_attValuesLen+104
 1963 0210 1B00     		.short	27
 1964 0212 0129     		.short	10497
 1965 0214 01000201 		.word	16908289
 1966 0218 1B00     		.short	27
 1967 021a 0000     		.space	2
 1968 021c 0A00     		.short	10
 1969 021e 0000     		.space	2
 1970 0220 70000000 		.word	cyBle_attValuesLen+112
 1971 0224 1C00     		.short	28
 1972 0226 0229     		.short	10498
 1973 0228 01010A01 		.word	17432833
 1974 022c 1C00     		.short	28
 1975 022e 0000     		.space	2
 1976 0230 0200     		.short	2
 1977 0232 0000     		.space	2
 1978 0234 78000000 		.word	cyBle_attValuesLen+120
 1979 0238 1D00     		.short	29
 1980 023a 0328     		.short	10243
 1981 023c 01000A00 		.word	655361
 1982 0240 1F00     		.short	31
 1983 0242 0000     		.space	2
 1984 0244 15D5     		.short	-10987
 1985 0246 0000     		.space	2
 1986 0248 00000000 		.word	0
 1987 024c 1E00     		.short	30
 1988 024e 15D5     		.short	-10987
 1989 0250 01010A01 		.word	17432833
 1990 0254 1F00     		.short	31
 1991 0256 0000     		.space	2
 1992 0258 0100     		.short	1
 1993 025a 0000     		.space	2
 1994 025c 80000000 		.word	cyBle_attValuesLen+128
 1995 0260 1F00     		.short	31
ARM GAS  C:\Users\alexport\AppData\Local\Temp\ccKIFySF.s 			page 36


 1996 0262 0129     		.short	10497
 1997 0264 01000201 		.word	16908289
 1998 0268 1F00     		.short	31
 1999 026a 0000     		.space	2
 2000 026c 0C00     		.short	12
 2001 026e 0000     		.space	2
 2002 0270 88000000 		.word	cyBle_attValuesLen+136
 2003 0274 2000     		.short	32
 2004 0276 0328     		.short	10243
 2005 0278 01000A00 		.word	655361
 2006 027c 2200     		.short	34
 2007 027e 0000     		.space	2
 2008 0280 E5F0     		.short	-3867
 2009 0282 0000     		.space	2
 2010 0284 00000000 		.word	0
 2011 0288 2100     		.short	33
 2012 028a E5F0     		.short	-3867
 2013 028c 01010A01 		.word	17432833
 2014 0290 2200     		.short	34
 2015 0292 0000     		.space	2
 2016 0294 0100     		.short	1
 2017 0296 0000     		.space	2
 2018 0298 90000000 		.word	cyBle_attValuesLen+144
 2019 029c 2200     		.short	34
 2020 029e 0129     		.short	10497
 2021 02a0 01000201 		.word	16908289
 2022 02a4 2200     		.short	34
 2023 02a6 0000     		.space	2
 2024 02a8 0A00     		.short	10
 2025 02aa 0000     		.space	2
 2026 02ac 98000000 		.word	cyBle_attValuesLen+152
 2027 02b0 2300     		.short	35
 2028 02b2 0328     		.short	10243
 2029 02b4 01000A00 		.word	655361
 2030 02b8 2500     		.short	37
 2031 02ba 0000     		.space	2
 2032 02bc 3A24     		.short	9274
 2033 02be 0000     		.space	2
 2034 02c0 00000000 		.word	0
 2035 02c4 2400     		.short	36
 2036 02c6 3A24     		.short	9274
 2037 02c8 01010A01 		.word	17432833
 2038 02cc 2500     		.short	37
 2039 02ce 0000     		.space	2
 2040 02d0 0200     		.short	2
 2041 02d2 0000     		.space	2
 2042 02d4 A0000000 		.word	cyBle_attValuesLen+160
 2043 02d8 2500     		.short	37
 2044 02da 0129     		.short	10497
 2045 02dc 01000201 		.word	16908289
 2046 02e0 2500     		.short	37
 2047 02e2 0000     		.space	2
 2048 02e4 0C00     		.short	12
 2049 02e6 0000     		.space	2
 2050 02e8 A8000000 		.word	cyBle_attValuesLen+168
 2051 02ec 2600     		.short	38
 2052 02ee 0328     		.short	10243
ARM GAS  C:\Users\alexport\AppData\Local\Temp\ccKIFySF.s 			page 37


 2053 02f0 01001200 		.word	1179649
 2054 02f4 2900     		.short	41
 2055 02f6 0000     		.space	2
 2056 02f8 59D9     		.short	-9895
 2057 02fa 0000     		.space	2
 2058 02fc 00000000 		.word	0
 2059 0300 2700     		.short	39
 2060 0302 59D9     		.short	-9895
 2061 0304 01001201 		.word	17956865
 2062 0308 2900     		.short	41
 2063 030a 0000     		.space	2
 2064 030c 0200     		.short	2
 2065 030e 0000     		.space	2
 2066 0310 B0000000 		.word	cyBle_attValuesLen+176
 2067 0314 2800     		.short	40
 2068 0316 0129     		.short	10497
 2069 0318 01000201 		.word	16908289
 2070 031c 2800     		.short	40
 2071 031e 0000     		.space	2
 2072 0320 0700     		.short	7
 2073 0322 0000     		.space	2
 2074 0324 B8000000 		.word	cyBle_attValuesLen+184
 2075 0328 2900     		.short	41
 2076 032a 0229     		.short	10498
 2077 032c 01010A01 		.word	17432833
 2078 0330 2900     		.short	41
 2079 0332 0000     		.space	2
 2080 0334 0200     		.short	2
 2081 0336 0000     		.space	2
 2082 0338 C0000000 		.word	cyBle_attValuesLen+192
 2083 033c 2A00     		.short	42
 2084 033e 0328     		.short	10243
 2085 0340 01000A00 		.word	655361
 2086 0344 2C00     		.short	44
 2087 0346 0000     		.space	2
 2088 0348 981C     		.short	7320
 2089 034a 0000     		.space	2
 2090 034c 00000000 		.word	0
 2091 0350 2B00     		.short	43
 2092 0352 981C     		.short	7320
 2093 0354 01010A01 		.word	17432833
 2094 0358 2C00     		.short	44
 2095 035a 0000     		.space	2
 2096 035c 0200     		.short	2
 2097 035e 0000     		.space	2
 2098 0360 C8000000 		.word	cyBle_attValuesLen+200
 2099 0364 2C00     		.short	44
 2100 0366 0129     		.short	10497
 2101 0368 01000201 		.word	16908289
 2102 036c 2C00     		.short	44
 2103 036e 0000     		.space	2
 2104 0370 0B00     		.short	11
 2105 0372 0000     		.space	2
 2106 0374 D0000000 		.word	cyBle_attValuesLen+208
 2107 0378 2D00     		.short	45
 2108 037a 0328     		.short	10243
 2109 037c 01000A00 		.word	655361
ARM GAS  C:\Users\alexport\AppData\Local\Temp\ccKIFySF.s 			page 38


 2110 0380 2F00     		.short	47
 2111 0382 0000     		.space	2
 2112 0384 9B40     		.short	16539
 2113 0386 0000     		.space	2
 2114 0388 00000000 		.word	0
 2115 038c 2E00     		.short	46
 2116 038e 9B40     		.short	16539
 2117 0390 01010A01 		.word	17432833
 2118 0394 2F00     		.short	47
 2119 0396 0000     		.space	2
 2120 0398 0200     		.short	2
 2121 039a 0000     		.space	2
 2122 039c D8000000 		.word	cyBle_attValuesLen+216
 2123 03a0 2F00     		.short	47
 2124 03a2 0129     		.short	10497
 2125 03a4 01000201 		.word	16908289
 2126 03a8 2F00     		.short	47
 2127 03aa 0000     		.space	2
 2128 03ac 0B00     		.short	11
 2129 03ae 0000     		.space	2
 2130 03b0 E0000000 		.word	cyBle_attValuesLen+224
 2131 03b4 3000     		.short	48
 2132 03b6 0328     		.short	10243
 2133 03b8 01000A00 		.word	655361
 2134 03bc 3200     		.short	50
 2135 03be 0000     		.space	2
 2136 03c0 3078     		.short	30768
 2137 03c2 0000     		.space	2
 2138 03c4 00000000 		.word	0
 2139 03c8 3100     		.short	49
 2140 03ca 3078     		.short	30768
 2141 03cc 01010A01 		.word	17432833
 2142 03d0 3200     		.short	50
 2143 03d2 0000     		.space	2
 2144 03d4 0200     		.short	2
 2145 03d6 0000     		.space	2
 2146 03d8 E8000000 		.word	cyBle_attValuesLen+232
 2147 03dc 3200     		.short	50
 2148 03de 0129     		.short	10497
 2149 03e0 01000201 		.word	16908289
 2150 03e4 3200     		.short	50
 2151 03e6 0000     		.space	2
 2152 03e8 0F00     		.short	15
 2153 03ea 0000     		.space	2
 2154 03ec F0000000 		.word	cyBle_attValuesLen+240
 2155 03f0 3300     		.short	51
 2156 03f2 0328     		.short	10243
 2157 03f4 01000A00 		.word	655361
 2158 03f8 3500     		.short	53
 2159 03fa 0000     		.space	2
 2160 03fc DD85     		.short	-31267
 2161 03fe 0000     		.space	2
 2162 0400 00000000 		.word	0
 2163 0404 3400     		.short	52
 2164 0406 DD85     		.short	-31267
 2165 0408 01010A01 		.word	17432833
 2166 040c 3500     		.short	53
ARM GAS  C:\Users\alexport\AppData\Local\Temp\ccKIFySF.s 			page 39


 2167 040e 0000     		.space	2
 2168 0410 0200     		.short	2
 2169 0412 0000     		.space	2
 2170 0414 F8000000 		.word	cyBle_attValuesLen+248
 2171 0418 3500     		.short	53
 2172 041a 0129     		.short	10497
 2173 041c 01000201 		.word	16908289
 2174 0420 3500     		.short	53
 2175 0422 0000     		.space	2
 2176 0424 0F00     		.short	15
 2177 0426 0000     		.space	2
 2178 0428 00010000 		.word	cyBle_attValuesLen+256
 2179 042c 3600     		.short	54
 2180 042e 0328     		.short	10243
 2181 0430 01000200 		.word	131073
 2182 0434 3800     		.short	56
 2183 0436 0000     		.space	2
 2184 0438 5F80     		.short	-32673
 2185 043a 0000     		.space	2
 2186 043c 00000000 		.word	0
 2187 0440 3700     		.short	55
 2188 0442 5F80     		.short	-32673
 2189 0444 01000201 		.word	16908289
 2190 0448 3800     		.short	56
 2191 044a 0000     		.space	2
 2192 044c 0200     		.short	2
 2193 044e 0000     		.space	2
 2194 0450 08010000 		.word	cyBle_attValuesLen+264
 2195 0454 3800     		.short	56
 2196 0456 0129     		.short	10497
 2197 0458 01000201 		.word	16908289
 2198 045c 3800     		.short	56
 2199 045e 0000     		.space	2
 2200 0460 0E00     		.short	14
 2201 0462 0000     		.space	2
 2202 0464 10010000 		.word	cyBle_attValuesLen+272
 2203 0468 3900     		.short	57
 2204 046a 0028     		.short	10240
 2205 046c 01000000 		.word	1
 2206 0470 4B00     		.short	75
 2207 0472 0000     		.space	2
 2208 0474 0A18     		.short	6154
 2209 0476 0000     		.space	2
 2210 0478 00000000 		.word	0
 2211 047c 3A00     		.short	58
 2212 047e 0328     		.short	10243
 2213 0480 01000200 		.word	131073
 2214 0484 3B00     		.short	59
 2215 0486 0000     		.space	2
 2216 0488 292A     		.short	10793
 2217 048a 0000     		.space	2
 2218 048c 00000000 		.word	0
 2219 0490 3B00     		.short	59
 2220 0492 292A     		.short	10793
 2221 0494 01000201 		.word	16908289
 2222 0498 3B00     		.short	59
 2223 049a 0000     		.space	2
ARM GAS  C:\Users\alexport\AppData\Local\Temp\ccKIFySF.s 			page 40


 2224 049c 1300     		.short	19
 2225 049e 0000     		.space	2
 2226 04a0 18010000 		.word	cyBle_attValuesLen+280
 2227 04a4 3C00     		.short	60
 2228 04a6 0328     		.short	10243
 2229 04a8 01000200 		.word	131073
 2230 04ac 3D00     		.short	61
 2231 04ae 0000     		.space	2
 2232 04b0 242A     		.short	10788
 2233 04b2 0000     		.space	2
 2234 04b4 00000000 		.word	0
 2235 04b8 3D00     		.short	61
 2236 04ba 242A     		.short	10788
 2237 04bc 01000201 		.word	16908289
 2238 04c0 3D00     		.short	61
 2239 04c2 0000     		.space	2
 2240 04c4 0600     		.short	6
 2241 04c6 0000     		.space	2
 2242 04c8 20010000 		.word	cyBle_attValuesLen+288
 2243 04cc 3E00     		.short	62
 2244 04ce 0328     		.short	10243
 2245 04d0 01000200 		.word	131073
 2246 04d4 3F00     		.short	63
 2247 04d6 0000     		.space	2
 2248 04d8 252A     		.short	10789
 2249 04da 0000     		.space	2
 2250 04dc 00000000 		.word	0
 2251 04e0 3F00     		.short	63
 2252 04e2 252A     		.short	10789
 2253 04e4 01000201 		.word	16908289
 2254 04e8 3F00     		.short	63
 2255 04ea 0000     		.space	2
 2256 04ec 0C00     		.short	12
 2257 04ee 0000     		.space	2
 2258 04f0 28010000 		.word	cyBle_attValuesLen+296
 2259 04f4 4000     		.short	64
 2260 04f6 0328     		.short	10243
 2261 04f8 01000200 		.word	131073
 2262 04fc 4100     		.short	65
 2263 04fe 0000     		.space	2
 2264 0500 272A     		.short	10791
 2265 0502 0000     		.space	2
 2266 0504 00000000 		.word	0
 2267 0508 4100     		.short	65
 2268 050a 272A     		.short	10791
 2269 050c 01000201 		.word	16908289
 2270 0510 4100     		.short	65
 2271 0512 0000     		.space	2
 2272 0514 0400     		.short	4
 2273 0516 0000     		.space	2
 2274 0518 30010000 		.word	cyBle_attValuesLen+304
 2275 051c 4200     		.short	66
 2276 051e 0328     		.short	10243
 2277 0520 01000200 		.word	131073
 2278 0524 4300     		.short	67
 2279 0526 0000     		.space	2
 2280 0528 262A     		.short	10790
ARM GAS  C:\Users\alexport\AppData\Local\Temp\ccKIFySF.s 			page 41


 2281 052a 0000     		.space	2
 2282 052c 00000000 		.word	0
 2283 0530 4300     		.short	67
 2284 0532 262A     		.short	10790
 2285 0534 01000201 		.word	16908289
 2286 0538 4300     		.short	67
 2287 053a 0000     		.space	2
 2288 053c 0400     		.short	4
 2289 053e 0000     		.space	2
 2290 0540 38010000 		.word	cyBle_attValuesLen+312
 2291 0544 4400     		.short	68
 2292 0546 0328     		.short	10243
 2293 0548 01000200 		.word	131073
 2294 054c 4500     		.short	69
 2295 054e 0000     		.space	2
 2296 0550 282A     		.short	10792
 2297 0552 0000     		.space	2
 2298 0554 00000000 		.word	0
 2299 0558 4500     		.short	69
 2300 055a 282A     		.short	10792
 2301 055c 01000201 		.word	16908289
 2302 0560 4500     		.short	69
 2303 0562 0000     		.space	2
 2304 0564 0200     		.short	2
 2305 0566 0000     		.space	2
 2306 0568 40010000 		.word	cyBle_attValuesLen+320
 2307 056c 4600     		.short	70
 2308 056e 0328     		.short	10243
 2309 0570 01000200 		.word	131073
 2310 0574 4700     		.short	71
 2311 0576 0000     		.space	2
 2312 0578 232A     		.short	10787
 2313 057a 0000     		.space	2
 2314 057c 00000000 		.word	0
 2315 0580 4700     		.short	71
 2316 0582 232A     		.short	10787
 2317 0584 01000201 		.word	16908289
 2318 0588 4700     		.short	71
 2319 058a 0000     		.space	2
 2320 058c 0800     		.short	8
 2321 058e 0000     		.space	2
 2322 0590 48010000 		.word	cyBle_attValuesLen+328
 2323 0594 4800     		.short	72
 2324 0596 0328     		.short	10243
 2325 0598 01000200 		.word	131073
 2326 059c 4900     		.short	73
 2327 059e 0000     		.space	2
 2328 05a0 2A2A     		.short	10794
 2329 05a2 0000     		.space	2
 2330 05a4 00000000 		.word	0
 2331 05a8 4900     		.short	73
 2332 05aa 2A2A     		.short	10794
 2333 05ac 01000201 		.word	16908289
 2334 05b0 4900     		.short	73
 2335 05b2 0000     		.space	2
 2336 05b4 0100     		.short	1
 2337 05b6 0000     		.space	2
ARM GAS  C:\Users\alexport\AppData\Local\Temp\ccKIFySF.s 			page 42


 2338 05b8 50010000 		.word	cyBle_attValuesLen+336
 2339 05bc 4A00     		.short	74
 2340 05be 0328     		.short	10243
 2341 05c0 01000200 		.word	131073
 2342 05c4 4B00     		.short	75
 2343 05c6 0000     		.space	2
 2344 05c8 502A     		.short	10832
 2345 05ca 0000     		.space	2
 2346 05cc 00000000 		.word	0
 2347 05d0 4B00     		.short	75
 2348 05d2 502A     		.short	10832
 2349 05d4 01000201 		.word	16908289
 2350 05d8 4B00     		.short	75
 2351 05da 0000     		.space	2
 2352 05dc 0700     		.short	7
 2353 05de 0000     		.space	2
 2354 05e0 58010000 		.word	cyBle_attValuesLen+344
 2355 05e4 4C00     		.short	76
 2356 05e6 0028     		.short	10240
 2357 05e8 01000000 		.word	1
 2358 05ec 9900     		.short	153
 2359 05ee 0000     		.space	2
 2360 05f0 51E5     		.short	-6831
 2361 05f2 0000     		.space	2
 2362 05f4 00000000 		.word	0
 2363 05f8 4D00     		.short	77
 2364 05fa 0328     		.short	10243
 2365 05fc 01000A00 		.word	655361
 2366 0600 4F00     		.short	79
 2367 0602 0000     		.space	2
 2368 0604 5160     		.short	24657
 2369 0606 0000     		.space	2
 2370 0608 00000000 		.word	0
 2371 060c 4E00     		.short	78
 2372 060e 5160     		.short	24657
 2373 0610 01010A01 		.word	17432833
 2374 0614 4F00     		.short	79
 2375 0616 0000     		.space	2
 2376 0618 0400     		.short	4
 2377 061a 0000     		.space	2
 2378 061c 60010000 		.word	cyBle_attValuesLen+352
 2379 0620 4F00     		.short	79
 2380 0622 0129     		.short	10497
 2381 0624 01000201 		.word	16908289
 2382 0628 4F00     		.short	79
 2383 062a 0000     		.space	2
 2384 062c 0300     		.short	3
 2385 062e 0000     		.space	2
 2386 0630 68010000 		.word	cyBle_attValuesLen+360
 2387 0634 5000     		.short	80
 2388 0636 0328     		.short	10243
 2389 0638 01000200 		.word	131073
 2390 063c 5200     		.short	82
 2391 063e 0000     		.space	2
 2392 0640 0B67     		.short	26379
 2393 0642 0000     		.space	2
 2394 0644 00000000 		.word	0
ARM GAS  C:\Users\alexport\AppData\Local\Temp\ccKIFySF.s 			page 43


 2395 0648 5100     		.short	81
 2396 064a 0B67     		.short	26379
 2397 064c 01000201 		.word	16908289
 2398 0650 5200     		.short	82
 2399 0652 0000     		.space	2
 2400 0654 0100     		.short	1
 2401 0656 0000     		.space	2
 2402 0658 70010000 		.word	cyBle_attValuesLen+368
 2403 065c 5200     		.short	82
 2404 065e 0129     		.short	10497
 2405 0660 01000201 		.word	16908289
 2406 0664 5200     		.short	82
 2407 0666 0000     		.space	2
 2408 0668 0B00     		.short	11
 2409 066a 0000     		.space	2
 2410 066c 78010000 		.word	cyBle_attValuesLen+376
 2411 0670 5300     		.short	83
 2412 0672 0328     		.short	10243
 2413 0674 01000200 		.word	131073
 2414 0678 5500     		.short	85
 2415 067a 0000     		.space	2
 2416 067c F7FD     		.short	-521
 2417 067e 0000     		.space	2
 2418 0680 00000000 		.word	0
 2419 0684 5400     		.short	84
 2420 0686 F7FD     		.short	-521
 2421 0688 01000201 		.word	16908289
 2422 068c 5500     		.short	85
 2423 068e 0000     		.space	2
 2424 0690 0200     		.short	2
 2425 0692 0000     		.space	2
 2426 0694 80010000 		.word	cyBle_attValuesLen+384
 2427 0698 5500     		.short	85
 2428 069a 0129     		.short	10497
 2429 069c 01000201 		.word	16908289
 2430 06a0 5500     		.short	85
 2431 06a2 0000     		.space	2
 2432 06a4 0C00     		.short	12
 2433 06a6 0000     		.space	2
 2434 06a8 88010000 		.word	cyBle_attValuesLen+392
 2435 06ac 5600     		.short	86
 2436 06ae 0328     		.short	10243
 2437 06b0 01000200 		.word	131073
 2438 06b4 5800     		.short	88
 2439 06b6 0000     		.space	2
 2440 06b8 4785     		.short	-31417
 2441 06ba 0000     		.space	2
 2442 06bc 00000000 		.word	0
 2443 06c0 5700     		.short	87
 2444 06c2 4785     		.short	-31417
 2445 06c4 01000201 		.word	16908289
 2446 06c8 5800     		.short	88
 2447 06ca 0000     		.space	2
 2448 06cc 0A00     		.short	10
 2449 06ce 0000     		.space	2
 2450 06d0 90010000 		.word	cyBle_attValuesLen+400
 2451 06d4 5800     		.short	88
ARM GAS  C:\Users\alexport\AppData\Local\Temp\ccKIFySF.s 			page 44


 2452 06d6 0129     		.short	10497
 2453 06d8 01000201 		.word	16908289
 2454 06dc 5800     		.short	88
 2455 06de 0000     		.space	2
 2456 06e0 0F00     		.short	15
 2457 06e2 0000     		.space	2
 2458 06e4 98010000 		.word	cyBle_attValuesLen+408
 2459 06e8 5900     		.short	89
 2460 06ea 0328     		.short	10243
 2461 06ec 01000A00 		.word	655361
 2462 06f0 5B00     		.short	91
 2463 06f2 0000     		.space	2
 2464 06f4 BD32     		.short	12989
 2465 06f6 0000     		.space	2
 2466 06f8 00000000 		.word	0
 2467 06fc 5A00     		.short	90
 2468 06fe BD32     		.short	12989
 2469 0700 01010A01 		.word	17432833
 2470 0704 5B00     		.short	91
 2471 0706 0000     		.space	2
 2472 0708 1300     		.short	19
 2473 070a 0000     		.space	2
 2474 070c A0010000 		.word	cyBle_attValuesLen+416
 2475 0710 5B00     		.short	91
 2476 0712 0129     		.short	10497
 2477 0714 01000201 		.word	16908289
 2478 0718 5B00     		.short	91
 2479 071a 0000     		.space	2
 2480 071c 0A00     		.short	10
 2481 071e 0000     		.space	2
 2482 0720 A8010000 		.word	cyBle_attValuesLen+424
 2483 0724 5C00     		.short	92
 2484 0726 0328     		.short	10243
 2485 0728 01001200 		.word	1179649
 2486 072c 5F00     		.short	95
 2487 072e 0000     		.space	2
 2488 0730 4C4A     		.short	19020
 2489 0732 0000     		.space	2
 2490 0734 00000000 		.word	0
 2491 0738 5D00     		.short	93
 2492 073a 4C4A     		.short	19020
 2493 073c 01001201 		.word	17956865
 2494 0740 5F00     		.short	95
 2495 0742 0000     		.space	2
 2496 0744 0100     		.short	1
 2497 0746 0000     		.space	2
 2498 0748 B0010000 		.word	cyBle_attValuesLen+432
 2499 074c 5E00     		.short	94
 2500 074e 0129     		.short	10497
 2501 0750 01000201 		.word	16908289
 2502 0754 5E00     		.short	94
 2503 0756 0000     		.space	2
 2504 0758 1200     		.short	18
 2505 075a 0000     		.space	2
 2506 075c B8010000 		.word	cyBle_attValuesLen+440
 2507 0760 5F00     		.short	95
 2508 0762 0229     		.short	10498
ARM GAS  C:\Users\alexport\AppData\Local\Temp\ccKIFySF.s 			page 45


 2509 0764 01010A01 		.word	17432833
 2510 0768 5F00     		.short	95
 2511 076a 0000     		.space	2
 2512 076c 0200     		.short	2
 2513 076e 0000     		.space	2
 2514 0770 C0010000 		.word	cyBle_attValuesLen+448
 2515 0774 6000     		.short	96
 2516 0776 0328     		.short	10243
 2517 0778 01001A00 		.word	1703937
 2518 077c 6300     		.short	99
 2519 077e 0000     		.space	2
 2520 0780 5D64     		.short	25693
 2521 0782 0000     		.space	2
 2522 0784 00000000 		.word	0
 2523 0788 6100     		.short	97
 2524 078a 5D64     		.short	25693
 2525 078c 01011A01 		.word	18481409
 2526 0790 6300     		.short	99
 2527 0792 0000     		.space	2
 2528 0794 0200     		.short	2
 2529 0796 0000     		.space	2
 2530 0798 C8010000 		.word	cyBle_attValuesLen+456
 2531 079c 6200     		.short	98
 2532 079e 0129     		.short	10497
 2533 07a0 01000201 		.word	16908289
 2534 07a4 6200     		.short	98
 2535 07a6 0000     		.space	2
 2536 07a8 1000     		.short	16
 2537 07aa 0000     		.space	2
 2538 07ac D0010000 		.word	cyBle_attValuesLen+464
 2539 07b0 6300     		.short	99
 2540 07b2 0229     		.short	10498
 2541 07b4 01010A01 		.word	17432833
 2542 07b8 6300     		.short	99
 2543 07ba 0000     		.space	2
 2544 07bc 0200     		.short	2
 2545 07be 0000     		.space	2
 2546 07c0 D8010000 		.word	cyBle_attValuesLen+472
 2547 07c4 6400     		.short	100
 2548 07c6 0328     		.short	10243
 2549 07c8 01000200 		.word	131073
 2550 07cc 6600     		.short	102
 2551 07ce 0000     		.space	2
 2552 07d0 D6DF     		.short	-8234
 2553 07d2 0000     		.space	2
 2554 07d4 00000000 		.word	0
 2555 07d8 6500     		.short	101
 2556 07da D6DF     		.short	-8234
 2557 07dc 01000201 		.word	16908289
 2558 07e0 6600     		.short	102
 2559 07e2 0000     		.space	2
 2560 07e4 0200     		.short	2
 2561 07e6 0000     		.space	2
 2562 07e8 E0010000 		.word	cyBle_attValuesLen+480
 2563 07ec 6600     		.short	102
 2564 07ee 0129     		.short	10497
 2565 07f0 01000201 		.word	16908289
ARM GAS  C:\Users\alexport\AppData\Local\Temp\ccKIFySF.s 			page 46


 2566 07f4 6600     		.short	102
 2567 07f6 0000     		.space	2
 2568 07f8 0C00     		.short	12
 2569 07fa 0000     		.space	2
 2570 07fc E8010000 		.word	cyBle_attValuesLen+488
 2571 0800 6700     		.short	103
 2572 0802 0328     		.short	10243
 2573 0804 01001200 		.word	1179649
 2574 0808 6A00     		.short	106
 2575 080a 0000     		.space	2
 2576 080c 4F7D     		.short	32079
 2577 080e 0000     		.space	2
 2578 0810 00000000 		.word	0
 2579 0814 6800     		.short	104
 2580 0816 4F7D     		.short	32079
 2581 0818 01001201 		.word	17956865
 2582 081c 6A00     		.short	106
 2583 081e 0000     		.space	2
 2584 0820 0200     		.short	2
 2585 0822 0000     		.space	2
 2586 0824 F0010000 		.word	cyBle_attValuesLen+496
 2587 0828 6900     		.short	105
 2588 082a 0129     		.short	10497
 2589 082c 01000201 		.word	16908289
 2590 0830 6900     		.short	105
 2591 0832 0000     		.space	2
 2592 0834 0C00     		.short	12
 2593 0836 0000     		.space	2
 2594 0838 F8010000 		.word	cyBle_attValuesLen+504
 2595 083c 6A00     		.short	106
 2596 083e 0229     		.short	10498
 2597 0840 01010A01 		.word	17432833
 2598 0844 6A00     		.short	106
 2599 0846 0000     		.space	2
 2600 0848 0200     		.short	2
 2601 084a 0000     		.space	2
 2602 084c 00020000 		.word	cyBle_attValuesLen+512
 2603 0850 6B00     		.short	107
 2604 0852 0328     		.short	10243
 2605 0854 01001200 		.word	1179649
 2606 0858 6E00     		.short	110
 2607 085a 0000     		.space	2
 2608 085c AD71     		.short	29101
 2609 085e 0000     		.space	2
 2610 0860 00000000 		.word	0
 2611 0864 6C00     		.short	108
 2612 0866 AD71     		.short	29101
 2613 0868 01001201 		.word	17956865
 2614 086c 6E00     		.short	110
 2615 086e 0000     		.space	2
 2616 0870 0100     		.short	1
 2617 0872 0000     		.space	2
 2618 0874 08020000 		.word	cyBle_attValuesLen+520
 2619 0878 6D00     		.short	109
 2620 087a 0129     		.short	10497
 2621 087c 01000201 		.word	16908289
 2622 0880 6D00     		.short	109
ARM GAS  C:\Users\alexport\AppData\Local\Temp\ccKIFySF.s 			page 47


 2623 0882 0000     		.space	2
 2624 0884 0E00     		.short	14
 2625 0886 0000     		.space	2
 2626 0888 10020000 		.word	cyBle_attValuesLen+528
 2627 088c 6E00     		.short	110
 2628 088e 0229     		.short	10498
 2629 0890 01010A01 		.word	17432833
 2630 0894 6E00     		.short	110
 2631 0896 0000     		.space	2
 2632 0898 0200     		.short	2
 2633 089a 0000     		.space	2
 2634 089c 18020000 		.word	cyBle_attValuesLen+536
 2635 08a0 6F00     		.short	111
 2636 08a2 0328     		.short	10243
 2637 08a4 01001200 		.word	1179649
 2638 08a8 7200     		.short	114
 2639 08aa 0000     		.space	2
 2640 08ac 54B3     		.short	-19628
 2641 08ae 0000     		.space	2
 2642 08b0 00000000 		.word	0
 2643 08b4 7000     		.short	112
 2644 08b6 54B3     		.short	-19628
 2645 08b8 01001201 		.word	17956865
 2646 08bc 7200     		.short	114
 2647 08be 0000     		.space	2
 2648 08c0 0100     		.short	1
 2649 08c2 0000     		.space	2
 2650 08c4 20020000 		.word	cyBle_attValuesLen+544
 2651 08c8 7100     		.short	113
 2652 08ca 0129     		.short	10497
 2653 08cc 01000201 		.word	16908289
 2654 08d0 7100     		.short	113
 2655 08d2 0000     		.space	2
 2656 08d4 0800     		.short	8
 2657 08d6 0000     		.space	2
 2658 08d8 28020000 		.word	cyBle_attValuesLen+552
 2659 08dc 7200     		.short	114
 2660 08de 0229     		.short	10498
 2661 08e0 01010A01 		.word	17432833
 2662 08e4 7200     		.short	114
 2663 08e6 0000     		.space	2
 2664 08e8 0200     		.short	2
 2665 08ea 0000     		.space	2
 2666 08ec 30020000 		.word	cyBle_attValuesLen+560
 2667 08f0 7300     		.short	115
 2668 08f2 0328     		.short	10243
 2669 08f4 01001200 		.word	1179649
 2670 08f8 7600     		.short	118
 2671 08fa 0000     		.space	2
 2672 08fc 95EC     		.short	-4971
 2673 08fe 0000     		.space	2
 2674 0900 00000000 		.word	0
 2675 0904 7400     		.short	116
 2676 0906 95EC     		.short	-4971
 2677 0908 01001201 		.word	17956865
 2678 090c 7600     		.short	118
 2679 090e 0000     		.space	2
ARM GAS  C:\Users\alexport\AppData\Local\Temp\ccKIFySF.s 			page 48


 2680 0910 0200     		.short	2
 2681 0912 0000     		.space	2
 2682 0914 38020000 		.word	cyBle_attValuesLen+568
 2683 0918 7500     		.short	117
 2684 091a 0129     		.short	10497
 2685 091c 01000201 		.word	16908289
 2686 0920 7500     		.short	117
 2687 0922 0000     		.space	2
 2688 0924 0900     		.short	9
 2689 0926 0000     		.space	2
 2690 0928 40020000 		.word	cyBle_attValuesLen+576
 2691 092c 7600     		.short	118
 2692 092e 0229     		.short	10498
 2693 0930 01010A01 		.word	17432833
 2694 0934 7600     		.short	118
 2695 0936 0000     		.space	2
 2696 0938 0200     		.short	2
 2697 093a 0000     		.space	2
 2698 093c 48020000 		.word	cyBle_attValuesLen+584
 2699 0940 7700     		.short	119
 2700 0942 0328     		.short	10243
 2701 0944 01001200 		.word	1179649
 2702 0948 7A00     		.short	122
 2703 094a 0000     		.space	2
 2704 094c 57B1     		.short	-20137
 2705 094e 0000     		.space	2
 2706 0950 00000000 		.word	0
 2707 0954 7800     		.short	120
 2708 0956 57B1     		.short	-20137
 2709 0958 01001201 		.word	17956865
 2710 095c 7A00     		.short	122
 2711 095e 0000     		.space	2
 2712 0960 0100     		.short	1
 2713 0962 0000     		.space	2
 2714 0964 50020000 		.word	cyBle_attValuesLen+592
 2715 0968 7900     		.short	121
 2716 096a 0129     		.short	10497
 2717 096c 01000201 		.word	16908289
 2718 0970 7900     		.short	121
 2719 0972 0000     		.space	2
 2720 0974 0C00     		.short	12
 2721 0976 0000     		.space	2
 2722 0978 58020000 		.word	cyBle_attValuesLen+600
 2723 097c 7A00     		.short	122
 2724 097e 0229     		.short	10498
 2725 0980 01010A01 		.word	17432833
 2726 0984 7A00     		.short	122
 2727 0986 0000     		.space	2
 2728 0988 0200     		.short	2
 2729 098a 0000     		.space	2
 2730 098c 60020000 		.word	cyBle_attValuesLen+608
 2731 0990 7B00     		.short	123
 2732 0992 0328     		.short	10243
 2733 0994 01001200 		.word	1179649
 2734 0998 7E00     		.short	126
 2735 099a 0000     		.space	2
 2736 099c F786     		.short	-30985
ARM GAS  C:\Users\alexport\AppData\Local\Temp\ccKIFySF.s 			page 49


 2737 099e 0000     		.space	2
 2738 09a0 00000000 		.word	0
 2739 09a4 7C00     		.short	124
 2740 09a6 F786     		.short	-30985
 2741 09a8 01001201 		.word	17956865
 2742 09ac 7E00     		.short	126
 2743 09ae 0000     		.space	2
 2744 09b0 0100     		.short	1
 2745 09b2 0000     		.space	2
 2746 09b4 68020000 		.word	cyBle_attValuesLen+616
 2747 09b8 7D00     		.short	125
 2748 09ba 0129     		.short	10497
 2749 09bc 01000201 		.word	16908289
 2750 09c0 7D00     		.short	125
 2751 09c2 0000     		.space	2
 2752 09c4 0C00     		.short	12
 2753 09c6 0000     		.space	2
 2754 09c8 70020000 		.word	cyBle_attValuesLen+624
 2755 09cc 7E00     		.short	126
 2756 09ce 0229     		.short	10498
 2757 09d0 01010A01 		.word	17432833
 2758 09d4 7E00     		.short	126
 2759 09d6 0000     		.space	2
 2760 09d8 0200     		.short	2
 2761 09da 0000     		.space	2
 2762 09dc 78020000 		.word	cyBle_attValuesLen+632
 2763 09e0 7F00     		.short	127
 2764 09e2 0328     		.short	10243
 2765 09e4 01000200 		.word	131073
 2766 09e8 8100     		.short	129
 2767 09ea 0000     		.space	2
 2768 09ec EBE8     		.short	-5909
 2769 09ee 0000     		.space	2
 2770 09f0 00000000 		.word	0
 2771 09f4 8000     		.short	128
 2772 09f6 EBE8     		.short	-5909
 2773 09f8 01000201 		.word	16908289
 2774 09fc 8100     		.short	129
 2775 09fe 0000     		.space	2
 2776 0a00 0200     		.short	2
 2777 0a02 0000     		.space	2
 2778 0a04 80020000 		.word	cyBle_attValuesLen+640
 2779 0a08 8100     		.short	129
 2780 0a0a 0129     		.short	10497
 2781 0a0c 01000201 		.word	16908289
 2782 0a10 8100     		.short	129
 2783 0a12 0000     		.space	2
 2784 0a14 0A00     		.short	10
 2785 0a16 0000     		.space	2
 2786 0a18 88020000 		.word	cyBle_attValuesLen+648
 2787 0a1c 8200     		.short	130
 2788 0a1e 0328     		.short	10243
 2789 0a20 01001200 		.word	1179649
 2790 0a24 8500     		.short	133
 2791 0a26 0000     		.space	2
 2792 0a28 EF2E     		.short	12015
 2793 0a2a 0000     		.space	2
ARM GAS  C:\Users\alexport\AppData\Local\Temp\ccKIFySF.s 			page 50


 2794 0a2c 00000000 		.word	0
 2795 0a30 8300     		.short	131
 2796 0a32 EF2E     		.short	12015
 2797 0a34 01001201 		.word	17956865
 2798 0a38 8500     		.short	133
 2799 0a3a 0000     		.space	2
 2800 0a3c 0100     		.short	1
 2801 0a3e 0000     		.space	2
 2802 0a40 90020000 		.word	cyBle_attValuesLen+656
 2803 0a44 8400     		.short	132
 2804 0a46 0129     		.short	10497
 2805 0a48 01000201 		.word	16908289
 2806 0a4c 8400     		.short	132
 2807 0a4e 0000     		.space	2
 2808 0a50 0B00     		.short	11
 2809 0a52 0000     		.space	2
 2810 0a54 98020000 		.word	cyBle_attValuesLen+664
 2811 0a58 8500     		.short	133
 2812 0a5a 0229     		.short	10498
 2813 0a5c 01010A01 		.word	17432833
 2814 0a60 8500     		.short	133
 2815 0a62 0000     		.space	2
 2816 0a64 0200     		.short	2
 2817 0a66 0000     		.space	2
 2818 0a68 A0020000 		.word	cyBle_attValuesLen+672
 2819 0a6c 8600     		.short	134
 2820 0a6e 0328     		.short	10243
 2821 0a70 01001200 		.word	1179649
 2822 0a74 8900     		.short	137
 2823 0a76 0000     		.space	2
 2824 0a78 CA1E     		.short	7882
 2825 0a7a 0000     		.space	2
 2826 0a7c 00000000 		.word	0
 2827 0a80 8700     		.short	135
 2828 0a82 CA1E     		.short	7882
 2829 0a84 01001201 		.word	17956865
 2830 0a88 8900     		.short	137
 2831 0a8a 0000     		.space	2
 2832 0a8c 0200     		.short	2
 2833 0a8e 0000     		.space	2
 2834 0a90 A8020000 		.word	cyBle_attValuesLen+680
 2835 0a94 8800     		.short	136
 2836 0a96 0129     		.short	10497
 2837 0a98 01000201 		.word	16908289
 2838 0a9c 8800     		.short	136
 2839 0a9e 0000     		.space	2
 2840 0aa0 0C00     		.short	12
 2841 0aa2 0000     		.space	2
 2842 0aa4 B0020000 		.word	cyBle_attValuesLen+688
 2843 0aa8 8900     		.short	137
 2844 0aaa 0229     		.short	10498
 2845 0aac 01010A01 		.word	17432833
 2846 0ab0 8900     		.short	137
 2847 0ab2 0000     		.space	2
 2848 0ab4 0200     		.short	2
 2849 0ab6 0000     		.space	2
 2850 0ab8 B8020000 		.word	cyBle_attValuesLen+696
ARM GAS  C:\Users\alexport\AppData\Local\Temp\ccKIFySF.s 			page 51


 2851 0abc 8A00     		.short	138
 2852 0abe 0328     		.short	10243
 2853 0ac0 01001200 		.word	1179649
 2854 0ac4 8D00     		.short	141
 2855 0ac6 0000     		.space	2
 2856 0ac8 B704     		.short	1207
 2857 0aca 0000     		.space	2
 2858 0acc 00000000 		.word	0
 2859 0ad0 8B00     		.short	139
 2860 0ad2 B704     		.short	1207
 2861 0ad4 01001201 		.word	17956865
 2862 0ad8 8D00     		.short	141
 2863 0ada 0000     		.space	2
 2864 0adc 0100     		.short	1
 2865 0ade 0000     		.space	2
 2866 0ae0 C0020000 		.word	cyBle_attValuesLen+704
 2867 0ae4 8C00     		.short	140
 2868 0ae6 0129     		.short	10497
 2869 0ae8 01000201 		.word	16908289
 2870 0aec 8C00     		.short	140
 2871 0aee 0000     		.space	2
 2872 0af0 0E00     		.short	14
 2873 0af2 0000     		.space	2
 2874 0af4 C8020000 		.word	cyBle_attValuesLen+712
 2875 0af8 8D00     		.short	141
 2876 0afa 0229     		.short	10498
 2877 0afc 01010A01 		.word	17432833
 2878 0b00 8D00     		.short	141
 2879 0b02 0000     		.space	2
 2880 0b04 0200     		.short	2
 2881 0b06 0000     		.space	2
 2882 0b08 D0020000 		.word	cyBle_attValuesLen+720
 2883 0b0c 8E00     		.short	142
 2884 0b0e 0328     		.short	10243
 2885 0b10 01001A00 		.word	1703937
 2886 0b14 9100     		.short	145
 2887 0b16 0000     		.space	2
 2888 0b18 6D27     		.short	10093
 2889 0b1a 0000     		.space	2
 2890 0b1c 00000000 		.word	0
 2891 0b20 8F00     		.short	143
 2892 0b22 6D27     		.short	10093
 2893 0b24 01011A01 		.word	18481409
 2894 0b28 9100     		.short	145
 2895 0b2a 0000     		.space	2
 2896 0b2c 0200     		.short	2
 2897 0b2e 0000     		.space	2
 2898 0b30 D8020000 		.word	cyBle_attValuesLen+728
 2899 0b34 9000     		.short	144
 2900 0b36 0129     		.short	10497
 2901 0b38 01000201 		.word	16908289
 2902 0b3c 9000     		.short	144
 2903 0b3e 0000     		.space	2
 2904 0b40 1200     		.short	18
 2905 0b42 0000     		.space	2
 2906 0b44 E0020000 		.word	cyBle_attValuesLen+736
 2907 0b48 9100     		.short	145
ARM GAS  C:\Users\alexport\AppData\Local\Temp\ccKIFySF.s 			page 52


 2908 0b4a 0229     		.short	10498
 2909 0b4c 01010A01 		.word	17432833
 2910 0b50 9100     		.short	145
 2911 0b52 0000     		.space	2
 2912 0b54 0200     		.short	2
 2913 0b56 0000     		.space	2
 2914 0b58 E8020000 		.word	cyBle_attValuesLen+744
 2915 0b5c 9200     		.short	146
 2916 0b5e 0328     		.short	10243
 2917 0b60 01001200 		.word	1179649
 2918 0b64 9500     		.short	149
 2919 0b66 0000     		.space	2
 2920 0b68 2518     		.short	6181
 2921 0b6a 0000     		.space	2
 2922 0b6c 00000000 		.word	0
 2923 0b70 9300     		.short	147
 2924 0b72 2518     		.short	6181
 2925 0b74 01001201 		.word	17956865
 2926 0b78 9500     		.short	149
 2927 0b7a 0000     		.space	2
 2928 0b7c 0400     		.short	4
 2929 0b7e 0000     		.space	2
 2930 0b80 F0020000 		.word	cyBle_attValuesLen+752
 2931 0b84 9400     		.short	148
 2932 0b86 0129     		.short	10497
 2933 0b88 01000201 		.word	16908289
 2934 0b8c 9400     		.short	148
 2935 0b8e 0000     		.space	2
 2936 0b90 0E00     		.short	14
 2937 0b92 0000     		.space	2
 2938 0b94 F8020000 		.word	cyBle_attValuesLen+760
 2939 0b98 9500     		.short	149
 2940 0b9a 0229     		.short	10498
 2941 0b9c 01010A01 		.word	17432833
 2942 0ba0 9500     		.short	149
 2943 0ba2 0000     		.space	2
 2944 0ba4 0200     		.short	2
 2945 0ba6 0000     		.space	2
 2946 0ba8 00030000 		.word	cyBle_attValuesLen+768
 2947 0bac 9600     		.short	150
 2948 0bae 0328     		.short	10243
 2949 0bb0 01001200 		.word	1179649
 2950 0bb4 9900     		.short	153
 2951 0bb6 0000     		.space	2
 2952 0bb8 5091     		.short	-28336
 2953 0bba 0000     		.space	2
 2954 0bbc 00000000 		.word	0
 2955 0bc0 9700     		.short	151
 2956 0bc2 5091     		.short	-28336
 2957 0bc4 01001201 		.word	17956865
 2958 0bc8 9900     		.short	153
 2959 0bca 0000     		.space	2
 2960 0bcc 0100     		.short	1
 2961 0bce 0000     		.space	2
 2962 0bd0 08030000 		.word	cyBle_attValuesLen+776
 2963 0bd4 9800     		.short	152
 2964 0bd6 0129     		.short	10497
ARM GAS  C:\Users\alexport\AppData\Local\Temp\ccKIFySF.s 			page 53


 2965 0bd8 01000201 		.word	16908289
 2966 0bdc 9800     		.short	152
 2967 0bde 0000     		.space	2
 2968 0be0 0C00     		.short	12
 2969 0be2 0000     		.space	2
 2970 0be4 10030000 		.word	cyBle_attValuesLen+784
 2971 0be8 9900     		.short	153
 2972 0bea 0229     		.short	10498
 2973 0bec 01010A01 		.word	17432833
 2974 0bf0 9900     		.short	153
 2975 0bf2 0000     		.space	2
 2976 0bf4 0200     		.short	2
 2977 0bf6 0000     		.space	2
 2978 0bf8 18030000 		.word	cyBle_attValuesLen+792
 2979              		.section	.text.CyBle_GattsReInitGattDb,"ax",%progbits
 2980              		.align	2
 2981              		.global	CyBle_GattsReInitGattDb
 2982              		.code	16
 2983              		.thumb_func
 2984              		.type	CyBle_GattsReInitGattDb, %function
 2985              	CyBle_GattsReInitGattDb:
 2986              	.LFB2:
 2987              		.file 1 "Generated_Source\\PSoC4\\blue_gatt.c"
   1:Generated_Source\PSoC4/blue_gatt.c **** /***************************************************************************//**
   2:Generated_Source\PSoC4/blue_gatt.c **** * \file CYBLE_gatt.c
   3:Generated_Source\PSoC4/blue_gatt.c **** * \version 3.40
   4:Generated_Source\PSoC4/blue_gatt.c **** * 
   5:Generated_Source\PSoC4/blue_gatt.c **** * \brief
   6:Generated_Source\PSoC4/blue_gatt.c **** *  This file contains the source code for the GATT API of the BLE Component.
   7:Generated_Source\PSoC4/blue_gatt.c **** * 
   8:Generated_Source\PSoC4/blue_gatt.c **** ********************************************************************************
   9:Generated_Source\PSoC4/blue_gatt.c **** * \copyright
  10:Generated_Source\PSoC4/blue_gatt.c **** * Copyright 2014-2016, Cypress Semiconductor Corporation.  All rights reserved.
  11:Generated_Source\PSoC4/blue_gatt.c **** * You may use this file only in accordance with the license, terms, conditions,
  12:Generated_Source\PSoC4/blue_gatt.c **** * disclaimers, and limitations in the end user license agreement accompanying
  13:Generated_Source\PSoC4/blue_gatt.c **** * the software package with which this file was provided.
  14:Generated_Source\PSoC4/blue_gatt.c **** *******************************************************************************/
  15:Generated_Source\PSoC4/blue_gatt.c **** 
  16:Generated_Source\PSoC4/blue_gatt.c **** 
  17:Generated_Source\PSoC4/blue_gatt.c **** #include "blue_eventHandler.h"
  18:Generated_Source\PSoC4/blue_gatt.c **** 
  19:Generated_Source\PSoC4/blue_gatt.c **** 
  20:Generated_Source\PSoC4/blue_gatt.c **** /***************************************
  21:Generated_Source\PSoC4/blue_gatt.c **** * Global variables
  22:Generated_Source\PSoC4/blue_gatt.c **** ***************************************/
  23:Generated_Source\PSoC4/blue_gatt.c **** 
  24:Generated_Source\PSoC4/blue_gatt.c **** CYBLE_STATE_T cyBle_state;
  25:Generated_Source\PSoC4/blue_gatt.c **** 
  26:Generated_Source\PSoC4/blue_gatt.c **** #if ((CYBLE_MODE_PROFILE) && (CYBLE_BONDING_REQUIREMENT == CYBLE_BONDING_YES))
  27:Generated_Source\PSoC4/blue_gatt.c ****     
  28:Generated_Source\PSoC4/blue_gatt.c **** #if(CYBLE_MODE_PROFILE)
  29:Generated_Source\PSoC4/blue_gatt.c ****     #if defined(__ARMCC_VERSION)
  30:Generated_Source\PSoC4/blue_gatt.c ****         CY_ALIGN(CYDEV_FLS_ROW_SIZE) const CY_BLE_FLASH_STORAGE cyBle_flashStorage CY_SECTION(".cy_
  31:Generated_Source\PSoC4/blue_gatt.c ****     #elif defined (__GNUC__)
  32:Generated_Source\PSoC4/blue_gatt.c ****         const CY_BLE_FLASH_STORAGE cyBle_flashStorage CY_SECTION(".cy_checksum_exclude")
  33:Generated_Source\PSoC4/blue_gatt.c ****             CY_ALIGN(CYDEV_FLS_ROW_SIZE) =
  34:Generated_Source\PSoC4/blue_gatt.c ****     #elif defined (__ICCARM__)
ARM GAS  C:\Users\alexport\AppData\Local\Temp\ccKIFySF.s 			page 54


  35:Generated_Source\PSoC4/blue_gatt.c ****         #pragma data_alignment=CY_FLASH_SIZEOF_ROW
  36:Generated_Source\PSoC4/blue_gatt.c ****         #pragma location=".cy_checksum_exclude"
  37:Generated_Source\PSoC4/blue_gatt.c ****         const CY_BLE_FLASH_STORAGE cyBle_flashStorage =
  38:Generated_Source\PSoC4/blue_gatt.c ****     #endif  /* (__ARMCC_VERSION) */
  39:Generated_Source\PSoC4/blue_gatt.c ****     {
  40:Generated_Source\PSoC4/blue_gatt.c ****         { 0x00u, 0x00u, 0x00u, 0x00u, 0x00u, 0x00u, 0x00u, 0x00u, 0x00u, 0x00u, 0x00u, 0x00u, 0x00u
  41:Generated_Source\PSoC4/blue_gatt.c ****         0x00u, 0x00u, 0x00u, 0x00u, 0x00u, 0x00u, 0x00u, 0x00u, 0x00u, 0x00u, 0x00u, 0x00u, 0x00u, 
  42:Generated_Source\PSoC4/blue_gatt.c ****         0x00u, 0x00u, 0x00u, 0x00u, 0x00u, 0x00u, 0x00u, 0x00u, 0x00u, 0x00u, 0x00u, 0x00u, 0x00u, 
  43:Generated_Source\PSoC4/blue_gatt.c ****         0x00u, 0x00u, 0x00u, 0x00u, 0x00u, 0x00u, 0x00u, 0x00u, 0x00u, 0x00u, 0x00u, 0x00u, 0x00u, 
  44:Generated_Source\PSoC4/blue_gatt.c ****         0x00u, 0x00u, 0x00u, 0x00u, 0x00u, 0x00u, 0x00u, 0x00u, 0x00u, 0x00u, 0x00u, 0x00u, 0x00u, 
  45:Generated_Source\PSoC4/blue_gatt.c ****         0x00u, 0x00u, 0x00u, 0x00u, 0x00u, 0x00u, 0x00u, 0x00u, 0x00u, 0x00u, 0x00u, 0x00u, 0x00u, 
  46:Generated_Source\PSoC4/blue_gatt.c ****         0x00u, 0x00u, 0x00u, 0x00u, 0x00u, 0x00u, 0x00u, 0x00u, 0x00u, 0x00u, 0x00u, 0x00u, 0x00u, 
  47:Generated_Source\PSoC4/blue_gatt.c ****         0x00u, 0x00u, 0x00u, 0x00u, 0x00u, 0x00u, 0x00u, 0x00u, 0x00u, 0x00u, 0x00u, 0x00u, 0x00u, 
  48:Generated_Source\PSoC4/blue_gatt.c ****         0x00u, 0x00u, 0x00u, 0x00u, 0x00u, 0x00u, 0x00u, 0x00u, 0x00u, 0x00u, 0x00u, 0x00u, 0x00u, 
  49:Generated_Source\PSoC4/blue_gatt.c ****         0x00u, 0x00u, 0x00u, 0x00u, 0x00u, 0x00u, 0x00u, 0x00u, 0x00u, 0x00u, 0x00u, 0x00u, 0x00u, 
  50:Generated_Source\PSoC4/blue_gatt.c ****         0x00u, 0x00u, 0x00u, 0x00u, 0x00u, 0x00u, 0x00u, 0x00u, 0x00u, 0x00u, 0x00u, 0x00u, 0x00u, 
  51:Generated_Source\PSoC4/blue_gatt.c ****         0x00u, 0x00u, 0x00u, 0x00u, 0x00u, 0x00u, 0x00u, 0x00u, 0x00u, 0x00u, 0x00u, 0x00u, 0x00u, 
  52:Generated_Source\PSoC4/blue_gatt.c ****         0x00u, 0x00u, 0x00u, 0x00u, 0x00u, 0x00u, 0x00u, 0x00u, 0x00u, 0x00u, 0x00u, 0x00u, 0x00u, 
  53:Generated_Source\PSoC4/blue_gatt.c ****         0x00u, 0x00u, 0x00u, 0x00u, 0x00u, 0x00u, 0x00u, 0x00u, 0x00u, 0x00u, 0x00u, 0x00u, 0x00u, 
  54:Generated_Source\PSoC4/blue_gatt.c ****         0x00u, 0x00u, 0x00u, 0x00u, 0x00u, 0x00u, 0x00u, 0x00u, 0x00u, 0x00u, 0x00u, 0x00u, 0x00u, 
  55:Generated_Source\PSoC4/blue_gatt.c ****         0x00u, 0x00u, 0x00u, 0x00u, 0x00u, 0x00u, 0x00u, 0x00u, 0x00u, 0x00u, 0x00u, 0x00u, 0x00u, 
  56:Generated_Source\PSoC4/blue_gatt.c ****         0x00u, 0x00u, 0x00u, 0x00u, 0x00u, 0x00u, 0x00u, 0x00u, 0x00u, 0x00u, 0x00u, 0x00u, 0x00u, 
  57:Generated_Source\PSoC4/blue_gatt.c ****         0x00u, 0x00u, 0x00u, 0x00u, 0x00u, 0x00u, 0x00u, 0x00u, 0x00u, 0x00u, 0x00u, 0x00u, 0x00u, 
  58:Generated_Source\PSoC4/blue_gatt.c ****         0x00u, 0x00u, 0x00u, 0x00u, 0x00u, 0x00u, 0x00u, 0x00u, 0x00u, 0x00u, 0x00u, 0x00u, 0x00u, 
  59:Generated_Source\PSoC4/blue_gatt.c ****         0x00u, 0x00u, 0x00u, 0x00u, 0x00u, 0x00u, 0x00u, 0x00u, 0x00u, 0x00u, 0x00u, 0x00u, 0x00u, 
  60:Generated_Source\PSoC4/blue_gatt.c ****         0x00u, 0x00u, 0x00u, 0x00u, 0x00u, 0x00u, 0x00u, 0x00u, 0x00u, 0x00u, 0x00u, 0x00u, 0x00u, 
  61:Generated_Source\PSoC4/blue_gatt.c ****         0x00u, 0x00u, 0x00u, 0x00u, 0x00u, 0x00u, 0x00u, 0x00u, 0x00u, 0x00u, 0x00u, 0x00u, 0x00u, 
  62:Generated_Source\PSoC4/blue_gatt.c ****         0x00u, 0x00u, 0x00u, 0x00u, 0x00u, 0x00u, 0x00u, 0x00u, 0x00u, 0x00u, 0x00u, 0x00u, 0x00u, 
  63:Generated_Source\PSoC4/blue_gatt.c ****         0x00u, 0x00u, 0x00u, 0x00u, 0x00u, 0x00u, 0x00u, 0x00u, 0x00u, 0x00u, 0x00u, 0x00u, 0x00u, 
  64:Generated_Source\PSoC4/blue_gatt.c ****         0x00u, 0x00u, 0x00u, 0x00u, 0x00u, 0x00u, 0x00u, 0x00u, 0x00u, 0x00u, 0x00u, 0x00u, 0x00u, 
  65:Generated_Source\PSoC4/blue_gatt.c ****         0x00u, 0x00u, 0x00u, 0x00u, 0x00u, 0x00u, 0x00u, 0x00u, 0x00u, 0x00u, 0x00u, 0x00u, 0x00u, 
  66:Generated_Source\PSoC4/blue_gatt.c ****         0x00u, 0x00u, 0x00u, 0x00u, 0x00u, 0x00u, 0x00u, 0x00u, 0x00u, 0x00u, 0x00u, 0x00u, 0x00u, 
  67:Generated_Source\PSoC4/blue_gatt.c ****         0x00u, 0x00u, 0x00u, 0x00u, 0x00u, 0x00u, 0x00u, 0x00u, 0x00u, 0x00u, 0x00u, 0x00u, 0x00u, 
  68:Generated_Source\PSoC4/blue_gatt.c ****         0x00u, 0x00u, 0x00u, 0x00u, 0x00u, 0x00u, 0x00u, 0x00u, 0x00u, 0x00u, 0x00u, 0x00u, 0x00u, 
  69:Generated_Source\PSoC4/blue_gatt.c ****         0x00u, 0x00u, 0x00u, 0x00u, 0x00u, 0x00u, 0x00u, 0x00u, 0x00u, 0x00u, 0x00u, 0x00u, 0x00u, 
  70:Generated_Source\PSoC4/blue_gatt.c ****         0x00u, 0x00u, 0x00u, 0x00u, 0x00u, 0x00u, 0x00u, 0x00u, 0x00u, 0x00u, 0x00u, 0x00u, 0x00u, 
  71:Generated_Source\PSoC4/blue_gatt.c ****         0x00u, 0x00u, 0x00u, 0x00u, 0x00u, 0x00u, 0x00u, 0x00u, 0x00u, 0x00u, 0x00u, 0x00u, 0x00u, 
  72:Generated_Source\PSoC4/blue_gatt.c ****         0x00u, 0x00u, 0x00u, 0x00u, 0x00u, 0x00u, 0x00u, 0x00u, 0x00u, 0x00u, 0x00u, 0x00u, 0x00u, 
  73:Generated_Source\PSoC4/blue_gatt.c ****         0x00u, 0x00u, 0x00u, 0x00u, 0x00u, 0x00u, 0x00u, 0x00u, 0x00u, 0x00u, 0x00u, 0x00u, 0x00u, 
  74:Generated_Source\PSoC4/blue_gatt.c ****         0x00u, 0x00u, 0x00u, 0x00u, 0x00u, 0x00u, 0x00u, 0x00u, 0x00u, 0x00u, 0x00u, 0x00u, 0x00u, 
  75:Generated_Source\PSoC4/blue_gatt.c ****         0x00u, 0x00u, 0x00u, 0x00u, 0x00u, 0x00u, 0x00u, 0x00u, 0x00u, 0x00u, 0x00u, 0x00u, 0x00u, 
  76:Generated_Source\PSoC4/blue_gatt.c ****         0x00u, 0x00u, 0x00u, 0x00u, 0x00u, 0x00u, 0x00u, 0x00u, 0x00u, 0x00u, 0x00u, 0x00u, 0x00u, 
  77:Generated_Source\PSoC4/blue_gatt.c ****         0x00u, 0x00u, 0x00u, 0x00u, 0x00u, 0x00u, 0x00u, 0x00u, 0x00u, 0x00u, 0x00u, 0x00u, 0x00u, 
  78:Generated_Source\PSoC4/blue_gatt.c ****         0x00u, 0x00u, 0x00u, 0x00u, 0x00u, 0x00u, 0x00u, 0x00u, 0x00u, 0x00u, 0x00u, 0x00u, 0x00u, 
  79:Generated_Source\PSoC4/blue_gatt.c ****         0x00u, 0x00u, 0x00u, 0x00u, 0x00u, 0x00u, 0x00u, 0x00u, 0x00u, 0x00u }, 
  80:Generated_Source\PSoC4/blue_gatt.c ****         {{
  81:Generated_Source\PSoC4/blue_gatt.c ****             0x00u, 0x00u,
  82:Generated_Source\PSoC4/blue_gatt.c ****             0x00u, 0x00u,
  83:Generated_Source\PSoC4/blue_gatt.c ****             0x00u, 0x00u,
  84:Generated_Source\PSoC4/blue_gatt.c ****             0x00u, 0x00u,
  85:Generated_Source\PSoC4/blue_gatt.c ****             0x00u, 0x00u,
  86:Generated_Source\PSoC4/blue_gatt.c ****             0x00u, 0x00u,
  87:Generated_Source\PSoC4/blue_gatt.c ****             0x00u, 0x00u,
  88:Generated_Source\PSoC4/blue_gatt.c ****             0x00u, 0x00u,
  89:Generated_Source\PSoC4/blue_gatt.c ****             0x00u, 0x00u,
  90:Generated_Source\PSoC4/blue_gatt.c ****             0x00u, 0x00u,
  91:Generated_Source\PSoC4/blue_gatt.c ****             0x00u, 0x00u,
ARM GAS  C:\Users\alexport\AppData\Local\Temp\ccKIFySF.s 			page 55


  92:Generated_Source\PSoC4/blue_gatt.c ****             0x00u, 0x00u,
  93:Generated_Source\PSoC4/blue_gatt.c ****             0x00u, 0x00u,
  94:Generated_Source\PSoC4/blue_gatt.c ****             0x00u, 0x00u,
  95:Generated_Source\PSoC4/blue_gatt.c ****             0x00u, 0x00u,
  96:Generated_Source\PSoC4/blue_gatt.c ****             0x00u, 0x00u,
  97:Generated_Source\PSoC4/blue_gatt.c ****             0x00u, 0x00u,
  98:Generated_Source\PSoC4/blue_gatt.c ****             0x00u, 0x00u,
  99:Generated_Source\PSoC4/blue_gatt.c ****             0x00u, 0x00u,
 100:Generated_Source\PSoC4/blue_gatt.c ****         },
 101:Generated_Source\PSoC4/blue_gatt.c ****         {
 102:Generated_Source\PSoC4/blue_gatt.c ****             0x00u, 0x00u,
 103:Generated_Source\PSoC4/blue_gatt.c ****             0x00u, 0x00u,
 104:Generated_Source\PSoC4/blue_gatt.c ****             0x00u, 0x00u,
 105:Generated_Source\PSoC4/blue_gatt.c ****             0x00u, 0x00u,
 106:Generated_Source\PSoC4/blue_gatt.c ****             0x00u, 0x00u,
 107:Generated_Source\PSoC4/blue_gatt.c ****             0x00u, 0x00u,
 108:Generated_Source\PSoC4/blue_gatt.c ****             0x00u, 0x00u,
 109:Generated_Source\PSoC4/blue_gatt.c ****             0x00u, 0x00u,
 110:Generated_Source\PSoC4/blue_gatt.c ****             0x00u, 0x00u,
 111:Generated_Source\PSoC4/blue_gatt.c ****             0x00u, 0x00u,
 112:Generated_Source\PSoC4/blue_gatt.c ****             0x00u, 0x00u,
 113:Generated_Source\PSoC4/blue_gatt.c ****             0x00u, 0x00u,
 114:Generated_Source\PSoC4/blue_gatt.c ****             0x00u, 0x00u,
 115:Generated_Source\PSoC4/blue_gatt.c ****             0x00u, 0x00u,
 116:Generated_Source\PSoC4/blue_gatt.c ****             0x00u, 0x00u,
 117:Generated_Source\PSoC4/blue_gatt.c ****             0x00u, 0x00u,
 118:Generated_Source\PSoC4/blue_gatt.c ****             0x00u, 0x00u,
 119:Generated_Source\PSoC4/blue_gatt.c ****             0x00u, 0x00u,
 120:Generated_Source\PSoC4/blue_gatt.c ****             0x00u, 0x00u,
 121:Generated_Source\PSoC4/blue_gatt.c ****         },
 122:Generated_Source\PSoC4/blue_gatt.c ****         {
 123:Generated_Source\PSoC4/blue_gatt.c ****             0x00u, 0x00u,
 124:Generated_Source\PSoC4/blue_gatt.c ****             0x00u, 0x00u,
 125:Generated_Source\PSoC4/blue_gatt.c ****             0x00u, 0x00u,
 126:Generated_Source\PSoC4/blue_gatt.c ****             0x00u, 0x00u,
 127:Generated_Source\PSoC4/blue_gatt.c ****             0x00u, 0x00u,
 128:Generated_Source\PSoC4/blue_gatt.c ****             0x00u, 0x00u,
 129:Generated_Source\PSoC4/blue_gatt.c ****             0x00u, 0x00u,
 130:Generated_Source\PSoC4/blue_gatt.c ****             0x00u, 0x00u,
 131:Generated_Source\PSoC4/blue_gatt.c ****             0x00u, 0x00u,
 132:Generated_Source\PSoC4/blue_gatt.c ****             0x00u, 0x00u,
 133:Generated_Source\PSoC4/blue_gatt.c ****             0x00u, 0x00u,
 134:Generated_Source\PSoC4/blue_gatt.c ****             0x00u, 0x00u,
 135:Generated_Source\PSoC4/blue_gatt.c ****             0x00u, 0x00u,
 136:Generated_Source\PSoC4/blue_gatt.c ****             0x00u, 0x00u,
 137:Generated_Source\PSoC4/blue_gatt.c ****             0x00u, 0x00u,
 138:Generated_Source\PSoC4/blue_gatt.c ****             0x00u, 0x00u,
 139:Generated_Source\PSoC4/blue_gatt.c ****             0x00u, 0x00u,
 140:Generated_Source\PSoC4/blue_gatt.c ****             0x00u, 0x00u,
 141:Generated_Source\PSoC4/blue_gatt.c ****             0x00u, 0x00u,
 142:Generated_Source\PSoC4/blue_gatt.c ****         },
 143:Generated_Source\PSoC4/blue_gatt.c ****         {
 144:Generated_Source\PSoC4/blue_gatt.c ****             0x00u, 0x00u,
 145:Generated_Source\PSoC4/blue_gatt.c ****             0x00u, 0x00u,
 146:Generated_Source\PSoC4/blue_gatt.c ****             0x00u, 0x00u,
 147:Generated_Source\PSoC4/blue_gatt.c ****             0x00u, 0x00u,
 148:Generated_Source\PSoC4/blue_gatt.c ****             0x00u, 0x00u,
ARM GAS  C:\Users\alexport\AppData\Local\Temp\ccKIFySF.s 			page 56


 149:Generated_Source\PSoC4/blue_gatt.c ****             0x00u, 0x00u,
 150:Generated_Source\PSoC4/blue_gatt.c ****             0x00u, 0x00u,
 151:Generated_Source\PSoC4/blue_gatt.c ****             0x00u, 0x00u,
 152:Generated_Source\PSoC4/blue_gatt.c ****             0x00u, 0x00u,
 153:Generated_Source\PSoC4/blue_gatt.c ****             0x00u, 0x00u,
 154:Generated_Source\PSoC4/blue_gatt.c ****             0x00u, 0x00u,
 155:Generated_Source\PSoC4/blue_gatt.c ****             0x00u, 0x00u,
 156:Generated_Source\PSoC4/blue_gatt.c ****             0x00u, 0x00u,
 157:Generated_Source\PSoC4/blue_gatt.c ****             0x00u, 0x00u,
 158:Generated_Source\PSoC4/blue_gatt.c ****             0x00u, 0x00u,
 159:Generated_Source\PSoC4/blue_gatt.c ****             0x00u, 0x00u,
 160:Generated_Source\PSoC4/blue_gatt.c ****             0x00u, 0x00u,
 161:Generated_Source\PSoC4/blue_gatt.c ****             0x00u, 0x00u,
 162:Generated_Source\PSoC4/blue_gatt.c ****             0x00u, 0x00u,
 163:Generated_Source\PSoC4/blue_gatt.c ****         },
 164:Generated_Source\PSoC4/blue_gatt.c ****         {
 165:Generated_Source\PSoC4/blue_gatt.c ****             0x00u, 0x00u,
 166:Generated_Source\PSoC4/blue_gatt.c ****             0x00u, 0x00u,
 167:Generated_Source\PSoC4/blue_gatt.c ****             0x00u, 0x00u,
 168:Generated_Source\PSoC4/blue_gatt.c ****             0x00u, 0x00u,
 169:Generated_Source\PSoC4/blue_gatt.c ****             0x00u, 0x00u,
 170:Generated_Source\PSoC4/blue_gatt.c ****             0x00u, 0x00u,
 171:Generated_Source\PSoC4/blue_gatt.c ****             0x00u, 0x00u,
 172:Generated_Source\PSoC4/blue_gatt.c ****             0x00u, 0x00u,
 173:Generated_Source\PSoC4/blue_gatt.c ****             0x00u, 0x00u,
 174:Generated_Source\PSoC4/blue_gatt.c ****             0x00u, 0x00u,
 175:Generated_Source\PSoC4/blue_gatt.c ****             0x00u, 0x00u,
 176:Generated_Source\PSoC4/blue_gatt.c ****             0x00u, 0x00u,
 177:Generated_Source\PSoC4/blue_gatt.c ****             0x00u, 0x00u,
 178:Generated_Source\PSoC4/blue_gatt.c ****             0x00u, 0x00u,
 179:Generated_Source\PSoC4/blue_gatt.c ****             0x00u, 0x00u,
 180:Generated_Source\PSoC4/blue_gatt.c ****             0x00u, 0x00u,
 181:Generated_Source\PSoC4/blue_gatt.c ****             0x00u, 0x00u,
 182:Generated_Source\PSoC4/blue_gatt.c ****             0x00u, 0x00u,
 183:Generated_Source\PSoC4/blue_gatt.c ****             0x00u, 0x00u,
 184:Generated_Source\PSoC4/blue_gatt.c ****         }}, 
 185:Generated_Source\PSoC4/blue_gatt.c ****         0x26u, /* CYBLE_GATT_DB_CCCD_COUNT */ 
 186:Generated_Source\PSoC4/blue_gatt.c ****         0x05u, /* CYBLE_GAP_MAX_BONDED_DEVICE */ 
 187:Generated_Source\PSoC4/blue_gatt.c ****     };
 188:Generated_Source\PSoC4/blue_gatt.c **** #endif /* (CYBLE_MODE_PROFILE) */
 189:Generated_Source\PSoC4/blue_gatt.c **** 
 190:Generated_Source\PSoC4/blue_gatt.c **** #endif  /* (CYBLE_MODE_PROFILE) && (CYBLE_BONDING_REQUIREMENT == CYBLE_BONDING_YES) */
 191:Generated_Source\PSoC4/blue_gatt.c **** 
 192:Generated_Source\PSoC4/blue_gatt.c **** #if(CYBLE_GATT_ROLE_SERVER)
 193:Generated_Source\PSoC4/blue_gatt.c ****     
 194:Generated_Source\PSoC4/blue_gatt.c ****     const CYBLE_GATTS_T cyBle_gatts =
 195:Generated_Source\PSoC4/blue_gatt.c **** {
 196:Generated_Source\PSoC4/blue_gatt.c ****     0x000Cu,    /* Handle of the GATT service */
 197:Generated_Source\PSoC4/blue_gatt.c ****     0x000Eu,    /* Handle of the Service Changed characteristic */
 198:Generated_Source\PSoC4/blue_gatt.c ****     0x000Fu,    /* Handle of the Client Characteristic Configuration descriptor */
 199:Generated_Source\PSoC4/blue_gatt.c **** };
 200:Generated_Source\PSoC4/blue_gatt.c ****     
 201:Generated_Source\PSoC4/blue_gatt.c ****     static uint8 cyBle_attValues[0x0242u] = {
 202:Generated_Source\PSoC4/blue_gatt.c ****     /* Device Name */
 203:Generated_Source\PSoC4/blue_gatt.c ****     (uint8)'L', (uint8)'A', (uint8)'N', (uint8)'C', (uint8)'E', (uint8)' ', (uint8)'T', (uint8)'O',
 204:Generated_Source\PSoC4/blue_gatt.c ****     (uint8)'P', (uint8)'S', (uint8)' ', (uint8)'2', (uint8)'3', (uint8)'4', (uint8)'5', (uint8)'6',
 205:Generated_Source\PSoC4/blue_gatt.c ****     (uint8)'8', (uint8)'9', (uint8)'0',
ARM GAS  C:\Users\alexport\AppData\Local\Temp\ccKIFySF.s 			page 57


 206:Generated_Source\PSoC4/blue_gatt.c **** 
 207:Generated_Source\PSoC4/blue_gatt.c ****     /* Appearance */
 208:Generated_Source\PSoC4/blue_gatt.c ****     0x00u, 0x00u,
 209:Generated_Source\PSoC4/blue_gatt.c **** 
 210:Generated_Source\PSoC4/blue_gatt.c ****     /* Peripheral Preferred Connection Parameters */
 211:Generated_Source\PSoC4/blue_gatt.c ****     0x28u, 0x00u, 0x38u, 0x00u, 0x00u, 0x00u, 0x1Eu, 0x00u,
 212:Generated_Source\PSoC4/blue_gatt.c **** 
 213:Generated_Source\PSoC4/blue_gatt.c ****     /* Central Address Resolution */
 214:Generated_Source\PSoC4/blue_gatt.c ****     0x00u,
 215:Generated_Source\PSoC4/blue_gatt.c **** 
 216:Generated_Source\PSoC4/blue_gatt.c ****     /* Resolvable Private Address Only */
 217:Generated_Source\PSoC4/blue_gatt.c ****     0x00u,
 218:Generated_Source\PSoC4/blue_gatt.c **** 
 219:Generated_Source\PSoC4/blue_gatt.c ****     /* Service Changed */
 220:Generated_Source\PSoC4/blue_gatt.c ****     0x00u, 0x00u, 0x00u, 0x00u,
 221:Generated_Source\PSoC4/blue_gatt.c **** 
 222:Generated_Source\PSoC4/blue_gatt.c ****     /* SYS_REMOTE */
 223:Generated_Source\PSoC4/blue_gatt.c ****     0x00u,
 224:Generated_Source\PSoC4/blue_gatt.c **** 
 225:Generated_Source\PSoC4/blue_gatt.c ****     /* Characteristic User Description */
 226:Generated_Source\PSoC4/blue_gatt.c ****     (uint8)'S', (uint8)'Y', (uint8)'S', (uint8)'_', (uint8)'R', (uint8)'E', (uint8)'M', (uint8)'O',
 227:Generated_Source\PSoC4/blue_gatt.c ****     (uint8)'E',
 228:Generated_Source\PSoC4/blue_gatt.c **** 
 229:Generated_Source\PSoC4/blue_gatt.c ****     /* SYS_READING */
 230:Generated_Source\PSoC4/blue_gatt.c ****     0x00u, 0x00u, 0x00u, 0x00u,
 231:Generated_Source\PSoC4/blue_gatt.c **** 
 232:Generated_Source\PSoC4/blue_gatt.c ****     /* Characteristic User Description */
 233:Generated_Source\PSoC4/blue_gatt.c ****     (uint8)'S', (uint8)'Y', (uint8)'S', (uint8)'_', (uint8)'R', (uint8)'E', (uint8)'A', (uint8)'D',
 234:Generated_Source\PSoC4/blue_gatt.c ****     (uint8)'N', (uint8)'G',
 235:Generated_Source\PSoC4/blue_gatt.c **** 
 236:Generated_Source\PSoC4/blue_gatt.c ****     /* SYS_STATUS */
 237:Generated_Source\PSoC4/blue_gatt.c ****     0x00u, 0x00u,
 238:Generated_Source\PSoC4/blue_gatt.c **** 
 239:Generated_Source\PSoC4/blue_gatt.c ****     /* Characteristic User Description */
 240:Generated_Source\PSoC4/blue_gatt.c ****     (uint8)'S', (uint8)'Y', (uint8)'S', (uint8)'_', (uint8)'S', (uint8)'T', (uint8)'A', (uint8)'T',
 241:Generated_Source\PSoC4/blue_gatt.c ****     (uint8)'S',
 242:Generated_Source\PSoC4/blue_gatt.c **** 
 243:Generated_Source\PSoC4/blue_gatt.c ****     /* SYS_CAN_CHAN */
 244:Generated_Source\PSoC4/blue_gatt.c ****     0x00u,
 245:Generated_Source\PSoC4/blue_gatt.c **** 
 246:Generated_Source\PSoC4/blue_gatt.c ****     /* Characteristic User Description */
 247:Generated_Source\PSoC4/blue_gatt.c ****     (uint8)'S', (uint8)'Y', (uint8)'S', (uint8)'_', (uint8)'C', (uint8)'A', (uint8)'N', (uint8)'_',
 248:Generated_Source\PSoC4/blue_gatt.c ****     (uint8)'H', (uint8)'A', (uint8)'N',
 249:Generated_Source\PSoC4/blue_gatt.c **** 
 250:Generated_Source\PSoC4/blue_gatt.c ****     /* SYS_CAN_ID */
 251:Generated_Source\PSoC4/blue_gatt.c ****     0x00u,
 252:Generated_Source\PSoC4/blue_gatt.c **** 
 253:Generated_Source\PSoC4/blue_gatt.c ****     /* Characteristic User Description */
 254:Generated_Source\PSoC4/blue_gatt.c ****     (uint8)'S', (uint8)'Y', (uint8)'S', (uint8)'_', (uint8)'C', (uint8)'A', (uint8)'N', (uint8)'_',
 255:Generated_Source\PSoC4/blue_gatt.c ****     (uint8)'D',
 256:Generated_Source\PSoC4/blue_gatt.c **** 
 257:Generated_Source\PSoC4/blue_gatt.c ****     /* SYS_CAL_LOOP */
 258:Generated_Source\PSoC4/blue_gatt.c ****     0x00u, 0x00u,
 259:Generated_Source\PSoC4/blue_gatt.c **** 
 260:Generated_Source\PSoC4/blue_gatt.c ****     /* Characteristic User Description */
 261:Generated_Source\PSoC4/blue_gatt.c ****     (uint8)'S', (uint8)'Y', (uint8)'S', (uint8)'_', (uint8)'C', (uint8)'A', (uint8)'L', (uint8)'_',
 262:Generated_Source\PSoC4/blue_gatt.c ****     (uint8)'O', (uint8)'O', (uint8)'P',
ARM GAS  C:\Users\alexport\AppData\Local\Temp\ccKIFySF.s 			page 58


 263:Generated_Source\PSoC4/blue_gatt.c **** 
 264:Generated_Source\PSoC4/blue_gatt.c ****     /* SYS_ADC */
 265:Generated_Source\PSoC4/blue_gatt.c ****     0x00u, 0x00u,
 266:Generated_Source\PSoC4/blue_gatt.c **** 
 267:Generated_Source\PSoC4/blue_gatt.c ****     /* Characteristic User Description */
 268:Generated_Source\PSoC4/blue_gatt.c ****     (uint8)'S', (uint8)'Y', (uint8)'S', (uint8)'_', (uint8)'A', (uint8)'D', (uint8)'C',
 269:Generated_Source\PSoC4/blue_gatt.c **** 
 270:Generated_Source\PSoC4/blue_gatt.c ****     /* SYS_ALERT_1 */
 271:Generated_Source\PSoC4/blue_gatt.c ****     0x00u, 0x00u,
 272:Generated_Source\PSoC4/blue_gatt.c **** 
 273:Generated_Source\PSoC4/blue_gatt.c ****     /* Characteristic User Description */
 274:Generated_Source\PSoC4/blue_gatt.c ****     (uint8)'S', (uint8)'Y', (uint8)'S', (uint8)'_', (uint8)'A', (uint8)'L', (uint8)'E', (uint8)'R',
 275:Generated_Source\PSoC4/blue_gatt.c ****     (uint8)'_', (uint8)'1',
 276:Generated_Source\PSoC4/blue_gatt.c **** 
 277:Generated_Source\PSoC4/blue_gatt.c ****     /* SYS_ALERT_2 */
 278:Generated_Source\PSoC4/blue_gatt.c ****     0x00u, 0x00u,
 279:Generated_Source\PSoC4/blue_gatt.c **** 
 280:Generated_Source\PSoC4/blue_gatt.c ****     /* Characteristic User Description */
 281:Generated_Source\PSoC4/blue_gatt.c ****     (uint8)'S', (uint8)'Y', (uint8)'S', (uint8)'_', (uint8)'A', (uint8)'L', (uint8)'E', (uint8)'R',
 282:Generated_Source\PSoC4/blue_gatt.c ****     (uint8)'_', (uint8)'2',
 283:Generated_Source\PSoC4/blue_gatt.c **** 
 284:Generated_Source\PSoC4/blue_gatt.c ****     /* SYS_ALERT_1_ASC */
 285:Generated_Source\PSoC4/blue_gatt.c ****     0x00u, 0x00u,
 286:Generated_Source\PSoC4/blue_gatt.c **** 
 287:Generated_Source\PSoC4/blue_gatt.c ****     /* Characteristic User Description */
 288:Generated_Source\PSoC4/blue_gatt.c ****     (uint8)'S', (uint8)'Y', (uint8)'S', (uint8)'_', (uint8)'A', (uint8)'L', (uint8)'E', (uint8)'R',
 289:Generated_Source\PSoC4/blue_gatt.c ****     (uint8)'_', (uint8)'1', (uint8)'_', (uint8)'A', (uint8)'S', (uint8)'C',
 290:Generated_Source\PSoC4/blue_gatt.c **** 
 291:Generated_Source\PSoC4/blue_gatt.c ****     /* SYS_ALERT_2_ASC */
 292:Generated_Source\PSoC4/blue_gatt.c ****     0x00u, 0x00u,
 293:Generated_Source\PSoC4/blue_gatt.c **** 
 294:Generated_Source\PSoC4/blue_gatt.c ****     /* Characteristic User Description */
 295:Generated_Source\PSoC4/blue_gatt.c ****     (uint8)'S', (uint8)'Y', (uint8)'S', (uint8)'_', (uint8)'A', (uint8)'L', (uint8)'E', (uint8)'R',
 296:Generated_Source\PSoC4/blue_gatt.c ****     (uint8)'_', (uint8)'2', (uint8)'_', (uint8)'A', (uint8)'S', (uint8)'C',
 297:Generated_Source\PSoC4/blue_gatt.c **** 
 298:Generated_Source\PSoC4/blue_gatt.c ****     /* SYS_FRACTIONAL */
 299:Generated_Source\PSoC4/blue_gatt.c ****     0x00u, 0x00u,
 300:Generated_Source\PSoC4/blue_gatt.c **** 
 301:Generated_Source\PSoC4/blue_gatt.c ****     /* Characteristic User Description */
 302:Generated_Source\PSoC4/blue_gatt.c ****     (uint8)'S', (uint8)'Y', (uint8)'S', (uint8)'_', (uint8)'F', (uint8)'R', (uint8)'A', (uint8)'C',
 303:Generated_Source\PSoC4/blue_gatt.c ****     (uint8)'I', (uint8)'O', (uint8)'N', (uint8)'A', (uint8)'L',
 304:Generated_Source\PSoC4/blue_gatt.c **** 
 305:Generated_Source\PSoC4/blue_gatt.c ****     /* Manufacturer Name String */
 306:Generated_Source\PSoC4/blue_gatt.c ****     (uint8)'S', (uint8)'a', (uint8)'f', (uint8)'e', (uint8)'g', (uint8)'u', (uint8)'a', (uint8)'r',
 307:Generated_Source\PSoC4/blue_gatt.c ****     (uint8)' ', (uint8)'A', (uint8)'n', (uint8)'a', (uint8)'l', (uint8)'y', (uint8)'t', (uint8)'i',
 308:Generated_Source\PSoC4/blue_gatt.c ****     (uint8)'s',
 309:Generated_Source\PSoC4/blue_gatt.c **** 
 310:Generated_Source\PSoC4/blue_gatt.c ****     /* Model Number String */
 311:Generated_Source\PSoC4/blue_gatt.c ****     (uint8)'S', (uint8)'A', (uint8)'-', (uint8)'1', (uint8)'0', (uint8)'0',
 312:Generated_Source\PSoC4/blue_gatt.c **** 
 313:Generated_Source\PSoC4/blue_gatt.c ****     /* Serial Number String */
 314:Generated_Source\PSoC4/blue_gatt.c ****     (uint8)'S', (uint8)'N', (uint8)'0', (uint8)'0', (uint8)'1', (uint8)'\0', (uint8)'\0', (uint8)'\
 315:Generated_Source\PSoC4/blue_gatt.c ****     (uint8)'\0', (uint8)'\0', (uint8)'\0',
 316:Generated_Source\PSoC4/blue_gatt.c **** 
 317:Generated_Source\PSoC4/blue_gatt.c ****     /* Hardware Revision String */
 318:Generated_Source\PSoC4/blue_gatt.c ****     (uint8)' ', (uint8)' ', (uint8)'R', (uint8)'2',
 319:Generated_Source\PSoC4/blue_gatt.c **** 
ARM GAS  C:\Users\alexport\AppData\Local\Temp\ccKIFySF.s 			page 59


 320:Generated_Source\PSoC4/blue_gatt.c ****     /* Firmware Revision String */
 321:Generated_Source\PSoC4/blue_gatt.c ****     (uint8)'F', (uint8)'W', (uint8)'0', (uint8)'1',
 322:Generated_Source\PSoC4/blue_gatt.c **** 
 323:Generated_Source\PSoC4/blue_gatt.c ****     /* Software Revision String */
 324:Generated_Source\PSoC4/blue_gatt.c ****     (uint8)'N', (uint8)'A',
 325:Generated_Source\PSoC4/blue_gatt.c **** 
 326:Generated_Source\PSoC4/blue_gatt.c ****     /* System ID */
 327:Generated_Source\PSoC4/blue_gatt.c ****     0x00u, 0x00u, 0x00u, 0x00u, 0x00u, 0x00u, 0x00u, 0x00u,
 328:Generated_Source\PSoC4/blue_gatt.c **** 
 329:Generated_Source\PSoC4/blue_gatt.c ****     /* IEEE 11073-20601 Regulatory Certification Data List */
 330:Generated_Source\PSoC4/blue_gatt.c ****     0x00u,
 331:Generated_Source\PSoC4/blue_gatt.c **** 
 332:Generated_Source\PSoC4/blue_gatt.c ****     /* PnP ID */
 333:Generated_Source\PSoC4/blue_gatt.c ****     0x01u, 0x00u, 0x00u, 0x00u, 0x00u, 0x00u, 0x00u,
 334:Generated_Source\PSoC4/blue_gatt.c **** 
 335:Generated_Source\PSoC4/blue_gatt.c ****     /* PIN */
 336:Generated_Source\PSoC4/blue_gatt.c ****     (uint8)'0', (uint8)'0', (uint8)'0', (uint8)'0',
 337:Generated_Source\PSoC4/blue_gatt.c **** 
 338:Generated_Source\PSoC4/blue_gatt.c ****     /* Characteristic User Description */
 339:Generated_Source\PSoC4/blue_gatt.c ****     (uint8)'P', (uint8)'I', (uint8)'N',
 340:Generated_Source\PSoC4/blue_gatt.c **** 
 341:Generated_Source\PSoC4/blue_gatt.c ****     /* SENSOR_TYPE */
 342:Generated_Source\PSoC4/blue_gatt.c ****     0x00u,
 343:Generated_Source\PSoC4/blue_gatt.c **** 
 344:Generated_Source\PSoC4/blue_gatt.c ****     /* Characteristic User Description */
 345:Generated_Source\PSoC4/blue_gatt.c ****     (uint8)'S', (uint8)'E', (uint8)'N', (uint8)'S', (uint8)'O', (uint8)'R', (uint8)'_', (uint8)'T',
 346:Generated_Source\PSoC4/blue_gatt.c ****     (uint8)'P', (uint8)'E',
 347:Generated_Source\PSoC4/blue_gatt.c **** 
 348:Generated_Source\PSoC4/blue_gatt.c ****     /* SENSOR_RANGE */
 349:Generated_Source\PSoC4/blue_gatt.c ****     0x00u, 0x00u,
 350:Generated_Source\PSoC4/blue_gatt.c **** 
 351:Generated_Source\PSoC4/blue_gatt.c ****     /* Characteristic User Description */
 352:Generated_Source\PSoC4/blue_gatt.c ****     (uint8)'S', (uint8)'E', (uint8)'N', (uint8)'S', (uint8)'O', (uint8)'R', (uint8)'_', (uint8)'R',
 353:Generated_Source\PSoC4/blue_gatt.c ****     (uint8)'N', (uint8)'G', (uint8)'E',
 354:Generated_Source\PSoC4/blue_gatt.c **** 
 355:Generated_Source\PSoC4/blue_gatt.c ****     /* SENSOR_GAS_NOTE */
 356:Generated_Source\PSoC4/blue_gatt.c ****     (uint8)'T', (uint8)'Y', (uint8)'P', (uint8)'U', (uint8)'N', (uint8)'K', (uint8)'N', (uint8)'O',
 357:Generated_Source\PSoC4/blue_gatt.c ****     (uint8)'N',
 358:Generated_Source\PSoC4/blue_gatt.c **** 
 359:Generated_Source\PSoC4/blue_gatt.c ****     /* Characteristic User Description */
 360:Generated_Source\PSoC4/blue_gatt.c ****     (uint8)'S', (uint8)'E', (uint8)'N', (uint8)'S', (uint8)'O', (uint8)'R', (uint8)'_', (uint8)'G',
 361:Generated_Source\PSoC4/blue_gatt.c ****     (uint8)'S', (uint8)'_', (uint8)'N', (uint8)'O', (uint8)'T', (uint8)'E',
 362:Generated_Source\PSoC4/blue_gatt.c **** 
 363:Generated_Source\PSoC4/blue_gatt.c ****     /* SENSOR_TAG */
 364:Generated_Source\PSoC4/blue_gatt.c ****     (uint8)'S', (uint8)'A', (uint8)'F', (uint8)'E', (uint8)'G', (uint8)'U', (uint8)'A', (uint8)'R',
 365:Generated_Source\PSoC4/blue_gatt.c ****     (uint8)' ', (uint8)'A', (uint8)'N', (uint8)'A', (uint8)'L', (uint8)'Y', (uint8)'T', (uint8)'I',
 366:Generated_Source\PSoC4/blue_gatt.c ****     (uint8)'S',
 367:Generated_Source\PSoC4/blue_gatt.c **** 
 368:Generated_Source\PSoC4/blue_gatt.c ****     /* Characteristic User Description */
 369:Generated_Source\PSoC4/blue_gatt.c ****     (uint8)'S', (uint8)'E', (uint8)'N', (uint8)'S', (uint8)'O', (uint8)'R', (uint8)'_', (uint8)'T',
 370:Generated_Source\PSoC4/blue_gatt.c ****     (uint8)'G',
 371:Generated_Source\PSoC4/blue_gatt.c **** 
 372:Generated_Source\PSoC4/blue_gatt.c ****     /* SENSOR_TEMPERATURE */
 373:Generated_Source\PSoC4/blue_gatt.c ****     0x00u,
 374:Generated_Source\PSoC4/blue_gatt.c **** 
 375:Generated_Source\PSoC4/blue_gatt.c ****     /* Characteristic User Description */
 376:Generated_Source\PSoC4/blue_gatt.c ****     (uint8)'S', (uint8)'E', (uint8)'N', (uint8)'S', (uint8)'O', (uint8)'R', (uint8)'_', (uint8)'T',
ARM GAS  C:\Users\alexport\AppData\Local\Temp\ccKIFySF.s 			page 60


 377:Generated_Source\PSoC4/blue_gatt.c ****     (uint8)'M', (uint8)'P', (uint8)'E', (uint8)'R', (uint8)'A', (uint8)'T', (uint8)'U', (uint8)'R',
 378:Generated_Source\PSoC4/blue_gatt.c **** 
 379:Generated_Source\PSoC4/blue_gatt.c ****     /* SENSOR_CAL_LEVEL */
 380:Generated_Source\PSoC4/blue_gatt.c ****     0x00u, 0x00u,
 381:Generated_Source\PSoC4/blue_gatt.c **** 
 382:Generated_Source\PSoC4/blue_gatt.c ****     /* Characteristic User Description */
 383:Generated_Source\PSoC4/blue_gatt.c ****     (uint8)'S', (uint8)'E', (uint8)'N', (uint8)'S', (uint8)'O', (uint8)'R', (uint8)'_', (uint8)'C',
 384:Generated_Source\PSoC4/blue_gatt.c ****     (uint8)'L', (uint8)'_', (uint8)'L', (uint8)'E', (uint8)'V', (uint8)'E', (uint8)'L',
 385:Generated_Source\PSoC4/blue_gatt.c **** 
 386:Generated_Source\PSoC4/blue_gatt.c ****     /* CAL_Z_COUNTS */
 387:Generated_Source\PSoC4/blue_gatt.c ****     0x00u, 0x00u,
 388:Generated_Source\PSoC4/blue_gatt.c **** 
 389:Generated_Source\PSoC4/blue_gatt.c ****     /* Characteristic User Description */
 390:Generated_Source\PSoC4/blue_gatt.c ****     (uint8)'C', (uint8)'A', (uint8)'L', (uint8)'_', (uint8)'Z', (uint8)'_', (uint8)'C', (uint8)'O',
 391:Generated_Source\PSoC4/blue_gatt.c ****     (uint8)'N', (uint8)'T', (uint8)'S',
 392:Generated_Source\PSoC4/blue_gatt.c **** 
 393:Generated_Source\PSoC4/blue_gatt.c ****     /* ZERO_READING */
 394:Generated_Source\PSoC4/blue_gatt.c ****     0x00u, 0x00u,
 395:Generated_Source\PSoC4/blue_gatt.c **** 
 396:Generated_Source\PSoC4/blue_gatt.c ****     /* Characteristic User Description */
 397:Generated_Source\PSoC4/blue_gatt.c ****     (uint8)'Z', (uint8)'E', (uint8)'R', (uint8)'O', (uint8)'_', (uint8)'R', (uint8)'E', (uint8)'A',
 398:Generated_Source\PSoC4/blue_gatt.c ****     (uint8)'I', (uint8)'N', (uint8)'G',
 399:Generated_Source\PSoC4/blue_gatt.c **** 
 400:Generated_Source\PSoC4/blue_gatt.c ****     /* CAL_ZERO_ERROR */
 401:Generated_Source\PSoC4/blue_gatt.c ****     0x00u,
 402:Generated_Source\PSoC4/blue_gatt.c **** 
 403:Generated_Source\PSoC4/blue_gatt.c ****     /* Characteristic User Description */
 404:Generated_Source\PSoC4/blue_gatt.c ****     (uint8)'C', (uint8)'A', (uint8)'L', (uint8)'_', (uint8)'Z', (uint8)'E', (uint8)'R', (uint8)'O',
 405:Generated_Source\PSoC4/blue_gatt.c ****     (uint8)'E', (uint8)'R', (uint8)'R', (uint8)'O', (uint8)'R',
 406:Generated_Source\PSoC4/blue_gatt.c **** 
 407:Generated_Source\PSoC4/blue_gatt.c ****     /* CAL_STEP */
 408:Generated_Source\PSoC4/blue_gatt.c ****     0x00u,
 409:Generated_Source\PSoC4/blue_gatt.c **** 
 410:Generated_Source\PSoC4/blue_gatt.c ****     /* Characteristic User Description */
 411:Generated_Source\PSoC4/blue_gatt.c ****     (uint8)'C', (uint8)'A', (uint8)'L', (uint8)'_', (uint8)'S', (uint8)'T', (uint8)'E', (uint8)'P',
 412:Generated_Source\PSoC4/blue_gatt.c **** 
 413:Generated_Source\PSoC4/blue_gatt.c ****     /* CAL_SPEED */
 414:Generated_Source\PSoC4/blue_gatt.c ****     0x00u, 0x00u,
 415:Generated_Source\PSoC4/blue_gatt.c **** 
 416:Generated_Source\PSoC4/blue_gatt.c ****     /* Characteristic User Description */
 417:Generated_Source\PSoC4/blue_gatt.c ****     (uint8)'C', (uint8)'A', (uint8)'L', (uint8)'_', (uint8)'S', (uint8)'P', (uint8)'E', (uint8)'E',
 418:Generated_Source\PSoC4/blue_gatt.c **** 
 419:Generated_Source\PSoC4/blue_gatt.c ****     /* CAL_AS_FOUND */
 420:Generated_Source\PSoC4/blue_gatt.c ****     0x00u,
 421:Generated_Source\PSoC4/blue_gatt.c **** 
 422:Generated_Source\PSoC4/blue_gatt.c ****     /* Characteristic User Description */
 423:Generated_Source\PSoC4/blue_gatt.c ****     (uint8)'C', (uint8)'A', (uint8)'L', (uint8)'_', (uint8)'A', (uint8)'S', (uint8)'_', (uint8)'F',
 424:Generated_Source\PSoC4/blue_gatt.c ****     (uint8)'U', (uint8)'N', (uint8)'D',
 425:Generated_Source\PSoC4/blue_gatt.c **** 
 426:Generated_Source\PSoC4/blue_gatt.c ****     /* CAL_ADJUSTED */
 427:Generated_Source\PSoC4/blue_gatt.c ****     0x00u,
 428:Generated_Source\PSoC4/blue_gatt.c **** 
 429:Generated_Source\PSoC4/blue_gatt.c ****     /* Characteristic User Description */
 430:Generated_Source\PSoC4/blue_gatt.c ****     (uint8)'C', (uint8)'A', (uint8)'L', (uint8)'_', (uint8)'A', (uint8)'D', (uint8)'J', (uint8)'U',
 431:Generated_Source\PSoC4/blue_gatt.c ****     (uint8)'T', (uint8)'E', (uint8)'D',
 432:Generated_Source\PSoC4/blue_gatt.c **** 
 433:Generated_Source\PSoC4/blue_gatt.c ****     /* CAL_COUNTS */
ARM GAS  C:\Users\alexport\AppData\Local\Temp\ccKIFySF.s 			page 61


 434:Generated_Source\PSoC4/blue_gatt.c ****     0x00u, 0x00u,
 435:Generated_Source\PSoC4/blue_gatt.c **** 
 436:Generated_Source\PSoC4/blue_gatt.c ****     /* Characteristic User Description */
 437:Generated_Source\PSoC4/blue_gatt.c ****     (uint8)'C', (uint8)'A', (uint8)'L', (uint8)'_', (uint8)'C', (uint8)'O', (uint8)'U', (uint8)'N',
 438:Generated_Source\PSoC4/blue_gatt.c ****     (uint8)'S',
 439:Generated_Source\PSoC4/blue_gatt.c **** 
 440:Generated_Source\PSoC4/blue_gatt.c ****     /* SENSOR_LIFE */
 441:Generated_Source\PSoC4/blue_gatt.c ****     0x00u,
 442:Generated_Source\PSoC4/blue_gatt.c **** 
 443:Generated_Source\PSoC4/blue_gatt.c ****     /* Characteristic User Description */
 444:Generated_Source\PSoC4/blue_gatt.c ****     (uint8)'S', (uint8)'E', (uint8)'N', (uint8)'S', (uint8)'O', (uint8)'R', (uint8)'_', (uint8)'L',
 445:Generated_Source\PSoC4/blue_gatt.c ****     (uint8)'F', (uint8)'E',
 446:Generated_Source\PSoC4/blue_gatt.c **** 
 447:Generated_Source\PSoC4/blue_gatt.c ****     /* CAL_CLEARING */
 448:Generated_Source\PSoC4/blue_gatt.c ****     0x00u, 0x00u,
 449:Generated_Source\PSoC4/blue_gatt.c **** 
 450:Generated_Source\PSoC4/blue_gatt.c ****     /* Characteristic User Description */
 451:Generated_Source\PSoC4/blue_gatt.c ****     (uint8)'C', (uint8)'A', (uint8)'L', (uint8)'_', (uint8)'C', (uint8)'L', (uint8)'E', (uint8)'A',
 452:Generated_Source\PSoC4/blue_gatt.c ****     (uint8)'I', (uint8)'N', (uint8)'G',
 453:Generated_Source\PSoC4/blue_gatt.c **** 
 454:Generated_Source\PSoC4/blue_gatt.c ****     /* CAL_SPAN_ERROR */
 455:Generated_Source\PSoC4/blue_gatt.c ****     0x00u,
 456:Generated_Source\PSoC4/blue_gatt.c **** 
 457:Generated_Source\PSoC4/blue_gatt.c ****     /* Characteristic User Description */
 458:Generated_Source\PSoC4/blue_gatt.c ****     (uint8)'C', (uint8)'A', (uint8)'L', (uint8)'_', (uint8)'S', (uint8)'P', (uint8)'A', (uint8)'N',
 459:Generated_Source\PSoC4/blue_gatt.c ****     (uint8)'E', (uint8)'R', (uint8)'R', (uint8)'O', (uint8)'R',
 460:Generated_Source\PSoC4/blue_gatt.c **** 
 461:Generated_Source\PSoC4/blue_gatt.c ****     /* CALIBRATION_STATUS */
 462:Generated_Source\PSoC4/blue_gatt.c ****     0x00u, 0x00u,
 463:Generated_Source\PSoC4/blue_gatt.c **** 
 464:Generated_Source\PSoC4/blue_gatt.c ****     /* Characteristic User Description */
 465:Generated_Source\PSoC4/blue_gatt.c ****     (uint8)'C', (uint8)'A', (uint8)'L', (uint8)'I', (uint8)'B', (uint8)'R', (uint8)'A', (uint8)'T',
 466:Generated_Source\PSoC4/blue_gatt.c ****     (uint8)'O', (uint8)'N', (uint8)'_', (uint8)'S', (uint8)'T', (uint8)'A', (uint8)'T', (uint8)'U',
 467:Generated_Source\PSoC4/blue_gatt.c **** 
 468:Generated_Source\PSoC4/blue_gatt.c ****     /* READING_SCALED */
 469:Generated_Source\PSoC4/blue_gatt.c ****     0x00u, 0x00u, 0x00u, 0x00u,
 470:Generated_Source\PSoC4/blue_gatt.c **** 
 471:Generated_Source\PSoC4/blue_gatt.c ****     /* Characteristic User Description */
 472:Generated_Source\PSoC4/blue_gatt.c ****     (uint8)'R', (uint8)'E', (uint8)'A', (uint8)'D', (uint8)'I', (uint8)'N', (uint8)'G', (uint8)'_',
 473:Generated_Source\PSoC4/blue_gatt.c ****     (uint8)'C', (uint8)'A', (uint8)'L', (uint8)'E', (uint8)'D',
 474:Generated_Source\PSoC4/blue_gatt.c **** 
 475:Generated_Source\PSoC4/blue_gatt.c ****     /* ALERT_STATUS */
 476:Generated_Source\PSoC4/blue_gatt.c ****     0x00u,
 477:Generated_Source\PSoC4/blue_gatt.c **** 
 478:Generated_Source\PSoC4/blue_gatt.c ****     /* Characteristic User Description */
 479:Generated_Source\PSoC4/blue_gatt.c ****     (uint8)'A', (uint8)'L', (uint8)'E', (uint8)'R', (uint8)'T', (uint8)'_', (uint8)'S', (uint8)'T',
 480:Generated_Source\PSoC4/blue_gatt.c ****     (uint8)'T', (uint8)'U', (uint8)'S',
 481:Generated_Source\PSoC4/blue_gatt.c **** 
 482:Generated_Source\PSoC4/blue_gatt.c **** };
 483:Generated_Source\PSoC4/blue_gatt.c **** #if(CYBLE_GATT_DB_CCCD_COUNT != 0u)
 484:Generated_Source\PSoC4/blue_gatt.c **** uint8 cyBle_attValuesCCCD[CYBLE_GATT_DB_CCCD_COUNT];
 485:Generated_Source\PSoC4/blue_gatt.c **** #endif /* CYBLE_GATT_DB_CCCD_COUNT != 0u */
 486:Generated_Source\PSoC4/blue_gatt.c **** 
 487:Generated_Source\PSoC4/blue_gatt.c **** CYBLE_GATTS_ATT_GEN_VAL_LEN_T cyBle_attValuesLen[CYBLE_GATT_DB_ATT_VAL_COUNT] = {
 488:Generated_Source\PSoC4/blue_gatt.c ****     { 0x0015u, (void *)&cyBle_attValues[0] }, /* Device Name */
 489:Generated_Source\PSoC4/blue_gatt.c ****     { 0x0002u, (void *)&cyBle_attValues[21] }, /* Appearance */
 490:Generated_Source\PSoC4/blue_gatt.c ****     { 0x0008u, (void *)&cyBle_attValues[23] }, /* Peripheral Preferred Connection Parameters */
ARM GAS  C:\Users\alexport\AppData\Local\Temp\ccKIFySF.s 			page 62


 491:Generated_Source\PSoC4/blue_gatt.c ****     { 0x0001u, (void *)&cyBle_attValues[31] }, /* Central Address Resolution */
 492:Generated_Source\PSoC4/blue_gatt.c ****     { 0x0001u, (void *)&cyBle_attValues[32] }, /* Resolvable Private Address Only */
 493:Generated_Source\PSoC4/blue_gatt.c ****     { 0x0004u, (void *)&cyBle_attValues[33] }, /* Service Changed */
 494:Generated_Source\PSoC4/blue_gatt.c ****     { 0x0002u, (void *)&cyBle_attValuesCCCD[0] }, /* Client Characteristic Configuration */
 495:Generated_Source\PSoC4/blue_gatt.c ****     { 0x0001u, (void *)&cyBle_attValues[37] }, /* SYS_REMOTE */
 496:Generated_Source\PSoC4/blue_gatt.c ****     { 0x000Au, (void *)&cyBle_attValues[38] }, /* Characteristic User Description */
 497:Generated_Source\PSoC4/blue_gatt.c ****     { 0x0002u, (void *)&cyBle_attValuesCCCD[2] }, /* Client Characteristic Configuration */
 498:Generated_Source\PSoC4/blue_gatt.c ****     { 0x0004u, (void *)&cyBle_attValues[48] }, /* SYS_READING */
 499:Generated_Source\PSoC4/blue_gatt.c ****     { 0x000Bu, (void *)&cyBle_attValues[52] }, /* Characteristic User Description */
 500:Generated_Source\PSoC4/blue_gatt.c ****     { 0x0002u, (void *)&cyBle_attValuesCCCD[4] }, /* SYS_READING_CCCD */
 501:Generated_Source\PSoC4/blue_gatt.c ****     { 0x0002u, (void *)&cyBle_attValues[63] }, /* SYS_STATUS */
 502:Generated_Source\PSoC4/blue_gatt.c ****     { 0x000Au, (void *)&cyBle_attValues[65] }, /* Characteristic User Description */
 503:Generated_Source\PSoC4/blue_gatt.c ****     { 0x0002u, (void *)&cyBle_attValuesCCCD[6] }, /* Client Characteristic Configuration */
 504:Generated_Source\PSoC4/blue_gatt.c ****     { 0x0001u, (void *)&cyBle_attValues[75] }, /* SYS_CAN_CHAN */
 505:Generated_Source\PSoC4/blue_gatt.c ****     { 0x000Cu, (void *)&cyBle_attValues[76] }, /* Characteristic User Description */
 506:Generated_Source\PSoC4/blue_gatt.c ****     { 0x0001u, (void *)&cyBle_attValues[88] }, /* SYS_CAN_ID */
 507:Generated_Source\PSoC4/blue_gatt.c ****     { 0x000Au, (void *)&cyBle_attValues[89] }, /* Characteristic User Description */
 508:Generated_Source\PSoC4/blue_gatt.c ****     { 0x0002u, (void *)&cyBle_attValues[99] }, /* SYS_CAL_LOOP */
 509:Generated_Source\PSoC4/blue_gatt.c ****     { 0x000Cu, (void *)&cyBle_attValues[101] }, /* Characteristic User Description */
 510:Generated_Source\PSoC4/blue_gatt.c ****     { 0x0002u, (void *)&cyBle_attValues[113] }, /* SYS_ADC */
 511:Generated_Source\PSoC4/blue_gatt.c ****     { 0x0007u, (void *)&cyBle_attValues[115] }, /* Characteristic User Description */
 512:Generated_Source\PSoC4/blue_gatt.c ****     { 0x0002u, (void *)&cyBle_attValuesCCCD[8] }, /* Client Characteristic Configuration */
 513:Generated_Source\PSoC4/blue_gatt.c ****     { 0x0002u, (void *)&cyBle_attValues[122] }, /* SYS_ALERT_1 */
 514:Generated_Source\PSoC4/blue_gatt.c ****     { 0x000Bu, (void *)&cyBle_attValues[124] }, /* Characteristic User Description */
 515:Generated_Source\PSoC4/blue_gatt.c ****     { 0x0002u, (void *)&cyBle_attValues[135] }, /* SYS_ALERT_2 */
 516:Generated_Source\PSoC4/blue_gatt.c ****     { 0x000Bu, (void *)&cyBle_attValues[137] }, /* Characteristic User Description */
 517:Generated_Source\PSoC4/blue_gatt.c ****     { 0x0002u, (void *)&cyBle_attValues[148] }, /* SYS_ALERT_1_ASC */
 518:Generated_Source\PSoC4/blue_gatt.c ****     { 0x000Fu, (void *)&cyBle_attValues[150] }, /* Characteristic User Description */
 519:Generated_Source\PSoC4/blue_gatt.c ****     { 0x0002u, (void *)&cyBle_attValues[165] }, /* SYS_ALERT_2_ASC */
 520:Generated_Source\PSoC4/blue_gatt.c ****     { 0x000Fu, (void *)&cyBle_attValues[167] }, /* Characteristic User Description */
 521:Generated_Source\PSoC4/blue_gatt.c ****     { 0x0002u, (void *)&cyBle_attValues[182] }, /* SYS_FRACTIONAL */
 522:Generated_Source\PSoC4/blue_gatt.c ****     { 0x000Eu, (void *)&cyBle_attValues[184] }, /* Characteristic User Description */
 523:Generated_Source\PSoC4/blue_gatt.c ****     { 0x0013u, (void *)&cyBle_attValues[198] }, /* Manufacturer Name String */
 524:Generated_Source\PSoC4/blue_gatt.c ****     { 0x0006u, (void *)&cyBle_attValues[217] }, /* Model Number String */
 525:Generated_Source\PSoC4/blue_gatt.c ****     { 0x000Cu, (void *)&cyBle_attValues[223] }, /* Serial Number String */
 526:Generated_Source\PSoC4/blue_gatt.c ****     { 0x0004u, (void *)&cyBle_attValues[235] }, /* Hardware Revision String */
 527:Generated_Source\PSoC4/blue_gatt.c ****     { 0x0004u, (void *)&cyBle_attValues[239] }, /* Firmware Revision String */
 528:Generated_Source\PSoC4/blue_gatt.c ****     { 0x0002u, (void *)&cyBle_attValues[243] }, /* Software Revision String */
 529:Generated_Source\PSoC4/blue_gatt.c ****     { 0x0008u, (void *)&cyBle_attValues[245] }, /* System ID */
 530:Generated_Source\PSoC4/blue_gatt.c ****     { 0x0001u, (void *)&cyBle_attValues[253] }, /* IEEE 11073-20601 Regulatory Certification Data L
 531:Generated_Source\PSoC4/blue_gatt.c ****     { 0x0007u, (void *)&cyBle_attValues[254] }, /* PnP ID */
 532:Generated_Source\PSoC4/blue_gatt.c ****     { 0x0004u, (void *)&cyBle_attValues[261] }, /* PIN */
 533:Generated_Source\PSoC4/blue_gatt.c ****     { 0x0003u, (void *)&cyBle_attValues[265] }, /* Characteristic User Description */
 534:Generated_Source\PSoC4/blue_gatt.c ****     { 0x0001u, (void *)&cyBle_attValues[268] }, /* SENSOR_TYPE */
 535:Generated_Source\PSoC4/blue_gatt.c ****     { 0x000Bu, (void *)&cyBle_attValues[269] }, /* Characteristic User Description */
 536:Generated_Source\PSoC4/blue_gatt.c ****     { 0x0002u, (void *)&cyBle_attValues[280] }, /* SENSOR_RANGE */
 537:Generated_Source\PSoC4/blue_gatt.c ****     { 0x000Cu, (void *)&cyBle_attValues[282] }, /* Characteristic User Description */
 538:Generated_Source\PSoC4/blue_gatt.c ****     { 0x000Au, (void *)&cyBle_attValues[294] }, /* SENSOR_GAS_NOTE */
 539:Generated_Source\PSoC4/blue_gatt.c ****     { 0x000Fu, (void *)&cyBle_attValues[304] }, /* Characteristic User Description */
 540:Generated_Source\PSoC4/blue_gatt.c ****     { 0x0013u, (void *)&cyBle_attValues[319] }, /* SENSOR_TAG */
 541:Generated_Source\PSoC4/blue_gatt.c ****     { 0x000Au, (void *)&cyBle_attValues[338] }, /* Characteristic User Description */
 542:Generated_Source\PSoC4/blue_gatt.c ****     { 0x0001u, (void *)&cyBle_attValues[348] }, /* SENSOR_TEMPERATURE */
 543:Generated_Source\PSoC4/blue_gatt.c ****     { 0x0012u, (void *)&cyBle_attValues[349] }, /* Characteristic User Description */
 544:Generated_Source\PSoC4/blue_gatt.c ****     { 0x0002u, (void *)&cyBle_attValuesCCCD[10] }, /* Client Characteristic Configuration */
 545:Generated_Source\PSoC4/blue_gatt.c ****     { 0x0002u, (void *)&cyBle_attValues[367] }, /* SENSOR_CAL_LEVEL */
 546:Generated_Source\PSoC4/blue_gatt.c ****     { 0x0010u, (void *)&cyBle_attValues[369] }, /* Characteristic User Description */
 547:Generated_Source\PSoC4/blue_gatt.c ****     { 0x0002u, (void *)&cyBle_attValuesCCCD[12] }, /* Client Characteristic Configuration */
ARM GAS  C:\Users\alexport\AppData\Local\Temp\ccKIFySF.s 			page 63


 548:Generated_Source\PSoC4/blue_gatt.c ****     { 0x0002u, (void *)&cyBle_attValues[385] }, /* CAL_Z_COUNTS */
 549:Generated_Source\PSoC4/blue_gatt.c ****     { 0x000Cu, (void *)&cyBle_attValues[387] }, /* Characteristic User Description */
 550:Generated_Source\PSoC4/blue_gatt.c ****     { 0x0002u, (void *)&cyBle_attValues[399] }, /* ZERO_READING */
 551:Generated_Source\PSoC4/blue_gatt.c ****     { 0x000Cu, (void *)&cyBle_attValues[401] }, /* Characteristic User Description */
 552:Generated_Source\PSoC4/blue_gatt.c ****     { 0x0002u, (void *)&cyBle_attValuesCCCD[14] }, /* Client Characteristic Configuration */
 553:Generated_Source\PSoC4/blue_gatt.c ****     { 0x0001u, (void *)&cyBle_attValues[413] }, /* CAL_ZERO_ERROR */
 554:Generated_Source\PSoC4/blue_gatt.c ****     { 0x000Eu, (void *)&cyBle_attValues[414] }, /* Characteristic User Description */
 555:Generated_Source\PSoC4/blue_gatt.c ****     { 0x0002u, (void *)&cyBle_attValuesCCCD[16] }, /* Client Characteristic Configuration */
 556:Generated_Source\PSoC4/blue_gatt.c ****     { 0x0001u, (void *)&cyBle_attValues[428] }, /* CAL_STEP */
 557:Generated_Source\PSoC4/blue_gatt.c ****     { 0x0008u, (void *)&cyBle_attValues[429] }, /* Characteristic User Description */
 558:Generated_Source\PSoC4/blue_gatt.c ****     { 0x0002u, (void *)&cyBle_attValuesCCCD[18] }, /* Client Characteristic Configuration */
 559:Generated_Source\PSoC4/blue_gatt.c ****     { 0x0002u, (void *)&cyBle_attValues[437] }, /* CAL_SPEED */
 560:Generated_Source\PSoC4/blue_gatt.c ****     { 0x0009u, (void *)&cyBle_attValues[439] }, /* Characteristic User Description */
 561:Generated_Source\PSoC4/blue_gatt.c ****     { 0x0002u, (void *)&cyBle_attValuesCCCD[20] }, /* Client Characteristic Configuration */
 562:Generated_Source\PSoC4/blue_gatt.c ****     { 0x0001u, (void *)&cyBle_attValues[448] }, /* CAL_AS_FOUND */
 563:Generated_Source\PSoC4/blue_gatt.c ****     { 0x000Cu, (void *)&cyBle_attValues[449] }, /* Characteristic User Description */
 564:Generated_Source\PSoC4/blue_gatt.c ****     { 0x0002u, (void *)&cyBle_attValuesCCCD[22] }, /* Client Characteristic Configuration */
 565:Generated_Source\PSoC4/blue_gatt.c ****     { 0x0001u, (void *)&cyBle_attValues[461] }, /* CAL_ADJUSTED */
 566:Generated_Source\PSoC4/blue_gatt.c ****     { 0x000Cu, (void *)&cyBle_attValues[462] }, /* Characteristic User Description */
 567:Generated_Source\PSoC4/blue_gatt.c ****     { 0x0002u, (void *)&cyBle_attValuesCCCD[24] }, /* Client Characteristic Configuration */
 568:Generated_Source\PSoC4/blue_gatt.c ****     { 0x0002u, (void *)&cyBle_attValues[474] }, /* CAL_COUNTS */
 569:Generated_Source\PSoC4/blue_gatt.c ****     { 0x000Au, (void *)&cyBle_attValues[476] }, /* Characteristic User Description */
 570:Generated_Source\PSoC4/blue_gatt.c ****     { 0x0001u, (void *)&cyBle_attValues[486] }, /* SENSOR_LIFE */
 571:Generated_Source\PSoC4/blue_gatt.c ****     { 0x000Bu, (void *)&cyBle_attValues[487] }, /* Characteristic User Description */
 572:Generated_Source\PSoC4/blue_gatt.c ****     { 0x0002u, (void *)&cyBle_attValuesCCCD[26] }, /* Client Characteristic Configuration */
 573:Generated_Source\PSoC4/blue_gatt.c ****     { 0x0002u, (void *)&cyBle_attValues[498] }, /* CAL_CLEARING */
 574:Generated_Source\PSoC4/blue_gatt.c ****     { 0x000Cu, (void *)&cyBle_attValues[500] }, /* Characteristic User Description */
 575:Generated_Source\PSoC4/blue_gatt.c ****     { 0x0002u, (void *)&cyBle_attValuesCCCD[28] }, /* Client Characteristic Configuration */
 576:Generated_Source\PSoC4/blue_gatt.c ****     { 0x0001u, (void *)&cyBle_attValues[512] }, /* CAL_SPAN_ERROR */
 577:Generated_Source\PSoC4/blue_gatt.c ****     { 0x000Eu, (void *)&cyBle_attValues[513] }, /* Characteristic User Description */
 578:Generated_Source\PSoC4/blue_gatt.c ****     { 0x0002u, (void *)&cyBle_attValuesCCCD[30] }, /* Client Characteristic Configuration */
 579:Generated_Source\PSoC4/blue_gatt.c ****     { 0x0002u, (void *)&cyBle_attValues[527] }, /* CALIBRATION_STATUS */
 580:Generated_Source\PSoC4/blue_gatt.c ****     { 0x0012u, (void *)&cyBle_attValues[529] }, /* Characteristic User Description */
 581:Generated_Source\PSoC4/blue_gatt.c ****     { 0x0002u, (void *)&cyBle_attValuesCCCD[32] }, /* Client Characteristic Configuration */
 582:Generated_Source\PSoC4/blue_gatt.c ****     { 0x0004u, (void *)&cyBle_attValues[547] }, /* READING_SCALED */
 583:Generated_Source\PSoC4/blue_gatt.c ****     { 0x000Eu, (void *)&cyBle_attValues[551] }, /* Characteristic User Description */
 584:Generated_Source\PSoC4/blue_gatt.c ****     { 0x0002u, (void *)&cyBle_attValuesCCCD[34] }, /* Client Characteristic Configuration */
 585:Generated_Source\PSoC4/blue_gatt.c ****     { 0x0001u, (void *)&cyBle_attValues[565] }, /* ALERT_STATUS */
 586:Generated_Source\PSoC4/blue_gatt.c ****     { 0x000Cu, (void *)&cyBle_attValues[566] }, /* Characteristic User Description */
 587:Generated_Source\PSoC4/blue_gatt.c ****     { 0x0002u, (void *)&cyBle_attValuesCCCD[36] }, /* Client Characteristic Configuration */
 588:Generated_Source\PSoC4/blue_gatt.c **** };
 589:Generated_Source\PSoC4/blue_gatt.c **** 
 590:Generated_Source\PSoC4/blue_gatt.c **** const CYBLE_GATTS_DB_T cyBle_gattDB[0x99u] = {
 591:Generated_Source\PSoC4/blue_gatt.c ****     { 0x0001u, 0x2800u /* Primary service                     */, 0x00000001u /*           */, 0x00
 592:Generated_Source\PSoC4/blue_gatt.c ****     { 0x0002u, 0x2803u /* Characteristic                      */, 0x00020001u /* rd        */, 0x00
 593:Generated_Source\PSoC4/blue_gatt.c ****     { 0x0003u, 0x2A00u /* Device Name                         */, 0x01020001u /* rd        */, 0x00
 594:Generated_Source\PSoC4/blue_gatt.c ****     { 0x0004u, 0x2803u /* Characteristic                      */, 0x00020001u /* rd        */, 0x00
 595:Generated_Source\PSoC4/blue_gatt.c ****     { 0x0005u, 0x2A01u /* Appearance                          */, 0x01020001u /* rd        */, 0x00
 596:Generated_Source\PSoC4/blue_gatt.c ****     { 0x0006u, 0x2803u /* Characteristic                      */, 0x00020001u /* rd        */, 0x00
 597:Generated_Source\PSoC4/blue_gatt.c ****     { 0x0007u, 0x2A04u /* Peripheral Preferred Connection Par */, 0x01020001u /* rd        */, 0x00
 598:Generated_Source\PSoC4/blue_gatt.c ****     { 0x0008u, 0x2803u /* Characteristic                      */, 0x00020001u /* rd        */, 0x00
 599:Generated_Source\PSoC4/blue_gatt.c ****     { 0x0009u, 0x2AA6u /* Central Address Resolution          */, 0x01020001u /* rd        */, 0x00
 600:Generated_Source\PSoC4/blue_gatt.c ****     { 0x000Au, 0x2803u /* Characteristic                      */, 0x00020001u /* rd        */, 0x00
 601:Generated_Source\PSoC4/blue_gatt.c ****     { 0x000Bu, 0x2AC9u /* Resolvable Private Address Only     */, 0x01020001u /* rd        */, 0x00
 602:Generated_Source\PSoC4/blue_gatt.c ****     { 0x000Cu, 0x2800u /* Primary service                     */, 0x00000001u /*           */, 0x00
 603:Generated_Source\PSoC4/blue_gatt.c ****     { 0x000Du, 0x2803u /* Characteristic                      */, 0x00200001u /* ind       */, 0x00
 604:Generated_Source\PSoC4/blue_gatt.c ****     { 0x000Eu, 0x2A05u /* Service Changed                     */, 0x01200000u /* ind       */, 0x00
ARM GAS  C:\Users\alexport\AppData\Local\Temp\ccKIFySF.s 			page 64


 605:Generated_Source\PSoC4/blue_gatt.c ****     { 0x000Fu, 0x2902u /* Client Characteristic Configuration */, 0x010A0101u /* rd,wr     */, 0x00
 606:Generated_Source\PSoC4/blue_gatt.c ****     { 0x0010u, 0x2800u /* Primary service                     */, 0x00000001u /*           */, 0x00
 607:Generated_Source\PSoC4/blue_gatt.c ****     { 0x0011u, 0x2803u /* Characteristic                      */, 0x001A0001u /* rd,wr,ntf */, 0x00
 608:Generated_Source\PSoC4/blue_gatt.c ****     { 0x0012u, 0x14A7u /* SYS_REMOTE                          */, 0x011A0101u /* rd,wr,ntf */, 0x00
 609:Generated_Source\PSoC4/blue_gatt.c ****     { 0x0013u, 0x2901u /* Characteristic User Description     */, 0x01020001u /* rd        */, 0x00
 610:Generated_Source\PSoC4/blue_gatt.c ****     { 0x0014u, 0x2902u /* Client Characteristic Configuration */, 0x010A0101u /* rd,wr     */, 0x00
 611:Generated_Source\PSoC4/blue_gatt.c ****     { 0x0015u, 0x2803u /* Characteristic                      */, 0x00120001u /* rd,ntf    */, 0x00
 612:Generated_Source\PSoC4/blue_gatt.c ****     { 0x0016u, 0x3EEBu /* SYS_READING                         */, 0x01120001u /* rd,ntf    */, 0x00
 613:Generated_Source\PSoC4/blue_gatt.c ****     { 0x0017u, 0x2901u /* Characteristic User Description     */, 0x01020001u /* rd        */, 0x00
 614:Generated_Source\PSoC4/blue_gatt.c ****     { 0x0018u, 0x2902u /* SYS_READING_CCCD                    */, 0x010A0101u /* rd,wr     */, 0x00
 615:Generated_Source\PSoC4/blue_gatt.c ****     { 0x0019u, 0x2803u /* Characteristic                      */, 0x00120001u /* rd,ntf    */, 0x00
 616:Generated_Source\PSoC4/blue_gatt.c ****     { 0x001Au, 0x38C9u /* SYS_STATUS                          */, 0x01120001u /* rd,ntf    */, 0x00
 617:Generated_Source\PSoC4/blue_gatt.c ****     { 0x001Bu, 0x2901u /* Characteristic User Description     */, 0x01020001u /* rd        */, 0x00
 618:Generated_Source\PSoC4/blue_gatt.c ****     { 0x001Cu, 0x2902u /* Client Characteristic Configuration */, 0x010A0101u /* rd,wr     */, 0x00
 619:Generated_Source\PSoC4/blue_gatt.c ****     { 0x001Du, 0x2803u /* Characteristic                      */, 0x000A0001u /* rd,wr     */, 0x00
 620:Generated_Source\PSoC4/blue_gatt.c ****     { 0x001Eu, 0xD515u /* SYS_CAN_CHAN                        */, 0x010A0101u /* rd,wr     */, 0x00
 621:Generated_Source\PSoC4/blue_gatt.c ****     { 0x001Fu, 0x2901u /* Characteristic User Description     */, 0x01020001u /* rd        */, 0x00
 622:Generated_Source\PSoC4/blue_gatt.c ****     { 0x0020u, 0x2803u /* Characteristic                      */, 0x000A0001u /* rd,wr     */, 0x00
 623:Generated_Source\PSoC4/blue_gatt.c ****     { 0x0021u, 0xF0E5u /* SYS_CAN_ID                          */, 0x010A0101u /* rd,wr     */, 0x00
 624:Generated_Source\PSoC4/blue_gatt.c ****     { 0x0022u, 0x2901u /* Characteristic User Description     */, 0x01020001u /* rd        */, 0x00
 625:Generated_Source\PSoC4/blue_gatt.c ****     { 0x0023u, 0x2803u /* Characteristic                      */, 0x000A0001u /* rd,wr     */, 0x00
 626:Generated_Source\PSoC4/blue_gatt.c ****     { 0x0024u, 0x243Au /* SYS_CAL_LOOP                        */, 0x010A0101u /* rd,wr     */, 0x00
 627:Generated_Source\PSoC4/blue_gatt.c ****     { 0x0025u, 0x2901u /* Characteristic User Description     */, 0x01020001u /* rd        */, 0x00
 628:Generated_Source\PSoC4/blue_gatt.c ****     { 0x0026u, 0x2803u /* Characteristic                      */, 0x00120001u /* rd,ntf    */, 0x00
 629:Generated_Source\PSoC4/blue_gatt.c ****     { 0x0027u, 0xD959u /* SYS_ADC                             */, 0x01120001u /* rd,ntf    */, 0x00
 630:Generated_Source\PSoC4/blue_gatt.c ****     { 0x0028u, 0x2901u /* Characteristic User Description     */, 0x01020001u /* rd        */, 0x00
 631:Generated_Source\PSoC4/blue_gatt.c ****     { 0x0029u, 0x2902u /* Client Characteristic Configuration */, 0x010A0101u /* rd,wr     */, 0x00
 632:Generated_Source\PSoC4/blue_gatt.c ****     { 0x002Au, 0x2803u /* Characteristic                      */, 0x000A0001u /* rd,wr     */, 0x00
 633:Generated_Source\PSoC4/blue_gatt.c ****     { 0x002Bu, 0x1C98u /* SYS_ALERT_1                         */, 0x010A0101u /* rd,wr     */, 0x00
 634:Generated_Source\PSoC4/blue_gatt.c ****     { 0x002Cu, 0x2901u /* Characteristic User Description     */, 0x01020001u /* rd        */, 0x00
 635:Generated_Source\PSoC4/blue_gatt.c ****     { 0x002Du, 0x2803u /* Characteristic                      */, 0x000A0001u /* rd,wr     */, 0x00
 636:Generated_Source\PSoC4/blue_gatt.c ****     { 0x002Eu, 0x409Bu /* SYS_ALERT_2                         */, 0x010A0101u /* rd,wr     */, 0x00
 637:Generated_Source\PSoC4/blue_gatt.c ****     { 0x002Fu, 0x2901u /* Characteristic User Description     */, 0x01020001u /* rd        */, 0x00
 638:Generated_Source\PSoC4/blue_gatt.c ****     { 0x0030u, 0x2803u /* Characteristic                      */, 0x000A0001u /* rd,wr     */, 0x00
 639:Generated_Source\PSoC4/blue_gatt.c ****     { 0x0031u, 0x7830u /* SYS_ALERT_1_ASC                     */, 0x010A0101u /* rd,wr     */, 0x00
 640:Generated_Source\PSoC4/blue_gatt.c ****     { 0x0032u, 0x2901u /* Characteristic User Description     */, 0x01020001u /* rd        */, 0x00
 641:Generated_Source\PSoC4/blue_gatt.c ****     { 0x0033u, 0x2803u /* Characteristic                      */, 0x000A0001u /* rd,wr     */, 0x00
 642:Generated_Source\PSoC4/blue_gatt.c ****     { 0x0034u, 0x85DDu /* SYS_ALERT_2_ASC                     */, 0x010A0101u /* rd,wr     */, 0x00
 643:Generated_Source\PSoC4/blue_gatt.c ****     { 0x0035u, 0x2901u /* Characteristic User Description     */, 0x01020001u /* rd        */, 0x00
 644:Generated_Source\PSoC4/blue_gatt.c ****     { 0x0036u, 0x2803u /* Characteristic                      */, 0x00020001u /* rd        */, 0x00
 645:Generated_Source\PSoC4/blue_gatt.c ****     { 0x0037u, 0x805Fu /* SYS_FRACTIONAL                      */, 0x01020001u /* rd        */, 0x00
 646:Generated_Source\PSoC4/blue_gatt.c ****     { 0x0038u, 0x2901u /* Characteristic User Description     */, 0x01020001u /* rd        */, 0x00
 647:Generated_Source\PSoC4/blue_gatt.c ****     { 0x0039u, 0x2800u /* Primary service                     */, 0x00000001u /*           */, 0x00
 648:Generated_Source\PSoC4/blue_gatt.c ****     { 0x003Au, 0x2803u /* Characteristic                      */, 0x00020001u /* rd        */, 0x00
 649:Generated_Source\PSoC4/blue_gatt.c ****     { 0x003Bu, 0x2A29u /* Manufacturer Name String            */, 0x01020001u /* rd        */, 0x00
 650:Generated_Source\PSoC4/blue_gatt.c ****     { 0x003Cu, 0x2803u /* Characteristic                      */, 0x00020001u /* rd        */, 0x00
 651:Generated_Source\PSoC4/blue_gatt.c ****     { 0x003Du, 0x2A24u /* Model Number String                 */, 0x01020001u /* rd        */, 0x00
 652:Generated_Source\PSoC4/blue_gatt.c ****     { 0x003Eu, 0x2803u /* Characteristic                      */, 0x00020001u /* rd        */, 0x00
 653:Generated_Source\PSoC4/blue_gatt.c ****     { 0x003Fu, 0x2A25u /* Serial Number String                */, 0x01020001u /* rd        */, 0x00
 654:Generated_Source\PSoC4/blue_gatt.c ****     { 0x0040u, 0x2803u /* Characteristic                      */, 0x00020001u /* rd        */, 0x00
 655:Generated_Source\PSoC4/blue_gatt.c ****     { 0x0041u, 0x2A27u /* Hardware Revision String            */, 0x01020001u /* rd        */, 0x00
 656:Generated_Source\PSoC4/blue_gatt.c ****     { 0x0042u, 0x2803u /* Characteristic                      */, 0x00020001u /* rd        */, 0x00
 657:Generated_Source\PSoC4/blue_gatt.c ****     { 0x0043u, 0x2A26u /* Firmware Revision String            */, 0x01020001u /* rd        */, 0x00
 658:Generated_Source\PSoC4/blue_gatt.c ****     { 0x0044u, 0x2803u /* Characteristic                      */, 0x00020001u /* rd        */, 0x00
 659:Generated_Source\PSoC4/blue_gatt.c ****     { 0x0045u, 0x2A28u /* Software Revision String            */, 0x01020001u /* rd        */, 0x00
 660:Generated_Source\PSoC4/blue_gatt.c ****     { 0x0046u, 0x2803u /* Characteristic                      */, 0x00020001u /* rd        */, 0x00
 661:Generated_Source\PSoC4/blue_gatt.c ****     { 0x0047u, 0x2A23u /* System ID                           */, 0x01020001u /* rd        */, 0x00
ARM GAS  C:\Users\alexport\AppData\Local\Temp\ccKIFySF.s 			page 65


 662:Generated_Source\PSoC4/blue_gatt.c ****     { 0x0048u, 0x2803u /* Characteristic                      */, 0x00020001u /* rd        */, 0x00
 663:Generated_Source\PSoC4/blue_gatt.c ****     { 0x0049u, 0x2A2Au /* IEEE 11073-20601 Regulatory Certifi */, 0x01020001u /* rd        */, 0x00
 664:Generated_Source\PSoC4/blue_gatt.c ****     { 0x004Au, 0x2803u /* Characteristic                      */, 0x00020001u /* rd        */, 0x00
 665:Generated_Source\PSoC4/blue_gatt.c ****     { 0x004Bu, 0x2A50u /* PnP ID                              */, 0x01020001u /* rd        */, 0x00
 666:Generated_Source\PSoC4/blue_gatt.c ****     { 0x004Cu, 0x2800u /* Primary service                     */, 0x00000001u /*           */, 0x00
 667:Generated_Source\PSoC4/blue_gatt.c ****     { 0x004Du, 0x2803u /* Characteristic                      */, 0x000A0001u /* rd,wr     */, 0x00
 668:Generated_Source\PSoC4/blue_gatt.c ****     { 0x004Eu, 0x6051u /* PIN                                 */, 0x010A0101u /* rd,wr     */, 0x00
 669:Generated_Source\PSoC4/blue_gatt.c ****     { 0x004Fu, 0x2901u /* Characteristic User Description     */, 0x01020001u /* rd        */, 0x00
 670:Generated_Source\PSoC4/blue_gatt.c ****     { 0x0050u, 0x2803u /* Characteristic                      */, 0x00020001u /* rd        */, 0x00
 671:Generated_Source\PSoC4/blue_gatt.c ****     { 0x0051u, 0x670Bu /* SENSOR_TYPE                         */, 0x01020001u /* rd        */, 0x00
 672:Generated_Source\PSoC4/blue_gatt.c ****     { 0x0052u, 0x2901u /* Characteristic User Description     */, 0x01020001u /* rd        */, 0x00
 673:Generated_Source\PSoC4/blue_gatt.c ****     { 0x0053u, 0x2803u /* Characteristic                      */, 0x00020001u /* rd        */, 0x00
 674:Generated_Source\PSoC4/blue_gatt.c ****     { 0x0054u, 0xFDF7u /* SENSOR_RANGE                        */, 0x01020001u /* rd        */, 0x00
 675:Generated_Source\PSoC4/blue_gatt.c ****     { 0x0055u, 0x2901u /* Characteristic User Description     */, 0x01020001u /* rd        */, 0x00
 676:Generated_Source\PSoC4/blue_gatt.c ****     { 0x0056u, 0x2803u /* Characteristic                      */, 0x00020001u /* rd        */, 0x00
 677:Generated_Source\PSoC4/blue_gatt.c ****     { 0x0057u, 0x8547u /* SENSOR_GAS_NOTE                     */, 0x01020001u /* rd        */, 0x00
 678:Generated_Source\PSoC4/blue_gatt.c ****     { 0x0058u, 0x2901u /* Characteristic User Description     */, 0x01020001u /* rd        */, 0x00
 679:Generated_Source\PSoC4/blue_gatt.c ****     { 0x0059u, 0x2803u /* Characteristic                      */, 0x000A0001u /* rd,wr     */, 0x00
 680:Generated_Source\PSoC4/blue_gatt.c ****     { 0x005Au, 0x32BDu /* SENSOR_TAG                          */, 0x010A0101u /* rd,wr     */, 0x00
 681:Generated_Source\PSoC4/blue_gatt.c ****     { 0x005Bu, 0x2901u /* Characteristic User Description     */, 0x01020001u /* rd        */, 0x00
 682:Generated_Source\PSoC4/blue_gatt.c ****     { 0x005Cu, 0x2803u /* Characteristic                      */, 0x00120001u /* rd,ntf    */, 0x00
 683:Generated_Source\PSoC4/blue_gatt.c ****     { 0x005Du, 0x4A4Cu /* SENSOR_TEMPERATURE                  */, 0x01120001u /* rd,ntf    */, 0x00
 684:Generated_Source\PSoC4/blue_gatt.c ****     { 0x005Eu, 0x2901u /* Characteristic User Description     */, 0x01020001u /* rd        */, 0x00
 685:Generated_Source\PSoC4/blue_gatt.c ****     { 0x005Fu, 0x2902u /* Client Characteristic Configuration */, 0x010A0101u /* rd,wr     */, 0x00
 686:Generated_Source\PSoC4/blue_gatt.c ****     { 0x0060u, 0x2803u /* Characteristic                      */, 0x001A0001u /* rd,wr,ntf */, 0x00
 687:Generated_Source\PSoC4/blue_gatt.c ****     { 0x0061u, 0x645Du /* SENSOR_CAL_LEVEL                    */, 0x011A0101u /* rd,wr,ntf */, 0x00
 688:Generated_Source\PSoC4/blue_gatt.c ****     { 0x0062u, 0x2901u /* Characteristic User Description     */, 0x01020001u /* rd        */, 0x00
 689:Generated_Source\PSoC4/blue_gatt.c ****     { 0x0063u, 0x2902u /* Client Characteristic Configuration */, 0x010A0101u /* rd,wr     */, 0x00
 690:Generated_Source\PSoC4/blue_gatt.c ****     { 0x0064u, 0x2803u /* Characteristic                      */, 0x00020001u /* rd        */, 0x00
 691:Generated_Source\PSoC4/blue_gatt.c ****     { 0x0065u, 0xDFD6u /* CAL_Z_COUNTS                        */, 0x01020001u /* rd        */, 0x00
 692:Generated_Source\PSoC4/blue_gatt.c ****     { 0x0066u, 0x2901u /* Characteristic User Description     */, 0x01020001u /* rd        */, 0x00
 693:Generated_Source\PSoC4/blue_gatt.c ****     { 0x0067u, 0x2803u /* Characteristic                      */, 0x00120001u /* rd,ntf    */, 0x00
 694:Generated_Source\PSoC4/blue_gatt.c ****     { 0x0068u, 0x7D4Fu /* ZERO_READING                        */, 0x01120001u /* rd,ntf    */, 0x00
 695:Generated_Source\PSoC4/blue_gatt.c ****     { 0x0069u, 0x2901u /* Characteristic User Description     */, 0x01020001u /* rd        */, 0x00
 696:Generated_Source\PSoC4/blue_gatt.c ****     { 0x006Au, 0x2902u /* Client Characteristic Configuration */, 0x010A0101u /* rd,wr     */, 0x00
 697:Generated_Source\PSoC4/blue_gatt.c ****     { 0x006Bu, 0x2803u /* Characteristic                      */, 0x00120001u /* rd,ntf    */, 0x00
 698:Generated_Source\PSoC4/blue_gatt.c ****     { 0x006Cu, 0x71ADu /* CAL_ZERO_ERROR                      */, 0x01120001u /* rd,ntf    */, 0x00
 699:Generated_Source\PSoC4/blue_gatt.c ****     { 0x006Du, 0x2901u /* Characteristic User Description     */, 0x01020001u /* rd        */, 0x00
 700:Generated_Source\PSoC4/blue_gatt.c ****     { 0x006Eu, 0x2902u /* Client Characteristic Configuration */, 0x010A0101u /* rd,wr     */, 0x00
 701:Generated_Source\PSoC4/blue_gatt.c ****     { 0x006Fu, 0x2803u /* Characteristic                      */, 0x00120001u /* rd,ntf    */, 0x00
 702:Generated_Source\PSoC4/blue_gatt.c ****     { 0x0070u, 0xB354u /* CAL_STEP                            */, 0x01120001u /* rd,ntf    */, 0x00
 703:Generated_Source\PSoC4/blue_gatt.c ****     { 0x0071u, 0x2901u /* Characteristic User Description     */, 0x01020001u /* rd        */, 0x00
 704:Generated_Source\PSoC4/blue_gatt.c ****     { 0x0072u, 0x2902u /* Client Characteristic Configuration */, 0x010A0101u /* rd,wr     */, 0x00
 705:Generated_Source\PSoC4/blue_gatt.c ****     { 0x0073u, 0x2803u /* Characteristic                      */, 0x00120001u /* rd,ntf    */, 0x00
 706:Generated_Source\PSoC4/blue_gatt.c ****     { 0x0074u, 0xEC95u /* CAL_SPEED                           */, 0x01120001u /* rd,ntf    */, 0x00
 707:Generated_Source\PSoC4/blue_gatt.c ****     { 0x0075u, 0x2901u /* Characteristic User Description     */, 0x01020001u /* rd        */, 0x00
 708:Generated_Source\PSoC4/blue_gatt.c ****     { 0x0076u, 0x2902u /* Client Characteristic Configuration */, 0x010A0101u /* rd,wr     */, 0x00
 709:Generated_Source\PSoC4/blue_gatt.c ****     { 0x0077u, 0x2803u /* Characteristic                      */, 0x00120001u /* rd,ntf    */, 0x00
 710:Generated_Source\PSoC4/blue_gatt.c ****     { 0x0078u, 0xB157u /* CAL_AS_FOUND                        */, 0x01120001u /* rd,ntf    */, 0x00
 711:Generated_Source\PSoC4/blue_gatt.c ****     { 0x0079u, 0x2901u /* Characteristic User Description     */, 0x01020001u /* rd        */, 0x00
 712:Generated_Source\PSoC4/blue_gatt.c ****     { 0x007Au, 0x2902u /* Client Characteristic Configuration */, 0x010A0101u /* rd,wr     */, 0x00
 713:Generated_Source\PSoC4/blue_gatt.c ****     { 0x007Bu, 0x2803u /* Characteristic                      */, 0x00120001u /* rd,ntf    */, 0x00
 714:Generated_Source\PSoC4/blue_gatt.c ****     { 0x007Cu, 0x86F7u /* CAL_ADJUSTED                        */, 0x01120001u /* rd,ntf    */, 0x00
 715:Generated_Source\PSoC4/blue_gatt.c ****     { 0x007Du, 0x2901u /* Characteristic User Description     */, 0x01020001u /* rd        */, 0x00
 716:Generated_Source\PSoC4/blue_gatt.c ****     { 0x007Eu, 0x2902u /* Client Characteristic Configuration */, 0x010A0101u /* rd,wr     */, 0x00
 717:Generated_Source\PSoC4/blue_gatt.c ****     { 0x007Fu, 0x2803u /* Characteristic                      */, 0x00020001u /* rd        */, 0x00
 718:Generated_Source\PSoC4/blue_gatt.c ****     { 0x0080u, 0xE8EBu /* CAL_COUNTS                          */, 0x01020001u /* rd        */, 0x00
ARM GAS  C:\Users\alexport\AppData\Local\Temp\ccKIFySF.s 			page 66


 719:Generated_Source\PSoC4/blue_gatt.c ****     { 0x0081u, 0x2901u /* Characteristic User Description     */, 0x01020001u /* rd        */, 0x00
 720:Generated_Source\PSoC4/blue_gatt.c ****     { 0x0082u, 0x2803u /* Characteristic                      */, 0x00120001u /* rd,ntf    */, 0x00
 721:Generated_Source\PSoC4/blue_gatt.c ****     { 0x0083u, 0x2EEFu /* SENSOR_LIFE                         */, 0x01120001u /* rd,ntf    */, 0x00
 722:Generated_Source\PSoC4/blue_gatt.c ****     { 0x0084u, 0x2901u /* Characteristic User Description     */, 0x01020001u /* rd        */, 0x00
 723:Generated_Source\PSoC4/blue_gatt.c ****     { 0x0085u, 0x2902u /* Client Characteristic Configuration */, 0x010A0101u /* rd,wr     */, 0x00
 724:Generated_Source\PSoC4/blue_gatt.c ****     { 0x0086u, 0x2803u /* Characteristic                      */, 0x00120001u /* rd,ntf    */, 0x00
 725:Generated_Source\PSoC4/blue_gatt.c ****     { 0x0087u, 0x1ECAu /* CAL_CLEARING                        */, 0x01120001u /* rd,ntf    */, 0x00
 726:Generated_Source\PSoC4/blue_gatt.c ****     { 0x0088u, 0x2901u /* Characteristic User Description     */, 0x01020001u /* rd        */, 0x00
 727:Generated_Source\PSoC4/blue_gatt.c ****     { 0x0089u, 0x2902u /* Client Characteristic Configuration */, 0x010A0101u /* rd,wr     */, 0x00
 728:Generated_Source\PSoC4/blue_gatt.c ****     { 0x008Au, 0x2803u /* Characteristic                      */, 0x00120001u /* rd,ntf    */, 0x00
 729:Generated_Source\PSoC4/blue_gatt.c ****     { 0x008Bu, 0x04B7u /* CAL_SPAN_ERROR                      */, 0x01120001u /* rd,ntf    */, 0x00
 730:Generated_Source\PSoC4/blue_gatt.c ****     { 0x008Cu, 0x2901u /* Characteristic User Description     */, 0x01020001u /* rd        */, 0x00
 731:Generated_Source\PSoC4/blue_gatt.c ****     { 0x008Du, 0x2902u /* Client Characteristic Configuration */, 0x010A0101u /* rd,wr     */, 0x00
 732:Generated_Source\PSoC4/blue_gatt.c ****     { 0x008Eu, 0x2803u /* Characteristic                      */, 0x001A0001u /* rd,wr,ntf */, 0x00
 733:Generated_Source\PSoC4/blue_gatt.c ****     { 0x008Fu, 0x276Du /* CALIBRATION_STATUS                  */, 0x011A0101u /* rd,wr,ntf */, 0x00
 734:Generated_Source\PSoC4/blue_gatt.c ****     { 0x0090u, 0x2901u /* Characteristic User Description     */, 0x01020001u /* rd        */, 0x00
 735:Generated_Source\PSoC4/blue_gatt.c ****     { 0x0091u, 0x2902u /* Client Characteristic Configuration */, 0x010A0101u /* rd,wr     */, 0x00
 736:Generated_Source\PSoC4/blue_gatt.c ****     { 0x0092u, 0x2803u /* Characteristic                      */, 0x00120001u /* rd,ntf    */, 0x00
 737:Generated_Source\PSoC4/blue_gatt.c ****     { 0x0093u, 0x1825u /* READING_SCALED                      */, 0x01120001u /* rd,ntf    */, 0x00
 738:Generated_Source\PSoC4/blue_gatt.c ****     { 0x0094u, 0x2901u /* Characteristic User Description     */, 0x01020001u /* rd        */, 0x00
 739:Generated_Source\PSoC4/blue_gatt.c ****     { 0x0095u, 0x2902u /* Client Characteristic Configuration */, 0x010A0101u /* rd,wr     */, 0x00
 740:Generated_Source\PSoC4/blue_gatt.c ****     { 0x0096u, 0x2803u /* Characteristic                      */, 0x00120001u /* rd,ntf    */, 0x00
 741:Generated_Source\PSoC4/blue_gatt.c ****     { 0x0097u, 0x9150u /* ALERT_STATUS                        */, 0x01120001u /* rd,ntf    */, 0x00
 742:Generated_Source\PSoC4/blue_gatt.c ****     { 0x0098u, 0x2901u /* Characteristic User Description     */, 0x01020001u /* rd        */, 0x00
 743:Generated_Source\PSoC4/blue_gatt.c ****     { 0x0099u, 0x2902u /* Client Characteristic Configuration */, 0x010A0101u /* rd,wr     */, 0x00
 744:Generated_Source\PSoC4/blue_gatt.c **** };
 745:Generated_Source\PSoC4/blue_gatt.c **** 
 746:Generated_Source\PSoC4/blue_gatt.c **** 
 747:Generated_Source\PSoC4/blue_gatt.c **** #endif /* (CYBLE_GATT_ROLE_SERVER) */
 748:Generated_Source\PSoC4/blue_gatt.c **** 
 749:Generated_Source\PSoC4/blue_gatt.c **** #if(CYBLE_GATT_ROLE_CLIENT)
 750:Generated_Source\PSoC4/blue_gatt.c ****     
 751:Generated_Source\PSoC4/blue_gatt.c **** CYBLE_CLIENT_STATE_T cyBle_clientState;
 752:Generated_Source\PSoC4/blue_gatt.c **** CYBLE_GATTC_T cyBle_gattc;
 753:Generated_Source\PSoC4/blue_gatt.c **** CYBLE_GATT_ATTR_HANDLE_RANGE_T cyBle_gattcDiscoveryRange;
 754:Generated_Source\PSoC4/blue_gatt.c ****     
 755:Generated_Source\PSoC4/blue_gatt.c **** #endif /* (CYBLE_GATT_ROLE_CLIENT) */
 756:Generated_Source\PSoC4/blue_gatt.c **** 
 757:Generated_Source\PSoC4/blue_gatt.c **** 
 758:Generated_Source\PSoC4/blue_gatt.c **** #if(CYBLE_GATT_ROLE_SERVER)
 759:Generated_Source\PSoC4/blue_gatt.c **** 
 760:Generated_Source\PSoC4/blue_gatt.c **** /****************************************************************************** 
 761:Generated_Source\PSoC4/blue_gatt.c **** * Function Name: CyBle_GattsReInitGattDb
 762:Generated_Source\PSoC4/blue_gatt.c **** ***************************************************************************//**
 763:Generated_Source\PSoC4/blue_gatt.c **** * 
 764:Generated_Source\PSoC4/blue_gatt.c **** *  Reinitializes the GATT database.
 765:Generated_Source\PSoC4/blue_gatt.c **** * 
 766:Generated_Source\PSoC4/blue_gatt.c **** *  \return
 767:Generated_Source\PSoC4/blue_gatt.c **** *  CYBLE_API_RESULT_T: A function result states if it succeeded or failed with
 768:Generated_Source\PSoC4/blue_gatt.c **** *  error codes:
 769:Generated_Source\PSoC4/blue_gatt.c **** 
 770:Generated_Source\PSoC4/blue_gatt.c **** *  Errors codes                          | Description
 771:Generated_Source\PSoC4/blue_gatt.c **** *  ------------                          | -----------
 772:Generated_Source\PSoC4/blue_gatt.c **** *  CYBLE_ERROR_OK						 | GATT database was reinitialized successfully.
 773:Generated_Source\PSoC4/blue_gatt.c **** *  CYBLE_ERROR_INVALID_STATE             | If the function is called in any state except CYBLE_STAT
 774:Generated_Source\PSoC4/blue_gatt.c **** *  CYBLE_ERROR_INVALID_PARAMETER         | If the Database has zero entries or is a NULL pointer.
 775:Generated_Source\PSoC4/blue_gatt.c **** * 
ARM GAS  C:\Users\alexport\AppData\Local\Temp\ccKIFySF.s 			page 67


 776:Generated_Source\PSoC4/blue_gatt.c **** ******************************************************************************/
 777:Generated_Source\PSoC4/blue_gatt.c **** CYBLE_API_RESULT_T CyBle_GattsReInitGattDb(void)
 778:Generated_Source\PSoC4/blue_gatt.c **** {
 2988              		.loc 1 778 0
 2989              		.cfi_startproc
 2990              		@ args = 0, pretend = 0, frame = 8
 2991              		@ frame_needed = 1, uses_anonymous_args = 0
 2992 0000 90B5     		push	{r4, r7, lr}
 2993              		.cfi_def_cfa_offset 12
 2994              		.cfi_offset 4, -12
 2995              		.cfi_offset 7, -8
 2996              		.cfi_offset 14, -4
 2997 0002 83B0     		sub	sp, sp, #12
 2998              		.cfi_def_cfa_offset 24
 2999 0004 00AF     		add	r7, sp, #0
 3000              		.cfi_def_cfa_register 7
 779:Generated_Source\PSoC4/blue_gatt.c ****     CYBLE_API_RESULT_T apiResult;
 780:Generated_Source\PSoC4/blue_gatt.c ****     
 781:Generated_Source\PSoC4/blue_gatt.c ****     if(CyBle_GetState() == CYBLE_STATE_DISCONNECTED)
 3001              		.loc 1 781 0
 3002 0006 0C4B     		ldr	r3, .L5
 3003 0008 1B78     		ldrb	r3, [r3]
 3004 000a 042B     		cmp	r3, #4
 3005 000c 09D1     		bne	.L2
 782:Generated_Source\PSoC4/blue_gatt.c ****     {
 783:Generated_Source\PSoC4/blue_gatt.c ****         apiResult = CyBle_GattsDbRegister(cyBle_gattDB, CYBLE_GATT_DB_INDEX_COUNT, CYBLE_GATT_DB_MA
 3006              		.loc 1 783 0
 3007 000e BC1D     		adds	r4, r7, #6
 3008 0010 0A4B     		ldr	r3, .L5+4
 3009 0012 1522     		movs	r2, #21
 3010 0014 9921     		movs	r1, #153
 3011 0016 1800     		movs	r0, r3
 3012 0018 FFF7FEFF 		bl	CyBle_GattsDbRegister
 3013 001c 0300     		movs	r3, r0
 3014 001e 2380     		strh	r3, [r4]
 3015 0020 03E0     		b	.L3
 3016              	.L2:
 784:Generated_Source\PSoC4/blue_gatt.c ****     }
 785:Generated_Source\PSoC4/blue_gatt.c ****     else
 786:Generated_Source\PSoC4/blue_gatt.c ****     {
 787:Generated_Source\PSoC4/blue_gatt.c ****         apiResult = CYBLE_ERROR_INVALID_STATE;
 3017              		.loc 1 787 0
 3018 0022 BB1D     		adds	r3, r7, #6
 3019 0024 0422     		movs	r2, #4
 3020 0026 FF32     		adds	r2, r2, #255
 3021 0028 1A80     		strh	r2, [r3]
 3022              	.L3:
 788:Generated_Source\PSoC4/blue_gatt.c ****     }
 789:Generated_Source\PSoC4/blue_gatt.c ****     
 790:Generated_Source\PSoC4/blue_gatt.c ****     return(apiResult);
 3023              		.loc 1 790 0
 3024 002a BB1D     		adds	r3, r7, #6
 3025 002c 1B88     		ldrh	r3, [r3]
 791:Generated_Source\PSoC4/blue_gatt.c **** }
 3026              		.loc 1 791 0
 3027 002e 1800     		movs	r0, r3
 3028 0030 BD46     		mov	sp, r7
ARM GAS  C:\Users\alexport\AppData\Local\Temp\ccKIFySF.s 			page 68


 3029 0032 03B0     		add	sp, sp, #12
 3030              		@ sp needed
 3031 0034 90BD     		pop	{r4, r7, pc}
 3032              	.L6:
 3033 0036 C046     		.align	2
 3034              	.L5:
 3035 0038 00000000 		.word	cyBle_state
 3036 003c 00000000 		.word	cyBle_gattDB
 3037              		.cfi_endproc
 3038              	.LFE2:
 3039              		.size	CyBle_GattsReInitGattDb, .-CyBle_GattsReInitGattDb
 3040              		.section	.text.CyBle_GattsWriteEventHandler,"ax",%progbits
 3041              		.align	2
 3042              		.global	CyBle_GattsWriteEventHandler
 3043              		.code	16
 3044              		.thumb_func
 3045              		.type	CyBle_GattsWriteEventHandler, %function
 3046              	CyBle_GattsWriteEventHandler:
 3047              	.LFB3:
 792:Generated_Source\PSoC4/blue_gatt.c **** 
 793:Generated_Source\PSoC4/blue_gatt.c **** 
 794:Generated_Source\PSoC4/blue_gatt.c **** /****************************************************************************** 
 795:Generated_Source\PSoC4/blue_gatt.c **** * Function Name: CyBle_GattsWriteEventHandler
 796:Generated_Source\PSoC4/blue_gatt.c **** ***************************************************************************//**
 797:Generated_Source\PSoC4/blue_gatt.c **** * 
 798:Generated_Source\PSoC4/blue_gatt.c **** *  Handles the Write Request Event for GATT service.
 799:Generated_Source\PSoC4/blue_gatt.c **** * 
 800:Generated_Source\PSoC4/blue_gatt.c **** *  \param eventParam: The pointer to the data structure specified by the event.
 801:Generated_Source\PSoC4/blue_gatt.c **** * 
 802:Generated_Source\PSoC4/blue_gatt.c **** *  \return
 803:Generated_Source\PSoC4/blue_gatt.c **** *  CYBLE_GATT_ERR_CODE_T: A function returns one of the following status 
 804:Generated_Source\PSoC4/blue_gatt.c **** *  values.
 805:Generated_Source\PSoC4/blue_gatt.c **** 
 806:Generated_Source\PSoC4/blue_gatt.c **** *  Errors codes                          | Description
 807:Generated_Source\PSoC4/blue_gatt.c **** *  --------------------                  | -----------
 808:Generated_Source\PSoC4/blue_gatt.c **** *  CYBLE_GATT_ERR_NONE                   | Write is successful.
 809:Generated_Source\PSoC4/blue_gatt.c **** * 
 810:Generated_Source\PSoC4/blue_gatt.c **** ******************************************************************************/
 811:Generated_Source\PSoC4/blue_gatt.c **** CYBLE_GATT_ERR_CODE_T CyBle_GattsWriteEventHandler(CYBLE_GATTS_WRITE_REQ_PARAM_T *eventParam)
 812:Generated_Source\PSoC4/blue_gatt.c **** {
 3048              		.loc 1 812 0
 3049              		.cfi_startproc
 3050              		@ args = 0, pretend = 0, frame = 16
 3051              		@ frame_needed = 1, uses_anonymous_args = 0
 3052 0000 90B5     		push	{r4, r7, lr}
 3053              		.cfi_def_cfa_offset 12
 3054              		.cfi_offset 4, -12
 3055              		.cfi_offset 7, -8
 3056              		.cfi_offset 14, -4
 3057 0002 85B0     		sub	sp, sp, #20
 3058              		.cfi_def_cfa_offset 32
 3059 0004 00AF     		add	r7, sp, #0
 3060              		.cfi_def_cfa_register 7
 3061 0006 7860     		str	r0, [r7, #4]
 813:Generated_Source\PSoC4/blue_gatt.c ****     CYBLE_GATT_ERR_CODE_T gattErr = CYBLE_GATT_ERR_NONE;
 3062              		.loc 1 813 0
 3063 0008 0F23     		movs	r3, #15
ARM GAS  C:\Users\alexport\AppData\Local\Temp\ccKIFySF.s 			page 69


 3064 000a FB18     		adds	r3, r7, r3
 3065 000c 0022     		movs	r2, #0
 3066 000e 1A70     		strb	r2, [r3]
 814:Generated_Source\PSoC4/blue_gatt.c ****     
 815:Generated_Source\PSoC4/blue_gatt.c ****     /* Client Characteristic Configuration descriptor write request */
 816:Generated_Source\PSoC4/blue_gatt.c ****     if(eventParam->handleValPair.attrHandle == cyBle_gatts.cccdHandle)
 3067              		.loc 1 816 0
 3068 0010 7B68     		ldr	r3, [r7, #4]
 3069 0012 9B89     		ldrh	r3, [r3, #12]
 3070 0014 0F22     		movs	r2, #15
 3071 0016 9342     		cmp	r3, r2
 3072 0018 32D1     		bne	.L8
 817:Generated_Source\PSoC4/blue_gatt.c ****     {
 818:Generated_Source\PSoC4/blue_gatt.c ****         /* Store value to database */
 819:Generated_Source\PSoC4/blue_gatt.c ****         gattErr = CyBle_GattsWriteAttributeValue(&eventParam->handleValPair, 0u, 
 3073              		.loc 1 819 0
 3074 001a 7B68     		ldr	r3, [r7, #4]
 3075 001c 181D     		adds	r0, r3, #4
 3076 001e 7A68     		ldr	r2, [r7, #4]
 3077 0020 0F23     		movs	r3, #15
 3078 0022 FC18     		adds	r4, r7, r3
 3079 0024 4023     		movs	r3, #64
 3080 0026 0021     		movs	r1, #0
 3081 0028 FFF7FEFF 		bl	CyBle_GattsWriteAttributeValue
 3082 002c 0300     		movs	r3, r0
 3083 002e 2370     		strb	r3, [r4]
 820:Generated_Source\PSoC4/blue_gatt.c ****                         &eventParam->connHandle, CYBLE_GATT_DB_PEER_INITIATED);
 821:Generated_Source\PSoC4/blue_gatt.c ****         
 822:Generated_Source\PSoC4/blue_gatt.c ****         if(gattErr == CYBLE_GATT_ERR_NONE)
 3084              		.loc 1 822 0
 3085 0030 0F23     		movs	r3, #15
 3086 0032 FB18     		adds	r3, r7, r3
 3087 0034 1B78     		ldrb	r3, [r3]
 3088 0036 002B     		cmp	r3, #0
 3089 0038 1AD1     		bne	.L9
 823:Generated_Source\PSoC4/blue_gatt.c ****         {
 824:Generated_Source\PSoC4/blue_gatt.c ****             if(CYBLE_IS_INDICATION_ENABLED_IN_PTR(eventParam->handleValPair.value.val))
 3090              		.loc 1 824 0
 3091 003a 7B68     		ldr	r3, [r7, #4]
 3092 003c 5B68     		ldr	r3, [r3, #4]
 3093 003e 1800     		movs	r0, r3
 3094 0040 FFF7FEFF 		bl	CyBle_Get16ByPtr
 3095 0044 0300     		movs	r3, r0
 3096 0046 1A00     		movs	r2, r3
 3097 0048 0223     		movs	r3, #2
 3098 004a 1340     		ands	r3, r2
 3099 004c 9BB2     		uxth	r3, r3
 3100 004e 002B     		cmp	r3, #0
 3101 0050 07D0     		beq	.L10
 825:Generated_Source\PSoC4/blue_gatt.c ****             {
 826:Generated_Source\PSoC4/blue_gatt.c ****                 CyBle_ApplCallback((uint32)CYBLE_EVT_GATTS_INDICATION_ENABLED, eventParam);
 3102              		.loc 1 826 0
 3103 0052 0F4B     		ldr	r3, .L12
 3104 0054 1B68     		ldr	r3, [r3]
 3105 0056 7968     		ldr	r1, [r7, #4]
 3106 0058 8222     		movs	r2, #130
 3107 005a 5200     		lsls	r2, r2, #1
ARM GAS  C:\Users\alexport\AppData\Local\Temp\ccKIFySF.s 			page 70


 3108 005c 1000     		movs	r0, r2
 3109 005e 9847     		blx	r3
 3110 0060 06E0     		b	.L9
 3111              	.L10:
 827:Generated_Source\PSoC4/blue_gatt.c ****             }
 828:Generated_Source\PSoC4/blue_gatt.c ****             else
 829:Generated_Source\PSoC4/blue_gatt.c ****             {
 830:Generated_Source\PSoC4/blue_gatt.c ****                 CyBle_ApplCallback((uint32)CYBLE_EVT_GATTS_INDICATION_DISABLED, eventParam);
 3112              		.loc 1 830 0
 3113 0062 0B4B     		ldr	r3, .L12
 3114 0064 1B68     		ldr	r3, [r3]
 3115 0066 7968     		ldr	r1, [r7, #4]
 3116 0068 0622     		movs	r2, #6
 3117 006a FF32     		adds	r2, r2, #255
 3118 006c 1000     		movs	r0, r2
 3119 006e 9847     		blx	r3
 3120              	.L9:
 831:Generated_Source\PSoC4/blue_gatt.c ****             }
 832:Generated_Source\PSoC4/blue_gatt.c ****         }
 833:Generated_Source\PSoC4/blue_gatt.c ****         cyBle_eventHandlerFlag &= (uint8)~CYBLE_CALLBACK;
 3121              		.loc 1 833 0
 3122 0070 084B     		ldr	r3, .L12+4
 3123 0072 1B78     		ldrb	r3, [r3]
 3124 0074 DBB2     		uxtb	r3, r3
 3125 0076 0122     		movs	r2, #1
 3126 0078 9343     		bics	r3, r2
 3127 007a DAB2     		uxtb	r2, r3
 3128 007c 054B     		ldr	r3, .L12+4
 3129 007e 1A70     		strb	r2, [r3]
 3130              	.L8:
 834:Generated_Source\PSoC4/blue_gatt.c ****     }
 835:Generated_Source\PSoC4/blue_gatt.c ****     return (gattErr);
 3131              		.loc 1 835 0
 3132 0080 0F23     		movs	r3, #15
 3133 0082 FB18     		adds	r3, r7, r3
 3134 0084 1B78     		ldrb	r3, [r3]
 836:Generated_Source\PSoC4/blue_gatt.c **** }
 3135              		.loc 1 836 0
 3136 0086 1800     		movs	r0, r3
 3137 0088 BD46     		mov	sp, r7
 3138 008a 05B0     		add	sp, sp, #20
 3139              		@ sp needed
 3140 008c 90BD     		pop	{r4, r7, pc}
 3141              	.L13:
 3142 008e C046     		.align	2
 3143              	.L12:
 3144 0090 00000000 		.word	CyBle_ApplCallback
 3145 0094 00000000 		.word	cyBle_eventHandlerFlag
 3146              		.cfi_endproc
 3147              	.LFE3:
 3148              		.size	CyBle_GattsWriteEventHandler, .-CyBle_GattsWriteEventHandler
 3149              		.text
 3150              	.Letext0:
 3151              		.file 2 "Generated_Source\\PSoC4\\cytypes.h"
 3152              		.file 3 "Generated_Source\\PSoC4\\blue_Stack.h"
 3153              		.file 4 "Generated_Source\\PSoC4\\blue_StackGatt.h"
 3154              		.file 5 "Generated_Source\\PSoC4\\blue_StackGattServer.h"
ARM GAS  C:\Users\alexport\AppData\Local\Temp\ccKIFySF.s 			page 71


 3155              		.file 6 "Generated_Source\\PSoC4\\blue_StackGattDb.h"
 3156              		.file 7 "Generated_Source\\PSoC4\\blue.h"
 3157              		.file 8 "Generated_Source\\PSoC4\\blue_gatt.h"
 3158              		.file 9 "Generated_Source\\PSoC4\\blue_dis.h"
 3159              		.file 10 "Generated_Source\\PSoC4\\blue_eventHandler.h"
 3160              		.section	.debug_info,"",%progbits
 3161              	.Ldebug_info0:
 3162 0000 CB100000 		.4byte	0x10cb
 3163 0004 0400     		.2byte	0x4
 3164 0006 00000000 		.4byte	.Ldebug_abbrev0
 3165 000a 04       		.byte	0x4
 3166 000b 01       		.uleb128 0x1
 3167 000c 25190000 		.4byte	.LASF524
 3168 0010 0C       		.byte	0xc
 3169 0011 E3060000 		.4byte	.LASF525
 3170 0015 200E0000 		.4byte	.LASF526
 3171 0019 00000000 		.4byte	.Ldebug_ranges0+0
 3172 001d 00000000 		.4byte	0
 3173 0021 00000000 		.4byte	.Ldebug_line0
 3174 0025 02       		.uleb128 0x2
 3175 0026 01       		.byte	0x1
 3176 0027 06       		.byte	0x6
 3177 0028 AA0D0000 		.4byte	.LASF0
 3178 002c 02       		.uleb128 0x2
 3179 002d 01       		.byte	0x1
 3180 002e 08       		.byte	0x8
 3181 002f F80E0000 		.4byte	.LASF1
 3182 0033 02       		.uleb128 0x2
 3183 0034 02       		.byte	0x2
 3184 0035 05       		.byte	0x5
 3185 0036 63340000 		.4byte	.LASF2
 3186 003a 02       		.uleb128 0x2
 3187 003b 02       		.byte	0x2
 3188 003c 07       		.byte	0x7
 3189 003d 773B0000 		.4byte	.LASF3
 3190 0041 02       		.uleb128 0x2
 3191 0042 04       		.byte	0x4
 3192 0043 05       		.byte	0x5
 3193 0044 7E0A0000 		.4byte	.LASF4
 3194 0048 02       		.uleb128 0x2
 3195 0049 04       		.byte	0x4
 3196 004a 07       		.byte	0x7
 3197 004b F01B0000 		.4byte	.LASF5
 3198 004f 02       		.uleb128 0x2
 3199 0050 08       		.byte	0x8
 3200 0051 05       		.byte	0x5
 3201 0052 65200000 		.4byte	.LASF6
 3202 0056 02       		.uleb128 0x2
 3203 0057 08       		.byte	0x8
 3204 0058 07       		.byte	0x7
 3205 0059 872D0000 		.4byte	.LASF7
 3206 005d 03       		.uleb128 0x3
 3207 005e 04       		.byte	0x4
 3208 005f 05       		.byte	0x5
 3209 0060 696E7400 		.ascii	"int\000"
 3210 0064 02       		.uleb128 0x2
 3211 0065 04       		.byte	0x4
ARM GAS  C:\Users\alexport\AppData\Local\Temp\ccKIFySF.s 			page 72


 3212 0066 07       		.byte	0x7
 3213 0067 36250000 		.4byte	.LASF8
 3214 006b 04       		.uleb128 0x4
 3215 006c F2330000 		.4byte	.LASF9
 3216 0070 02       		.byte	0x2
 3217 0071 FC01     		.2byte	0x1fc
 3218 0073 2C000000 		.4byte	0x2c
 3219 0077 04       		.uleb128 0x4
 3220 0078 983E0000 		.4byte	.LASF10
 3221 007c 02       		.byte	0x2
 3222 007d FD01     		.2byte	0x1fd
 3223 007f 3A000000 		.4byte	0x3a
 3224 0083 04       		.uleb128 0x4
 3225 0084 27030000 		.4byte	.LASF11
 3226 0088 02       		.byte	0x2
 3227 0089 FE01     		.2byte	0x1fe
 3228 008b 48000000 		.4byte	0x48
 3229 008f 02       		.uleb128 0x2
 3230 0090 04       		.byte	0x4
 3231 0091 04       		.byte	0x4
 3232 0092 9E230000 		.4byte	.LASF12
 3233 0096 02       		.uleb128 0x2
 3234 0097 08       		.byte	0x8
 3235 0098 04       		.byte	0x4
 3236 0099 9B210000 		.4byte	.LASF13
 3237 009d 02       		.uleb128 0x2
 3238 009e 01       		.byte	0x1
 3239 009f 08       		.byte	0x8
 3240 00a0 51110000 		.4byte	.LASF14
 3241 00a4 05       		.uleb128 0x5
 3242 00a5 6B000000 		.4byte	0x6b
 3243 00a9 02       		.uleb128 0x2
 3244 00aa 08       		.byte	0x8
 3245 00ab 04       		.byte	0x4
 3246 00ac 392A0000 		.4byte	.LASF15
 3247 00b0 02       		.uleb128 0x2
 3248 00b1 04       		.byte	0x4
 3249 00b2 07       		.byte	0x7
 3250 00b3 94000000 		.4byte	.LASF16
 3251 00b7 06       		.uleb128 0x6
 3252 00b8 04       		.byte	0x4
 3253 00b9 07       		.uleb128 0x7
 3254 00ba 04       		.byte	0x4
 3255 00bb BF000000 		.4byte	0xbf
 3256 00bf 08       		.uleb128 0x8
 3257 00c0 CF000000 		.4byte	0xcf
 3258 00c4 09       		.uleb128 0x9
 3259 00c5 83000000 		.4byte	0x83
 3260 00c9 09       		.uleb128 0x9
 3261 00ca B7000000 		.4byte	0xb7
 3262 00ce 00       		.byte	0
 3263 00cf 0A       		.uleb128 0xa
 3264 00d0 01       		.byte	0x1
 3265 00d1 2C000000 		.4byte	0x2c
 3266 00d5 03       		.byte	0x3
 3267 00d6 3501     		.2byte	0x135
 3268 00d8 8D020000 		.4byte	0x28d
ARM GAS  C:\Users\alexport\AppData\Local\Temp\ccKIFySF.s 			page 73


 3269 00dc 0B       		.uleb128 0xb
 3270 00dd 26120000 		.4byte	.LASF17
 3271 00e1 00       		.byte	0
 3272 00e2 0B       		.uleb128 0xb
 3273 00e3 160B0000 		.4byte	.LASF18
 3274 00e7 01       		.byte	0x1
 3275 00e8 0B       		.uleb128 0xb
 3276 00e9 BC2D0000 		.4byte	.LASF19
 3277 00ed 02       		.byte	0x2
 3278 00ee 0B       		.uleb128 0xb
 3279 00ef 720E0000 		.4byte	.LASF20
 3280 00f3 03       		.byte	0x3
 3281 00f4 0B       		.uleb128 0xb
 3282 00f5 C23C0000 		.4byte	.LASF21
 3283 00f9 04       		.byte	0x4
 3284 00fa 0B       		.uleb128 0xb
 3285 00fb 333A0000 		.4byte	.LASF22
 3286 00ff 05       		.byte	0x5
 3287 0100 0B       		.uleb128 0xb
 3288 0101 862A0000 		.4byte	.LASF23
 3289 0105 06       		.byte	0x6
 3290 0106 0B       		.uleb128 0xb
 3291 0107 68360000 		.4byte	.LASF24
 3292 010b 20       		.byte	0x20
 3293 010c 0B       		.uleb128 0xb
 3294 010d 86070000 		.4byte	.LASF25
 3295 0111 21       		.byte	0x21
 3296 0112 0B       		.uleb128 0xb
 3297 0113 711F0000 		.4byte	.LASF26
 3298 0117 22       		.byte	0x22
 3299 0118 0B       		.uleb128 0xb
 3300 0119 A7280000 		.4byte	.LASF27
 3301 011d 23       		.byte	0x23
 3302 011e 0B       		.uleb128 0xb
 3303 011f 661A0000 		.4byte	.LASF28
 3304 0123 24       		.byte	0x24
 3305 0124 0B       		.uleb128 0xb
 3306 0125 E61A0000 		.4byte	.LASF29
 3307 0129 25       		.byte	0x25
 3308 012a 0B       		.uleb128 0xb
 3309 012b 1B330000 		.4byte	.LASF30
 3310 012f 26       		.byte	0x26
 3311 0130 0B       		.uleb128 0xb
 3312 0131 A7020000 		.4byte	.LASF31
 3313 0135 27       		.byte	0x27
 3314 0136 0B       		.uleb128 0xb
 3315 0137 E63D0000 		.4byte	.LASF32
 3316 013b 28       		.byte	0x28
 3317 013c 0B       		.uleb128 0xb
 3318 013d 712B0000 		.4byte	.LASF33
 3319 0141 29       		.byte	0x29
 3320 0142 0B       		.uleb128 0xb
 3321 0143 341E0000 		.4byte	.LASF34
 3322 0147 2A       		.byte	0x2a
 3323 0148 0B       		.uleb128 0xb
 3324 0149 0C280000 		.4byte	.LASF35
 3325 014d 2B       		.byte	0x2b
ARM GAS  C:\Users\alexport\AppData\Local\Temp\ccKIFySF.s 			page 74


 3326 014e 0B       		.uleb128 0xb
 3327 014f 913A0000 		.4byte	.LASF36
 3328 0153 2C       		.byte	0x2c
 3329 0154 0B       		.uleb128 0xb
 3330 0155 83010000 		.4byte	.LASF37
 3331 0159 2D       		.byte	0x2d
 3332 015a 0B       		.uleb128 0xb
 3333 015b 1A340000 		.4byte	.LASF38
 3334 015f 2E       		.byte	0x2e
 3335 0160 0B       		.uleb128 0xb
 3336 0161 C8080000 		.4byte	.LASF39
 3337 0165 2F       		.byte	0x2f
 3338 0166 0B       		.uleb128 0xb
 3339 0167 0B110000 		.4byte	.LASF40
 3340 016b 30       		.byte	0x30
 3341 016c 0B       		.uleb128 0xb
 3342 016d A4220000 		.4byte	.LASF41
 3343 0171 31       		.byte	0x31
 3344 0172 0B       		.uleb128 0xb
 3345 0173 5B120000 		.4byte	.LASF42
 3346 0177 32       		.byte	0x32
 3347 0178 0B       		.uleb128 0xb
 3348 0179 CF0F0000 		.4byte	.LASF43
 3349 017d 33       		.byte	0x33
 3350 017e 0B       		.uleb128 0xb
 3351 017f F60F0000 		.4byte	.LASF44
 3352 0183 34       		.byte	0x34
 3353 0184 0B       		.uleb128 0xb
 3354 0185 C3370000 		.4byte	.LASF45
 3355 0189 35       		.byte	0x35
 3356 018a 0B       		.uleb128 0xb
 3357 018b 6D080000 		.4byte	.LASF46
 3358 018f 36       		.byte	0x36
 3359 0190 0B       		.uleb128 0xb
 3360 0191 9B2C0000 		.4byte	.LASF47
 3361 0195 37       		.byte	0x37
 3362 0196 0B       		.uleb128 0xb
 3363 0197 6F350000 		.4byte	.LASF48
 3364 019b 40       		.byte	0x40
 3365 019c 0B       		.uleb128 0xb
 3366 019d E9020000 		.4byte	.LASF49
 3367 01a1 41       		.byte	0x41
 3368 01a2 0B       		.uleb128 0xb
 3369 01a3 D73C0000 		.4byte	.LASF50
 3370 01a7 42       		.byte	0x42
 3371 01a8 0B       		.uleb128 0xb
 3372 01a9 EB2B0000 		.4byte	.LASF51
 3373 01ad 43       		.byte	0x43
 3374 01ae 0B       		.uleb128 0xb
 3375 01af 060F0000 		.4byte	.LASF52
 3376 01b3 44       		.byte	0x44
 3377 01b4 0B       		.uleb128 0xb
 3378 01b5 9A0E0000 		.4byte	.LASF53
 3379 01b9 45       		.byte	0x45
 3380 01ba 0B       		.uleb128 0xb
 3381 01bb E0300000 		.4byte	.LASF54
 3382 01bf 46       		.byte	0x46
ARM GAS  C:\Users\alexport\AppData\Local\Temp\ccKIFySF.s 			page 75


 3383 01c0 0B       		.uleb128 0xb
 3384 01c1 C2300000 		.4byte	.LASF55
 3385 01c5 47       		.byte	0x47
 3386 01c6 0B       		.uleb128 0xb
 3387 01c7 BF100000 		.4byte	.LASF56
 3388 01cb 48       		.byte	0x48
 3389 01cc 0B       		.uleb128 0xb
 3390 01cd FF280000 		.4byte	.LASF57
 3391 01d1 49       		.byte	0x49
 3392 01d2 0B       		.uleb128 0xb
 3393 01d3 BC120000 		.4byte	.LASF58
 3394 01d7 4A       		.byte	0x4a
 3395 01d8 0B       		.uleb128 0xb
 3396 01d9 CD110000 		.4byte	.LASF59
 3397 01dd 4B       		.byte	0x4b
 3398 01de 0B       		.uleb128 0xb
 3399 01df 4F280000 		.4byte	.LASF60
 3400 01e3 4C       		.byte	0x4c
 3401 01e4 0B       		.uleb128 0xb
 3402 01e5 70320000 		.4byte	.LASF61
 3403 01e9 4D       		.byte	0x4d
 3404 01ea 0B       		.uleb128 0xb
 3405 01eb 190A0000 		.4byte	.LASF62
 3406 01ef 4E       		.byte	0x4e
 3407 01f0 0B       		.uleb128 0xb
 3408 01f1 43250000 		.4byte	.LASF63
 3409 01f5 4F       		.byte	0x4f
 3410 01f6 0B       		.uleb128 0xb
 3411 01f7 49360000 		.4byte	.LASF64
 3412 01fb 50       		.byte	0x50
 3413 01fc 0B       		.uleb128 0xb
 3414 01fd 20130000 		.4byte	.LASF65
 3415 0201 51       		.byte	0x51
 3416 0202 0B       		.uleb128 0xb
 3417 0203 65070000 		.4byte	.LASF66
 3418 0207 52       		.byte	0x52
 3419 0208 0B       		.uleb128 0xb
 3420 0209 B3390000 		.4byte	.LASF67
 3421 020d 53       		.byte	0x53
 3422 020e 0B       		.uleb128 0xb
 3423 020f 283E0000 		.4byte	.LASF68
 3424 0213 54       		.byte	0x54
 3425 0214 0B       		.uleb128 0xb
 3426 0215 C8050000 		.4byte	.LASF69
 3427 0219 55       		.byte	0x55
 3428 021a 0B       		.uleb128 0xb
 3429 021b 19140000 		.4byte	.LASF70
 3430 021f 56       		.byte	0x56
 3431 0220 0B       		.uleb128 0xb
 3432 0221 4A240000 		.4byte	.LASF71
 3433 0225 57       		.byte	0x57
 3434 0226 0B       		.uleb128 0xb
 3435 0227 A73D0000 		.4byte	.LASF72
 3436 022b 58       		.byte	0x58
 3437 022c 0B       		.uleb128 0xb
 3438 022d DA3A0000 		.4byte	.LASF73
 3439 0231 70       		.byte	0x70
ARM GAS  C:\Users\alexport\AppData\Local\Temp\ccKIFySF.s 			page 76


 3440 0232 0B       		.uleb128 0xb
 3441 0233 BA180000 		.4byte	.LASF74
 3442 0237 71       		.byte	0x71
 3443 0238 0B       		.uleb128 0xb
 3444 0239 040D0000 		.4byte	.LASF75
 3445 023d 72       		.byte	0x72
 3446 023e 0B       		.uleb128 0xb
 3447 023f 2B360000 		.4byte	.LASF76
 3448 0243 73       		.byte	0x73
 3449 0244 0B       		.uleb128 0xb
 3450 0245 72290000 		.4byte	.LASF77
 3451 0249 74       		.byte	0x74
 3452 024a 0B       		.uleb128 0xb
 3453 024b D01E0000 		.4byte	.LASF78
 3454 024f 75       		.byte	0x75
 3455 0250 0B       		.uleb128 0xb
 3456 0251 9E100000 		.4byte	.LASF79
 3457 0255 76       		.byte	0x76
 3458 0256 0B       		.uleb128 0xb
 3459 0257 652E0000 		.4byte	.LASF80
 3460 025b 77       		.byte	0x77
 3461 025c 0B       		.uleb128 0xb
 3462 025d EC050000 		.4byte	.LASF81
 3463 0261 78       		.byte	0x78
 3464 0262 0B       		.uleb128 0xb
 3465 0263 5B0A0000 		.4byte	.LASF82
 3466 0267 79       		.byte	0x79
 3467 0268 0B       		.uleb128 0xb
 3468 0269 1B3D0000 		.4byte	.LASF83
 3469 026d 7A       		.byte	0x7a
 3470 026e 0B       		.uleb128 0xb
 3471 026f E7210000 		.4byte	.LASF84
 3472 0273 FA       		.byte	0xfa
 3473 0274 0B       		.uleb128 0xb
 3474 0275 E7380000 		.4byte	.LASF85
 3475 0279 FB       		.byte	0xfb
 3476 027a 0B       		.uleb128 0xb
 3477 027b E0180000 		.4byte	.LASF86
 3478 027f FC       		.byte	0xfc
 3479 0280 0B       		.uleb128 0xb
 3480 0281 212A0000 		.4byte	.LASF87
 3481 0285 FD       		.byte	0xfd
 3482 0286 0B       		.uleb128 0xb
 3483 0287 FE270000 		.4byte	.LASF88
 3484 028b FF       		.byte	0xff
 3485 028c 00       		.byte	0
 3486 028d 0A       		.uleb128 0xa
 3487 028e 02       		.byte	0x2
 3488 028f 3A000000 		.4byte	0x3a
 3489 0293 03       		.byte	0x3
 3490 0294 EA03     		.2byte	0x3ea
 3491 0296 6C030000 		.4byte	0x36c
 3492 029a 0B       		.uleb128 0xb
 3493 029b 8B0E0000 		.4byte	.LASF89
 3494 029f 00       		.byte	0
 3495 02a0 0B       		.uleb128 0xb
 3496 02a1 C2150000 		.4byte	.LASF90
ARM GAS  C:\Users\alexport\AppData\Local\Temp\ccKIFySF.s 			page 77


 3497 02a5 01       		.byte	0x1
 3498 02a6 0B       		.uleb128 0xb
 3499 02a7 A43C0000 		.4byte	.LASF91
 3500 02ab 02       		.byte	0x2
 3501 02ac 0B       		.uleb128 0xb
 3502 02ad 3B170000 		.4byte	.LASF92
 3503 02b1 03       		.byte	0x3
 3504 02b2 0B       		.uleb128 0xb
 3505 02b3 5E1B0000 		.4byte	.LASF93
 3506 02b7 04       		.byte	0x4
 3507 02b8 0B       		.uleb128 0xb
 3508 02b9 5A210000 		.4byte	.LASF94
 3509 02bd 05       		.byte	0x5
 3510 02be 0B       		.uleb128 0xb
 3511 02bf AA380000 		.4byte	.LASF95
 3512 02c3 06       		.byte	0x6
 3513 02c4 0B       		.uleb128 0xb
 3514 02c5 9F120000 		.4byte	.LASF96
 3515 02c9 07       		.byte	0x7
 3516 02ca 0B       		.uleb128 0xb
 3517 02cb 43230000 		.4byte	.LASF97
 3518 02cf 08       		.byte	0x8
 3519 02d0 0B       		.uleb128 0xb
 3520 02d1 4D370000 		.4byte	.LASF98
 3521 02d5 09       		.byte	0x9
 3522 02d6 0B       		.uleb128 0xb
 3523 02d7 C33E0000 		.4byte	.LASF99
 3524 02db 0A       		.byte	0xa
 3525 02dc 0B       		.uleb128 0xb
 3526 02dd FC070000 		.4byte	.LASF100
 3527 02e1 0B       		.byte	0xb
 3528 02e2 0B       		.uleb128 0xb
 3529 02e3 1C3A0000 		.4byte	.LASF101
 3530 02e7 0C       		.byte	0xc
 3531 02e8 0B       		.uleb128 0xb
 3532 02e9 28270000 		.4byte	.LASF102
 3533 02ed 0D       		.byte	0xd
 3534 02ee 0B       		.uleb128 0xb
 3535 02ef 231D0000 		.4byte	.LASF103
 3536 02f3 0E       		.byte	0xe
 3537 02f4 0B       		.uleb128 0xb
 3538 02f5 35210000 		.4byte	.LASF104
 3539 02f9 0F       		.byte	0xf
 3540 02fa 0B       		.uleb128 0xb
 3541 02fb 58050000 		.4byte	.LASF105
 3542 02ff 10       		.byte	0x10
 3543 0300 0B       		.uleb128 0xb
 3544 0301 12230000 		.4byte	.LASF106
 3545 0305 11       		.byte	0x11
 3546 0306 0B       		.uleb128 0xb
 3547 0307 290B0000 		.4byte	.LASF107
 3548 030b 12       		.byte	0x12
 3549 030c 0B       		.uleb128 0xb
 3550 030d 820D0000 		.4byte	.LASF108
 3551 0311 13       		.byte	0x13
 3552 0312 0B       		.uleb128 0xb
 3553 0313 A2210000 		.4byte	.LASF109
ARM GAS  C:\Users\alexport\AppData\Local\Temp\ccKIFySF.s 			page 78


 3554 0317 27       		.byte	0x27
 3555 0318 0B       		.uleb128 0xb
 3556 0319 FF230000 		.4byte	.LASF110
 3557 031d 28       		.byte	0x28
 3558 031e 0B       		.uleb128 0xb
 3559 031f 86050000 		.4byte	.LASF111
 3560 0323 29       		.byte	0x29
 3561 0324 0B       		.uleb128 0xb
 3562 0325 D9340000 		.4byte	.LASF112
 3563 0329 2A       		.byte	0x2a
 3564 032a 0B       		.uleb128 0xb
 3565 032b 851C0000 		.4byte	.LASF113
 3566 032f 2B       		.byte	0x2b
 3567 0330 0B       		.uleb128 0xb
 3568 0331 322F0000 		.4byte	.LASF114
 3569 0335 2C       		.byte	0x2c
 3570 0336 0B       		.uleb128 0xb
 3571 0337 12320000 		.4byte	.LASF115
 3572 033b 2D       		.byte	0x2d
 3573 033c 0B       		.uleb128 0xb
 3574 033d 85150000 		.4byte	.LASF116
 3575 0341 FE       		.byte	0xfe
 3576 0342 0B       		.uleb128 0xb
 3577 0343 87180000 		.4byte	.LASF117
 3578 0347 FF       		.byte	0xff
 3579 0348 0C       		.uleb128 0xc
 3580 0349 E6280000 		.4byte	.LASF118
 3581 034d 0001     		.2byte	0x100
 3582 034f 0C       		.uleb128 0xc
 3583 0350 CD280000 		.4byte	.LASF119
 3584 0354 0101     		.2byte	0x101
 3585 0356 0C       		.uleb128 0xc
 3586 0357 3E0C0000 		.4byte	.LASF120
 3587 035b 0201     		.2byte	0x102
 3588 035d 0C       		.uleb128 0xc
 3589 035e 0C2E0000 		.4byte	.LASF121
 3590 0362 0301     		.2byte	0x103
 3591 0364 0C       		.uleb128 0xc
 3592 0365 1D1B0000 		.4byte	.LASF122
 3593 0369 0401     		.2byte	0x104
 3594 036b 00       		.byte	0
 3595 036c 04       		.uleb128 0x4
 3596 036d 06390000 		.4byte	.LASF123
 3597 0371 03       		.byte	0x3
 3598 0372 5C04     		.2byte	0x45c
 3599 0374 8D020000 		.4byte	0x28d
 3600 0378 07       		.uleb128 0x7
 3601 0379 04       		.byte	0x4
 3602 037a 6B000000 		.4byte	0x6b
 3603 037e 0D       		.uleb128 0xd
 3604 037f 01       		.byte	0x1
 3605 0380 2C000000 		.4byte	0x2c
 3606 0384 04       		.byte	0x4
 3607 0385 A5       		.byte	0xa5
 3608 0386 75040000 		.4byte	0x475
 3609 038a 0B       		.uleb128 0xb
 3610 038b 842E0000 		.4byte	.LASF124
ARM GAS  C:\Users\alexport\AppData\Local\Temp\ccKIFySF.s 			page 79


 3611 038f 00       		.byte	0
 3612 0390 0B       		.uleb128 0xb
 3613 0391 9E2D0000 		.4byte	.LASF125
 3614 0395 01       		.byte	0x1
 3615 0396 0B       		.uleb128 0xb
 3616 0397 EB040000 		.4byte	.LASF126
 3617 039b 02       		.byte	0x2
 3618 039c 0B       		.uleb128 0xb
 3619 039d 543B0000 		.4byte	.LASF127
 3620 03a1 03       		.byte	0x3
 3621 03a2 0B       		.uleb128 0xb
 3622 03a3 230C0000 		.4byte	.LASF128
 3623 03a7 04       		.byte	0x4
 3624 03a8 0B       		.uleb128 0xb
 3625 03a9 6F250000 		.4byte	.LASF129
 3626 03ad 05       		.byte	0x5
 3627 03ae 0B       		.uleb128 0xb
 3628 03af 4A350000 		.4byte	.LASF130
 3629 03b3 06       		.byte	0x6
 3630 03b4 0B       		.uleb128 0xb
 3631 03b5 32290000 		.4byte	.LASF131
 3632 03b9 07       		.byte	0x7
 3633 03ba 0B       		.uleb128 0xb
 3634 03bb A3240000 		.4byte	.LASF132
 3635 03bf 08       		.byte	0x8
 3636 03c0 0B       		.uleb128 0xb
 3637 03c1 EB200000 		.4byte	.LASF133
 3638 03c5 09       		.byte	0x9
 3639 03c6 0B       		.uleb128 0xb
 3640 03c7 72270000 		.4byte	.LASF134
 3641 03cb 0A       		.byte	0xa
 3642 03cc 0B       		.uleb128 0xb
 3643 03cd 99130000 		.4byte	.LASF135
 3644 03d1 0B       		.byte	0xb
 3645 03d2 0B       		.uleb128 0xb
 3646 03d3 05220000 		.4byte	.LASF136
 3647 03d7 0C       		.byte	0xc
 3648 03d8 0B       		.uleb128 0xb
 3649 03d9 450D0000 		.4byte	.LASF137
 3650 03dd 0D       		.byte	0xd
 3651 03de 0B       		.uleb128 0xb
 3652 03df 3D120000 		.4byte	.LASF138
 3653 03e3 0E       		.byte	0xe
 3654 03e4 0B       		.uleb128 0xb
 3655 03e5 8A3B0000 		.4byte	.LASF139
 3656 03e9 0F       		.byte	0xf
 3657 03ea 0B       		.uleb128 0xb
 3658 03eb 32050000 		.4byte	.LASF140
 3659 03ef 10       		.byte	0x10
 3660 03f0 0B       		.uleb128 0xb
 3661 03f1 0D050000 		.4byte	.LASF141
 3662 03f5 11       		.byte	0x11
 3663 03f6 0B       		.uleb128 0xb
 3664 03f7 6A060000 		.4byte	.LASF142
 3665 03fb 80       		.byte	0x80
 3666 03fc 0B       		.uleb128 0xb
 3667 03fd 3F130000 		.4byte	.LASF143
ARM GAS  C:\Users\alexport\AppData\Local\Temp\ccKIFySF.s 			page 80


 3668 0401 80       		.byte	0x80
 3669 0402 0B       		.uleb128 0xb
 3670 0403 381A0000 		.4byte	.LASF144
 3671 0407 80       		.byte	0x80
 3672 0408 0B       		.uleb128 0xb
 3673 0409 F6340000 		.4byte	.LASF145
 3674 040d 80       		.byte	0x80
 3675 040e 0B       		.uleb128 0xb
 3676 040f 6D2F0000 		.4byte	.LASF146
 3677 0413 80       		.byte	0x80
 3678 0414 0B       		.uleb128 0xb
 3679 0415 B2260000 		.4byte	.LASF147
 3680 0419 80       		.byte	0x80
 3681 041a 0B       		.uleb128 0xb
 3682 041b A71B0000 		.4byte	.LASF148
 3683 041f 80       		.byte	0x80
 3684 0420 0B       		.uleb128 0xb
 3685 0421 F12D0000 		.4byte	.LASF149
 3686 0425 80       		.byte	0x80
 3687 0426 0B       		.uleb128 0xb
 3688 0427 39180000 		.4byte	.LASF150
 3689 042b 81       		.byte	0x81
 3690 042c 0B       		.uleb128 0xb
 3691 042d 6E310000 		.4byte	.LASF151
 3692 0431 81       		.byte	0x81
 3693 0432 0B       		.uleb128 0xb
 3694 0433 64000000 		.4byte	.LASF152
 3695 0437 81       		.byte	0x81
 3696 0438 0B       		.uleb128 0xb
 3697 0439 AA0B0000 		.4byte	.LASF153
 3698 043d 81       		.byte	0x81
 3699 043e 0B       		.uleb128 0xb
 3700 043f FA080000 		.4byte	.LASF154
 3701 0443 82       		.byte	0x82
 3702 0444 0B       		.uleb128 0xb
 3703 0445 1E380000 		.4byte	.LASF155
 3704 0449 A0       		.byte	0xa0
 3705 044a 0B       		.uleb128 0xb
 3706 044b 731D0000 		.4byte	.LASF156
 3707 044f A0       		.byte	0xa0
 3708 0450 0B       		.uleb128 0xb
 3709 0451 45090000 		.4byte	.LASF157
 3710 0455 A1       		.byte	0xa1
 3711 0456 0B       		.uleb128 0xb
 3712 0457 27370000 		.4byte	.LASF158
 3713 045b A2       		.byte	0xa2
 3714 045c 0B       		.uleb128 0xb
 3715 045d 7A140000 		.4byte	.LASF159
 3716 0461 A3       		.byte	0xa3
 3717 0462 0B       		.uleb128 0xb
 3718 0463 341B0000 		.4byte	.LASF160
 3719 0467 FD       		.byte	0xfd
 3720 0468 0B       		.uleb128 0xb
 3721 0469 53220000 		.4byte	.LASF161
 3722 046d FE       		.byte	0xfe
 3723 046e 0B       		.uleb128 0xb
 3724 046f EB290000 		.4byte	.LASF162
ARM GAS  C:\Users\alexport\AppData\Local\Temp\ccKIFySF.s 			page 81


 3725 0473 FF       		.byte	0xff
 3726 0474 00       		.byte	0
 3727 0475 04       		.uleb128 0x4
 3728 0476 07370000 		.4byte	.LASF163
 3729 047a 04       		.byte	0x4
 3730 047b 5F01     		.2byte	0x15f
 3731 047d 7E030000 		.4byte	0x37e
 3732 0481 04       		.uleb128 0x4
 3733 0482 262E0000 		.4byte	.LASF164
 3734 0486 04       		.byte	0x4
 3735 0487 8901     		.2byte	0x189
 3736 0489 77000000 		.4byte	0x77
 3737 048d 0E       		.uleb128 0xe
 3738 048e 02       		.byte	0x2
 3739 048f 04       		.byte	0x4
 3740 0490 9301     		.2byte	0x193
 3741 0492 B1040000 		.4byte	0x4b1
 3742 0496 0F       		.uleb128 0xf
 3743 0497 F1080000 		.4byte	.LASF165
 3744 049b 04       		.byte	0x4
 3745 049c 9A01     		.2byte	0x19a
 3746 049e 6B000000 		.4byte	0x6b
 3747 04a2 00       		.byte	0
 3748 04a3 0F       		.uleb128 0xf
 3749 04a4 9E3C0000 		.4byte	.LASF166
 3750 04a8 04       		.byte	0x4
 3751 04a9 A001     		.2byte	0x1a0
 3752 04ab 6B000000 		.4byte	0x6b
 3753 04af 01       		.byte	0x1
 3754 04b0 00       		.byte	0
 3755 04b1 04       		.uleb128 0x4
 3756 04b2 C5070000 		.4byte	.LASF167
 3757 04b6 04       		.byte	0x4
 3758 04b7 A201     		.2byte	0x1a2
 3759 04b9 8D040000 		.4byte	0x48d
 3760 04bd 0E       		.uleb128 0xe
 3761 04be 08       		.byte	0x8
 3762 04bf 04       		.byte	0x4
 3763 04c0 BE01     		.2byte	0x1be
 3764 04c2 EE040000 		.4byte	0x4ee
 3765 04c6 10       		.uleb128 0x10
 3766 04c7 76616C00 		.ascii	"val\000"
 3767 04cb 04       		.byte	0x4
 3768 04cc C101     		.2byte	0x1c1
 3769 04ce 78030000 		.4byte	0x378
 3770 04d2 00       		.byte	0
 3771 04d3 10       		.uleb128 0x10
 3772 04d4 6C656E00 		.ascii	"len\000"
 3773 04d8 04       		.byte	0x4
 3774 04d9 C401     		.2byte	0x1c4
 3775 04db 77000000 		.4byte	0x77
 3776 04df 04       		.byte	0x4
 3777 04e0 0F       		.uleb128 0xf
 3778 04e1 0D3C0000 		.4byte	.LASF168
 3779 04e5 04       		.byte	0x4
 3780 04e6 CB01     		.2byte	0x1cb
 3781 04e8 77000000 		.4byte	0x77
ARM GAS  C:\Users\alexport\AppData\Local\Temp\ccKIFySF.s 			page 82


 3782 04ec 06       		.byte	0x6
 3783 04ed 00       		.byte	0
 3784 04ee 04       		.uleb128 0x4
 3785 04ef 0F060000 		.4byte	.LASF169
 3786 04f3 04       		.byte	0x4
 3787 04f4 CD01     		.2byte	0x1cd
 3788 04f6 BD040000 		.4byte	0x4bd
 3789 04fa 0E       		.uleb128 0xe
 3790 04fb 0C       		.byte	0xc
 3791 04fc 04       		.byte	0x4
 3792 04fd D001     		.2byte	0x1d0
 3793 04ff 1E050000 		.4byte	0x51e
 3794 0503 0F       		.uleb128 0xf
 3795 0504 982E0000 		.4byte	.LASF170
 3796 0508 04       		.byte	0x4
 3797 0509 D301     		.2byte	0x1d3
 3798 050b EE040000 		.4byte	0x4ee
 3799 050f 00       		.byte	0
 3800 0510 0F       		.uleb128 0xf
 3801 0511 CD240000 		.4byte	.LASF171
 3802 0515 04       		.byte	0x4
 3803 0516 D601     		.2byte	0x1d6
 3804 0518 81040000 		.4byte	0x481
 3805 051c 08       		.byte	0x8
 3806 051d 00       		.byte	0
 3807 051e 04       		.uleb128 0x4
 3808 051f 9E0C0000 		.4byte	.LASF172
 3809 0523 04       		.byte	0x4
 3810 0524 D801     		.2byte	0x1d8
 3811 0526 FA040000 		.4byte	0x4fa
 3812 052a 11       		.uleb128 0x11
 3813 052b 10       		.byte	0x10
 3814 052c 05       		.byte	0x5
 3815 052d 8A       		.byte	0x8a
 3816 052e 4B050000 		.4byte	0x54b
 3817 0532 12       		.uleb128 0x12
 3818 0533 05300000 		.4byte	.LASF173
 3819 0537 05       		.byte	0x5
 3820 0538 8D       		.byte	0x8d
 3821 0539 B1040000 		.4byte	0x4b1
 3822 053d 00       		.byte	0
 3823 053e 12       		.uleb128 0x12
 3824 053f 6D340000 		.4byte	.LASF174
 3825 0543 05       		.byte	0x5
 3826 0544 90       		.byte	0x90
 3827 0545 1E050000 		.4byte	0x51e
 3828 0549 04       		.byte	0x4
 3829 054a 00       		.byte	0
 3830 054b 13       		.uleb128 0x13
 3831 054c 18250000 		.4byte	.LASF175
 3832 0550 05       		.byte	0x5
 3833 0551 92       		.byte	0x92
 3834 0552 2A050000 		.4byte	0x52a
 3835 0556 11       		.uleb128 0x11
 3836 0557 08       		.byte	0x8
 3837 0558 06       		.byte	0x6
 3838 0559 CE       		.byte	0xce
ARM GAS  C:\Users\alexport\AppData\Local\Temp\ccKIFySF.s 			page 83


 3839 055a 77050000 		.4byte	0x577
 3840 055e 12       		.uleb128 0x12
 3841 055f 10300000 		.4byte	.LASF176
 3842 0563 06       		.byte	0x6
 3843 0564 D1       		.byte	0xd1
 3844 0565 77000000 		.4byte	0x77
 3845 0569 00       		.byte	0
 3846 056a 12       		.uleb128 0x12
 3847 056b A8330000 		.4byte	.LASF177
 3848 056f 06       		.byte	0x6
 3849 0570 D6       		.byte	0xd6
 3850 0571 B7000000 		.4byte	0xb7
 3851 0575 04       		.byte	0x4
 3852 0576 00       		.byte	0
 3853 0577 13       		.uleb128 0x13
 3854 0578 90290000 		.4byte	.LASF178
 3855 057c 06       		.byte	0x6
 3856 057d D8       		.byte	0xd8
 3857 057e 56050000 		.4byte	0x556
 3858 0582 11       		.uleb128 0x11
 3859 0583 08       		.byte	0x8
 3860 0584 06       		.byte	0x6
 3861 0585 DB       		.byte	0xdb
 3862 0586 A3050000 		.4byte	0x5a3
 3863 058a 12       		.uleb128 0x12
 3864 058b 56110000 		.4byte	.LASF179
 3865 058f 06       		.byte	0x6
 3866 0590 DE       		.byte	0xde
 3867 0591 77000000 		.4byte	0x77
 3868 0595 00       		.byte	0
 3869 0596 12       		.uleb128 0x12
 3870 0597 95340000 		.4byte	.LASF180
 3871 059b 06       		.byte	0x6
 3872 059c E3       		.byte	0xe3
 3873 059d A3050000 		.4byte	0x5a3
 3874 05a1 04       		.byte	0x4
 3875 05a2 00       		.byte	0
 3876 05a3 07       		.uleb128 0x7
 3877 05a4 04       		.byte	0x4
 3878 05a5 77050000 		.4byte	0x577
 3879 05a9 13       		.uleb128 0x13
 3880 05aa FC320000 		.4byte	.LASF181
 3881 05ae 06       		.byte	0x6
 3882 05af E5       		.byte	0xe5
 3883 05b0 82050000 		.4byte	0x582
 3884 05b4 14       		.uleb128 0x14
 3885 05b5 08       		.byte	0x8
 3886 05b6 06       		.byte	0x6
 3887 05b7 E8       		.byte	0xe8
 3888 05b8 D3050000 		.4byte	0x5d3
 3889 05bc 15       		.uleb128 0x15
 3890 05bd A6340000 		.4byte	.LASF182
 3891 05c1 06       		.byte	0x6
 3892 05c2 EF       		.byte	0xef
 3893 05c3 A9050000 		.4byte	0x5a9
 3894 05c7 15       		.uleb128 0x15
 3895 05c8 661D0000 		.4byte	.LASF183
ARM GAS  C:\Users\alexport\AppData\Local\Temp\ccKIFySF.s 			page 84


 3896 05cc 06       		.byte	0x6
 3897 05cd F2       		.byte	0xf2
 3898 05ce 77000000 		.4byte	0x77
 3899 05d2 00       		.byte	0
 3900 05d3 13       		.uleb128 0x13
 3901 05d4 C7320000 		.4byte	.LASF184
 3902 05d8 06       		.byte	0x6
 3903 05d9 F4       		.byte	0xf4
 3904 05da B4050000 		.4byte	0x5b4
 3905 05de 11       		.uleb128 0x11
 3906 05df 14       		.byte	0x14
 3907 05e0 06       		.byte	0x6
 3908 05e1 F7       		.byte	0xf7
 3909 05e2 27060000 		.4byte	0x627
 3910 05e6 12       		.uleb128 0x12
 3911 05e7 0E100000 		.4byte	.LASF185
 3912 05eb 06       		.byte	0x6
 3913 05ec FA       		.byte	0xfa
 3914 05ed 77000000 		.4byte	0x77
 3915 05f1 00       		.byte	0
 3916 05f2 0F       		.uleb128 0xf
 3917 05f3 BD0C0000 		.4byte	.LASF186
 3918 05f7 06       		.byte	0x6
 3919 05f8 0001     		.2byte	0x100
 3920 05fa 77000000 		.4byte	0x77
 3921 05fe 02       		.byte	0x2
 3922 05ff 0F       		.uleb128 0xf
 3923 0600 45060000 		.4byte	.LASF187
 3924 0604 06       		.byte	0x6
 3925 0605 0B01     		.2byte	0x10b
 3926 0607 83000000 		.4byte	0x83
 3927 060b 04       		.byte	0x4
 3928 060c 0F       		.uleb128 0xf
 3929 060d 62250000 		.4byte	.LASF188
 3930 0611 06       		.byte	0x6
 3931 0612 0E01     		.2byte	0x10e
 3932 0614 77000000 		.4byte	0x77
 3933 0618 08       		.byte	0x8
 3934 0619 0F       		.uleb128 0xf
 3935 061a DE2E0000 		.4byte	.LASF189
 3936 061e 06       		.byte	0x6
 3937 061f 1701     		.2byte	0x117
 3938 0621 D3050000 		.4byte	0x5d3
 3939 0625 0C       		.byte	0xc
 3940 0626 00       		.byte	0
 3941 0627 04       		.uleb128 0x4
 3942 0628 D8140000 		.4byte	.LASF190
 3943 062c 06       		.byte	0x6
 3944 062d 1801     		.2byte	0x118
 3945 062f DE050000 		.4byte	0x5de
 3946 0633 04       		.uleb128 0x4
 3947 0634 22070000 		.4byte	.LASF191
 3948 0638 07       		.byte	0x7
 3949 0639 0302     		.2byte	0x203
 3950 063b B9000000 		.4byte	0xb9
 3951 063f 11       		.uleb128 0x11
 3952 0640 06       		.byte	0x6
ARM GAS  C:\Users\alexport\AppData\Local\Temp\ccKIFySF.s 			page 85


 3953 0641 08       		.byte	0x8
 3954 0642 88       		.byte	0x88
 3955 0643 6C060000 		.4byte	0x66c
 3956 0647 12       		.uleb128 0x12
 3957 0648 F10B0000 		.4byte	.LASF192
 3958 064c 08       		.byte	0x8
 3959 064d 8A       		.byte	0x8a
 3960 064e 81040000 		.4byte	0x481
 3961 0652 00       		.byte	0
 3962 0653 12       		.uleb128 0x12
 3963 0654 A82F0000 		.4byte	.LASF193
 3964 0658 08       		.byte	0x8
 3965 0659 8B       		.byte	0x8b
 3966 065a 81040000 		.4byte	0x481
 3967 065e 02       		.byte	0x2
 3968 065f 12       		.uleb128 0x12
 3969 0660 173C0000 		.4byte	.LASF194
 3970 0664 08       		.byte	0x8
 3971 0665 8C       		.byte	0x8c
 3972 0666 81040000 		.4byte	0x481
 3973 066a 04       		.byte	0x4
 3974 066b 00       		.byte	0
 3975 066c 13       		.uleb128 0x13
 3976 066d 1C1F0000 		.4byte	.LASF195
 3977 0671 08       		.byte	0x8
 3978 0672 8D       		.byte	0x8d
 3979 0673 3F060000 		.4byte	0x63f
 3980 0677 16       		.uleb128 0x16
 3981 0678 3903     		.2byte	0x339
 3982 067a 08       		.byte	0x8
 3983 067b 9F       		.byte	0x9f
 3984 067c B4060000 		.4byte	0x6b4
 3985 0680 12       		.uleb128 0x12
 3986 0681 17190000 		.4byte	.LASF196
 3987 0685 08       		.byte	0x8
 3988 0686 A2       		.byte	0xa2
 3989 0687 B4060000 		.4byte	0x6b4
 3990 068b 00       		.byte	0
 3991 068c 17       		.uleb128 0x17
 3992 068d A8170000 		.4byte	.LASF197
 3993 0691 08       		.byte	0x8
 3994 0692 A5       		.byte	0xa5
 3995 0693 C5060000 		.4byte	0x6c5
 3996 0697 7902     		.2byte	0x279
 3997 0699 17       		.uleb128 0x17
 3998 069a 1D370000 		.4byte	.LASF198
 3999 069e 08       		.byte	0x8
 4000 069f A8       		.byte	0xa8
 4001 06a0 6B000000 		.4byte	0x6b
 4002 06a4 3703     		.2byte	0x337
 4003 06a6 17       		.uleb128 0x17
 4004 06a7 67160000 		.4byte	.LASF199
 4005 06ab 08       		.byte	0x8
 4006 06ac AB       		.byte	0xab
 4007 06ad 6B000000 		.4byte	0x6b
 4008 06b1 3803     		.2byte	0x338
 4009 06b3 00       		.byte	0
ARM GAS  C:\Users\alexport\AppData\Local\Temp\ccKIFySF.s 			page 86


 4010 06b4 18       		.uleb128 0x18
 4011 06b5 6B000000 		.4byte	0x6b
 4012 06b9 C5060000 		.4byte	0x6c5
 4013 06bd 19       		.uleb128 0x19
 4014 06be B0000000 		.4byte	0xb0
 4015 06c2 7802     		.2byte	0x278
 4016 06c4 00       		.byte	0
 4017 06c5 18       		.uleb128 0x18
 4018 06c6 6B000000 		.4byte	0x6b
 4019 06ca DB060000 		.4byte	0x6db
 4020 06ce 1A       		.uleb128 0x1a
 4021 06cf B0000000 		.4byte	0xb0
 4022 06d3 04       		.byte	0x4
 4023 06d4 1A       		.uleb128 0x1a
 4024 06d5 B0000000 		.4byte	0xb0
 4025 06d9 25       		.byte	0x25
 4026 06da 00       		.byte	0
 4027 06db 13       		.uleb128 0x13
 4028 06dc 951F0000 		.4byte	.LASF200
 4029 06e0 08       		.byte	0x8
 4030 06e1 AC       		.byte	0xac
 4031 06e2 77060000 		.4byte	0x677
 4032 06e6 0D       		.uleb128 0xd
 4033 06e7 01       		.byte	0x1
 4034 06e8 2C000000 		.4byte	0x2c
 4035 06ec 09       		.byte	0x9
 4036 06ed 22       		.byte	0x22
 4037 06ee 2F070000 		.4byte	0x72f
 4038 06f2 0B       		.uleb128 0xb
 4039 06f3 162D0000 		.4byte	.LASF201
 4040 06f7 00       		.byte	0
 4041 06f8 0B       		.uleb128 0xb
 4042 06f9 9C140000 		.4byte	.LASF202
 4043 06fd 01       		.byte	0x1
 4044 06fe 0B       		.uleb128 0xb
 4045 06ff 1C1E0000 		.4byte	.LASF203
 4046 0703 02       		.byte	0x2
 4047 0704 0B       		.uleb128 0xb
 4048 0705 4C0B0000 		.4byte	.LASF204
 4049 0709 03       		.byte	0x3
 4050 070a 0B       		.uleb128 0xb
 4051 070b 4E070000 		.4byte	.LASF205
 4052 070f 04       		.byte	0x4
 4053 0710 0B       		.uleb128 0xb
 4054 0711 02140000 		.4byte	.LASF206
 4055 0715 05       		.byte	0x5
 4056 0716 0B       		.uleb128 0xb
 4057 0717 33150000 		.4byte	.LASF207
 4058 071b 06       		.byte	0x6
 4059 071c 0B       		.uleb128 0xb
 4060 071d 05260000 		.4byte	.LASF208
 4061 0721 07       		.byte	0x7
 4062 0722 0B       		.uleb128 0xb
 4063 0723 95200000 		.4byte	.LASF209
 4064 0727 08       		.byte	0x8
 4065 0728 0B       		.uleb128 0xb
 4066 0729 7F000000 		.4byte	.LASF210
ARM GAS  C:\Users\alexport\AppData\Local\Temp\ccKIFySF.s 			page 87


 4067 072d 09       		.byte	0x9
 4068 072e 00       		.byte	0
 4069 072f 0D       		.uleb128 0xd
 4070 0730 02       		.byte	0x2
 4071 0731 3A000000 		.4byte	0x3a
 4072 0735 0A       		.byte	0xa
 4073 0736 B1       		.byte	0xb1
 4074 0737 460F0000 		.4byte	0xf46
 4075 073b 0C       		.uleb128 0xc
 4076 073c 05270000 		.4byte	.LASF211
 4077 0740 0001     		.2byte	0x100
 4078 0742 0C       		.uleb128 0xc
 4079 0743 3F3D0000 		.4byte	.LASF212
 4080 0747 0101     		.2byte	0x101
 4081 0749 0C       		.uleb128 0xc
 4082 074a F40A0000 		.4byte	.LASF213
 4083 074e 0201     		.2byte	0x102
 4084 0750 0C       		.uleb128 0xc
 4085 0751 F53C0000 		.4byte	.LASF214
 4086 0755 0301     		.2byte	0x103
 4087 0757 0C       		.uleb128 0xc
 4088 0758 642D0000 		.4byte	.LASF215
 4089 075c 0401     		.2byte	0x104
 4090 075e 0C       		.uleb128 0xc
 4091 075f 86380000 		.4byte	.LASF216
 4092 0763 0501     		.2byte	0x105
 4093 0765 0C       		.uleb128 0xc
 4094 0766 18100000 		.4byte	.LASF217
 4095 076a 0601     		.2byte	0x106
 4096 076c 0C       		.uleb128 0xc
 4097 076d 40010000 		.4byte	.LASF218
 4098 0771 0701     		.2byte	0x107
 4099 0773 0C       		.uleb128 0xc
 4100 0774 2E3B0000 		.4byte	.LASF219
 4101 0778 0801     		.2byte	0x108
 4102 077a 0C       		.uleb128 0xc
 4103 077b A2050000 		.4byte	.LASF220
 4104 077f 0901     		.2byte	0x109
 4105 0781 0C       		.uleb128 0xc
 4106 0782 2E030000 		.4byte	.LASF221
 4107 0786 0A01     		.2byte	0x10a
 4108 0788 0C       		.uleb128 0xc
 4109 0789 A1150000 		.4byte	.LASF222
 4110 078d 0B01     		.2byte	0x10b
 4111 078f 0C       		.uleb128 0xc
 4112 0790 A6200000 		.4byte	.LASF223
 4113 0794 0C01     		.2byte	0x10c
 4114 0796 0C       		.uleb128 0xc
 4115 0797 B12B0000 		.4byte	.LASF224
 4116 079b 0D01     		.2byte	0x10d
 4117 079d 0C       		.uleb128 0xc
 4118 079e FD030000 		.4byte	.LASF225
 4119 07a2 0E01     		.2byte	0x10e
 4120 07a4 0C       		.uleb128 0xc
 4121 07a5 80110000 		.4byte	.LASF226
 4122 07a9 0F01     		.2byte	0x10f
 4123 07ab 0C       		.uleb128 0xc
ARM GAS  C:\Users\alexport\AppData\Local\Temp\ccKIFySF.s 			page 88


 4124 07ac 9D070000 		.4byte	.LASF227
 4125 07b0 1001     		.2byte	0x110
 4126 07b2 0C       		.uleb128 0xc
 4127 07b3 3D3C0000 		.4byte	.LASF228
 4128 07b7 1101     		.2byte	0x111
 4129 07b9 0C       		.uleb128 0xc
 4130 07ba 51390000 		.4byte	.LASF229
 4131 07be 1201     		.2byte	0x112
 4132 07c0 0C       		.uleb128 0xc
 4133 07c1 200D0000 		.4byte	.LASF230
 4134 07c5 1301     		.2byte	0x113
 4135 07c7 0C       		.uleb128 0xc
 4136 07c8 8A3F0000 		.4byte	.LASF231
 4137 07cc 1401     		.2byte	0x114
 4138 07ce 0C       		.uleb128 0xc
 4139 07cf 422E0000 		.4byte	.LASF232
 4140 07d3 1501     		.2byte	0x115
 4141 07d5 0C       		.uleb128 0xc
 4142 07d6 7A0C0000 		.4byte	.LASF233
 4143 07da 1601     		.2byte	0x116
 4144 07dc 0C       		.uleb128 0xc
 4145 07dd 522C0000 		.4byte	.LASF234
 4146 07e1 1701     		.2byte	0x117
 4147 07e3 0C       		.uleb128 0xc
 4148 07e4 8D2F0000 		.4byte	.LASF235
 4149 07e8 1801     		.2byte	0x118
 4150 07ea 0C       		.uleb128 0xc
 4151 07eb A7370000 		.4byte	.LASF236
 4152 07ef 1901     		.2byte	0x119
 4153 07f1 0C       		.uleb128 0xc
 4154 07f2 AC010000 		.4byte	.LASF237
 4155 07f6 1A01     		.2byte	0x11a
 4156 07f8 0C       		.uleb128 0xc
 4157 07f9 0B120000 		.4byte	.LASF238
 4158 07fd 1B01     		.2byte	0x11b
 4159 07ff 0C       		.uleb128 0xc
 4160 0800 9F2A0000 		.4byte	.LASF239
 4161 0804 1C01     		.2byte	0x11c
 4162 0806 0C       		.uleb128 0xc
 4163 0807 B5340000 		.4byte	.LASF240
 4164 080b 1D01     		.2byte	0x11d
 4165 080d 0C       		.uleb128 0xc
 4166 080e F0190000 		.4byte	.LASF241
 4167 0812 1E01     		.2byte	0x11e
 4168 0814 0C       		.uleb128 0xc
 4169 0815 E0260000 		.4byte	.LASF242
 4170 0819 1F01     		.2byte	0x11f
 4171 081b 0C       		.uleb128 0xc
 4172 081c EC110000 		.4byte	.LASF243
 4173 0820 2001     		.2byte	0x120
 4174 0822 0C       		.uleb128 0xc
 4175 0823 E6100000 		.4byte	.LASF244
 4176 0827 2101     		.2byte	0x121
 4177 0829 0C       		.uleb128 0xc
 4178 082a DF2F0000 		.4byte	.LASF245
 4179 082e 2201     		.2byte	0x122
 4180 0830 0C       		.uleb128 0xc
ARM GAS  C:\Users\alexport\AppData\Local\Temp\ccKIFySF.s 			page 89


 4181 0831 223C0000 		.4byte	.LASF246
 4182 0835 2301     		.2byte	0x123
 4183 0837 0C       		.uleb128 0xc
 4184 0838 8B330000 		.4byte	.LASF247
 4185 083c 2401     		.2byte	0x124
 4186 083e 0C       		.uleb128 0xc
 4187 083f 9F3E0000 		.4byte	.LASF248
 4188 0843 2501     		.2byte	0x125
 4189 0845 0C       		.uleb128 0xc
 4190 0846 73240000 		.4byte	.LASF249
 4191 084a 2601     		.2byte	0x126
 4192 084c 0C       		.uleb128 0xc
 4193 084d FA150000 		.4byte	.LASF250
 4194 0851 2701     		.2byte	0x127
 4195 0853 0C       		.uleb128 0xc
 4196 0854 AC350000 		.4byte	.LASF251
 4197 0858 2801     		.2byte	0x128
 4198 085a 0C       		.uleb128 0xc
 4199 085b 2B280000 		.4byte	.LASF252
 4200 085f 2901     		.2byte	0x129
 4201 0861 0C       		.uleb128 0xc
 4202 0862 023F0000 		.4byte	.LASF253
 4203 0866 2A01     		.2byte	0x12a
 4204 0868 0C       		.uleb128 0xc
 4205 0869 11360000 		.4byte	.LASF254
 4206 086d 2B01     		.2byte	0x12b
 4207 086f 0C       		.uleb128 0xc
 4208 0870 CA3D0000 		.4byte	.LASF255
 4209 0874 2C01     		.2byte	0x12c
 4210 0876 0C       		.uleb128 0xc
 4211 0877 011D0000 		.4byte	.LASF256
 4212 087b 2D01     		.2byte	0x12d
 4213 087d 0C       		.uleb128 0xc
 4214 087e B13B0000 		.4byte	.LASF257
 4215 0882 2E01     		.2byte	0x12e
 4216 0884 0C       		.uleb128 0xc
 4217 0885 C8040000 		.4byte	.LASF258
 4218 0889 2F01     		.2byte	0x12f
 4219 088b 0C       		.uleb128 0xc
 4220 088c D02C0000 		.4byte	.LASF259
 4221 0890 3001     		.2byte	0x130
 4222 0892 0C       		.uleb128 0xc
 4223 0893 971D0000 		.4byte	.LASF260
 4224 0897 3101     		.2byte	0x131
 4225 0899 0C       		.uleb128 0xc
 4226 089a 1D300000 		.4byte	.LASF261
 4227 089e 3201     		.2byte	0x132
 4228 08a0 0C       		.uleb128 0xc
 4229 08a1 302B0000 		.4byte	.LASF262
 4230 08a5 3301     		.2byte	0x133
 4231 08a7 0C       		.uleb128 0xc
 4232 08a8 E0370000 		.4byte	.LASF263
 4233 08ac 3401     		.2byte	0x134
 4234 08ae 0C       		.uleb128 0xc
 4235 08af FD0D0000 		.4byte	.LASF264
 4236 08b3 3501     		.2byte	0x135
 4237 08b5 0C       		.uleb128 0xc
ARM GAS  C:\Users\alexport\AppData\Local\Temp\ccKIFySF.s 			page 90


 4238 08b6 CB350000 		.4byte	.LASF265
 4239 08ba 3601     		.2byte	0x136
 4240 08bc 0C       		.uleb128 0xc
 4241 08bd 17180000 		.4byte	.LASF266
 4242 08c1 3701     		.2byte	0x137
 4243 08c3 0C       		.uleb128 0xc
 4244 08c4 630B0000 		.4byte	.LASF267
 4245 08c8 3801     		.2byte	0x138
 4246 08ca 0C       		.uleb128 0xc
 4247 08cb 7A030000 		.4byte	.LASF268
 4248 08cf 3901     		.2byte	0x139
 4249 08d1 0C       		.uleb128 0xc
 4250 08d2 9E030000 		.4byte	.LASF269
 4251 08d6 3A01     		.2byte	0x13a
 4252 08d8 0C       		.uleb128 0xc
 4253 08d9 9D000000 		.4byte	.LASF270
 4254 08dd 3B01     		.2byte	0x13b
 4255 08df 0C       		.uleb128 0xc
 4256 08e0 B60D0000 		.4byte	.LASF271
 4257 08e4 3C01     		.2byte	0x13c
 4258 08e6 0C       		.uleb128 0xc
 4259 08e7 613D0000 		.4byte	.LASF272
 4260 08eb 3D01     		.2byte	0x13d
 4261 08ed 0C       		.uleb128 0xc
 4262 08ee C1060000 		.4byte	.LASF273
 4263 08f2 3E01     		.2byte	0x13e
 4264 08f4 0C       		.uleb128 0xc
 4265 08f5 E2250000 		.4byte	.LASF274
 4266 08f9 3F01     		.2byte	0x13f
 4267 08fb 0C       		.uleb128 0xc
 4268 08fc 43330000 		.4byte	.LASF275
 4269 0900 4001     		.2byte	0x140
 4270 0902 0C       		.uleb128 0xc
 4271 0903 0F150000 		.4byte	.LASF276
 4272 0907 4101     		.2byte	0x141
 4273 0909 0C       		.uleb128 0xc
 4274 090a 4D270000 		.4byte	.LASF277
 4275 090e 4201     		.2byte	0x142
 4276 0910 0C       		.uleb128 0xc
 4277 0911 C1170000 		.4byte	.LASF278
 4278 0915 4301     		.2byte	0x143
 4279 0917 0C       		.uleb128 0xc
 4280 0918 06070000 		.4byte	.LASF279
 4281 091c 4401     		.2byte	0x144
 4282 091e 0C       		.uleb128 0xc
 4283 091f 85020000 		.4byte	.LASF280
 4284 0923 4501     		.2byte	0x145
 4285 0925 0C       		.uleb128 0xc
 4286 0926 69090000 		.4byte	.LASF281
 4287 092a 4601     		.2byte	0x146
 4288 092c 0C       		.uleb128 0xc
 4289 092d BA2E0000 		.4byte	.LASF282
 4290 0931 4701     		.2byte	0x147
 4291 0933 0C       		.uleb128 0xc
 4292 0934 7B340000 		.4byte	.LASF283
 4293 0938 4801     		.2byte	0x148
 4294 093a 0C       		.uleb128 0xc
ARM GAS  C:\Users\alexport\AppData\Local\Temp\ccKIFySF.s 			page 91


 4295 093b 8E080000 		.4byte	.LASF284
 4296 093f 4901     		.2byte	0x149
 4297 0941 0C       		.uleb128 0xc
 4298 0942 9A250000 		.4byte	.LASF285
 4299 0946 4A01     		.2byte	0x14a
 4300 0948 0C       		.uleb128 0xc
 4301 0949 C4380000 		.4byte	.LASF286
 4302 094d 4B01     		.2byte	0x14b
 4303 094f 0C       		.uleb128 0xc
 4304 0950 78210000 		.4byte	.LASF287
 4305 0954 4C01     		.2byte	0x14c
 4306 0956 0C       		.uleb128 0xc
 4307 0957 19390000 		.4byte	.LASF288
 4308 095b 4D01     		.2byte	0x14d
 4309 095d 0C       		.uleb128 0xc
 4310 095e 20090000 		.4byte	.LASF289
 4311 0962 4E01     		.2byte	0x14e
 4312 0964 0C       		.uleb128 0xc
 4313 0965 452A0000 		.4byte	.LASF290
 4314 0969 4F01     		.2byte	0x14f
 4315 096b 0C       		.uleb128 0xc
 4316 096c 003B0000 		.4byte	.LASF291
 4317 0970 5001     		.2byte	0x150
 4318 0972 0C       		.uleb128 0xc
 4319 0973 74390000 		.4byte	.LASF292
 4320 0977 5101     		.2byte	0x151
 4321 0979 0C       		.uleb128 0xc
 4322 097a BF000000 		.4byte	.LASF293
 4323 097e 5201     		.2byte	0x152
 4324 0980 0C       		.uleb128 0xc
 4325 0981 2D350000 		.4byte	.LASF294
 4326 0985 5301     		.2byte	0x153
 4327 0987 0C       		.uleb128 0xc
 4328 0988 5D1E0000 		.4byte	.LASF295
 4329 098c 5401     		.2byte	0x154
 4330 098e 0C       		.uleb128 0xc
 4331 098f CE330000 		.4byte	.LASF296
 4332 0993 5501     		.2byte	0x155
 4333 0995 0C       		.uleb128 0xc
 4334 0996 27310000 		.4byte	.LASF297
 4335 099a 5601     		.2byte	0x156
 4336 099c 0C       		.uleb128 0xc
 4337 099d 30020000 		.4byte	.LASF298
 4338 09a1 5701     		.2byte	0x157
 4339 09a3 0C       		.uleb128 0xc
 4340 09a4 5D300000 		.4byte	.LASF299
 4341 09a8 5801     		.2byte	0x158
 4342 09aa 0C       		.uleb128 0xc
 4343 09ab 480F0000 		.4byte	.LASF300
 4344 09af 5901     		.2byte	0x159
 4345 09b1 0C       		.uleb128 0xc
 4346 09b2 D3090000 		.4byte	.LASF301
 4347 09b6 5A01     		.2byte	0x15a
 4348 09b8 0C       		.uleb128 0xc
 4349 09b9 B0090000 		.4byte	.LASF302
 4350 09bd 5B01     		.2byte	0x15b
 4351 09bf 0C       		.uleb128 0xc
ARM GAS  C:\Users\alexport\AppData\Local\Temp\ccKIFySF.s 			page 92


 4352 09c0 240F0000 		.4byte	.LASF303
 4353 09c4 5C01     		.2byte	0x15c
 4354 09c6 0C       		.uleb128 0xc
 4355 09c7 AA1F0000 		.4byte	.LASF304
 4356 09cb 5D01     		.2byte	0x15d
 4357 09cd 0C       		.uleb128 0xc
 4358 09ce 7C3C0000 		.4byte	.LASF305
 4359 09d2 5E01     		.2byte	0x15e
 4360 09d4 0C       		.uleb128 0xc
 4361 09d5 3B140000 		.4byte	.LASF306
 4362 09d9 5F01     		.2byte	0x15f
 4363 09db 0C       		.uleb128 0xc
 4364 09dc 9E2E0000 		.4byte	.LASF307
 4365 09e0 6001     		.2byte	0x160
 4366 09e2 0C       		.uleb128 0xc
 4367 09e3 18290000 		.4byte	.LASF308
 4368 09e7 6101     		.2byte	0x161
 4369 09e9 0C       		.uleb128 0xc
 4370 09ea EB010000 		.4byte	.LASF309
 4371 09ee 6201     		.2byte	0x162
 4372 09f0 0C       		.uleb128 0xc
 4373 09f1 F91D0000 		.4byte	.LASF310
 4374 09f5 6301     		.2byte	0x163
 4375 09f7 0C       		.uleb128 0xc
 4376 09f8 DA000000 		.4byte	.LASF311
 4377 09fc 6401     		.2byte	0x164
 4378 09fe 0C       		.uleb128 0xc
 4379 09ff 370A0000 		.4byte	.LASF312
 4380 0a03 6501     		.2byte	0x165
 4381 0a05 0C       		.uleb128 0xc
 4382 0a06 D4390000 		.4byte	.LASF313
 4383 0a0a 6601     		.2byte	0x166
 4384 0a0c 0C       		.uleb128 0xc
 4385 0a0d 83170000 		.4byte	.LASF314
 4386 0a11 6701     		.2byte	0x167
 4387 0a13 0C       		.uleb128 0xc
 4388 0a14 77160000 		.4byte	.LASF315
 4389 0a18 6801     		.2byte	0x168
 4390 0a1a 0C       		.uleb128 0xc
 4391 0a1b 22060000 		.4byte	.LASF316
 4392 0a1f 6901     		.2byte	0x169
 4393 0a21 0C       		.uleb128 0xc
 4394 0a22 AC0A0000 		.4byte	.LASF317
 4395 0a26 6A01     		.2byte	0x16a
 4396 0a28 0C       		.uleb128 0xc
 4397 0a29 EA220000 		.4byte	.LASF318
 4398 0a2d 6B01     		.2byte	0x16b
 4399 0a2f 0C       		.uleb128 0xc
 4400 0a30 011F0000 		.4byte	.LASF319
 4401 0a34 6C01     		.2byte	0x16c
 4402 0a36 0C       		.uleb128 0xc
 4403 0a37 1C080000 		.4byte	.LASF320
 4404 0a3b 6D01     		.2byte	0x16d
 4405 0a3d 0C       		.uleb128 0xc
 4406 0a3e 33070000 		.4byte	.LASF321
 4407 0a42 6E01     		.2byte	0x16e
 4408 0a44 0C       		.uleb128 0xc
ARM GAS  C:\Users\alexport\AppData\Local\Temp\ccKIFySF.s 			page 93


 4409 0a45 0D020000 		.4byte	.LASF322
 4410 0a49 6F01     		.2byte	0x16f
 4411 0a4b 0C       		.uleb128 0xc
 4412 0a4c AC1E0000 		.4byte	.LASF323
 4413 0a50 7001     		.2byte	0x170
 4414 0a52 0C       		.uleb128 0xc
 4415 0a53 743E0000 		.4byte	.LASF324
 4416 0a57 7101     		.2byte	0x171
 4417 0a59 0C       		.uleb128 0xc
 4418 0a5a 4C2B0000 		.4byte	.LASF325
 4419 0a5e 7201     		.2byte	0x172
 4420 0a60 0C       		.uleb128 0xc
 4421 0a61 9D160000 		.4byte	.LASF326
 4422 0a65 7301     		.2byte	0x173
 4423 0a67 0C       		.uleb128 0xc
 4424 0a68 BD250000 		.4byte	.LASF327
 4425 0a6c 7401     		.2byte	0x174
 4426 0a6e 0C       		.uleb128 0xc
 4427 0a6f AF360000 		.4byte	.LASF328
 4428 0a73 7501     		.2byte	0x175
 4429 0a75 0C       		.uleb128 0xc
 4430 0a76 162F0000 		.4byte	.LASF329
 4431 0a7a 7601     		.2byte	0x176
 4432 0a7c 0C       		.uleb128 0xc
 4433 0a7d DB030000 		.4byte	.LASF330
 4434 0a81 7701     		.2byte	0x177
 4435 0a83 0C       		.uleb128 0xc
 4436 0a84 CE2D0000 		.4byte	.LASF331
 4437 0a88 7801     		.2byte	0x178
 4438 0a8a 0C       		.uleb128 0xc
 4439 0a8b BB130000 		.4byte	.LASF332
 4440 0a8f 7901     		.2byte	0x179
 4441 0a91 0C       		.uleb128 0xc
 4442 0a92 BB1D0000 		.4byte	.LASF333
 4443 0a96 7A01     		.2byte	0x17a
 4444 0a98 0C       		.uleb128 0xc
 4445 0a99 50290000 		.4byte	.LASF334
 4446 0a9d 7B01     		.2byte	0x17b
 4447 0a9f 0C       		.uleb128 0xc
 4448 0aa0 8A320000 		.4byte	.LASF335
 4449 0aa4 7C01     		.2byte	0x17c
 4450 0aa6 0C       		.uleb128 0xc
 4451 0aa7 B3140000 		.4byte	.LASF336
 4452 0aab 7D01     		.2byte	0x17d
 4453 0aad 0C       		.uleb128 0xc
 4454 0aae 7C230000 		.4byte	.LASF337
 4455 0ab2 7E01     		.2byte	0x17e
 4456 0ab4 0C       		.uleb128 0xc
 4457 0ab5 C4210000 		.4byte	.LASF338
 4458 0ab9 7F01     		.2byte	0x17f
 4459 0abb 0C       		.uleb128 0xc
 4460 0abc 68260000 		.4byte	.LASF339
 4461 0ac0 8001     		.2byte	0x180
 4462 0ac2 0C       		.uleb128 0xc
 4463 0ac3 56320000 		.4byte	.LASF340
 4464 0ac7 8101     		.2byte	0x181
 4465 0ac9 0C       		.uleb128 0xc
ARM GAS  C:\Users\alexport\AppData\Local\Temp\ccKIFySF.s 			page 94


 4466 0aca 61230000 		.4byte	.LASF341
 4467 0ace 8201     		.2byte	0x182
 4468 0ad0 0C       		.uleb128 0xc
 4469 0ad1 E3230000 		.4byte	.LASF342
 4470 0ad5 8301     		.2byte	0x183
 4471 0ad7 0C       		.uleb128 0xc
 4472 0ad8 E0150000 		.4byte	.LASF343
 4473 0adc 8401     		.2byte	0x184
 4474 0ade 0C       		.uleb128 0xc
 4475 0adf C50C0000 		.4byte	.LASF344
 4476 0ae3 8501     		.2byte	0x185
 4477 0ae5 0C       		.uleb128 0xc
 4478 0ae6 89350000 		.4byte	.LASF345
 4479 0aea 8601     		.2byte	0x186
 4480 0aec 0C       		.uleb128 0xc
 4481 0aed C31A0000 		.4byte	.LASF346
 4482 0af1 8701     		.2byte	0x187
 4483 0af3 0C       		.uleb128 0xc
 4484 0af4 860B0000 		.4byte	.LASF347
 4485 0af8 8801     		.2byte	0x188
 4486 0afa 0C       		.uleb128 0xc
 4487 0afb EF350000 		.4byte	.LASF348
 4488 0aff 8901     		.2byte	0x189
 4489 0b01 0C       		.uleb128 0xc
 4490 0b02 4A2F0000 		.4byte	.LASF349
 4491 0b06 8A01     		.2byte	0x18a
 4492 0b08 0C       		.uleb128 0xc
 4493 0b09 322D0000 		.4byte	.LASF350
 4494 0b0d 8B01     		.2byte	0x18b
 4495 0b0f 0C       		.uleb128 0xc
 4496 0b10 C7200000 		.4byte	.LASF351
 4497 0b14 8C01     		.2byte	0x18c
 4498 0b16 0C       		.uleb128 0xc
 4499 0b17 55020000 		.4byte	.LASF352
 4500 0b1b 8D01     		.2byte	0x18d
 4501 0b1d 0C       		.uleb128 0xc
 4502 0b1e 072A0000 		.4byte	.LASF353
 4503 0b22 8E01     		.2byte	0x18e
 4504 0b24 0C       		.uleb128 0xc
 4505 0b25 623C0000 		.4byte	.LASF354
 4506 0b29 8F01     		.2byte	0x18f
 4507 0b2b 0C       		.uleb128 0xc
 4508 0b2c 02380000 		.4byte	.LASF355
 4509 0b30 9001     		.2byte	0x190
 4510 0b32 0C       		.uleb128 0xc
 4511 0b33 02200000 		.4byte	.LASF356
 4512 0b37 9101     		.2byte	0x191
 4513 0b39 0C       		.uleb128 0xc
 4514 0b3a 04030000 		.4byte	.LASF357
 4515 0b3e 9201     		.2byte	0x192
 4516 0b40 0C       		.uleb128 0xc
 4517 0b41 7C120000 		.4byte	.LASF358
 4518 0b45 9301     		.2byte	0x193
 4519 0b47 0C       		.uleb128 0xc
 4520 0b48 8F390000 		.4byte	.LASF359
 4521 0b4c 9401     		.2byte	0x194
 4522 0b4e 0C       		.uleb128 0xc
ARM GAS  C:\Users\alexport\AppData\Local\Temp\ccKIFySF.s 			page 95


 4523 0b4f 413F0000 		.4byte	.LASF360
 4524 0b53 9501     		.2byte	0x195
 4525 0b55 0C       		.uleb128 0xc
 4526 0b56 24240000 		.4byte	.LASF361
 4527 0b5a 9601     		.2byte	0x196
 4528 0b5c 0C       		.uleb128 0xc
 4529 0b5d 083E0000 		.4byte	.LASF362
 4530 0b61 9701     		.2byte	0x197
 4531 0b63 0C       		.uleb128 0xc
 4532 0b64 C1230000 		.4byte	.LASF363
 4533 0b68 9801     		.2byte	0x198
 4534 0b6a 0C       		.uleb128 0xc
 4535 0b6b 6A0D0000 		.4byte	.LASF364
 4536 0b6f 9901     		.2byte	0x199
 4537 0b71 0C       		.uleb128 0xc
 4538 0b72 001B0000 		.4byte	.LASF365
 4539 0b76 9A01     		.2byte	0x19a
 4540 0b78 0C       		.uleb128 0xc
 4541 0b79 F5170000 		.4byte	.LASF366
 4542 0b7d 9B01     		.2byte	0x19b
 4543 0b7f 0C       		.uleb128 0xc
 4544 0b80 E70C0000 		.4byte	.LASF367
 4545 0b84 9C01     		.2byte	0x19c
 4546 0b86 0C       		.uleb128 0xc
 4547 0b87 4B310000 		.4byte	.LASF368
 4548 0b8b 9D01     		.2byte	0x19d
 4549 0b8d 0C       		.uleb128 0xc
 4550 0b8e CC1B0000 		.4byte	.LASF369
 4551 0b92 9E01     		.2byte	0x19e
 4552 0b94 0C       		.uleb128 0xc
 4553 0b95 EA2A0000 		.4byte	.LASF370
 4554 0b99 9F01     		.2byte	0x19f
 4555 0b9b 0C       		.uleb128 0xc
 4556 0b9c 7F040000 		.4byte	.LASF371
 4557 0ba0 A001     		.2byte	0x1a0
 4558 0ba2 0C       		.uleb128 0xc
 4559 0ba3 33100000 		.4byte	.LASF372
 4560 0ba7 A101     		.2byte	0x1a1
 4561 0ba9 0C       		.uleb128 0xc
 4562 0baa 092C0000 		.4byte	.LASF373
 4563 0bae A201     		.2byte	0x1a2
 4564 0bb0 0C       		.uleb128 0xc
 4565 0bb1 DB170000 		.4byte	.LASF374
 4566 0bb5 A301     		.2byte	0x1a3
 4567 0bb7 0C       		.uleb128 0xc
 4568 0bb8 EB360000 		.4byte	.LASF375
 4569 0bbc A401     		.2byte	0x1a4
 4570 0bbe 0C       		.uleb128 0xc
 4571 0bbf 13210000 		.4byte	.LASF376
 4572 0bc3 A501     		.2byte	0x1a5
 4573 0bc5 0C       		.uleb128 0xc
 4574 0bc6 8C360000 		.4byte	.LASF377
 4575 0bca A601     		.2byte	0x1a6
 4576 0bcc 0C       		.uleb128 0xc
 4577 0bcd 47150000 		.4byte	.LASF378
 4578 0bd1 A701     		.2byte	0x1a7
 4579 0bd3 0C       		.uleb128 0xc
ARM GAS  C:\Users\alexport\AppData\Local\Temp\ccKIFySF.s 			page 96


 4580 0bd4 DB270000 		.4byte	.LASF379
 4581 0bd8 A801     		.2byte	0x1a8
 4582 0bda 0C       		.uleb128 0xc
 4583 0bdb 55140000 		.4byte	.LASF380
 4584 0bdf A901     		.2byte	0x1a9
 4585 0be1 0C       		.uleb128 0xc
 4586 0be2 141A0000 		.4byte	.LASF381
 4587 0be6 AA01     		.2byte	0x1aa
 4588 0be8 0C       		.uleb128 0xc
 4589 0be9 D53F0000 		.4byte	.LASF382
 4590 0bed AB01     		.2byte	0x1ab
 4591 0bef 0C       		.uleb128 0xc
 4592 0bf0 6A2A0000 		.4byte	.LASF383
 4593 0bf4 AC01     		.2byte	0x1ac
 4594 0bf6 0C       		.uleb128 0xc
 4595 0bf7 0E2B0000 		.4byte	.LASF384
 4596 0bfb AD01     		.2byte	0x1ad
 4597 0bfd 0C       		.uleb128 0xc
 4598 0bfe D9070000 		.4byte	.LASF385
 4599 0c02 AE01     		.2byte	0x1ae
 4600 0c04 0C       		.uleb128 0xc
 4601 0c05 60170000 		.4byte	.LASF386
 4602 0c09 AF01     		.2byte	0x1af
 4603 0c0b 0C       		.uleb128 0xc
 4604 0c0c EE310000 		.4byte	.LASF387
 4605 0c10 B001     		.2byte	0x1b0
 4606 0c12 0C       		.uleb128 0xc
 4607 0c13 FF0B0000 		.4byte	.LASF388
 4608 0c17 B101     		.2byte	0x1b1
 4609 0c19 0C       		.uleb128 0xc
 4610 0c1a 3F000000 		.4byte	.LASF389
 4611 0c1e B201     		.2byte	0x1b2
 4612 0c20 0C       		.uleb128 0xc
 4613 0c21 62370000 		.4byte	.LASF390
 4614 0c25 B301     		.2byte	0x1b3
 4615 0c27 0C       		.uleb128 0xc
 4616 0c28 DA120000 		.4byte	.LASF391
 4617 0c2c B401     		.2byte	0x1b4
 4618 0c2e 0C       		.uleb128 0xc
 4619 0c2f 663F0000 		.4byte	.LASF392
 4620 0c33 B501     		.2byte	0x1b5
 4621 0c35 0C       		.uleb128 0xc
 4622 0c36 4C1D0000 		.4byte	.LASF393
 4623 0c3a B601     		.2byte	0x1b6
 4624 0c3c 0C       		.uleb128 0xc
 4625 0c3d 49200000 		.4byte	.LASF394
 4626 0c41 B701     		.2byte	0x1b7
 4627 0c43 0C       		.uleb128 0xc
 4628 0c44 273F0000 		.4byte	.LASF395
 4629 0c48 B801     		.2byte	0x1b8
 4630 0c4a 0C       		.uleb128 0xc
 4631 0c4b F8330000 		.4byte	.LASF396
 4632 0c4f B901     		.2byte	0x1b9
 4633 0c51 0C       		.uleb128 0xc
 4634 0c52 95270000 		.4byte	.LASF397
 4635 0c56 BA01     		.2byte	0x1ba
 4636 0c58 0C       		.uleb128 0xc
ARM GAS  C:\Users\alexport\AppData\Local\Temp\ccKIFySF.s 			page 97


 4637 0c59 AE290000 		.4byte	.LASF398
 4638 0c5d BB01     		.2byte	0x1bb
 4639 0c5f 0C       		.uleb128 0xc
 4640 0c60 6D3A0000 		.4byte	.LASF399
 4641 0c64 BC01     		.2byte	0x1bc
 4642 0c66 0C       		.uleb128 0xc
 4643 0c67 251C0000 		.4byte	.LASF400
 4644 0c6b BD01     		.2byte	0x1bd
 4645 0c6d 0C       		.uleb128 0xc
 4646 0c6e 53080000 		.4byte	.LASF401
 4647 0c72 BE01     		.2byte	0x1be
 4648 0c74 0C       		.uleb128 0xc
 4649 0c75 7C100000 		.4byte	.LASF402
 4650 0c79 BF01     		.2byte	0x1bf
 4651 0c7b 0C       		.uleb128 0xc
 4652 0c7c 493E0000 		.4byte	.LASF403
 4653 0c80 C001     		.2byte	0x1c0
 4654 0c82 0C       		.uleb128 0xc
 4655 0c83 CE0B0000 		.4byte	.LASF404
 4656 0c87 C101     		.2byte	0x1c1
 4657 0c89 0C       		.uleb128 0xc
 4658 0c8a 021C0000 		.4byte	.LASF405
 4659 0c8e C201     		.2byte	0x1c2
 4660 0c90 0C       		.uleb128 0xc
 4661 0c91 DE1F0000 		.4byte	.LASF406
 4662 0c95 C301     		.2byte	0x1c3
 4663 0c97 0C       		.uleb128 0xc
 4664 0c98 4F3A0000 		.4byte	.LASF407
 4665 0c9c C401     		.2byte	0x1c4
 4666 0c9e 0C       		.uleb128 0xc
 4667 0c9f 821A0000 		.4byte	.LASF408
 4668 0ca3 C501     		.2byte	0x1c5
 4669 0ca5 0C       		.uleb128 0xc
 4670 0ca6 1D170000 		.4byte	.LASF409
 4671 0caa C601     		.2byte	0x1c6
 4672 0cac 0C       		.uleb128 0xc
 4673 0cad C8220000 		.4byte	.LASF410
 4674 0cb1 C701     		.2byte	0x1c7
 4675 0cb3 0C       		.uleb128 0xc
 4676 0cb4 C6020000 		.4byte	.LASF411
 4677 0cb8 C801     		.2byte	0x1c8
 4678 0cba 0C       		.uleb128 0xc
 4679 0cbb BD2F0000 		.4byte	.LASF412
 4680 0cbf C901     		.2byte	0x1c9
 4681 0cc1 0C       		.uleb128 0xc
 4682 0cc2 B8030000 		.4byte	.LASF413
 4683 0cc6 CA01     		.2byte	0x1ca
 4684 0cc8 0C       		.uleb128 0xc
 4685 0cc9 772C0000 		.4byte	.LASF414
 4686 0ccd CB01     		.2byte	0x1cb
 4687 0ccf 0C       		.uleb128 0xc
 4688 0cd0 F5090000 		.4byte	.LASF415
 4689 0cd4 CC01     		.2byte	0x1cc
 4690 0cd6 0C       		.uleb128 0xc
 4691 0cd7 870A0000 		.4byte	.LASF416
 4692 0cdb CD01     		.2byte	0x1cd
 4693 0cdd 0C       		.uleb128 0xc
ARM GAS  C:\Users\alexport\AppData\Local\Temp\ccKIFySF.s 			page 98


 4694 0cde 3C320000 		.4byte	.LASF417
 4695 0ce2 CE01     		.2byte	0x1ce
 4696 0ce4 0C       		.uleb128 0xc
 4697 0ce5 50060000 		.4byte	.LASF418
 4698 0ce9 CF01     		.2byte	0x1cf
 4699 0ceb 0C       		.uleb128 0xc
 4700 0cec E72E0000 		.4byte	.LASF419
 4701 0cf0 D001     		.2byte	0x1d0
 4702 0cf2 0C       		.uleb128 0xc
 4703 0cf3 F42C0000 		.4byte	.LASF420
 4704 0cf7 D101     		.2byte	0x1d1
 4705 0cf9 0C       		.uleb128 0xc
 4706 0cfa 97180000 		.4byte	.LASF421
 4707 0cfe D201     		.2byte	0x1d2
 4708 0d00 0C       		.uleb128 0xc
 4709 0d01 D43B0000 		.4byte	.LASF422
 4710 0d05 D301     		.2byte	0x1d3
 4711 0d07 0C       		.uleb128 0xc
 4712 0d08 80220000 		.4byte	.LASF423
 4713 0d0c D401     		.2byte	0x1d4
 4714 0d0e 0C       		.uleb128 0xc
 4715 0d0f 8E2B0000 		.4byte	.LASF424
 4716 0d13 D501     		.2byte	0x1d5
 4717 0d15 0C       		.uleb128 0xc
 4718 0d16 431C0000 		.4byte	.LASF425
 4719 0d1a D601     		.2byte	0x1d6
 4720 0d1c 0C       		.uleb128 0xc
 4721 0d1d 01310000 		.4byte	.LASF426
 4722 0d21 D701     		.2byte	0x1d7
 4723 0d23 0C       		.uleb128 0xc
 4724 0d24 DE1D0000 		.4byte	.LASF427
 4725 0d28 D801     		.2byte	0x1d8
 4726 0d2a 0C       		.uleb128 0xc
 4727 0d2b 681C0000 		.4byte	.LASF428
 4728 0d2f D901     		.2byte	0x1d9
 4729 0d31 0C       		.uleb128 0xc
 4730 0d32 9E060000 		.4byte	.LASF429
 4731 0d36 DA01     		.2byte	0x1da
 4732 0d38 0C       		.uleb128 0xc
 4733 0d39 9F1A0000 		.4byte	.LASF430
 4734 0d3d DB01     		.2byte	0x1db
 4735 0d3f 0C       		.uleb128 0xc
 4736 0d40 3E340000 		.4byte	.LASF431
 4737 0d44 DC01     		.2byte	0x1dc
 4738 0d46 0C       		.uleb128 0xc
 4739 0d47 42300000 		.4byte	.LASF432
 4740 0d4b DD01     		.2byte	0x1dd
 4741 0d4d 0C       		.uleb128 0xc
 4742 0d4e A8110000 		.4byte	.LASF433
 4743 0d52 DE01     		.2byte	0x1de
 4744 0d54 0C       		.uleb128 0xc
 4745 0d55 DB1C0000 		.4byte	.LASF434
 4746 0d59 DF01     		.2byte	0x1df
 4747 0d5b 0C       		.uleb128 0xc
 4748 0d5c 8F260000 		.4byte	.LASF435
 4749 0d60 E001     		.2byte	0x1e0
 4750 0d62 0C       		.uleb128 0xc
ARM GAS  C:\Users\alexport\AppData\Local\Temp\ccKIFySF.s 			page 99


 4751 0d63 2A1F0000 		.4byte	.LASF436
 4752 0d67 E101     		.2byte	0x1e1
 4753 0d69 0C       		.uleb128 0xc
 4754 0d6a 1D260000 		.4byte	.LASF437
 4755 0d6e E201     		.2byte	0x1e2
 4756 0d70 0C       		.uleb128 0xc
 4757 0d71 22000000 		.4byte	.LASF438
 4758 0d75 E301     		.2byte	0x1e3
 4759 0d77 0C       		.uleb128 0xc
 4760 0d78 40040000 		.4byte	.LASF439
 4761 0d7c E401     		.2byte	0x1e4
 4762 0d7e 0C       		.uleb128 0xc
 4763 0d7f CD190000 		.4byte	.LASF440
 4764 0d83 E501     		.2byte	0x1e5
 4765 0d85 0C       		.uleb128 0xc
 4766 0d86 8C090000 		.4byte	.LASF441
 4767 0d8a E601     		.2byte	0x1e6
 4768 0d8c 0C       		.uleb128 0xc
 4769 0d8d FD000000 		.4byte	.LASF442
 4770 0d91 E701     		.2byte	0x1e7
 4771 0d93 0C       		.uleb128 0xc
 4772 0d94 24200000 		.4byte	.LASF443
 4773 0d98 E801     		.2byte	0x1e8
 4774 0d9a 0C       		.uleb128 0xc
 4775 0d9b B6330000 		.4byte	.LASF444
 4776 0d9f E901     		.2byte	0x1e9
 4777 0da1 0C       		.uleb128 0xc
 4778 0da2 DD3E0000 		.4byte	.LASF445
 4779 0da6 EA01     		.2byte	0x1ea
 4780 0da8 0C       		.uleb128 0xc
 4781 0da9 811B0000 		.4byte	.LASF446
 4782 0dad EB01     		.2byte	0x1eb
 4783 0daf 0C       		.uleb128 0xc
 4784 0db0 D50E0000 		.4byte	.LASF447
 4785 0db4 EC01     		.2byte	0x1ec
 4786 0db6 0C       		.uleb128 0xc
 4787 0db7 C1160000 		.4byte	.LASF448
 4788 0dbb ED01     		.2byte	0x1ed
 4789 0dbd 0C       		.uleb128 0xc
 4790 0dbe C22A0000 		.4byte	.LASF449
 4791 0dc2 EE01     		.2byte	0x1ee
 4792 0dc4 0C       		.uleb128 0xc
 4793 0dc5 25040000 		.4byte	.LASF450
 4794 0dc9 EF01     		.2byte	0x1ef
 4795 0dcb 0C       		.uleb128 0xc
 4796 0dcc DF320000 		.4byte	.LASF451
 4797 0dd0 F001     		.2byte	0x1f0
 4798 0dd2 0C       		.uleb128 0xc
 4799 0dd3 6D0F0000 		.4byte	.LASF452
 4800 0dd7 F101     		.2byte	0x1f1
 4801 0dd9 0C       		.uleb128 0xc
 4802 0dda 4E1F0000 		.4byte	.LASF453
 4803 0dde F201     		.2byte	0x1f2
 4804 0de0 0C       		.uleb128 0xc
 4805 0de1 43160000 		.4byte	.LASF454
 4806 0de5 F301     		.2byte	0x1f3
 4807 0de7 0C       		.uleb128 0xc
ARM GAS  C:\Users\alexport\AppData\Local\Temp\ccKIFySF.s 			page 100


 4808 0de8 F8390000 		.4byte	.LASF455
 4809 0dec F401     		.2byte	0x1f4
 4810 0dee 0C       		.uleb128 0xc
 4811 0def 55030000 		.4byte	.LASF456
 4812 0df3 F501     		.2byte	0x1f5
 4813 0df5 0C       		.uleb128 0xc
 4814 0df6 21010000 		.4byte	.LASF457
 4815 0dfa F601     		.2byte	0x1f6
 4816 0dfc 0C       		.uleb128 0xc
 4817 0dfd FD120000 		.4byte	.LASF458
 4818 0e01 F701     		.2byte	0x1f7
 4819 0e03 0C       		.uleb128 0xc
 4820 0e04 57100000 		.4byte	.LASF459
 4821 0e08 F801     		.2byte	0x1f8
 4822 0e0a 0C       		.uleb128 0xc
 4823 0e0b 42260000 		.4byte	.LASF460
 4824 0e0f F901     		.2byte	0x1f9
 4825 0e11 0C       		.uleb128 0xc
 4826 0e12 47380000 		.4byte	.LASF461
 4827 0e16 FA01     		.2byte	0x1fa
 4828 0e18 0C       		.uleb128 0xc
 4829 0e19 A4230000 		.4byte	.LASF462
 4830 0e1d FB01     		.2byte	0x1fb
 4831 0e1f 0C       		.uleb128 0xc
 4832 0e20 CA310000 		.4byte	.LASF463
 4833 0e24 FC01     		.2byte	0x1fc
 4834 0e26 0C       		.uleb128 0xc
 4835 0e27 2C110000 		.4byte	.LASF464
 4836 0e2b FD01     		.2byte	0x1fd
 4837 0e2d 0C       		.uleb128 0xc
 4838 0e2e A4040000 		.4byte	.LASF465
 4839 0e32 FE01     		.2byte	0x1fe
 4840 0e34 0C       		.uleb128 0xc
 4841 0e35 A5310000 		.4byte	.LASF466
 4842 0e39 FF01     		.2byte	0x1ff
 4843 0e3b 0C       		.uleb128 0xc
 4844 0e3c 64110000 		.4byte	.LASF467
 4845 0e40 0002     		.2byte	0x200
 4846 0e42 0C       		.uleb128 0xc
 4847 0e43 73200000 		.4byte	.LASF468
 4848 0e47 0102     		.2byte	0x201
 4849 0e49 0C       		.uleb128 0xc
 4850 0e4a 81300000 		.4byte	.LASF469
 4851 0e4e 0202     		.2byte	0x202
 4852 0e50 0C       		.uleb128 0xc
 4853 0e51 1F160000 		.4byte	.LASF470
 4854 0e55 0302     		.2byte	0x203
 4855 0e57 0C       		.uleb128 0xc
 4856 0e58 C9360000 		.4byte	.LASF471
 4857 0e5c 0402     		.2byte	0x204
 4858 0e5e 0C       		.uleb128 0xc
 4859 0e5f DF130000 		.4byte	.LASF472
 4860 0e63 0502     		.2byte	0x205
 4861 0e65 0C       		.uleb128 0xc
 4862 0e66 D00A0000 		.4byte	.LASF473
 4863 0e6a 0602     		.2byte	0x206
 4864 0e6c 0C       		.uleb128 0xc
ARM GAS  C:\Users\alexport\AppData\Local\Temp\ccKIFySF.s 			page 101


 4865 0e6d 2E2C0000 		.4byte	.LASF474
 4866 0e71 0702     		.2byte	0x207
 4867 0e73 0C       		.uleb128 0xc
 4868 0e74 F2180000 		.4byte	.LASF475
 4869 0e78 0802     		.2byte	0x208
 4870 0e7a 0C       		.uleb128 0xc
 4871 0e7b 610C0000 		.4byte	.LASF476
 4872 0e7f 0902     		.2byte	0x209
 4873 0e81 0C       		.uleb128 0xc
 4874 0e82 B3190000 		.4byte	.LASF477
 4875 0e86 0A02     		.2byte	0x20a
 4876 0e88 0C       		.uleb128 0xc
 4877 0e89 39080000 		.4byte	.LASF478
 4878 0e8d 0B02     		.2byte	0x20b
 4879 0e8f 0C       		.uleb128 0xc
 4880 0e90 D8240000 		.4byte	.LASF479
 4881 0e94 0C02     		.2byte	0x20c
 4882 0e96 0C       		.uleb128 0xc
 4883 0e97 00000000 		.4byte	.LASF480
 4884 0e9b 0D02     		.2byte	0x20d
 4885 0e9d 0C       		.uleb128 0xc
 4886 0e9e 69280000 		.4byte	.LASF481
 4887 0ea2 0E02     		.2byte	0x20e
 4888 0ea4 0C       		.uleb128 0xc
 4889 0ea5 84370000 		.4byte	.LASF482
 4890 0ea9 0F02     		.2byte	0x20f
 4891 0eab 0C       		.uleb128 0xc
 4892 0eac 5B040000 		.4byte	.LASF483
 4893 0eb0 1002     		.2byte	0x210
 4894 0eb2 0C       		.uleb128 0xc
 4895 0eb3 A4300000 		.4byte	.LASF484
 4896 0eb7 1102     		.2byte	0x211
 4897 0eb9 0C       		.uleb128 0xc
 4898 0eba 2E220000 		.4byte	.LASF485
 4899 0ebe 1202     		.2byte	0x212
 4900 0ec0 0C       		.uleb128 0xc
 4901 0ec1 E9140000 		.4byte	.LASF486
 4902 0ec5 1302     		.2byte	0x213
 4903 0ec7 0C       		.uleb128 0xc
 4904 0ec8 B81C0000 		.4byte	.LASF487
 4905 0ecc 1402     		.2byte	0x214
 4906 0ece 0C       		.uleb128 0xc
 4907 0ecf AB0F0000 		.4byte	.LASF488
 4908 0ed3 1502     		.2byte	0x215
 4909 0ed5 0C       		.uleb128 0xc
 4910 0ed6 B03F0000 		.4byte	.LASF489
 4911 0eda 1602     		.2byte	0x216
 4912 0edc 0C       		.uleb128 0xc
 4913 0edd 02170000 		.4byte	.LASF490
 4914 0ee1 1702     		.2byte	0x217
 4915 0ee3 0C       		.uleb128 0xc
 4916 0ee4 66010000 		.4byte	.LASF491
 4917 0ee8 1802     		.2byte	0x218
 4918 0eea 0C       		.uleb128 0xc
 4919 0eeb 8C280000 		.4byte	.LASF492
 4920 0eef 1902     		.2byte	0x219
 4921 0ef1 0C       		.uleb128 0xc
ARM GAS  C:\Users\alexport\AppData\Local\Temp\ccKIFySF.s 			page 102


 4922 0ef2 F4240000 		.4byte	.LASF493
 4923 0ef6 1A02     		.2byte	0x21a
 4924 0ef8 0C       		.uleb128 0xc
 4925 0ef9 64180000 		.4byte	.LASF494
 4926 0efd 1B02     		.2byte	0x21b
 4927 0eff 0C       		.uleb128 0xc
 4928 0f00 67330000 		.4byte	.LASF495
 4929 0f04 1C02     		.2byte	0x21c
 4930 0f06 0C       		.uleb128 0xc
 4931 0f07 B53A0000 		.4byte	.LASF496
 4932 0f0b 1D02     		.2byte	0x21d
 4933 0f0d 0C       		.uleb128 0xc
 4934 0f0e C9010000 		.4byte	.LASF497
 4935 0f12 1E02     		.2byte	0x21e
 4936 0f14 0C       		.uleb128 0xc
 4937 0f15 B8270000 		.4byte	.LASF498
 4938 0f19 1F02     		.2byte	0x21f
 4939 0f1b 0C       		.uleb128 0xc
 4940 0f1c 75130000 		.4byte	.LASF499
 4941 0f20 2002     		.2byte	0x220
 4942 0f22 0C       		.uleb128 0xc
 4943 0f23 6B150000 		.4byte	.LASF500
 4944 0f27 2102     		.2byte	0x221
 4945 0f29 0C       		.uleb128 0xc
 4946 0f2a 853D0000 		.4byte	.LASF501
 4947 0f2e 2202     		.2byte	0x222
 4948 0f30 0C       		.uleb128 0xc
 4949 0f31 880F0000 		.4byte	.LASF502
 4950 0f35 2302     		.2byte	0x223
 4951 0f37 0C       		.uleb128 0xc
 4952 0f38 D90D0000 		.4byte	.LASF503
 4953 0f3c 2402     		.2byte	0x224
 4954 0f3e 0C       		.uleb128 0xc
 4955 0f3f D1290000 		.4byte	.LASF504
 4956 0f43 00E0     		.2byte	0xe000
 4957 0f45 00       		.byte	0
 4958 0f46 0A       		.uleb128 0xa
 4959 0f47 01       		.byte	0x1
 4960 0f48 2C000000 		.4byte	0x2c
 4961 0f4c 0A       		.byte	0xa
 4962 0f4d 5A08     		.2byte	0x85a
 4963 0f4f 720F0000 		.4byte	0xf72
 4964 0f53 0B       		.uleb128 0xb
 4965 0f54 C10E0000 		.4byte	.LASF505
 4966 0f58 00       		.byte	0
 4967 0f59 0B       		.uleb128 0xb
 4968 0f5a 801E0000 		.4byte	.LASF506
 4969 0f5e 01       		.byte	0x1
 4970 0f5f 0B       		.uleb128 0xb
 4971 0f60 F73B0000 		.4byte	.LASF507
 4972 0f64 02       		.byte	0x2
 4973 0f65 0B       		.uleb128 0xb
 4974 0f66 B0080000 		.4byte	.LASF508
 4975 0f6a 03       		.byte	0x3
 4976 0f6b 0B       		.uleb128 0xb
 4977 0f6c AE320000 		.4byte	.LASF509
 4978 0f70 04       		.byte	0x4
ARM GAS  C:\Users\alexport\AppData\Local\Temp\ccKIFySF.s 			page 103


 4979 0f71 00       		.byte	0
 4980 0f72 04       		.uleb128 0x4
 4981 0f73 562D0000 		.4byte	.LASF510
 4982 0f77 0A       		.byte	0xa
 4983 0f78 6808     		.2byte	0x868
 4984 0f7a 460F0000 		.4byte	0xf46
 4985 0f7e 1B       		.uleb128 0x1b
 4986 0f7f D32B0000 		.4byte	.LASF511
 4987 0f83 01       		.byte	0x1
 4988 0f84 0903     		.2byte	0x309
 4989 0f86 6C030000 		.4byte	0x36c
 4990 0f8a 00000000 		.4byte	.LFB2
 4991 0f8e 40000000 		.4byte	.LFE2-.LFB2
 4992 0f92 01       		.uleb128 0x1
 4993 0f93 9C       		.byte	0x9c
 4994 0f94 A80F0000 		.4byte	0xfa8
 4995 0f98 1C       		.uleb128 0x1c
 4996 0f99 8F310000 		.4byte	.LASF513
 4997 0f9d 01       		.byte	0x1
 4998 0f9e 0B03     		.2byte	0x30b
 4999 0fa0 6C030000 		.4byte	0x36c
 5000 0fa4 02       		.uleb128 0x2
 5001 0fa5 91       		.byte	0x91
 5002 0fa6 6E       		.sleb128 -18
 5003 0fa7 00       		.byte	0
 5004 0fa8 1B       		.uleb128 0x1b
 5005 0fa9 E5160000 		.4byte	.LASF512
 5006 0fad 01       		.byte	0x1
 5007 0fae 2B03     		.2byte	0x32b
 5008 0fb0 75040000 		.4byte	0x475
 5009 0fb4 00000000 		.4byte	.LFB3
 5010 0fb8 98000000 		.4byte	.LFE3-.LFB3
 5011 0fbc 01       		.uleb128 0x1
 5012 0fbd 9C       		.byte	0x9c
 5013 0fbe E10F0000 		.4byte	0xfe1
 5014 0fc2 1D       		.uleb128 0x1d
 5015 0fc3 7A020000 		.4byte	.LASF527
 5016 0fc7 01       		.byte	0x1
 5017 0fc8 2B03     		.2byte	0x32b
 5018 0fca E10F0000 		.4byte	0xfe1
 5019 0fce 02       		.uleb128 0x2
 5020 0fcf 91       		.byte	0x91
 5021 0fd0 64       		.sleb128 -28
 5022 0fd1 1C       		.uleb128 0x1c
 5023 0fd2 263B0000 		.4byte	.LASF514
 5024 0fd6 01       		.byte	0x1
 5025 0fd7 2D03     		.2byte	0x32d
 5026 0fd9 75040000 		.4byte	0x475
 5027 0fdd 02       		.uleb128 0x2
 5028 0fde 91       		.byte	0x91
 5029 0fdf 6F       		.sleb128 -17
 5030 0fe0 00       		.byte	0
 5031 0fe1 07       		.uleb128 0x7
 5032 0fe2 04       		.byte	0x4
 5033 0fe3 4B050000 		.4byte	0x54b
 5034 0fe7 18       		.uleb128 0x18
 5035 0fe8 6B000000 		.4byte	0x6b
ARM GAS  C:\Users\alexport\AppData\Local\Temp\ccKIFySF.s 			page 104


 5036 0fec F80F0000 		.4byte	0xff8
 5037 0ff0 19       		.uleb128 0x19
 5038 0ff1 B0000000 		.4byte	0xb0
 5039 0ff5 4102     		.2byte	0x241
 5040 0ff7 00       		.byte	0
 5041 0ff8 1E       		.uleb128 0x1e
 5042 0ff9 F11E0000 		.4byte	.LASF515
 5043 0ffd 01       		.byte	0x1
 5044 0ffe C9       		.byte	0xc9
 5045 0fff E70F0000 		.4byte	0xfe7
 5046 1003 05       		.uleb128 0x5
 5047 1004 03       		.byte	0x3
 5048 1005 00000000 		.4byte	cyBle_attValues
 5049 1009 1F       		.uleb128 0x1f
 5050 100a 032F0000 		.4byte	.LASF516
 5051 100e 07       		.byte	0x7
 5052 100f 9C02     		.2byte	0x29c
 5053 1011 33060000 		.4byte	0x633
 5054 1015 1F       		.uleb128 0x1f
 5055 1016 6F380000 		.4byte	.LASF517
 5056 101a 07       		.byte	0x7
 5057 101b A302     		.2byte	0x2a3
 5058 101d A4000000 		.4byte	0xa4
 5059 1021 20       		.uleb128 0x20
 5060 1022 97240000 		.4byte	.LASF518
 5061 1026 01       		.byte	0x1
 5062 1027 C2       		.byte	0xc2
 5063 1028 32100000 		.4byte	0x1032
 5064 102c 05       		.uleb128 0x5
 5065 102d 03       		.byte	0x3
 5066 102e 00000000 		.4byte	cyBle_gatts
 5067 1032 21       		.uleb128 0x21
 5068 1033 6C060000 		.4byte	0x66c
 5069 1037 18       		.uleb128 0x18
 5070 1038 47100000 		.4byte	0x1047
 5071 103c 47100000 		.4byte	0x1047
 5072 1040 1A       		.uleb128 0x1a
 5073 1041 B0000000 		.4byte	0xb0
 5074 1045 98       		.byte	0x98
 5075 1046 00       		.byte	0
 5076 1047 21       		.uleb128 0x21
 5077 1048 27060000 		.4byte	0x627
 5078 104c 22       		.uleb128 0x22
 5079 104d 36230000 		.4byte	.LASF519
 5080 1051 01       		.byte	0x1
 5081 1052 4E02     		.2byte	0x24e
 5082 1054 5E100000 		.4byte	0x105e
 5083 1058 05       		.uleb128 0x5
 5084 1059 03       		.byte	0x3
 5085 105a 00000000 		.4byte	cyBle_gattDB
 5086 105e 21       		.uleb128 0x21
 5087 105f 37100000 		.4byte	0x1037
 5088 1063 18       		.uleb128 0x18
 5089 1064 6B000000 		.4byte	0x6b
 5090 1068 73100000 		.4byte	0x1073
 5091 106c 1A       		.uleb128 0x1a
 5092 106d B0000000 		.4byte	0xb0
ARM GAS  C:\Users\alexport\AppData\Local\Temp\ccKIFySF.s 			page 105


 5093 1071 25       		.byte	0x25
 5094 1072 00       		.byte	0
 5095 1073 22       		.uleb128 0x22
 5096 1074 3D390000 		.4byte	.LASF520
 5097 1078 01       		.byte	0x1
 5098 1079 E401     		.2byte	0x1e4
 5099 107b 63100000 		.4byte	0x1063
 5100 107f 05       		.uleb128 0x5
 5101 1080 03       		.byte	0x3
 5102 1081 00000000 		.4byte	cyBle_attValuesCCCD
 5103 1085 18       		.uleb128 0x18
 5104 1086 77050000 		.4byte	0x577
 5105 108a 95100000 		.4byte	0x1095
 5106 108e 1A       		.uleb128 0x1a
 5107 108f B0000000 		.4byte	0xb0
 5108 1093 63       		.byte	0x63
 5109 1094 00       		.byte	0
 5110 1095 22       		.uleb128 0x22
 5111 1096 991E0000 		.4byte	.LASF521
 5112 109a 01       		.byte	0x1
 5113 109b E701     		.2byte	0x1e7
 5114 109d 85100000 		.4byte	0x1085
 5115 10a1 05       		.uleb128 0x5
 5116 10a2 03       		.byte	0x3
 5117 10a3 00000000 		.4byte	cyBle_attValuesLen
 5118 10a7 20       		.uleb128 0x20
 5119 10a8 CB1F0000 		.4byte	.LASF522
 5120 10ac 01       		.byte	0x1
 5121 10ad 20       		.byte	0x20
 5122 10ae B8100000 		.4byte	0x10b8
 5123 10b2 05       		.uleb128 0x5
 5124 10b3 03       		.byte	0x3
 5125 10b4 00000000 		.4byte	cyBle_flashStorage
 5126 10b8 21       		.uleb128 0x21
 5127 10b9 DB060000 		.4byte	0x6db
 5128 10bd 20       		.uleb128 0x20
 5129 10be 99310000 		.4byte	.LASF523
 5130 10c2 01       		.byte	0x1
 5131 10c3 18       		.byte	0x18
 5132 10c4 720F0000 		.4byte	0xf72
 5133 10c8 05       		.uleb128 0x5
 5134 10c9 03       		.byte	0x3
 5135 10ca 00000000 		.4byte	cyBle_state
 5136 10ce 00       		.byte	0
 5137              		.section	.debug_abbrev,"",%progbits
 5138              	.Ldebug_abbrev0:
 5139 0000 01       		.uleb128 0x1
 5140 0001 11       		.uleb128 0x11
 5141 0002 01       		.byte	0x1
 5142 0003 25       		.uleb128 0x25
 5143 0004 0E       		.uleb128 0xe
 5144 0005 13       		.uleb128 0x13
 5145 0006 0B       		.uleb128 0xb
 5146 0007 03       		.uleb128 0x3
 5147 0008 0E       		.uleb128 0xe
 5148 0009 1B       		.uleb128 0x1b
 5149 000a 0E       		.uleb128 0xe
ARM GAS  C:\Users\alexport\AppData\Local\Temp\ccKIFySF.s 			page 106


 5150 000b 55       		.uleb128 0x55
 5151 000c 17       		.uleb128 0x17
 5152 000d 11       		.uleb128 0x11
 5153 000e 01       		.uleb128 0x1
 5154 000f 10       		.uleb128 0x10
 5155 0010 17       		.uleb128 0x17
 5156 0011 00       		.byte	0
 5157 0012 00       		.byte	0
 5158 0013 02       		.uleb128 0x2
 5159 0014 24       		.uleb128 0x24
 5160 0015 00       		.byte	0
 5161 0016 0B       		.uleb128 0xb
 5162 0017 0B       		.uleb128 0xb
 5163 0018 3E       		.uleb128 0x3e
 5164 0019 0B       		.uleb128 0xb
 5165 001a 03       		.uleb128 0x3
 5166 001b 0E       		.uleb128 0xe
 5167 001c 00       		.byte	0
 5168 001d 00       		.byte	0
 5169 001e 03       		.uleb128 0x3
 5170 001f 24       		.uleb128 0x24
 5171 0020 00       		.byte	0
 5172 0021 0B       		.uleb128 0xb
 5173 0022 0B       		.uleb128 0xb
 5174 0023 3E       		.uleb128 0x3e
 5175 0024 0B       		.uleb128 0xb
 5176 0025 03       		.uleb128 0x3
 5177 0026 08       		.uleb128 0x8
 5178 0027 00       		.byte	0
 5179 0028 00       		.byte	0
 5180 0029 04       		.uleb128 0x4
 5181 002a 16       		.uleb128 0x16
 5182 002b 00       		.byte	0
 5183 002c 03       		.uleb128 0x3
 5184 002d 0E       		.uleb128 0xe
 5185 002e 3A       		.uleb128 0x3a
 5186 002f 0B       		.uleb128 0xb
 5187 0030 3B       		.uleb128 0x3b
 5188 0031 05       		.uleb128 0x5
 5189 0032 49       		.uleb128 0x49
 5190 0033 13       		.uleb128 0x13
 5191 0034 00       		.byte	0
 5192 0035 00       		.byte	0
 5193 0036 05       		.uleb128 0x5
 5194 0037 35       		.uleb128 0x35
 5195 0038 00       		.byte	0
 5196 0039 49       		.uleb128 0x49
 5197 003a 13       		.uleb128 0x13
 5198 003b 00       		.byte	0
 5199 003c 00       		.byte	0
 5200 003d 06       		.uleb128 0x6
 5201 003e 0F       		.uleb128 0xf
 5202 003f 00       		.byte	0
 5203 0040 0B       		.uleb128 0xb
 5204 0041 0B       		.uleb128 0xb
 5205 0042 00       		.byte	0
 5206 0043 00       		.byte	0
ARM GAS  C:\Users\alexport\AppData\Local\Temp\ccKIFySF.s 			page 107


 5207 0044 07       		.uleb128 0x7
 5208 0045 0F       		.uleb128 0xf
 5209 0046 00       		.byte	0
 5210 0047 0B       		.uleb128 0xb
 5211 0048 0B       		.uleb128 0xb
 5212 0049 49       		.uleb128 0x49
 5213 004a 13       		.uleb128 0x13
 5214 004b 00       		.byte	0
 5215 004c 00       		.byte	0
 5216 004d 08       		.uleb128 0x8
 5217 004e 15       		.uleb128 0x15
 5218 004f 01       		.byte	0x1
 5219 0050 27       		.uleb128 0x27
 5220 0051 19       		.uleb128 0x19
 5221 0052 01       		.uleb128 0x1
 5222 0053 13       		.uleb128 0x13
 5223 0054 00       		.byte	0
 5224 0055 00       		.byte	0
 5225 0056 09       		.uleb128 0x9
 5226 0057 05       		.uleb128 0x5
 5227 0058 00       		.byte	0
 5228 0059 49       		.uleb128 0x49
 5229 005a 13       		.uleb128 0x13
 5230 005b 00       		.byte	0
 5231 005c 00       		.byte	0
 5232 005d 0A       		.uleb128 0xa
 5233 005e 04       		.uleb128 0x4
 5234 005f 01       		.byte	0x1
 5235 0060 0B       		.uleb128 0xb
 5236 0061 0B       		.uleb128 0xb
 5237 0062 49       		.uleb128 0x49
 5238 0063 13       		.uleb128 0x13
 5239 0064 3A       		.uleb128 0x3a
 5240 0065 0B       		.uleb128 0xb
 5241 0066 3B       		.uleb128 0x3b
 5242 0067 05       		.uleb128 0x5
 5243 0068 01       		.uleb128 0x1
 5244 0069 13       		.uleb128 0x13
 5245 006a 00       		.byte	0
 5246 006b 00       		.byte	0
 5247 006c 0B       		.uleb128 0xb
 5248 006d 28       		.uleb128 0x28
 5249 006e 00       		.byte	0
 5250 006f 03       		.uleb128 0x3
 5251 0070 0E       		.uleb128 0xe
 5252 0071 1C       		.uleb128 0x1c
 5253 0072 0B       		.uleb128 0xb
 5254 0073 00       		.byte	0
 5255 0074 00       		.byte	0
 5256 0075 0C       		.uleb128 0xc
 5257 0076 28       		.uleb128 0x28
 5258 0077 00       		.byte	0
 5259 0078 03       		.uleb128 0x3
 5260 0079 0E       		.uleb128 0xe
 5261 007a 1C       		.uleb128 0x1c
 5262 007b 05       		.uleb128 0x5
 5263 007c 00       		.byte	0
ARM GAS  C:\Users\alexport\AppData\Local\Temp\ccKIFySF.s 			page 108


 5264 007d 00       		.byte	0
 5265 007e 0D       		.uleb128 0xd
 5266 007f 04       		.uleb128 0x4
 5267 0080 01       		.byte	0x1
 5268 0081 0B       		.uleb128 0xb
 5269 0082 0B       		.uleb128 0xb
 5270 0083 49       		.uleb128 0x49
 5271 0084 13       		.uleb128 0x13
 5272 0085 3A       		.uleb128 0x3a
 5273 0086 0B       		.uleb128 0xb
 5274 0087 3B       		.uleb128 0x3b
 5275 0088 0B       		.uleb128 0xb
 5276 0089 01       		.uleb128 0x1
 5277 008a 13       		.uleb128 0x13
 5278 008b 00       		.byte	0
 5279 008c 00       		.byte	0
 5280 008d 0E       		.uleb128 0xe
 5281 008e 13       		.uleb128 0x13
 5282 008f 01       		.byte	0x1
 5283 0090 0B       		.uleb128 0xb
 5284 0091 0B       		.uleb128 0xb
 5285 0092 3A       		.uleb128 0x3a
 5286 0093 0B       		.uleb128 0xb
 5287 0094 3B       		.uleb128 0x3b
 5288 0095 05       		.uleb128 0x5
 5289 0096 01       		.uleb128 0x1
 5290 0097 13       		.uleb128 0x13
 5291 0098 00       		.byte	0
 5292 0099 00       		.byte	0
 5293 009a 0F       		.uleb128 0xf
 5294 009b 0D       		.uleb128 0xd
 5295 009c 00       		.byte	0
 5296 009d 03       		.uleb128 0x3
 5297 009e 0E       		.uleb128 0xe
 5298 009f 3A       		.uleb128 0x3a
 5299 00a0 0B       		.uleb128 0xb
 5300 00a1 3B       		.uleb128 0x3b
 5301 00a2 05       		.uleb128 0x5
 5302 00a3 49       		.uleb128 0x49
 5303 00a4 13       		.uleb128 0x13
 5304 00a5 38       		.uleb128 0x38
 5305 00a6 0B       		.uleb128 0xb
 5306 00a7 00       		.byte	0
 5307 00a8 00       		.byte	0
 5308 00a9 10       		.uleb128 0x10
 5309 00aa 0D       		.uleb128 0xd
 5310 00ab 00       		.byte	0
 5311 00ac 03       		.uleb128 0x3
 5312 00ad 08       		.uleb128 0x8
 5313 00ae 3A       		.uleb128 0x3a
 5314 00af 0B       		.uleb128 0xb
 5315 00b0 3B       		.uleb128 0x3b
 5316 00b1 05       		.uleb128 0x5
 5317 00b2 49       		.uleb128 0x49
 5318 00b3 13       		.uleb128 0x13
 5319 00b4 38       		.uleb128 0x38
 5320 00b5 0B       		.uleb128 0xb
ARM GAS  C:\Users\alexport\AppData\Local\Temp\ccKIFySF.s 			page 109


 5321 00b6 00       		.byte	0
 5322 00b7 00       		.byte	0
 5323 00b8 11       		.uleb128 0x11
 5324 00b9 13       		.uleb128 0x13
 5325 00ba 01       		.byte	0x1
 5326 00bb 0B       		.uleb128 0xb
 5327 00bc 0B       		.uleb128 0xb
 5328 00bd 3A       		.uleb128 0x3a
 5329 00be 0B       		.uleb128 0xb
 5330 00bf 3B       		.uleb128 0x3b
 5331 00c0 0B       		.uleb128 0xb
 5332 00c1 01       		.uleb128 0x1
 5333 00c2 13       		.uleb128 0x13
 5334 00c3 00       		.byte	0
 5335 00c4 00       		.byte	0
 5336 00c5 12       		.uleb128 0x12
 5337 00c6 0D       		.uleb128 0xd
 5338 00c7 00       		.byte	0
 5339 00c8 03       		.uleb128 0x3
 5340 00c9 0E       		.uleb128 0xe
 5341 00ca 3A       		.uleb128 0x3a
 5342 00cb 0B       		.uleb128 0xb
 5343 00cc 3B       		.uleb128 0x3b
 5344 00cd 0B       		.uleb128 0xb
 5345 00ce 49       		.uleb128 0x49
 5346 00cf 13       		.uleb128 0x13
 5347 00d0 38       		.uleb128 0x38
 5348 00d1 0B       		.uleb128 0xb
 5349 00d2 00       		.byte	0
 5350 00d3 00       		.byte	0
 5351 00d4 13       		.uleb128 0x13
 5352 00d5 16       		.uleb128 0x16
 5353 00d6 00       		.byte	0
 5354 00d7 03       		.uleb128 0x3
 5355 00d8 0E       		.uleb128 0xe
 5356 00d9 3A       		.uleb128 0x3a
 5357 00da 0B       		.uleb128 0xb
 5358 00db 3B       		.uleb128 0x3b
 5359 00dc 0B       		.uleb128 0xb
 5360 00dd 49       		.uleb128 0x49
 5361 00de 13       		.uleb128 0x13
 5362 00df 00       		.byte	0
 5363 00e0 00       		.byte	0
 5364 00e1 14       		.uleb128 0x14
 5365 00e2 17       		.uleb128 0x17
 5366 00e3 01       		.byte	0x1
 5367 00e4 0B       		.uleb128 0xb
 5368 00e5 0B       		.uleb128 0xb
 5369 00e6 3A       		.uleb128 0x3a
 5370 00e7 0B       		.uleb128 0xb
 5371 00e8 3B       		.uleb128 0x3b
 5372 00e9 0B       		.uleb128 0xb
 5373 00ea 01       		.uleb128 0x1
 5374 00eb 13       		.uleb128 0x13
 5375 00ec 00       		.byte	0
 5376 00ed 00       		.byte	0
 5377 00ee 15       		.uleb128 0x15
ARM GAS  C:\Users\alexport\AppData\Local\Temp\ccKIFySF.s 			page 110


 5378 00ef 0D       		.uleb128 0xd
 5379 00f0 00       		.byte	0
 5380 00f1 03       		.uleb128 0x3
 5381 00f2 0E       		.uleb128 0xe
 5382 00f3 3A       		.uleb128 0x3a
 5383 00f4 0B       		.uleb128 0xb
 5384 00f5 3B       		.uleb128 0x3b
 5385 00f6 0B       		.uleb128 0xb
 5386 00f7 49       		.uleb128 0x49
 5387 00f8 13       		.uleb128 0x13
 5388 00f9 00       		.byte	0
 5389 00fa 00       		.byte	0
 5390 00fb 16       		.uleb128 0x16
 5391 00fc 13       		.uleb128 0x13
 5392 00fd 01       		.byte	0x1
 5393 00fe 0B       		.uleb128 0xb
 5394 00ff 05       		.uleb128 0x5
 5395 0100 3A       		.uleb128 0x3a
 5396 0101 0B       		.uleb128 0xb
 5397 0102 3B       		.uleb128 0x3b
 5398 0103 0B       		.uleb128 0xb
 5399 0104 01       		.uleb128 0x1
 5400 0105 13       		.uleb128 0x13
 5401 0106 00       		.byte	0
 5402 0107 00       		.byte	0
 5403 0108 17       		.uleb128 0x17
 5404 0109 0D       		.uleb128 0xd
 5405 010a 00       		.byte	0
 5406 010b 03       		.uleb128 0x3
 5407 010c 0E       		.uleb128 0xe
 5408 010d 3A       		.uleb128 0x3a
 5409 010e 0B       		.uleb128 0xb
 5410 010f 3B       		.uleb128 0x3b
 5411 0110 0B       		.uleb128 0xb
 5412 0111 49       		.uleb128 0x49
 5413 0112 13       		.uleb128 0x13
 5414 0113 38       		.uleb128 0x38
 5415 0114 05       		.uleb128 0x5
 5416 0115 00       		.byte	0
 5417 0116 00       		.byte	0
 5418 0117 18       		.uleb128 0x18
 5419 0118 01       		.uleb128 0x1
 5420 0119 01       		.byte	0x1
 5421 011a 49       		.uleb128 0x49
 5422 011b 13       		.uleb128 0x13
 5423 011c 01       		.uleb128 0x1
 5424 011d 13       		.uleb128 0x13
 5425 011e 00       		.byte	0
 5426 011f 00       		.byte	0
 5427 0120 19       		.uleb128 0x19
 5428 0121 21       		.uleb128 0x21
 5429 0122 00       		.byte	0
 5430 0123 49       		.uleb128 0x49
 5431 0124 13       		.uleb128 0x13
 5432 0125 2F       		.uleb128 0x2f
 5433 0126 05       		.uleb128 0x5
 5434 0127 00       		.byte	0
ARM GAS  C:\Users\alexport\AppData\Local\Temp\ccKIFySF.s 			page 111


 5435 0128 00       		.byte	0
 5436 0129 1A       		.uleb128 0x1a
 5437 012a 21       		.uleb128 0x21
 5438 012b 00       		.byte	0
 5439 012c 49       		.uleb128 0x49
 5440 012d 13       		.uleb128 0x13
 5441 012e 2F       		.uleb128 0x2f
 5442 012f 0B       		.uleb128 0xb
 5443 0130 00       		.byte	0
 5444 0131 00       		.byte	0
 5445 0132 1B       		.uleb128 0x1b
 5446 0133 2E       		.uleb128 0x2e
 5447 0134 01       		.byte	0x1
 5448 0135 3F       		.uleb128 0x3f
 5449 0136 19       		.uleb128 0x19
 5450 0137 03       		.uleb128 0x3
 5451 0138 0E       		.uleb128 0xe
 5452 0139 3A       		.uleb128 0x3a
 5453 013a 0B       		.uleb128 0xb
 5454 013b 3B       		.uleb128 0x3b
 5455 013c 05       		.uleb128 0x5
 5456 013d 27       		.uleb128 0x27
 5457 013e 19       		.uleb128 0x19
 5458 013f 49       		.uleb128 0x49
 5459 0140 13       		.uleb128 0x13
 5460 0141 11       		.uleb128 0x11
 5461 0142 01       		.uleb128 0x1
 5462 0143 12       		.uleb128 0x12
 5463 0144 06       		.uleb128 0x6
 5464 0145 40       		.uleb128 0x40
 5465 0146 18       		.uleb128 0x18
 5466 0147 9642     		.uleb128 0x2116
 5467 0149 19       		.uleb128 0x19
 5468 014a 01       		.uleb128 0x1
 5469 014b 13       		.uleb128 0x13
 5470 014c 00       		.byte	0
 5471 014d 00       		.byte	0
 5472 014e 1C       		.uleb128 0x1c
 5473 014f 34       		.uleb128 0x34
 5474 0150 00       		.byte	0
 5475 0151 03       		.uleb128 0x3
 5476 0152 0E       		.uleb128 0xe
 5477 0153 3A       		.uleb128 0x3a
 5478 0154 0B       		.uleb128 0xb
 5479 0155 3B       		.uleb128 0x3b
 5480 0156 05       		.uleb128 0x5
 5481 0157 49       		.uleb128 0x49
 5482 0158 13       		.uleb128 0x13
 5483 0159 02       		.uleb128 0x2
 5484 015a 18       		.uleb128 0x18
 5485 015b 00       		.byte	0
 5486 015c 00       		.byte	0
 5487 015d 1D       		.uleb128 0x1d
 5488 015e 05       		.uleb128 0x5
 5489 015f 00       		.byte	0
 5490 0160 03       		.uleb128 0x3
 5491 0161 0E       		.uleb128 0xe
ARM GAS  C:\Users\alexport\AppData\Local\Temp\ccKIFySF.s 			page 112


 5492 0162 3A       		.uleb128 0x3a
 5493 0163 0B       		.uleb128 0xb
 5494 0164 3B       		.uleb128 0x3b
 5495 0165 05       		.uleb128 0x5
 5496 0166 49       		.uleb128 0x49
 5497 0167 13       		.uleb128 0x13
 5498 0168 02       		.uleb128 0x2
 5499 0169 18       		.uleb128 0x18
 5500 016a 00       		.byte	0
 5501 016b 00       		.byte	0
 5502 016c 1E       		.uleb128 0x1e
 5503 016d 34       		.uleb128 0x34
 5504 016e 00       		.byte	0
 5505 016f 03       		.uleb128 0x3
 5506 0170 0E       		.uleb128 0xe
 5507 0171 3A       		.uleb128 0x3a
 5508 0172 0B       		.uleb128 0xb
 5509 0173 3B       		.uleb128 0x3b
 5510 0174 0B       		.uleb128 0xb
 5511 0175 49       		.uleb128 0x49
 5512 0176 13       		.uleb128 0x13
 5513 0177 02       		.uleb128 0x2
 5514 0178 18       		.uleb128 0x18
 5515 0179 00       		.byte	0
 5516 017a 00       		.byte	0
 5517 017b 1F       		.uleb128 0x1f
 5518 017c 34       		.uleb128 0x34
 5519 017d 00       		.byte	0
 5520 017e 03       		.uleb128 0x3
 5521 017f 0E       		.uleb128 0xe
 5522 0180 3A       		.uleb128 0x3a
 5523 0181 0B       		.uleb128 0xb
 5524 0182 3B       		.uleb128 0x3b
 5525 0183 05       		.uleb128 0x5
 5526 0184 49       		.uleb128 0x49
 5527 0185 13       		.uleb128 0x13
 5528 0186 3F       		.uleb128 0x3f
 5529 0187 19       		.uleb128 0x19
 5530 0188 3C       		.uleb128 0x3c
 5531 0189 19       		.uleb128 0x19
 5532 018a 00       		.byte	0
 5533 018b 00       		.byte	0
 5534 018c 20       		.uleb128 0x20
 5535 018d 34       		.uleb128 0x34
 5536 018e 00       		.byte	0
 5537 018f 03       		.uleb128 0x3
 5538 0190 0E       		.uleb128 0xe
 5539 0191 3A       		.uleb128 0x3a
 5540 0192 0B       		.uleb128 0xb
 5541 0193 3B       		.uleb128 0x3b
 5542 0194 0B       		.uleb128 0xb
 5543 0195 49       		.uleb128 0x49
 5544 0196 13       		.uleb128 0x13
 5545 0197 3F       		.uleb128 0x3f
 5546 0198 19       		.uleb128 0x19
 5547 0199 02       		.uleb128 0x2
 5548 019a 18       		.uleb128 0x18
ARM GAS  C:\Users\alexport\AppData\Local\Temp\ccKIFySF.s 			page 113


 5549 019b 00       		.byte	0
 5550 019c 00       		.byte	0
 5551 019d 21       		.uleb128 0x21
 5552 019e 26       		.uleb128 0x26
 5553 019f 00       		.byte	0
 5554 01a0 49       		.uleb128 0x49
 5555 01a1 13       		.uleb128 0x13
 5556 01a2 00       		.byte	0
 5557 01a3 00       		.byte	0
 5558 01a4 22       		.uleb128 0x22
 5559 01a5 34       		.uleb128 0x34
 5560 01a6 00       		.byte	0
 5561 01a7 03       		.uleb128 0x3
 5562 01a8 0E       		.uleb128 0xe
 5563 01a9 3A       		.uleb128 0x3a
 5564 01aa 0B       		.uleb128 0xb
 5565 01ab 3B       		.uleb128 0x3b
 5566 01ac 05       		.uleb128 0x5
 5567 01ad 49       		.uleb128 0x49
 5568 01ae 13       		.uleb128 0x13
 5569 01af 3F       		.uleb128 0x3f
 5570 01b0 19       		.uleb128 0x19
 5571 01b1 02       		.uleb128 0x2
 5572 01b2 18       		.uleb128 0x18
 5573 01b3 00       		.byte	0
 5574 01b4 00       		.byte	0
 5575 01b5 00       		.byte	0
 5576              		.section	.debug_aranges,"",%progbits
 5577 0000 24000000 		.4byte	0x24
 5578 0004 0200     		.2byte	0x2
 5579 0006 00000000 		.4byte	.Ldebug_info0
 5580 000a 04       		.byte	0x4
 5581 000b 00       		.byte	0
 5582 000c 0000     		.2byte	0
 5583 000e 0000     		.2byte	0
 5584 0010 00000000 		.4byte	.LFB2
 5585 0014 40000000 		.4byte	.LFE2-.LFB2
 5586 0018 00000000 		.4byte	.LFB3
 5587 001c 98000000 		.4byte	.LFE3-.LFB3
 5588 0020 00000000 		.4byte	0
 5589 0024 00000000 		.4byte	0
 5590              		.section	.debug_ranges,"",%progbits
 5591              	.Ldebug_ranges0:
 5592 0000 00000000 		.4byte	.LFB2
 5593 0004 40000000 		.4byte	.LFE2
 5594 0008 00000000 		.4byte	.LFB3
 5595 000c 98000000 		.4byte	.LFE3
 5596 0010 00000000 		.4byte	0
 5597 0014 00000000 		.4byte	0
 5598              		.section	.debug_line,"",%progbits
 5599              	.Ldebug_line0:
 5600 0000 0D010000 		.section	.debug_str,"MS",%progbits,1
 5600      0200D800 
 5600      00000201 
 5600      FB0E0D00 
 5600      01010101 
 5601              	.LASF480:
ARM GAS  C:\Users\alexport\AppData\Local\Temp\ccKIFySF.s 			page 114


 5602 0000 4359424C 		.ascii	"CYBLE_EVT_UDSC_READ_CHAR_RESPONSE\000"
 5602      455F4556 
 5602      545F5544 
 5602      53435F52 
 5602      4541445F 
 5603              	.LASF438:
 5604 0022 4359424C 		.ascii	"CYBLE_EVT_PLXSC_NOTIFICATION\000"
 5604      455F4556 
 5604      545F504C 
 5604      5853435F 
 5604      4E4F5449 
 5605              	.LASF389:
 5606 003f 4359424C 		.ascii	"CYBLE_EVT_HTSS_NOTIFICATION_DISABLED\000"
 5606      455F4556 
 5606      545F4854 
 5606      53535F4E 
 5606      4F544946 
 5607              	.LASF152:
 5608 0064 4359424C 		.ascii	"CYBLE_GATT_ERR_INVALID_CRC\000"
 5608      455F4741 
 5608      54545F45 
 5608      52525F49 
 5608      4E56414C 
 5609              	.LASF210:
 5610 007f 4359424C 		.ascii	"CYBLE_DIS_CHAR_COUNT\000"
 5610      455F4449 
 5610      535F4348 
 5610      41525F43 
 5610      4F554E54 
 5611              	.LASF16:
 5612 0094 73697A65 		.ascii	"sizetype\000"
 5612      74797065 
 5612      00
 5613              	.LASF270:
 5614 009d 4359424C 		.ascii	"CYBLE_EVT_BCSC_READ_CHAR_RESPONSE\000"
 5614      455F4556 
 5614      545F4243 
 5614      53435F52 
 5614      4541445F 
 5615              	.LASF293:
 5616 00bf 4359424C 		.ascii	"CYBLE_EVT_CGMSC_INDICATION\000"
 5616      455F4556 
 5616      545F4347 
 5616      4D53435F 
 5616      494E4449 
 5617              	.LASF311:
 5618 00da 4359424C 		.ascii	"CYBLE_EVT_CPSC_READ_DESCR_RESPONSE\000"
 5618      455F4556 
 5618      545F4350 
 5618      53435F52 
 5618      4541445F 
 5619              	.LASF442:
 5620 00fd 4359424C 		.ascii	"CYBLE_EVT_PLXSC_READ_DESCR_RESPONSE\000"
 5620      455F4556 
 5620      545F504C 
 5620      5853435F 
 5620      52454144 
ARM GAS  C:\Users\alexport\AppData\Local\Temp\ccKIFySF.s 			page 115


 5621              	.LASF457:
 5622 0121 4359424C 		.ascii	"CYBLE_EVT_RTUSS_WRITE_CHAR_CMD\000"
 5622      455F4556 
 5622      545F5254 
 5622      5553535F 
 5622      57524954 
 5623              	.LASF218:
 5624 0140 4359424C 		.ascii	"CYBLE_EVT_GATTC_SRVC_DISCOVERY_FAILED\000"
 5624      455F4556 
 5624      545F4741 
 5624      5454435F 
 5624      53525643 
 5625              	.LASF491:
 5626 0166 4359424C 		.ascii	"CYBLE_EVT_WPTSC_NOTIFICATION\000"
 5626      455F4556 
 5626      545F5750 
 5626      5453435F 
 5626      4E4F5449 
 5627              	.LASF37:
 5628 0183 4359424C 		.ascii	"CYBLE_EVT_GAP_NUMERIC_COMPARISON_REQUEST\000"
 5628      455F4556 
 5628      545F4741 
 5628      505F4E55 
 5628      4D455249 
 5629              	.LASF237:
 5630 01ac 4359424C 		.ascii	"CYBLE_EVT_AIOSC_NOTIFICATION\000"
 5630      455F4556 
 5630      545F4149 
 5630      4F53435F 
 5630      4E4F5449 
 5631              	.LASF497:
 5632 01c9 4359424C 		.ascii	"CYBLE_EVT_WSSS_INDICATION_ENABLED\000"
 5632      455F4556 
 5632      545F5753 
 5632      53535F49 
 5632      4E444943 
 5633              	.LASF309:
 5634 01eb 4359424C 		.ascii	"CYBLE_EVT_CPSC_READ_CHAR_RESPONSE\000"
 5634      455F4556 
 5634      545F4350 
 5634      53435F52 
 5634      4541445F 
 5635              	.LASF322:
 5636 020d 4359424C 		.ascii	"CYBLE_EVT_CSCSC_READ_CHAR_RESPONSE\000"
 5636      455F4556 
 5636      545F4353 
 5636      4353435F 
 5636      52454144 
 5637              	.LASF298:
 5638 0230 4359424C 		.ascii	"CYBLE_EVT_CGMSC_WRITE_DESCR_RESPONSE\000"
 5638      455F4556 
 5638      545F4347 
 5638      4D53435F 
 5638      57524954 
 5639              	.LASF352:
 5640 0255 4359424C 		.ascii	"CYBLE_EVT_GLSS_NOTIFICATION_DISABLED\000"
 5640      455F4556 
ARM GAS  C:\Users\alexport\AppData\Local\Temp\ccKIFySF.s 			page 116


 5640      545F474C 
 5640      53535F4E 
 5640      4F544946 
 5641              	.LASF527:
 5642 027a 6576656E 		.ascii	"eventParam\000"
 5642      74506172 
 5642      616D00
 5643              	.LASF280:
 5644 0285 4359424C 		.ascii	"CYBLE_EVT_BLSC_READ_CHAR_RESPONSE\000"
 5644      455F4556 
 5644      545F424C 
 5644      53435F52 
 5644      4541445F 
 5645              	.LASF31:
 5646 02a7 4359424C 		.ascii	"CYBLE_EVT_GAP_DEVICE_CONNECTED\000"
 5646      455F4556 
 5646      545F4741 
 5646      505F4445 
 5646      56494345 
 5647              	.LASF411:
 5648 02c6 4359424C 		.ascii	"CYBLE_EVT_LLSC_WRITE_CHAR_RESPONSE\000"
 5648      455F4556 
 5648      545F4C4C 
 5648      53435F57 
 5648      52495445 
 5649              	.LASF49:
 5650 02e9 4359424C 		.ascii	"CYBLE_EVT_GATT_CONNECT_IND\000"
 5650      455F4556 
 5650      545F4741 
 5650      54545F43 
 5650      4F4E4E45 
 5651              	.LASF357:
 5652 0304 4359424C 		.ascii	"CYBLE_EVT_GLSC_WRITE_CHAR_RESPONSE\000"
 5652      455F4556 
 5652      545F474C 
 5652      53435F57 
 5652      52495445 
 5653              	.LASF11:
 5654 0327 75696E74 		.ascii	"uint32\000"
 5654      333200
 5655              	.LASF221:
 5656 032e 4359424C 		.ascii	"CYBLE_EVT_GATTC_DESCR_DISCOVERY_FAILED\000"
 5656      455F4556 
 5656      545F4741 
 5656      5454435F 
 5656      44455343 
 5657              	.LASF456:
 5658 0355 4359424C 		.ascii	"CYBLE_EVT_RSCSC_WRITE_DESCR_RESPONSE\000"
 5658      455F4556 
 5658      545F5253 
 5658      4353435F 
 5658      57524954 
 5659              	.LASF268:
 5660 037a 4359424C 		.ascii	"CYBLE_EVT_BCSS_INDICATION_CONFIRMED\000"
 5660      455F4556 
 5660      545F4243 
 5660      53535F49 
ARM GAS  C:\Users\alexport\AppData\Local\Temp\ccKIFySF.s 			page 117


 5660      4E444943 
 5661              	.LASF269:
 5662 039e 4359424C 		.ascii	"CYBLE_EVT_BCSC_INDICATION\000"
 5662      455F4556 
 5662      545F4243 
 5662      53435F49 
 5662      4E444943 
 5663              	.LASF413:
 5664 03b8 4359424C 		.ascii	"CYBLE_EVT_LNSS_INDICATION_DISABLED\000"
 5664      455F4556 
 5664      545F4C4E 
 5664      53535F49 
 5664      4E444943 
 5665              	.LASF330:
 5666 03db 4359424C 		.ascii	"CYBLE_EVT_CTSC_READ_CHAR_RESPONSE\000"
 5666      455F4556 
 5666      545F4354 
 5666      53435F52 
 5666      4541445F 
 5667              	.LASF225:
 5668 03fd 4359424C 		.ascii	"CYBLE_EVT_GATTC_SRVC_DISCOVERY_COMPLETE\000"
 5668      455F4556 
 5668      545F4741 
 5668      5454435F 
 5668      53525643 
 5669              	.LASF450:
 5670 0425 4359424C 		.ascii	"CYBLE_EVT_RSCSS_CHAR_WRITE\000"
 5670      455F4556 
 5670      545F5253 
 5670      4353535F 
 5670      43484152 
 5671              	.LASF439:
 5672 0440 4359424C 		.ascii	"CYBLE_EVT_PLXSC_INDICATION\000"
 5672      455F4556 
 5672      545F504C 
 5672      5853435F 
 5672      494E4449 
 5673              	.LASF483:
 5674 045b 4359424C 		.ascii	"CYBLE_EVT_UDSC_WRITE_DESCR_RESPONSE\000"
 5674      455F4556 
 5674      545F5544 
 5674      53435F57 
 5674      52495445 
 5675              	.LASF371:
 5676 047f 4359424C 		.ascii	"CYBLE_EVT_HIDSC_WRITE_DESCR_RESPONSE\000"
 5676      455F4556 
 5676      545F4849 
 5676      4453435F 
 5676      57524954 
 5677              	.LASF465:
 5678 04a4 4359424C 		.ascii	"CYBLE_EVT_TPSS_NOTIFICATION_ENABLED\000"
 5678      455F4556 
 5678      545F5450 
 5678      53535F4E 
 5678      4F544946 
 5679              	.LASF258:
 5680 04c8 4359424C 		.ascii	"CYBLE_EVT_ANSC_READ_DESCR_RESPONSE\000"
ARM GAS  C:\Users\alexport\AppData\Local\Temp\ccKIFySF.s 			page 118


 5680      455F4556 
 5680      545F414E 
 5680      53435F52 
 5680      4541445F 
 5681              	.LASF126:
 5682 04eb 4359424C 		.ascii	"CYBLE_GATT_ERR_READ_NOT_PERMITTED\000"
 5682      455F4741 
 5682      54545F45 
 5682      52525F52 
 5682      4541445F 
 5683              	.LASF141:
 5684 050d 4359424C 		.ascii	"CYBLE_GATT_ERR_INSUFFICIENT_RESOURCE\000"
 5684      455F4741 
 5684      54545F45 
 5684      52525F49 
 5684      4E535546 
 5685              	.LASF140:
 5686 0532 4359424C 		.ascii	"CYBLE_GATT_ERR_UNSUPPORTED_GROUP_TYPE\000"
 5686      455F4741 
 5686      54545F45 
 5686      52525F55 
 5686      4E535550 
 5687              	.LASF105:
 5688 0558 4359424C 		.ascii	"CYBLE_ERROR_L2CAP_CONNECTION_ENTITY_NOT_FOUND\000"
 5688      455F4552 
 5688      524F525F 
 5688      4C324341 
 5688      505F434F 
 5689              	.LASF111:
 5690 0586 4359424C 		.ascii	"CYBLE_ERROR_MIC_AUTH_FAILED\000"
 5690      455F4552 
 5690      524F525F 
 5690      4D49435F 
 5690      41555448 
 5691              	.LASF220:
 5692 05a2 4359424C 		.ascii	"CYBLE_EVT_GATTC_CHAR_DISCOVERY_FAILED\000"
 5692      455F4556 
 5692      545F4741 
 5692      5454435F 
 5692      43484152 
 5693              	.LASF69:
 5694 05c8 4359424C 		.ascii	"CYBLE_EVT_GATTS_DATA_SIGNED_CMD_REQ\000"
 5694      455F4556 
 5694      545F4741 
 5694      5454535F 
 5694      44415441 
 5695              	.LASF81:
 5696 05ec 4359424C 		.ascii	"CYBLE_EVT_L2CAP_CBFC_RX_CREDIT_IND\000"
 5696      455F4556 
 5696      545F4C32 
 5696      4341505F 
 5696      43424643 
 5697              	.LASF169:
 5698 060f 4359424C 		.ascii	"CYBLE_GATT_VALUE_T\000"
 5698      455F4741 
 5698      54545F56 
 5698      414C5545 
ARM GAS  C:\Users\alexport\AppData\Local\Temp\ccKIFySF.s 			page 119


 5698      5F5400
 5699              	.LASF316:
 5700 0622 4359424C 		.ascii	"CYBLE_EVT_CSCSS_INDICATION_ENABLED\000"
 5700      455F4556 
 5700      545F4353 
 5700      4353535F 
 5700      494E4449 
 5701              	.LASF187:
 5702 0645 7065726D 		.ascii	"permission\000"
 5702      69737369 
 5702      6F6E00
 5703              	.LASF418:
 5704 0650 4359424C 		.ascii	"CYBLE_EVT_LNSC_INDICATION\000"
 5704      455F4556 
 5704      545F4C4E 
 5704      53435F49 
 5704      4E444943 
 5705              	.LASF142:
 5706 066a 4359424C 		.ascii	"CYBLE_GATT_ERR_TRIGGER_CODITION_VALUE_NOT_SUPPORTED"
 5706      455F4741 
 5706      54545F45 
 5706      52525F54 
 5706      52494747 
 5707 069d 00       		.ascii	"\000"
 5708              	.LASF429:
 5709 069e 4359424C 		.ascii	"CYBLE_EVT_PASSC_READ_CHAR_RESPONSE\000"
 5709      455F4556 
 5709      545F5041 
 5709      5353435F 
 5709      52454144 
 5710              	.LASF273:
 5711 06c1 4359424C 		.ascii	"CYBLE_EVT_BLSS_INDICATION_ENABLED\000"
 5711      455F4556 
 5711      545F424C 
 5711      53535F49 
 5711      4E444943 
 5712              	.LASF525:
 5713 06e3 47656E65 		.ascii	"Generated_Source\\PSoC4\\blue_gatt.c\000"
 5713      72617465 
 5713      645F536F 
 5713      75726365 
 5713      5C50536F 
 5714              	.LASF279:
 5715 0706 4359424C 		.ascii	"CYBLE_EVT_BLSC_NOTIFICATION\000"
 5715      455F4556 
 5715      545F424C 
 5715      53435F4E 
 5715      4F544946 
 5716              	.LASF191:
 5717 0722 4359424C 		.ascii	"CYBLE_CALLBACK_T\000"
 5717      455F4341 
 5717      4C4C4241 
 5717      434B5F54 
 5717      00
 5718              	.LASF321:
 5719 0733 4359424C 		.ascii	"CYBLE_EVT_CSCSC_INDICATION\000"
 5719      455F4556 
ARM GAS  C:\Users\alexport\AppData\Local\Temp\ccKIFySF.s 			page 120


 5719      545F4353 
 5719      4353435F 
 5719      494E4449 
 5720              	.LASF205:
 5721 074e 4359424C 		.ascii	"CYBLE_DIS_FIRMWARE_REV\000"
 5721      455F4449 
 5721      535F4649 
 5721      524D5741 
 5721      52455F52 
 5722              	.LASF66:
 5723 0765 4359424C 		.ascii	"CYBLE_EVT_GATTC_HANDLE_VALUE_NTF\000"
 5723      455F4556 
 5723      545F4741 
 5723      5454435F 
 5723      48414E44 
 5724              	.LASF25:
 5725 0786 4359424C 		.ascii	"CYBLE_EVT_GAP_AUTH_REQ\000"
 5725      455F4556 
 5725      545F4741 
 5725      505F4155 
 5725      54485F52 
 5726              	.LASF227:
 5727 079d 4359424C 		.ascii	"CYBLE_EVT_GATTC_CHAR_DISCOVERY_COMPLETE\000"
 5727      455F4556 
 5727      545F4741 
 5727      5454435F 
 5727      43484152 
 5728              	.LASF167:
 5729 07c5 4359424C 		.ascii	"CYBLE_CONN_HANDLE_T\000"
 5729      455F434F 
 5729      4E4E5F48 
 5729      414E444C 
 5729      455F5400 
 5730              	.LASF385:
 5731 07d9 4359424C 		.ascii	"CYBLE_EVT_HRSC_WRITE_CHAR_RESPONSE\000"
 5731      455F4556 
 5731      545F4852 
 5731      53435F57 
 5731      52495445 
 5732              	.LASF100:
 5733 07fc 4359424C 		.ascii	"CYBLE_ERROR_BT_ON_NOT_COMPLETED\000"
 5733      455F4552 
 5733      524F525F 
 5733      42545F4F 
 5733      4E5F4E4F 
 5734              	.LASF320:
 5735 081c 4359424C 		.ascii	"CYBLE_EVT_CSCSC_NOTIFICATION\000"
 5735      455F4556 
 5735      545F4353 
 5735      4353435F 
 5735      4E4F5449 
 5736              	.LASF478:
 5737 0839 4359424C 		.ascii	"CYBLE_EVT_UDSC_INDICATION\000"
 5737      455F4556 
 5737      545F5544 
 5737      53435F49 
 5737      4E444943 
ARM GAS  C:\Users\alexport\AppData\Local\Temp\ccKIFySF.s 			page 121


 5738              	.LASF401:
 5739 0853 4359424C 		.ascii	"CYBLE_EVT_IPSS_WRITE_CHAR\000"
 5739      455F4556 
 5739      545F4950 
 5739      53535F57 
 5739      52495445 
 5740              	.LASF46:
 5741 086d 4359424C 		.ascii	"CYBLE_EVT_GAP_AUTH_REQ_REPLY_ERR\000"
 5741      455F4556 
 5741      545F4741 
 5741      505F4155 
 5741      54485F52 
 5742              	.LASF284:
 5743 088e 4359424C 		.ascii	"CYBLE_EVT_BMSC_READ_CHAR_RESPONSE\000"
 5743      455F4556 
 5743      545F424D 
 5743      53435F52 
 5743      4541445F 
 5744              	.LASF508:
 5745 08b0 4359424C 		.ascii	"CYBLE_STATE_ADVERTISING\000"
 5745      455F5354 
 5745      4154455F 
 5745      41445645 
 5745      52544953 
 5746              	.LASF39:
 5747 08c8 4359424C 		.ascii	"CYBLE_EVT_GAP_OOB_GENERATED_NOTIFICATION\000"
 5747      455F4556 
 5747      545F4741 
 5747      505F4F4F 
 5747      425F4745 
 5748              	.LASF165:
 5749 08f1 62644861 		.ascii	"bdHandle\000"
 5749      6E646C65 
 5749      00
 5750              	.LASF154:
 5751 08fa 4359424C 		.ascii	"CYBLE_GATTS_ERR_NETWORK_NOT_AVAILABLE\000"
 5751      455F4741 
 5751      5454535F 
 5751      4552525F 
 5751      4E455457 
 5752              	.LASF289:
 5753 0920 4359424C 		.ascii	"CYBLE_EVT_CGMSS_INDICATION_CONFIRMED\000"
 5753      455F4556 
 5753      545F4347 
 5753      4D53535F 
 5753      494E4449 
 5754              	.LASF157:
 5755 0945 4359424C 		.ascii	"CYBLE_GATT_ERR_ANCS_INVALID_COMMAND\000"
 5755      455F4741 
 5755      54545F45 
 5755      52525F41 
 5755      4E43535F 
 5756              	.LASF281:
 5757 0969 4359424C 		.ascii	"CYBLE_EVT_BLSC_READ_DESCR_RESPONSE\000"
 5757      455F4556 
 5757      545F424C 
 5757      53435F52 
ARM GAS  C:\Users\alexport\AppData\Local\Temp\ccKIFySF.s 			page 122


 5757      4541445F 
 5758              	.LASF441:
 5759 098c 4359424C 		.ascii	"CYBLE_EVT_PLXSC_WRITE_CHAR_RESPONSE\000"
 5759      455F4556 
 5759      545F504C 
 5759      5853435F 
 5759      57524954 
 5760              	.LASF302:
 5761 09b0 4359424C 		.ascii	"CYBLE_EVT_CPSS_INDICATION_DISABLED\000"
 5761      455F4556 
 5761      545F4350 
 5761      53535F49 
 5761      4E444943 
 5762              	.LASF301:
 5763 09d3 4359424C 		.ascii	"CYBLE_EVT_CPSS_INDICATION_ENABLED\000"
 5763      455F4556 
 5763      545F4350 
 5763      53535F49 
 5763      4E444943 
 5764              	.LASF415:
 5765 09f5 4359424C 		.ascii	"CYBLE_EVT_LNSS_NOTIFICATION_ENABLED\000"
 5765      455F4556 
 5765      545F4C4E 
 5765      53535F4E 
 5765      4F544946 
 5766              	.LASF62:
 5767 0a19 4359424C 		.ascii	"CYBLE_EVT_GATTS_WRITE_CMD_REQ\000"
 5767      455F4556 
 5767      545F4741 
 5767      5454535F 
 5767      57524954 
 5768              	.LASF312:
 5769 0a37 4359424C 		.ascii	"CYBLE_EVT_CPSC_WRITE_DESCR_RESPONSE\000"
 5769      455F4556 
 5769      545F4350 
 5769      53435F57 
 5769      52495445 
 5770              	.LASF82:
 5771 0a5b 4359424C 		.ascii	"CYBLE_EVT_L2CAP_CBFC_TX_CREDIT_IND\000"
 5771      455F4556 
 5771      545F4C32 
 5771      4341505F 
 5771      43424643 
 5772              	.LASF4:
 5773 0a7e 6C6F6E67 		.ascii	"long int\000"
 5773      20696E74 
 5773      00
 5774              	.LASF416:
 5775 0a87 4359424C 		.ascii	"CYBLE_EVT_LNSS_NOTIFICATION_DISABLED\000"
 5775      455F4556 
 5775      545F4C4E 
 5775      53535F4E 
 5775      4F544946 
 5776              	.LASF317:
 5777 0aac 4359424C 		.ascii	"CYBLE_EVT_CSCSS_INDICATION_DISABLED\000"
 5777      455F4556 
 5777      545F4353 
ARM GAS  C:\Users\alexport\AppData\Local\Temp\ccKIFySF.s 			page 123


 5777      4353535F 
 5777      494E4449 
 5778              	.LASF473:
 5779 0ad0 4359424C 		.ascii	"CYBLE_EVT_UDSS_INDICATION_CONFIRMED\000"
 5779      455F4556 
 5779      545F5544 
 5779      53535F49 
 5779      4E444943 
 5780              	.LASF213:
 5781 0af4 4359424C 		.ascii	"CYBLE_LONG_TERM_KEY_REQUEST_REPLY\000"
 5781      455F4C4F 
 5781      4E475F54 
 5781      45524D5F 
 5781      4B45595F 
 5782              	.LASF18:
 5783 0b16 4359424C 		.ascii	"CYBLE_EVT_STACK_ON\000"
 5783      455F4556 
 5783      545F5354 
 5783      41434B5F 
 5783      4F4E00
 5784              	.LASF107:
 5785 0b29 4359424C 		.ascii	"CYBLE_ERROR_L2CAP_PSM_NOT_IN_RANGE\000"
 5785      455F4552 
 5785      524F525F 
 5785      4C324341 
 5785      505F5053 
 5786              	.LASF204:
 5787 0b4c 4359424C 		.ascii	"CYBLE_DIS_HARDWARE_REV\000"
 5787      455F4449 
 5787      535F4841 
 5787      52445741 
 5787      52455F52 
 5788              	.LASF267:
 5789 0b63 4359424C 		.ascii	"CYBLE_EVT_BCSS_INDICATION_DISABLED\000"
 5789      455F4556 
 5789      545F4243 
 5789      53535F49 
 5789      4E444943 
 5790              	.LASF347:
 5791 0b86 4359424C 		.ascii	"CYBLE_EVT_ESSC_WRITE_DESCR_RESPONSE\000"
 5791      455F4556 
 5791      545F4553 
 5791      53435F57 
 5791      52495445 
 5792              	.LASF153:
 5793 0baa 4359424C 		.ascii	"CYBLE_GATTS_ERR_HPS_INVALID_REQUEST\000"
 5793      455F4741 
 5793      5454535F 
 5793      4552525F 
 5793      4850535F 
 5794              	.LASF404:
 5795 0bce 4359424C 		.ascii	"CYBLE_EVT_IPSC_WRITE_CHAR_RESPONSE\000"
 5795      455F4556 
 5795      545F4950 
 5795      53435F57 
 5795      52495445 
 5796              	.LASF192:
ARM GAS  C:\Users\alexport\AppData\Local\Temp\ccKIFySF.s 			page 124


 5797 0bf1 73657276 		.ascii	"serviceHandle\000"
 5797      69636548 
 5797      616E646C 
 5797      6500
 5798              	.LASF388:
 5799 0bff 4359424C 		.ascii	"CYBLE_EVT_HTSS_NOTIFICATION_ENABLED\000"
 5799      455F4556 
 5799      545F4854 
 5799      53535F4E 
 5799      4F544946 
 5800              	.LASF128:
 5801 0c23 4359424C 		.ascii	"CYBLE_GATT_ERR_INVALID_PDU\000"
 5801      455F4741 
 5801      54545F45 
 5801      52525F49 
 5801      4E56414C 
 5802              	.LASF120:
 5803 0c3e 4359424C 		.ascii	"CYBLE_ERROR_CHAR_IS_NOT_DISCOVERED\000"
 5803      455F4552 
 5803      524F525F 
 5803      43484152 
 5803      5F49535F 
 5804              	.LASF476:
 5805 0c61 4359424C 		.ascii	"CYBLE_EVT_UDSS_READ_CHAR\000"
 5805      455F4556 
 5805      545F5544 
 5805      53535F52 
 5805      4541445F 
 5806              	.LASF233:
 5807 0c7a 4359424C 		.ascii	"CYBLE_EVT_AIOSS_INDICATION_DISABLED\000"
 5807      455F4556 
 5807      545F4149 
 5807      4F53535F 
 5807      494E4449 
 5808              	.LASF172:
 5809 0c9e 4359424C 		.ascii	"CYBLE_GATT_HANDLE_VALUE_PAIR_T\000"
 5809      455F4741 
 5809      54545F48 
 5809      414E444C 
 5809      455F5641 
 5810              	.LASF186:
 5811 0cbd 61747454 		.ascii	"attType\000"
 5811      79706500 
 5812              	.LASF344:
 5813 0cc5 4359424C 		.ascii	"CYBLE_EVT_ESSC_READ_CHAR_RESPONSE\000"
 5813      455F4556 
 5813      545F4553 
 5813      53435F52 
 5813      4541445F 
 5814              	.LASF367:
 5815 0ce7 4359424C 		.ascii	"CYBLE_EVT_HIDSC_NOTIFICATION\000"
 5815      455F4556 
 5815      545F4849 
 5815      4453435F 
 5815      4E4F5449 
 5816              	.LASF75:
 5817 0d04 4359424C 		.ascii	"CYBLE_EVT_L2CAP_COMMAND_REJ\000"
ARM GAS  C:\Users\alexport\AppData\Local\Temp\ccKIFySF.s 			page 125


 5817      455F4556 
 5817      545F4C32 
 5817      4341505F 
 5817      434F4D4D 
 5818              	.LASF230:
 5819 0d20 4359424C 		.ascii	"CYBLE_EVT_AIOSS_NOTIFICATION_ENABLED\000"
 5819      455F4556 
 5819      545F4149 
 5819      4F53535F 
 5819      4E4F5449 
 5820              	.LASF137:
 5821 0d45 4359424C 		.ascii	"CYBLE_GATT_ERR_INVALID_ATTRIBUTE_LEN\000"
 5821      455F4741 
 5821      54545F45 
 5821      52525F49 
 5821      4E56414C 
 5822              	.LASF364:
 5823 0d6a 4359424C 		.ascii	"CYBLE_EVT_HIDSS_SUSPEND\000"
 5823      455F4556 
 5823      545F4849 
 5823      4453535F 
 5823      53555350 
 5824              	.LASF108:
 5825 0d82 4359424C 		.ascii	"CYBLE_ERROR_GATT_DB_INVALID_ATTR_HANDLE\000"
 5825      455F4552 
 5825      524F525F 
 5825      47415454 
 5825      5F44425F 
 5826              	.LASF0:
 5827 0daa 7369676E 		.ascii	"signed char\000"
 5827      65642063 
 5827      68617200 
 5828              	.LASF271:
 5829 0db6 4359424C 		.ascii	"CYBLE_EVT_BCSC_READ_DESCR_RESPONSE\000"
 5829      455F4556 
 5829      545F4243 
 5829      53435F52 
 5829      4541445F 
 5830              	.LASF503:
 5831 0dd9 4359424C 		.ascii	"CYBLE_EVT_WSSC_WRITE_DESCR_RESPONSE\000"
 5831      455F4556 
 5831      545F5753 
 5831      53435F57 
 5831      52495445 
 5832              	.LASF264:
 5833 0dfd 4359424C 		.ascii	"CYBLE_EVT_BASC_READ_DESCR_RESPONSE\000"
 5833      455F4556 
 5833      545F4241 
 5833      53435F52 
 5833      4541445F 
 5834              	.LASF526:
 5835 0e20 433A5C55 		.ascii	"C:\\Users\\alexport\\OneDrive - Safeguard Analytics"
 5835      73657273 
 5835      5C616C65 
 5835      78706F72 
 5835      745C4F6E 
 5836 0e50 5C544553 		.ascii	"\\TESTs\\UART UDB test\\SA-200.cydsn\000"
ARM GAS  C:\Users\alexport\AppData\Local\Temp\ccKIFySF.s 			page 126


 5836      54735C55 
 5836      41525420 
 5836      55444220 
 5836      74657374 
 5837              	.LASF20:
 5838 0e72 4359424C 		.ascii	"CYBLE_EVT_HARDWARE_ERROR\000"
 5838      455F4556 
 5838      545F4841 
 5838      52445741 
 5838      52455F45 
 5839              	.LASF89:
 5840 0e8b 4359424C 		.ascii	"CYBLE_ERROR_OK\000"
 5840      455F4552 
 5840      524F525F 
 5840      4F4B00
 5841              	.LASF53:
 5842 0e9a 4359424C 		.ascii	"CYBLE_EVT_GATTC_READ_BY_GROUP_TYPE_RSP\000"
 5842      455F4556 
 5842      545F4741 
 5842      5454435F 
 5842      52454144 
 5843              	.LASF505:
 5844 0ec1 4359424C 		.ascii	"CYBLE_STATE_STOPPED\000"
 5844      455F5354 
 5844      4154455F 
 5844      53544F50 
 5844      50454400 
 5845              	.LASF447:
 5846 0ed5 4359424C 		.ascii	"CYBLE_EVT_RSCSS_INDICATION_ENABLED\000"
 5846      455F4556 
 5846      545F5253 
 5846      4353535F 
 5846      494E4449 
 5847              	.LASF1:
 5848 0ef8 756E7369 		.ascii	"unsigned char\000"
 5848      676E6564 
 5848      20636861 
 5848      7200
 5849              	.LASF52:
 5850 0f06 4359424C 		.ascii	"CYBLE_EVT_GATTC_XCHNG_MTU_RSP\000"
 5850      455F4556 
 5850      545F4741 
 5850      5454435F 
 5850      5843484E 
 5851              	.LASF303:
 5852 0f24 4359424C 		.ascii	"CYBLE_EVT_CPSS_INDICATION_CONFIRMED\000"
 5852      455F4556 
 5852      545F4350 
 5852      53535F49 
 5852      4E444943 
 5853              	.LASF300:
 5854 0f48 4359424C 		.ascii	"CYBLE_EVT_CPSS_NOTIFICATION_DISABLED\000"
 5854      455F4556 
 5854      545F4350 
 5854      53535F4E 
 5854      4F544946 
 5855              	.LASF452:
ARM GAS  C:\Users\alexport\AppData\Local\Temp\ccKIFySF.s 			page 127


 5856 0f6d 4359424C 		.ascii	"CYBLE_EVT_RSCSC_INDICATION\000"
 5856      455F4556 
 5856      545F5253 
 5856      4353435F 
 5856      494E4449 
 5857              	.LASF502:
 5858 0f88 4359424C 		.ascii	"CYBLE_EVT_WSSC_READ_DESCR_RESPONSE\000"
 5858      455F4556 
 5858      545F5753 
 5858      53435F52 
 5858      4541445F 
 5859              	.LASF488:
 5860 0fab 4359424C 		.ascii	"CYBLE_EVT_WPTSS_INDICATION_DISABLED\000"
 5860      455F4556 
 5860      545F5750 
 5860      5453535F 
 5860      494E4449 
 5861              	.LASF43:
 5862 0fcf 4359424C 		.ascii	"CYBLE_EVT_GAP_SMP_NEGOTIATED_AUTH_INFO\000"
 5862      455F4556 
 5862      545F4741 
 5862      505F534D 
 5862      505F4E45 
 5863              	.LASF44:
 5864 0ff6 4359424C 		.ascii	"CYBLE_EVT_GAP_CONN_ESTB\000"
 5864      455F4556 
 5864      545F4741 
 5864      505F434F 
 5864      4E4E5F45 
 5865              	.LASF185:
 5866 100e 61747448 		.ascii	"attHandle\000"
 5866      616E646C 
 5866      6500
 5867              	.LASF217:
 5868 1018 4359424C 		.ascii	"CYBLE_EVT_GATTC_INDICATION\000"
 5868      455F4556 
 5868      545F4741 
 5868      5454435F 
 5868      494E4449 
 5869              	.LASF372:
 5870 1033 4359424C 		.ascii	"CYBLE_EVT_HPSS_NOTIFICATION_ENABLED\000"
 5870      455F4556 
 5870      545F4850 
 5870      53535F4E 
 5870      4F544946 
 5871              	.LASF459:
 5872 1057 4359424C 		.ascii	"CYBLE_EVT_SCPSS_NOTIFICATION_ENABLED\000"
 5872      455F4556 
 5872      545F5343 
 5872      5053535F 
 5872      4E4F5449 
 5873              	.LASF402:
 5874 107c 4359424C 		.ascii	"CYBLE_EVT_IPSC_READ_CHAR_RESPONSE\000"
 5874      455F4556 
 5874      545F4950 
 5874      53435F52 
 5874      4541445F 
ARM GAS  C:\Users\alexport\AppData\Local\Temp\ccKIFySF.s 			page 128


 5875              	.LASF79:
 5876 109e 4359424C 		.ascii	"CYBLE_EVT_L2CAP_CBFC_DISCONN_CNF\000"
 5876      455F4556 
 5876      545F4C32 
 5876      4341505F 
 5876      43424643 
 5877              	.LASF56:
 5878 10bf 4359424C 		.ascii	"CYBLE_EVT_GATTC_FIND_BY_TYPE_VALUE_RSP\000"
 5878      455F4556 
 5878      545F4741 
 5878      5454435F 
 5878      46494E44 
 5879              	.LASF244:
 5880 10e6 4359424C 		.ascii	"CYBLE_EVT_ANCSS_NOTIFICATION_ENABLED\000"
 5880      455F4556 
 5880      545F414E 
 5880      4353535F 
 5880      4E4F5449 
 5881              	.LASF40:
 5882 110b 4359424C 		.ascii	"CYBLE_EVT_GAP_DATA_LENGTH_CHANGE\000"
 5882      455F4556 
 5882      545F4741 
 5882      505F4441 
 5882      54415F4C 
 5883              	.LASF464:
 5884 112c 4359424C 		.ascii	"CYBLE_EVT_SCPSC_WRITE_DESCR_RESPONSE\000"
 5884      455F4556 
 5884      545F5343 
 5884      5053435F 
 5884      57524954 
 5885              	.LASF14:
 5886 1151 63686172 		.ascii	"char\000"
 5886      00
 5887              	.LASF179:
 5888 1156 6D617841 		.ascii	"maxAttrLength\000"
 5888      7474724C 
 5888      656E6774 
 5888      6800
 5889              	.LASF467:
 5890 1164 4359424C 		.ascii	"CYBLE_EVT_TPSC_NOTIFICATION\000"
 5890      455F4556 
 5890      545F5450 
 5890      53435F4E 
 5890      4F544946 
 5891              	.LASF226:
 5892 1180 4359424C 		.ascii	"CYBLE_EVT_GATTC_INCL_DISCOVERY_COMPLETE\000"
 5892      455F4556 
 5892      545F4741 
 5892      5454435F 
 5892      494E434C 
 5893              	.LASF433:
 5894 11a8 4359424C 		.ascii	"CYBLE_EVT_PLXSS_NOTIFICATION_ENABLED\000"
 5894      455F4556 
 5894      545F504C 
 5894      5853535F 
 5894      4E4F5449 
 5895              	.LASF59:
ARM GAS  C:\Users\alexport\AppData\Local\Temp\ccKIFySF.s 			page 129


 5896 11cd 4359424C 		.ascii	"CYBLE_EVT_GATTC_READ_MULTI_RSP\000"
 5896      455F4556 
 5896      545F4741 
 5896      5454435F 
 5896      52454144 
 5897              	.LASF243:
 5898 11ec 4359424C 		.ascii	"CYBLE_EVT_AIOSC_ERROR_RESPONSE\000"
 5898      455F4556 
 5898      545F4149 
 5898      4F53435F 
 5898      4552524F 
 5899              	.LASF238:
 5900 120b 4359424C 		.ascii	"CYBLE_EVT_AIOSC_INDICATION\000"
 5900      455F4556 
 5900      545F4149 
 5900      4F53435F 
 5900      494E4449 
 5901              	.LASF17:
 5902 1226 4359424C 		.ascii	"CYBLE_EVT_HOST_INVALID\000"
 5902      455F4556 
 5902      545F484F 
 5902      53545F49 
 5902      4E56414C 
 5903              	.LASF138:
 5904 123d 4359424C 		.ascii	"CYBLE_GATT_ERR_UNLIKELY_ERROR\000"
 5904      455F4741 
 5904      54545F45 
 5904      52525F55 
 5904      4E4C494B 
 5905              	.LASF42:
 5906 125b 4359424C 		.ascii	"CYBLE_EVT_GAPC_DIRECT_ADV_REPORT\000"
 5906      455F4556 
 5906      545F4741 
 5906      50435F44 
 5906      49524543 
 5907              	.LASF358:
 5908 127c 4359424C 		.ascii	"CYBLE_EVT_GLSC_READ_DESCR_RESPONSE\000"
 5908      455F4556 
 5908      545F474C 
 5908      53435F52 
 5908      4541445F 
 5909              	.LASF96:
 5910 129f 4359424C 		.ascii	"CYBLE_ERROR_NO_DEVICE_ENTITY\000"
 5910      455F4552 
 5910      524F525F 
 5910      4E4F5F44 
 5910      45564943 
 5911              	.LASF58:
 5912 12bc 4359424C 		.ascii	"CYBLE_EVT_GATTC_READ_BLOB_RSP\000"
 5912      455F4556 
 5912      545F4741 
 5912      5454435F 
 5912      52454144 
 5913              	.LASF391:
 5914 12da 4359424C 		.ascii	"CYBLE_EVT_HTSS_INDICATION_DISABLED\000"
 5914      455F4556 
 5914      545F4854 
ARM GAS  C:\Users\alexport\AppData\Local\Temp\ccKIFySF.s 			page 130


 5914      53535F49 
 5914      4E444943 
 5915              	.LASF458:
 5916 12fd 4359424C 		.ascii	"CYBLE_EVT_RTUSC_READ_CHAR_RESPONSE\000"
 5916      455F4556 
 5916      545F5254 
 5916      5553435F 
 5916      52454144 
 5917              	.LASF65:
 5918 1320 4359424C 		.ascii	"CYBLE_EVT_GATTC_EXEC_WRITE_RSP\000"
 5918      455F4556 
 5918      545F4741 
 5918      5454435F 
 5918      45584543 
 5919              	.LASF143:
 5920 133f 4359424C 		.ascii	"CYBLE_GATT_ERR_HEART_RATE_CONTROL_POINT_NOT_SUPPORT"
 5920      455F4741 
 5920      54545F45 
 5920      52525F48 
 5920      45415254 
 5921 1372 454400   		.ascii	"ED\000"
 5922              	.LASF499:
 5923 1375 4359424C 		.ascii	"CYBLE_EVT_WSSS_INDICATION_CONFIRMED\000"
 5923      455F4556 
 5923      545F5753 
 5923      53535F49 
 5923      4E444943 
 5924              	.LASF135:
 5925 1399 4359424C 		.ascii	"CYBLE_GATT_ERR_ATTRIBUTE_NOT_LONG\000"
 5925      455F4741 
 5925      54545F45 
 5925      52525F41 
 5925      54545249 
 5926              	.LASF332:
 5927 13bb 4359424C 		.ascii	"CYBLE_EVT_CTSC_WRITE_DESCR_RESPONSE\000"
 5927      455F4556 
 5927      545F4354 
 5927      53435F57 
 5927      52495445 
 5928              	.LASF472:
 5929 13df 4359424C 		.ascii	"CYBLE_EVT_UDSS_INDICATION_DISABLED\000"
 5929      455F4556 
 5929      545F5544 
 5929      53535F49 
 5929      4E444943 
 5930              	.LASF206:
 5931 1402 4359424C 		.ascii	"CYBLE_DIS_SOFTWARE_REV\000"
 5931      455F4449 
 5931      535F534F 
 5931      46545741 
 5931      52455F52 
 5932              	.LASF70:
 5933 1419 4359424C 		.ascii	"CYBLE_EVT_GATTC_STOP_CMD_COMPLETE\000"
 5933      455F4556 
 5933      545F4741 
 5933      5454435F 
 5933      53544F50 
ARM GAS  C:\Users\alexport\AppData\Local\Temp\ccKIFySF.s 			page 131


 5934              	.LASF306:
 5935 143b 4359424C 		.ascii	"CYBLE_EVT_CPSS_CHAR_WRITE\000"
 5935      455F4556 
 5935      545F4350 
 5935      53535F43 
 5935      4841525F 
 5936              	.LASF380:
 5937 1455 4359424C 		.ascii	"CYBLE_EVT_HRSS_ENERGY_EXPENDED_RESET\000"
 5937      455F4556 
 5937      545F4852 
 5937      53535F45 
 5937      4E455247 
 5938              	.LASF159:
 5939 147a 4359424C 		.ascii	"CYBLE_GATT_ERR_ANCS_ACTION_FAILED\000"
 5939      455F4741 
 5939      54545F45 
 5939      52525F41 
 5939      4E43535F 
 5940              	.LASF202:
 5941 149c 4359424C 		.ascii	"CYBLE_DIS_MODEL_NUMBER\000"
 5941      455F4449 
 5941      535F4D4F 
 5941      44454C5F 
 5941      4E554D42 
 5942              	.LASF336:
 5943 14b3 4359424C 		.ascii	"CYBLE_EVT_ESSS_NOTIFICATION_DISABLED\000"
 5943      455F4556 
 5943      545F4553 
 5943      53535F4E 
 5943      4F544946 
 5944              	.LASF190:
 5945 14d8 4359424C 		.ascii	"CYBLE_GATTS_DB_T\000"
 5945      455F4741 
 5945      5454535F 
 5945      44425F54 
 5945      00
 5946              	.LASF486:
 5947 14e9 4359424C 		.ascii	"CYBLE_EVT_WPTSS_NOTIFICATION_DISABLED\000"
 5947      455F4556 
 5947      545F5750 
 5947      5453535F 
 5947      4E4F5449 
 5948              	.LASF276:
 5949 150f 4359424C 		.ascii	"CYBLE_EVT_BLSS_NOTIFICATION_ENABLED\000"
 5949      455F4556 
 5949      545F424C 
 5949      53535F4E 
 5949      4F544946 
 5950              	.LASF207:
 5951 1533 4359424C 		.ascii	"CYBLE_DIS_SYSTEM_ID\000"
 5951      455F4449 
 5951      535F5359 
 5951      5354454D 
 5951      5F494400 
 5952              	.LASF378:
 5953 1547 4359424C 		.ascii	"CYBLE_EVT_HPSC_WRITE_DESCR_RESPONSE\000"
 5953      455F4556 
ARM GAS  C:\Users\alexport\AppData\Local\Temp\ccKIFySF.s 			page 132


 5953      545F4850 
 5953      53435F57 
 5953      52495445 
 5954              	.LASF500:
 5955 156b 4359424C 		.ascii	"CYBLE_EVT_WSSC_INDICATION\000"
 5955      455F4556 
 5955      545F5753 
 5955      53435F49 
 5955      4E444943 
 5956              	.LASF116:
 5957 1585 4359424C 		.ascii	"CYBLE_ERROR_CONTROLLER_BUSY\000"
 5957      455F4552 
 5957      524F525F 
 5957      434F4E54 
 5957      524F4C4C 
 5958              	.LASF222:
 5959 15a1 4359424C 		.ascii	"CYBLE_EVT_GATTC_SRVC_DUPLICATION\000"
 5959      455F4556 
 5959      545F4741 
 5959      5454435F 
 5959      53525643 
 5960              	.LASF90:
 5961 15c2 4359424C 		.ascii	"CYBLE_ERROR_INVALID_PARAMETER\000"
 5961      455F4552 
 5961      524F525F 
 5961      494E5641 
 5961      4C49445F 
 5962              	.LASF343:
 5963 15e0 4359424C 		.ascii	"CYBLE_EVT_ESSC_INDICATION\000"
 5963      455F4556 
 5963      545F4553 
 5963      53435F49 
 5963      4E444943 
 5964              	.LASF250:
 5965 15fa 4359424C 		.ascii	"CYBLE_EVT_ANCSC_WRITE_DESCR_RESPONSE\000"
 5965      455F4556 
 5965      545F414E 
 5965      4353435F 
 5965      57524954 
 5966              	.LASF470:
 5967 161f 4359424C 		.ascii	"CYBLE_EVT_TPSC_WRITE_DESCR_RESPONSE\000"
 5967      455F4556 
 5967      545F5450 
 5967      53435F57 
 5967      52495445 
 5968              	.LASF454:
 5969 1643 4359424C 		.ascii	"CYBLE_EVT_RSCSC_WRITE_CHAR_RESPONSE\000"
 5969      455F4556 
 5969      545F5253 
 5969      4353435F 
 5969      57524954 
 5970              	.LASF199:
 5971 1667 626F756E 		.ascii	"boundedDevCount\000"
 5971      64656444 
 5971      6576436F 
 5971      756E7400 
 5972              	.LASF315:
ARM GAS  C:\Users\alexport\AppData\Local\Temp\ccKIFySF.s 			page 133


 5973 1677 4359424C 		.ascii	"CYBLE_EVT_CSCSS_NOTIFICATION_DISABLED\000"
 5973      455F4556 
 5973      545F4353 
 5973      4353535F 
 5973      4E4F5449 
 5974              	.LASF326:
 5975 169d 4359424C 		.ascii	"CYBLE_EVT_CTSS_NOTIFICATION_ENABLED\000"
 5975      455F4556 
 5975      545F4354 
 5975      53535F4E 
 5975      4F544946 
 5976              	.LASF448:
 5977 16c1 4359424C 		.ascii	"CYBLE_EVT_RSCSS_INDICATION_DISABLED\000"
 5977      455F4556 
 5977      545F5253 
 5977      4353535F 
 5977      494E4449 
 5978              	.LASF512:
 5979 16e5 4379426C 		.ascii	"CyBle_GattsWriteEventHandler\000"
 5979      655F4761 
 5979      74747357 
 5979      72697465 
 5979      4576656E 
 5980              	.LASF490:
 5981 1702 4359424C 		.ascii	"CYBLE_EVT_WPTSS_WRITE_CHAR\000"
 5981      455F4556 
 5981      545F5750 
 5981      5453535F 
 5981      57524954 
 5982              	.LASF409:
 5983 171d 4359424C 		.ascii	"CYBLE_EVT_LLSS_WRITE_CHAR_REQ\000"
 5983      455F4556 
 5983      545F4C4C 
 5983      53535F57 
 5983      52495445 
 5984              	.LASF92:
 5985 173b 4359424C 		.ascii	"CYBLE_ERROR_MEMORY_ALLOCATION_FAILED\000"
 5985      455F4552 
 5985      524F525F 
 5985      4D454D4F 
 5985      52595F41 
 5986              	.LASF386:
 5987 1760 4359424C 		.ascii	"CYBLE_EVT_HRSC_READ_DESCR_RESPONSE\000"
 5987      455F4556 
 5987      545F4852 
 5987      53435F52 
 5987      4541445F 
 5988              	.LASF314:
 5989 1783 4359424C 		.ascii	"CYBLE_EVT_CSCSS_NOTIFICATION_ENABLED\000"
 5989      455F4556 
 5989      545F4353 
 5989      4353535F 
 5989      4E4F5449 
 5990              	.LASF197:
 5991 17a8 61747456 		.ascii	"attValuesCCCDFlashMemory\000"
 5991      616C7565 
 5991      73434343 
ARM GAS  C:\Users\alexport\AppData\Local\Temp\ccKIFySF.s 			page 134


 5991      44466C61 
 5991      73684D65 
 5992              	.LASF278:
 5993 17c1 4359424C 		.ascii	"CYBLE_EVT_BLSC_INDICATION\000"
 5993      455F4556 
 5993      545F424C 
 5993      53435F49 
 5993      4E444943 
 5994              	.LASF374:
 5995 17db 4359424C 		.ascii	"CYBLE_EVT_HPSS_CHAR_WRITE\000"
 5995      455F4556 
 5995      545F4850 
 5995      53535F43 
 5995      4841525F 
 5996              	.LASF366:
 5997 17f5 4359424C 		.ascii	"CYBLE_EVT_HIDSS_REPORT_CHAR_WRITE\000"
 5997      455F4556 
 5997      545F4849 
 5997      4453535F 
 5997      5245504F 
 5998              	.LASF266:
 5999 1817 4359424C 		.ascii	"CYBLE_EVT_BCSS_INDICATION_ENABLED\000"
 5999      455F4556 
 5999      545F4243 
 5999      53535F49 
 5999      4E444943 
 6000              	.LASF150:
 6001 1839 4359424C 		.ascii	"CYBLE_GATTS_ERR_CCCD_IMPROPERLY_CONFIGURED\000"
 6001      455F4741 
 6001      5454535F 
 6001      4552525F 
 6001      43434344 
 6002              	.LASF494:
 6003 1864 4359424C 		.ascii	"CYBLE_EVT_WPTSC_READ_CHAR_RESPONSE\000"
 6003      455F4556 
 6003      545F5750 
 6003      5453435F 
 6003      52454144 
 6004              	.LASF117:
 6005 1887 4359424C 		.ascii	"CYBLE_ERROR_MAX\000"
 6005      455F4552 
 6005      524F525F 
 6005      4D415800 
 6006              	.LASF421:
 6007 1897 4359424C 		.ascii	"CYBLE_EVT_LNSC_WRITE_CHAR_RESPONSE\000"
 6007      455F4556 
 6007      545F4C4E 
 6007      53435F57 
 6007      52495445 
 6008              	.LASF74:
 6009 18ba 4359424C 		.ascii	"CYBLE_EVT_L2CAP_CONN_PARAM_UPDATE_RSP\000"
 6009      455F4556 
 6009      545F4C32 
 6009      4341505F 
 6009      434F4E4E 
 6010              	.LASF86:
 6011 18e0 4359424C 		.ascii	"CYBLE_EVT_HCI_PKT\000"
ARM GAS  C:\Users\alexport\AppData\Local\Temp\ccKIFySF.s 			page 135


 6011      455F4556 
 6011      545F4843 
 6011      495F504B 
 6011      5400
 6012              	.LASF475:
 6013 18f2 4359424C 		.ascii	"CYBLE_EVT_UDSS_NOTIFICATION_DISABLED\000"
 6013      455F4556 
 6013      545F5544 
 6013      53535F4E 
 6013      4F544946 
 6014              	.LASF196:
 6015 1917 73746163 		.ascii	"stackFlashptr\000"
 6015      6B466C61 
 6015      73687074 
 6015      7200
 6016              	.LASF524:
 6017 1925 474E5520 		.ascii	"GNU C11 5.4.1 20160609 (release) [ARM/embedded-5-br"
 6017      43313120 
 6017      352E342E 
 6017      31203230 
 6017      31363036 
 6018 1958 616E6368 		.ascii	"anch revision 237715] -mcpu=cortex-m0 -mthumb -g -O"
 6018      20726576 
 6018      6973696F 
 6018      6E203233 
 6018      37373135 
 6019 198b 30202D66 		.ascii	"0 -ffunction-sections -ffat-lto-objects\000"
 6019      66756E63 
 6019      74696F6E 
 6019      2D736563 
 6019      74696F6E 
 6020              	.LASF477:
 6021 19b3 4359424C 		.ascii	"CYBLE_EVT_UDSS_WRITE_CHAR\000"
 6021      455F4556 
 6021      545F5544 
 6021      53535F57 
 6021      52495445 
 6022              	.LASF440:
 6023 19cd 4359424C 		.ascii	"CYBLE_EVT_PLXSC_READ_CHAR_RESPONSE\000"
 6023      455F4556 
 6023      545F504C 
 6023      5853435F 
 6023      52454144 
 6024              	.LASF241:
 6025 19f0 4359424C 		.ascii	"CYBLE_EVT_AIOSC_READ_DESCR_RESPONSE\000"
 6025      455F4556 
 6025      545F4149 
 6025      4F53435F 
 6025      52454144 
 6026              	.LASF381:
 6027 1a14 4359424C 		.ascii	"CYBLE_EVT_HRSS_NOTIFICATION_ENABLED\000"
 6027      455F4556 
 6027      545F4852 
 6027      53535F4E 
 6027      4F544946 
 6028              	.LASF144:
 6029 1a38 4359424C 		.ascii	"CYBLE_GATT_ERR_USER_DATA_ACCESS_NOT_PERMITTED\000"
ARM GAS  C:\Users\alexport\AppData\Local\Temp\ccKIFySF.s 			page 136


 6029      455F4741 
 6029      54545F45 
 6029      52525F55 
 6029      5345525F 
 6030              	.LASF28:
 6031 1a66 4359424C 		.ascii	"CYBLE_EVT_GAP_AUTH_COMPLETE\000"
 6031      455F4556 
 6031      545F4741 
 6031      505F4155 
 6031      54485F43 
 6032              	.LASF408:
 6033 1a82 4359424C 		.ascii	"CYBLE_EVT_IPSC_READ_BLOB_RSP\000"
 6033      455F4556 
 6033      545F4950 
 6033      53435F52 
 6033      4541445F 
 6034              	.LASF430:
 6035 1a9f 4359424C 		.ascii	"CYBLE_EVT_PASSC_READ_DESCR_RESPONSE\000"
 6035      455F4556 
 6035      545F5041 
 6035      5353435F 
 6035      52454144 
 6036              	.LASF346:
 6037 1ac3 4359424C 		.ascii	"CYBLE_EVT_ESSC_READ_DESCR_RESPONSE\000"
 6037      455F4556 
 6037      545F4553 
 6037      53435F52 
 6037      4541445F 
 6038              	.LASF29:
 6039 1ae6 4359424C 		.ascii	"CYBLE_EVT_GAP_AUTH_FAILED\000"
 6039      455F4556 
 6039      545F4741 
 6039      505F4155 
 6039      54485F46 
 6040              	.LASF365:
 6041 1b00 4359424C 		.ascii	"CYBLE_EVT_HIDSS_EXIT_SUSPEND\000"
 6041      455F4556 
 6041      545F4849 
 6041      4453535F 
 6041      45584954 
 6042              	.LASF122:
 6043 1b1d 4359424C 		.ascii	"CYBLE_ERROR_STACK_BUSY\000"
 6043      455F4552 
 6043      524F525F 
 6043      53544143 
 6043      4B5F4255 
 6044              	.LASF160:
 6045 1b34 4359424C 		.ascii	"CYBLE_GATT_ERR_CCCD_IMPROPERLY_CONFIGURED\000"
 6045      455F4741 
 6045      54545F45 
 6045      52525F43 
 6045      4343445F 
 6046              	.LASF93:
 6047 1b5e 4359424C 		.ascii	"CYBLE_ERROR_INSUFFICIENT_RESOURCES\000"
 6047      455F4552 
 6047      524F525F 
 6047      494E5355 
ARM GAS  C:\Users\alexport\AppData\Local\Temp\ccKIFySF.s 			page 137


 6047      46464943 
 6048              	.LASF446:
 6049 1b81 4359424C 		.ascii	"CYBLE_EVT_RSCSS_NOTIFICATION_DISABLED\000"
 6049      455F4556 
 6049      545F5253 
 6049      4353535F 
 6049      4E4F5449 
 6050              	.LASF148:
 6051 1ba7 4359424C 		.ascii	"CYBLE_GATT_ERR_OP_CODE_NOT_SUPPORTED\000"
 6051      455F4741 
 6051      54545F45 
 6051      52525F4F 
 6051      505F434F 
 6052              	.LASF369:
 6053 1bcc 4359424C 		.ascii	"CYBLE_EVT_HIDSC_WRITE_CHAR_RESPONSE\000"
 6053      455F4556 
 6053      545F4849 
 6053      4453435F 
 6053      57524954 
 6054              	.LASF5:
 6055 1bf0 6C6F6E67 		.ascii	"long unsigned int\000"
 6055      20756E73 
 6055      69676E65 
 6055      6420696E 
 6055      7400
 6056              	.LASF405:
 6057 1c02 4359424C 		.ascii	"CYBLE_EVT_IPSC_READ_DESCR_RESPONSE\000"
 6057      455F4556 
 6057      545F4950 
 6057      53435F52 
 6057      4541445F 
 6058              	.LASF400:
 6059 1c25 4359424C 		.ascii	"CYBLE_EVT_IASS_WRITE_CHAR_CMD\000"
 6059      455F4556 
 6059      545F4941 
 6059      53535F57 
 6059      52495445 
 6060              	.LASF425:
 6061 1c43 4359424C 		.ascii	"CYBLE_EVT_PASSS_NOTIFICATION_ENABLED\000"
 6061      455F4556 
 6061      545F5041 
 6061      5353535F 
 6061      4E4F5449 
 6062              	.LASF428:
 6063 1c68 4359424C 		.ascii	"CYBLE_EVT_PASSC_NOTIFICATION\000"
 6063      455F4556 
 6063      545F5041 
 6063      5353435F 
 6063      4E4F5449 
 6064              	.LASF113:
 6065 1c85 4359424C 		.ascii	"CYBLE_ERROR_UNSUPPORTED_FEATURE_OR_PARAMETER_VALUE\000"
 6065      455F4552 
 6065      524F525F 
 6065      554E5355 
 6065      50504F52 
 6066              	.LASF487:
 6067 1cb8 4359424C 		.ascii	"CYBLE_EVT_WPTSS_INDICATION_ENABLED\000"
ARM GAS  C:\Users\alexport\AppData\Local\Temp\ccKIFySF.s 			page 138


 6067      455F4556 
 6067      545F5750 
 6067      5453535F 
 6067      494E4449 
 6068              	.LASF434:
 6069 1cdb 4359424C 		.ascii	"CYBLE_EVT_PLXSS_NOTIFICATION_DISABLED\000"
 6069      455F4556 
 6069      545F504C 
 6069      5853535F 
 6069      4E4F5449 
 6070              	.LASF256:
 6071 1d01 4359424C 		.ascii	"CYBLE_EVT_ANSC_READ_CHAR_RESPONSE\000"
 6071      455F4556 
 6071      545F414E 
 6071      53435F52 
 6071      4541445F 
 6072              	.LASF103:
 6073 1d23 4359424C 		.ascii	"CYBLE_ERROR_L2CAP_PSM_ALREADY_REGISTERED\000"
 6073      455F4552 
 6073      524F525F 
 6073      4C324341 
 6073      505F5053 
 6074              	.LASF393:
 6075 1d4c 4359424C 		.ascii	"CYBLE_EVT_HTSS_CHAR_WRITE\000"
 6075      455F4556 
 6075      545F4854 
 6075      53535F43 
 6075      4841525F 
 6076              	.LASF183:
 6077 1d66 61747456 		.ascii	"attValueUuid\000"
 6077      616C7565 
 6077      55756964 
 6077      00
 6078              	.LASF156:
 6079 1d73 4359424C 		.ascii	"CYBLE_GATT_ERR_ANCS_UNKNOWN_COMMAND\000"
 6079      455F4741 
 6079      54545F45 
 6079      52525F41 
 6079      4E43535F 
 6080              	.LASF260:
 6081 1d97 4359424C 		.ascii	"CYBLE_EVT_BASS_NOTIFICATION_ENABLED\000"
 6081      455F4556 
 6081      545F4241 
 6081      53535F4E 
 6081      4F544946 
 6082              	.LASF333:
 6083 1dbb 4359424C 		.ascii	"CYBLE_EVT_CTSC_WRITE_CHAR_RESPONSE\000"
 6083      455F4556 
 6083      545F4354 
 6083      53435F57 
 6083      52495445 
 6084              	.LASF427:
 6085 1dde 4359424C 		.ascii	"CYBLE_EVT_PASSS_WRITE_CHAR\000"
 6085      455F4556 
 6085      545F5041 
 6085      5353535F 
 6085      57524954 
ARM GAS  C:\Users\alexport\AppData\Local\Temp\ccKIFySF.s 			page 139


 6086              	.LASF310:
 6087 1df9 4359424C 		.ascii	"CYBLE_EVT_CPSC_WRITE_CHAR_RESPONSE\000"
 6087      455F4556 
 6087      545F4350 
 6087      53435F57 
 6087      52495445 
 6088              	.LASF203:
 6089 1e1c 4359424C 		.ascii	"CYBLE_DIS_SERIAL_NUMBER\000"
 6089      455F4449 
 6089      535F5345 
 6089      5249414C 
 6089      5F4E554D 
 6090              	.LASF34:
 6091 1e34 4359424C 		.ascii	"CYBLE_EVT_GAP_CONNECTION_UPDATE_COMPLETE\000"
 6091      455F4556 
 6091      545F4741 
 6091      505F434F 
 6091      4E4E4543 
 6092              	.LASF295:
 6093 1e5d 4359424C 		.ascii	"CYBLE_EVT_CGMSC_READ_CHAR_RESPONSE\000"
 6093      455F4556 
 6093      545F4347 
 6093      4D53435F 
 6093      52454144 
 6094              	.LASF506:
 6095 1e80 4359424C 		.ascii	"CYBLE_STATE_INITIALIZING\000"
 6095      455F5354 
 6095      4154455F 
 6095      494E4954 
 6095      49414C49 
 6096              	.LASF521:
 6097 1e99 6379426C 		.ascii	"cyBle_attValuesLen\000"
 6097      655F6174 
 6097      7456616C 
 6097      7565734C 
 6097      656E00
 6098              	.LASF323:
 6099 1eac 4359424C 		.ascii	"CYBLE_EVT_CSCSC_WRITE_CHAR_RESPONSE\000"
 6099      455F4556 
 6099      545F4353 
 6099      4353435F 
 6099      57524954 
 6100              	.LASF78:
 6101 1ed0 4359424C 		.ascii	"CYBLE_EVT_L2CAP_CBFC_DISCONN_IND\000"
 6101      455F4556 
 6101      545F4C32 
 6101      4341505F 
 6101      43424643 
 6102              	.LASF515:
 6103 1ef1 6379426C 		.ascii	"cyBle_attValues\000"
 6103      655F6174 
 6103      7456616C 
 6103      75657300 
 6104              	.LASF319:
 6105 1f01 4359424C 		.ascii	"CYBLE_EVT_CSCSS_CHAR_WRITE\000"
 6105      455F4556 
 6105      545F4353 
ARM GAS  C:\Users\alexport\AppData\Local\Temp\ccKIFySF.s 			page 140


 6105      4353535F 
 6105      43484152 
 6106              	.LASF195:
 6107 1f1c 4359424C 		.ascii	"CYBLE_GATTS_T\000"
 6107      455F4741 
 6107      5454535F 
 6107      5400
 6108              	.LASF436:
 6109 1f2a 4359424C 		.ascii	"CYBLE_EVT_PLXSS_INDICATION_DISABLED\000"
 6109      455F4556 
 6109      545F504C 
 6109      5853535F 
 6109      494E4449 
 6110              	.LASF453:
 6111 1f4e 4359424C 		.ascii	"CYBLE_EVT_RSCSC_READ_CHAR_RESPONSE\000"
 6111      455F4556 
 6111      545F5253 
 6111      4353435F 
 6111      52454144 
 6112              	.LASF26:
 6113 1f71 4359424C 		.ascii	"CYBLE_EVT_GAP_PASSKEY_ENTRY_REQUEST\000"
 6113      455F4556 
 6113      545F4741 
 6113      505F5041 
 6113      53534B45 
 6114              	.LASF200:
 6115 1f95 43595F42 		.ascii	"CY_BLE_FLASH_STORAGE\000"
 6115      4C455F46 
 6115      4C415348 
 6115      5F53544F 
 6115      52414745 
 6116              	.LASF304:
 6117 1faa 4359424C 		.ascii	"CYBLE_EVT_CPSS_BROADCAST_ENABLED\000"
 6117      455F4556 
 6117      545F4350 
 6117      53535F42 
 6117      524F4144 
 6118              	.LASF522:
 6119 1fcb 6379426C 		.ascii	"cyBle_flashStorage\000"
 6119      655F666C 
 6119      61736853 
 6119      746F7261 
 6119      676500
 6120              	.LASF406:
 6121 1fde 4359424C 		.ascii	"CYBLE_EVT_IPSC_WRITE_DESCR_RESPONSE\000"
 6121      455F4556 
 6121      545F4950 
 6121      53435F57 
 6121      52495445 
 6122              	.LASF356:
 6123 2002 4359424C 		.ascii	"CYBLE_EVT_GLSC_READ_CHAR_RESPONSE\000"
 6123      455F4556 
 6123      545F474C 
 6123      53435F52 
 6123      4541445F 
 6124              	.LASF443:
 6125 2024 4359424C 		.ascii	"CYBLE_EVT_PLXSC_WRITE_DESCR_RESPONSE\000"
ARM GAS  C:\Users\alexport\AppData\Local\Temp\ccKIFySF.s 			page 141


 6125      455F4556 
 6125      545F504C 
 6125      5853435F 
 6125      57524954 
 6126              	.LASF394:
 6127 2049 4359424C 		.ascii	"CYBLE_EVT_HTSC_NOTIFICATION\000"
 6127      455F4556 
 6127      545F4854 
 6127      53435F4E 
 6127      4F544946 
 6128              	.LASF6:
 6129 2065 6C6F6E67 		.ascii	"long long int\000"
 6129      206C6F6E 
 6129      6720696E 
 6129      7400
 6130              	.LASF468:
 6131 2073 4359424C 		.ascii	"CYBLE_EVT_TPSC_READ_CHAR_RESPONSE\000"
 6131      455F4556 
 6131      545F5450 
 6131      53435F52 
 6131      4541445F 
 6132              	.LASF209:
 6133 2095 4359424C 		.ascii	"CYBLE_DIS_PNP_ID\000"
 6133      455F4449 
 6133      535F504E 
 6133      505F4944 
 6133      00
 6134              	.LASF223:
 6135 20a6 4359424C 		.ascii	"CYBLE_EVT_GATTC_CHAR_DUPLICATION\000"
 6135      455F4556 
 6135      545F4741 
 6135      5454435F 
 6135      43484152 
 6136              	.LASF351:
 6137 20c7 4359424C 		.ascii	"CYBLE_EVT_GLSS_NOTIFICATION_ENABLED\000"
 6137      455F4556 
 6137      545F474C 
 6137      53535F4E 
 6137      4F544946 
 6138              	.LASF133:
 6139 20eb 4359424C 		.ascii	"CYBLE_GATT_ERR_PREPARE_WRITE_QUEUE_FULL\000"
 6139      455F4741 
 6139      54545F45 
 6139      52525F50 
 6139      52455041 
 6140              	.LASF376:
 6141 2113 4359424C 		.ascii	"CYBLE_EVT_HPSC_READ_CHAR_RESPONSE\000"
 6141      455F4556 
 6141      545F4850 
 6141      53435F52 
 6141      4541445F 
 6142              	.LASF104:
 6143 2135 4359424C 		.ascii	"CYBLE_ERROR_L2CAP_PSM_NOT_REGISTERED\000"
 6143      455F4552 
 6143      524F525F 
 6143      4C324341 
 6143      505F5053 
ARM GAS  C:\Users\alexport\AppData\Local\Temp\ccKIFySF.s 			page 142


 6144              	.LASF94:
 6145 215a 4359424C 		.ascii	"CYBLE_ERROR_OOB_NOT_AVAILABLE\000"
 6145      455F4552 
 6145      524F525F 
 6145      4F4F425F 
 6145      4E4F545F 
 6146              	.LASF287:
 6147 2178 4359424C 		.ascii	"CYBLE_EVT_CGMSS_INDICATION_ENABLED\000"
 6147      455F4556 
 6147      545F4347 
 6147      4D53535F 
 6147      494E4449 
 6148              	.LASF13:
 6149 219b 646F7562 		.ascii	"double\000"
 6149      6C6500
 6150              	.LASF109:
 6151 21a2 4359424C 		.ascii	"CYBLE_ERROR_DEVICE_ALREADY_EXISTS\000"
 6151      455F4552 
 6151      524F525F 
 6151      44455649 
 6151      43455F41 
 6152              	.LASF338:
 6153 21c4 4359424C 		.ascii	"CYBLE_EVT_ESSS_INDICATION_DISABLED\000"
 6153      455F4556 
 6153      545F4553 
 6153      53535F49 
 6153      4E444943 
 6154              	.LASF84:
 6155 21e7 4359424C 		.ascii	"CYBLE_EVT_PENDING_FLASH_WRITE\000"
 6155      455F4556 
 6155      545F5045 
 6155      4E44494E 
 6155      475F464C 
 6156              	.LASF136:
 6157 2205 4359424C 		.ascii	"CYBLE_GATT_ERR_INSUFFICIENT_ENC_KEY_SIZE\000"
 6157      455F4741 
 6157      54545F45 
 6157      52525F49 
 6157      4E535546 
 6158              	.LASF485:
 6159 222e 4359424C 		.ascii	"CYBLE_EVT_WPTSS_NOTIFICATION_ENABLED\000"
 6159      455F4556 
 6159      545F5750 
 6159      5453535F 
 6159      4E4F5449 
 6160              	.LASF161:
 6161 2253 4359424C 		.ascii	"CYBLE_GATT_ERR_PROCEDURE_ALREADY_IN_PROGRESS\000"
 6161      455F4741 
 6161      54545F45 
 6161      52525F50 
 6161      524F4345 
 6162              	.LASF423:
 6163 2280 4359424C 		.ascii	"CYBLE_EVT_LNSC_WRITE_DESCR_RESPONSE\000"
 6163      455F4556 
 6163      545F4C4E 
 6163      53435F57 
 6163      52495445 
ARM GAS  C:\Users\alexport\AppData\Local\Temp\ccKIFySF.s 			page 143


 6164              	.LASF41:
 6165 22a4 4359424C 		.ascii	"CYBLE_EVT_GAP_ENHANCE_CONN_COMPLETE\000"
 6165      455F4556 
 6165      545F4741 
 6165      505F454E 
 6165      48414E43 
 6166              	.LASF410:
 6167 22c8 4359424C 		.ascii	"CYBLE_EVT_LLSC_READ_CHAR_RESPONSE\000"
 6167      455F4556 
 6167      545F4C4C 
 6167      53435F52 
 6167      4541445F 
 6168              	.LASF318:
 6169 22ea 4359424C 		.ascii	"CYBLE_EVT_CSCSS_INDICATION_CONFIRMATION\000"
 6169      455F4556 
 6169      545F4353 
 6169      4353535F 
 6169      494E4449 
 6170              	.LASF106:
 6171 2312 4359424C 		.ascii	"CYBLE_ERROR_L2CAP_CHANNEL_NOT_FOUND\000"
 6171      455F4552 
 6171      524F525F 
 6171      4C324341 
 6171      505F4348 
 6172              	.LASF519:
 6173 2336 6379426C 		.ascii	"cyBle_gattDB\000"
 6173      655F6761 
 6173      74744442 
 6173      00
 6174              	.LASF97:
 6175 2343 4359424C 		.ascii	"CYBLE_ERROR_REPEATED_ATTEMPTS\000"
 6175      455F4552 
 6175      524F525F 
 6175      52455045 
 6175      41544544 
 6176              	.LASF341:
 6177 2361 4359424C 		.ascii	"CYBLE_EVT_ESSS_DESCR_WRITE\000"
 6177      455F4556 
 6177      545F4553 
 6177      53535F44 
 6177      45534352 
 6178              	.LASF337:
 6179 237c 4359424C 		.ascii	"CYBLE_EVT_ESSS_INDICATION_ENABLED\000"
 6179      455F4556 
 6179      545F4553 
 6179      53535F49 
 6179      4E444943 
 6180              	.LASF12:
 6181 239e 666C6F61 		.ascii	"float\000"
 6181      7400
 6182              	.LASF462:
 6183 23a4 4359424C 		.ascii	"CYBLE_EVT_SCPSC_NOTIFICATION\000"
 6183      455F4556 
 6183      545F5343 
 6183      5053435F 
 6183      4E4F5449 
 6184              	.LASF363:
ARM GAS  C:\Users\alexport\AppData\Local\Temp\ccKIFySF.s 			page 144


 6185 23c1 4359424C 		.ascii	"CYBLE_EVT_HIDSS_REPORT_MODE_ENTER\000"
 6185      455F4556 
 6185      545F4849 
 6185      4453535F 
 6185      5245504F 
 6186              	.LASF342:
 6187 23e3 4359424C 		.ascii	"CYBLE_EVT_ESSC_NOTIFICATION\000"
 6187      455F4556 
 6187      545F4553 
 6187      53435F4E 
 6187      4F544946 
 6188              	.LASF110:
 6189 23ff 4359424C 		.ascii	"CYBLE_ERROR_FLASH_WRITE_NOT_PERMITED\000"
 6189      455F4552 
 6189      524F525F 
 6189      464C4153 
 6189      485F5752 
 6190              	.LASF361:
 6191 2424 4359424C 		.ascii	"CYBLE_EVT_HIDSS_NOTIFICATION_DISABLED\000"
 6191      455F4556 
 6191      545F4849 
 6191      4453535F 
 6191      4E4F5449 
 6192              	.LASF71:
 6193 244a 4359424C 		.ascii	"CYBLE_EVT_GATTS_READ_CHAR_VAL_ACCESS_REQ\000"
 6193      455F4556 
 6193      545F4741 
 6193      5454535F 
 6193      52454144 
 6194              	.LASF249:
 6195 2473 4359424C 		.ascii	"CYBLE_EVT_ANCSC_READ_DESCR_RESPONSE\000"
 6195      455F4556 
 6195      545F414E 
 6195      4353435F 
 6195      52454144 
 6196              	.LASF518:
 6197 2497 6379426C 		.ascii	"cyBle_gatts\000"
 6197      655F6761 
 6197      74747300 
 6198              	.LASF132:
 6199 24a3 4359424C 		.ascii	"CYBLE_GATT_ERR_INSUFFICIENT_AUTHORIZATION\000"
 6199      455F4741 
 6199      54545F45 
 6199      52525F49 
 6199      4E535546 
 6200              	.LASF171:
 6201 24cd 61747472 		.ascii	"attrHandle\000"
 6201      48616E64 
 6201      6C6500
 6202              	.LASF479:
 6203 24d8 4359424C 		.ascii	"CYBLE_EVT_UDSC_NOTIFICATION\000"
 6203      455F4556 
 6203      545F5544 
 6203      53435F4E 
 6203      4F544946 
 6204              	.LASF493:
 6205 24f4 4359424C 		.ascii	"CYBLE_EVT_WPTSC_WRITE_CHAR_RESPONSE\000"
ARM GAS  C:\Users\alexport\AppData\Local\Temp\ccKIFySF.s 			page 145


 6205      455F4556 
 6205      545F5750 
 6205      5453435F 
 6205      57524954 
 6206              	.LASF175:
 6207 2518 4359424C 		.ascii	"CYBLE_GATTS_WRITE_REQ_PARAM_T\000"
 6207      455F4741 
 6207      5454535F 
 6207      57524954 
 6207      455F5245 
 6208              	.LASF8:
 6209 2536 756E7369 		.ascii	"unsigned int\000"
 6209      676E6564 
 6209      20696E74 
 6209      00
 6210              	.LASF63:
 6211 2543 4359424C 		.ascii	"CYBLE_EVT_GATTS_PREP_WRITE_REQ\000"
 6211      455F4556 
 6211      545F4741 
 6211      5454535F 
 6211      50524550 
 6212              	.LASF188:
 6213 2562 61747445 		.ascii	"attEndHandle\000"
 6213      6E644861 
 6213      6E646C65 
 6213      00
 6214              	.LASF129:
 6215 256f 4359424C 		.ascii	"CYBLE_GATT_ERR_INSUFFICIENT_AUTHENTICATION\000"
 6215      455F4741 
 6215      54545F45 
 6215      52525F49 
 6215      4E535546 
 6216              	.LASF285:
 6217 259a 4359424C 		.ascii	"CYBLE_EVT_BMSC_WRITE_CHAR_RESPONSE\000"
 6217      455F4556 
 6217      545F424D 
 6217      53435F57 
 6217      52495445 
 6218              	.LASF327:
 6219 25bd 4359424C 		.ascii	"CYBLE_EVT_CTSS_NOTIFICATION_DISABLED\000"
 6219      455F4556 
 6219      545F4354 
 6219      53535F4E 
 6219      4F544946 
 6220              	.LASF274:
 6221 25e2 4359424C 		.ascii	"CYBLE_EVT_BLSS_INDICATION_DISABLED\000"
 6221      455F4556 
 6221      545F424C 
 6221      53535F49 
 6221      4E444943 
 6222              	.LASF208:
 6223 2605 4359424C 		.ascii	"CYBLE_DIS_REG_CERT_DATA\000"
 6223      455F4449 
 6223      535F5245 
 6223      475F4345 
 6223      52545F44 
 6224              	.LASF437:
ARM GAS  C:\Users\alexport\AppData\Local\Temp\ccKIFySF.s 			page 146


 6225 261d 4359424C 		.ascii	"CYBLE_EVT_PLXSS_INDICATION_CONFIRMED\000"
 6225      455F4556 
 6225      545F504C 
 6225      5853535F 
 6225      494E4449 
 6226              	.LASF460:
 6227 2642 4359424C 		.ascii	"CYBLE_EVT_SCPSS_NOTIFICATION_DISABLED\000"
 6227      455F4556 
 6227      545F5343 
 6227      5053535F 
 6227      4E4F5449 
 6228              	.LASF339:
 6229 2668 4359424C 		.ascii	"CYBLE_EVT_ESSS_INDICATION_CONFIRMATION\000"
 6229      455F4556 
 6229      545F4553 
 6229      53535F49 
 6229      4E444943 
 6230              	.LASF435:
 6231 268f 4359424C 		.ascii	"CYBLE_EVT_PLXSS_INDICATION_ENABLED\000"
 6231      455F4556 
 6231      545F504C 
 6231      5853535F 
 6231      494E4449 
 6232              	.LASF147:
 6233 26b2 4359424C 		.ascii	"CYBLE_GATTS_ERR_PROCEDURE_ALREADY_IN_PROGRESS\000"
 6233      455F4741 
 6233      5454535F 
 6233      4552525F 
 6233      50524F43 
 6234              	.LASF242:
 6235 26e0 4359424C 		.ascii	"CYBLE_EVT_AIOSC_WRITE_DESCR_RESPONSE\000"
 6235      455F4556 
 6235      545F4149 
 6235      4F53435F 
 6235      57524954 
 6236              	.LASF211:
 6237 2705 4359424C 		.ascii	"CYBLE_AUTHENTICATION_REQUEST_REPLY\000"
 6237      455F4155 
 6237      5448454E 
 6237      54494341 
 6237      54494F4E 
 6238              	.LASF102:
 6239 2728 4359424C 		.ascii	"CYBLE_ERROR_L2CAP_PSM_WRONG_ENCODING\000"
 6239      455F4552 
 6239      524F525F 
 6239      4C324341 
 6239      505F5053 
 6240              	.LASF277:
 6241 274d 4359424C 		.ascii	"CYBLE_EVT_BLSS_NOTIFICATION_DISABLED\000"
 6241      455F4556 
 6241      545F424C 
 6241      53535F4E 
 6241      4F544946 
 6242              	.LASF134:
 6243 2772 4359424C 		.ascii	"CYBLE_GATT_ERR_ATTRIBUTE_NOT_FOUND\000"
 6243      455F4741 
 6243      54545F45 
ARM GAS  C:\Users\alexport\AppData\Local\Temp\ccKIFySF.s 			page 147


 6243      52525F41 
 6243      54545249 
 6244              	.LASF397:
 6245 2795 4359424C 		.ascii	"CYBLE_EVT_HTSC_WRITE_CHAR_RESPONSE\000"
 6245      455F4556 
 6245      545F4854 
 6245      53435F57 
 6245      52495445 
 6246              	.LASF498:
 6247 27b8 4359424C 		.ascii	"CYBLE_EVT_WSSS_INDICATION_DISABLED\000"
 6247      455F4556 
 6247      545F5753 
 6247      53535F49 
 6247      4E444943 
 6248              	.LASF379:
 6249 27db 4359424C 		.ascii	"CYBLE_EVT_HPSC_WRITE_CHAR_RESPONSE\000"
 6249      455F4556 
 6249      545F4850 
 6249      53435F57 
 6249      52495445 
 6250              	.LASF88:
 6251 27fe 4359424C 		.ascii	"CYBLE_EVT_MAX\000"
 6251      455F4556 
 6251      545F4D41 
 6251      5800
 6252              	.LASF35:
 6253 280c 4359424C 		.ascii	"CYBLE_EVT_GAPC_SCAN_START_STOP\000"
 6253      455F4556 
 6253      545F4741 
 6253      50435F53 
 6253      43414E5F 
 6254              	.LASF252:
 6255 282b 4359424C 		.ascii	"CYBLE_EVT_ANSS_NOTIFICATION_ENABLED\000"
 6255      455F4556 
 6255      545F414E 
 6255      53535F4E 
 6255      4F544946 
 6256              	.LASF60:
 6257 284f 4359424C 		.ascii	"CYBLE_EVT_GATTS_WRITE_REQ\000"
 6257      455F4556 
 6257      545F4741 
 6257      5454535F 
 6257      57524954 
 6258              	.LASF481:
 6259 2869 4359424C 		.ascii	"CYBLE_EVT_UDSC_WRITE_CHAR_RESPONSE\000"
 6259      455F4556 
 6259      545F5544 
 6259      53435F57 
 6259      52495445 
 6260              	.LASF492:
 6261 288c 4359424C 		.ascii	"CYBLE_EVT_WPTSC_INDICATION\000"
 6261      455F4556 
 6261      545F5750 
 6261      5453435F 
 6261      494E4449 
 6262              	.LASF27:
 6263 28a7 4359424C 		.ascii	"CYBLE_EVT_GAP_PASSKEY_DISPLAY_REQUEST\000"
ARM GAS  C:\Users\alexport\AppData\Local\Temp\ccKIFySF.s 			page 148


 6263      455F4556 
 6263      545F4741 
 6263      505F5041 
 6263      53534B45 
 6264              	.LASF119:
 6265 28cd 4359424C 		.ascii	"CYBLE_ERROR_IND_DISABLED\000"
 6265      455F4552 
 6265      524F525F 
 6265      494E445F 
 6265      44495341 
 6266              	.LASF118:
 6267 28e6 4359424C 		.ascii	"CYBLE_ERROR_NTF_DISABLED\000"
 6267      455F4552 
 6267      524F525F 
 6267      4E54465F 
 6267      44495341 
 6268              	.LASF57:
 6269 28ff 4359424C 		.ascii	"CYBLE_EVT_GATTC_READ_RSP\000"
 6269      455F4556 
 6269      545F4741 
 6269      5454435F 
 6269      52454144 
 6270              	.LASF308:
 6271 2918 4359424C 		.ascii	"CYBLE_EVT_CPSC_INDICATION\000"
 6271      455F4556 
 6271      545F4350 
 6271      53435F49 
 6271      4E444943 
 6272              	.LASF131:
 6273 2932 4359424C 		.ascii	"CYBLE_GATT_ERR_INVALID_OFFSET\000"
 6273      455F4741 
 6273      54545F45 
 6273      52525F49 
 6273      4E56414C 
 6274              	.LASF334:
 6275 2950 4359424C 		.ascii	"CYBLE_EVT_DISC_READ_CHAR_RESPONSE\000"
 6275      455F4556 
 6275      545F4449 
 6275      53435F52 
 6275      4541445F 
 6276              	.LASF77:
 6277 2972 4359424C 		.ascii	"CYBLE_EVT_L2CAP_CBFC_CONN_CNF\000"
 6277      455F4556 
 6277      545F4C32 
 6277      4341505F 
 6277      43424643 
 6278              	.LASF178:
 6279 2990 4359424C 		.ascii	"CYBLE_GATTS_ATT_GEN_VAL_LEN_T\000"
 6279      455F4741 
 6279      5454535F 
 6279      4154545F 
 6279      47454E5F 
 6280              	.LASF398:
 6281 29ae 4359424C 		.ascii	"CYBLE_EVT_HTSC_READ_DESCR_RESPONSE\000"
 6281      455F4556 
 6281      545F4854 
 6281      53435F52 
ARM GAS  C:\Users\alexport\AppData\Local\Temp\ccKIFySF.s 			page 149


 6281      4541445F 
 6282              	.LASF504:
 6283 29d1 4359424C 		.ascii	"CYBLE_DEBUG_EVT_BLESS_INT\000"
 6283      455F4445 
 6283      4255475F 
 6283      4556545F 
 6283      424C4553 
 6284              	.LASF162:
 6285 29eb 4359424C 		.ascii	"CYBLE_GATT_ERR_OUT_OF_RANGE\000"
 6285      455F4741 
 6285      54545F45 
 6285      52525F4F 
 6285      55545F4F 
 6286              	.LASF353:
 6287 2a07 4359424C 		.ascii	"CYBLE_EVT_GLSS_WRITE_CHAR\000"
 6287      455F4556 
 6287      545F474C 
 6287      53535F57 
 6287      52495445 
 6288              	.LASF87:
 6289 2a21 4359424C 		.ascii	"CYBLE_EVT_FLASH_CORRUPT\000"
 6289      455F4556 
 6289      545F464C 
 6289      4153485F 
 6289      434F5252 
 6290              	.LASF15:
 6291 2a39 6C6F6E67 		.ascii	"long double\000"
 6291      20646F75 
 6291      626C6500 
 6292              	.LASF290:
 6293 2a45 4359424C 		.ascii	"CYBLE_EVT_CGMSS_NOTIFICATION_ENABLED\000"
 6293      455F4556 
 6293      545F4347 
 6293      4D53535F 
 6293      4E4F5449 
 6294              	.LASF383:
 6295 2a6a 4359424C 		.ascii	"CYBLE_EVT_HRSC_NOTIFICATION\000"
 6295      455F4556 
 6295      545F4852 
 6295      53435F4E 
 6295      4F544946 
 6296              	.LASF23:
 6297 2a86 4359424C 		.ascii	"CYBLE_EVT_MEMORY_REQUEST\000"
 6297      455F4556 
 6297      545F4D45 
 6297      4D4F5259 
 6297      5F524551 
 6298              	.LASF239:
 6299 2a9f 4359424C 		.ascii	"CYBLE_EVT_AIOSC_READ_CHAR_RESPONSE\000"
 6299      455F4556 
 6299      545F4149 
 6299      4F53435F 
 6299      52454144 
 6300              	.LASF449:
 6301 2ac2 4359424C 		.ascii	"CYBLE_EVT_RSCSS_INDICATION_CONFIRMATION\000"
 6301      455F4556 
 6301      545F5253 
ARM GAS  C:\Users\alexport\AppData\Local\Temp\ccKIFySF.s 			page 150


 6301      4353535F 
 6301      494E4449 
 6302              	.LASF370:
 6303 2aea 4359424C 		.ascii	"CYBLE_EVT_HIDSC_READ_DESCR_RESPONSE\000"
 6303      455F4556 
 6303      545F4849 
 6303      4453435F 
 6303      52454144 
 6304              	.LASF384:
 6305 2b0e 4359424C 		.ascii	"CYBLE_EVT_HRSC_READ_CHAR_RESPONSE\000"
 6305      455F4556 
 6305      545F4852 
 6305      53435F52 
 6305      4541445F 
 6306              	.LASF262:
 6307 2b30 4359424C 		.ascii	"CYBLE_EVT_BASC_NOTIFICATION\000"
 6307      455F4556 
 6307      545F4241 
 6307      53435F4E 
 6307      4F544946 
 6308              	.LASF325:
 6309 2b4c 4359424C 		.ascii	"CYBLE_EVT_CSCSC_WRITE_DESCR_RESPONSE\000"
 6309      455F4556 
 6309      545F4353 
 6309      4353435F 
 6309      57524954 
 6310              	.LASF33:
 6311 2b71 4359424C 		.ascii	"CYBLE_EVT_GAP_ENCRYPT_CHANGE\000"
 6311      455F4556 
 6311      545F4741 
 6311      505F454E 
 6311      43525950 
 6312              	.LASF424:
 6313 2b8e 4359424C 		.ascii	"CYBLE_EVT_NDCSC_READ_CHAR_RESPONSE\000"
 6313      455F4556 
 6313      545F4E44 
 6313      4353435F 
 6313      52454144 
 6314              	.LASF224:
 6315 2bb1 4359424C 		.ascii	"CYBLE_EVT_GATTC_DESCR_DUPLICATION\000"
 6315      455F4556 
 6315      545F4741 
 6315      5454435F 
 6315      44455343 
 6316              	.LASF511:
 6317 2bd3 4379426C 		.ascii	"CyBle_GattsReInitGattDb\000"
 6317      655F4761 
 6317      74747352 
 6317      65496E69 
 6317      74476174 
 6318              	.LASF51:
 6319 2beb 4359424C 		.ascii	"CYBLE_EVT_GATTS_XCNHG_MTU_REQ\000"
 6319      455F4556 
 6319      545F4741 
 6319      5454535F 
 6319      58434E48 
 6320              	.LASF373:
ARM GAS  C:\Users\alexport\AppData\Local\Temp\ccKIFySF.s 			page 151


 6321 2c09 4359424C 		.ascii	"CYBLE_EVT_HPSS_NOTIFICATION_DISABLED\000"
 6321      455F4556 
 6321      545F4850 
 6321      53535F4E 
 6321      4F544946 
 6322              	.LASF474:
 6323 2c2e 4359424C 		.ascii	"CYBLE_EVT_UDSS_NOTIFICATION_ENABLED\000"
 6323      455F4556 
 6323      545F5544 
 6323      53535F4E 
 6323      4F544946 
 6324              	.LASF234:
 6325 2c52 4359424C 		.ascii	"CYBLE_EVT_AIOSS_INDICATION_CONFIRMED\000"
 6325      455F4556 
 6325      545F4149 
 6325      4F53535F 
 6325      494E4449 
 6326              	.LASF414:
 6327 2c77 4359424C 		.ascii	"CYBLE_EVT_LNSS_INDICATION_CONFIRMED\000"
 6327      455F4556 
 6327      545F4C4E 
 6327      53535F49 
 6327      4E444943 
 6328              	.LASF47:
 6329 2c9b 4359424C 		.ascii	"CYBLE_EVT_GAP_SMP_LOC_P256_KEYS_GEN_AND_SET_COMPLET"
 6329      455F4556 
 6329      545F4741 
 6329      505F534D 
 6329      505F4C4F 
 6330 2cce 4500     		.ascii	"E\000"
 6331              	.LASF259:
 6332 2cd0 4359424C 		.ascii	"CYBLE_EVT_ANSC_WRITE_DESCR_RESPONSE\000"
 6332      455F4556 
 6332      545F414E 
 6332      53435F57 
 6332      52495445 
 6333              	.LASF420:
 6334 2cf4 4359424C 		.ascii	"CYBLE_EVT_LNSC_READ_CHAR_RESPONSE\000"
 6334      455F4556 
 6334      545F4C4E 
 6334      53435F52 
 6334      4541445F 
 6335              	.LASF201:
 6336 2d16 4359424C 		.ascii	"CYBLE_DIS_MANUFACTURER_NAME\000"
 6336      455F4449 
 6336      535F4D41 
 6336      4E554641 
 6336      43545552 
 6337              	.LASF350:
 6338 2d32 4359424C 		.ascii	"CYBLE_EVT_GLSS_INDICATION_CONFIRMED\000"
 6338      455F4556 
 6338      545F474C 
 6338      53535F49 
 6338      4E444943 
 6339              	.LASF510:
 6340 2d56 4359424C 		.ascii	"CYBLE_STATE_T\000"
 6340      455F5354 
ARM GAS  C:\Users\alexport\AppData\Local\Temp\ccKIFySF.s 			page 152


 6340      4154455F 
 6340      5400
 6341              	.LASF215:
 6342 2d64 4359424C 		.ascii	"CYBLE_EVT_GATTS_INDICATION_ENABLED\000"
 6342      455F4556 
 6342      545F4741 
 6342      5454535F 
 6342      494E4449 
 6343              	.LASF7:
 6344 2d87 6C6F6E67 		.ascii	"long long unsigned int\000"
 6344      206C6F6E 
 6344      6720756E 
 6344      7369676E 
 6344      65642069 
 6345              	.LASF125:
 6346 2d9e 4359424C 		.ascii	"CYBLE_GATT_ERR_INVALID_HANDLE\000"
 6346      455F4741 
 6346      54545F45 
 6346      52525F49 
 6346      4E56414C 
 6347              	.LASF19:
 6348 2dbc 4359424C 		.ascii	"CYBLE_EVT_TIMEOUT\000"
 6348      455F4556 
 6348      545F5449 
 6348      4D454F55 
 6348      5400
 6349              	.LASF331:
 6350 2dce 4359424C 		.ascii	"CYBLE_EVT_CTSC_READ_DESCR_RESPONSE\000"
 6350      455F4556 
 6350      545F4354 
 6350      53435F52 
 6350      4541445F 
 6351              	.LASF149:
 6352 2df1 4359424C 		.ascii	"CYBLE_GATT_ERR_MISSING_CRC\000"
 6352      455F4741 
 6352      54545F45 
 6352      52525F4D 
 6352      49535349 
 6353              	.LASF121:
 6354 2e0c 4359424C 		.ascii	"CYBLE_ERROR_INVALID_STATE\000"
 6354      455F4552 
 6354      524F525F 
 6354      494E5641 
 6354      4C49445F 
 6355              	.LASF164:
 6356 2e26 4359424C 		.ascii	"CYBLE_GATT_DB_ATTR_HANDLE_T\000"
 6356      455F4741 
 6356      54545F44 
 6356      425F4154 
 6356      54525F48 
 6357              	.LASF232:
 6358 2e42 4359424C 		.ascii	"CYBLE_EVT_AIOSS_INDICATION_ENABLED\000"
 6358      455F4556 
 6358      545F4149 
 6358      4F53535F 
 6358      494E4449 
 6359              	.LASF80:
ARM GAS  C:\Users\alexport\AppData\Local\Temp\ccKIFySF.s 			page 153


 6360 2e65 4359424C 		.ascii	"CYBLE_EVT_L2CAP_CBFC_DATA_READ\000"
 6360      455F4556 
 6360      545F4C32 
 6360      4341505F 
 6360      43424643 
 6361              	.LASF124:
 6362 2e84 4359424C 		.ascii	"CYBLE_GATT_ERR_NONE\000"
 6362      455F4741 
 6362      54545F45 
 6362      52525F4E 
 6362      4F4E4500 
 6363              	.LASF170:
 6364 2e98 76616C75 		.ascii	"value\000"
 6364      6500
 6365              	.LASF307:
 6366 2e9e 4359424C 		.ascii	"CYBLE_EVT_CPSC_NOTIFICATION\000"
 6366      455F4556 
 6366      545F4350 
 6366      53435F4E 
 6366      4F544946 
 6367              	.LASF282:
 6368 2eba 4359424C 		.ascii	"CYBLE_EVT_BLSC_WRITE_DESCR_RESPONSE\000"
 6368      455F4556 
 6368      545F424C 
 6368      53435F57 
 6368      52495445 
 6369              	.LASF189:
 6370 2ede 61747456 		.ascii	"attValue\000"
 6370      616C7565 
 6370      00
 6371              	.LASF419:
 6372 2ee7 4359424C 		.ascii	"CYBLE_EVT_LNSC_NOTIFICATION\000"
 6372      455F4556 
 6372      545F4C4E 
 6372      53435F4E 
 6372      4F544946 
 6373              	.LASF516:
 6374 2f03 4379426C 		.ascii	"CyBle_ApplCallback\000"
 6374      655F4170 
 6374      706C4361 
 6374      6C6C6261 
 6374      636B00
 6375              	.LASF329:
 6376 2f16 4359424C 		.ascii	"CYBLE_EVT_CTSC_NOTIFICATION\000"
 6376      455F4556 
 6376      545F4354 
 6376      53435F4E 
 6376      4F544946 
 6377              	.LASF114:
 6378 2f32 4359424C 		.ascii	"CYBLE_ERROR_FLASH_WRITE\000"
 6378      455F4552 
 6378      524F525F 
 6378      464C4153 
 6378      485F5752 
 6379              	.LASF349:
 6380 2f4a 4359424C 		.ascii	"CYBLE_EVT_GLSS_INDICATION_DISABLED\000"
 6380      455F4556 
ARM GAS  C:\Users\alexport\AppData\Local\Temp\ccKIFySF.s 			page 154


 6380      545F474C 
 6380      53535F49 
 6380      4E444943 
 6381              	.LASF146:
 6382 2f6d 4359424C 		.ascii	"CYBLE_GATT_ERR_HTS_OUT_OF_RANGE\000"
 6382      455F4741 
 6382      54545F45 
 6382      52525F48 
 6382      54535F4F 
 6383              	.LASF235:
 6384 2f8d 4359424C 		.ascii	"CYBLE_EVT_AIOSS_CHAR_WRITE\000"
 6384      455F4556 
 6384      545F4149 
 6384      4F53535F 
 6384      43484152 
 6385              	.LASF193:
 6386 2fa8 73657276 		.ascii	"serviceChangedHandle\000"
 6386      69636543 
 6386      68616E67 
 6386      65644861 
 6386      6E646C65 
 6387              	.LASF412:
 6388 2fbd 4359424C 		.ascii	"CYBLE_EVT_LNSS_INDICATION_ENABLED\000"
 6388      455F4556 
 6388      545F4C4E 
 6388      53535F49 
 6388      4E444943 
 6389              	.LASF245:
 6390 2fdf 4359424C 		.ascii	"CYBLE_EVT_ANCSS_NOTIFICATION_DISABLED\000"
 6390      455F4556 
 6390      545F414E 
 6390      4353535F 
 6390      4E4F5449 
 6391              	.LASF173:
 6392 3005 636F6E6E 		.ascii	"connHandle\000"
 6392      48616E64 
 6392      6C6500
 6393              	.LASF176:
 6394 3010 61637475 		.ascii	"actualLength\000"
 6394      616C4C65 
 6394      6E677468 
 6394      00
 6395              	.LASF261:
 6396 301d 4359424C 		.ascii	"CYBLE_EVT_BASS_NOTIFICATION_DISABLED\000"
 6396      455F4556 
 6396      545F4241 
 6396      53535F4E 
 6396      4F544946 
 6397              	.LASF432:
 6398 3042 4359424C 		.ascii	"CYBLE_EVT_PLXSS_WRITE_CHAR\000"
 6398      455F4556 
 6398      545F504C 
 6398      5853535F 
 6398      57524954 
 6399              	.LASF299:
 6400 305d 4359424C 		.ascii	"CYBLE_EVT_CPSS_NOTIFICATION_ENABLED\000"
 6400      455F4556 
ARM GAS  C:\Users\alexport\AppData\Local\Temp\ccKIFySF.s 			page 155


 6400      545F4350 
 6400      53535F4E 
 6400      4F544946 
 6401              	.LASF469:
 6402 3081 4359424C 		.ascii	"CYBLE_EVT_TPSC_READ_DESCR_RESPONSE\000"
 6402      455F4556 
 6402      545F5450 
 6402      53435F52 
 6402      4541445F 
 6403              	.LASF484:
 6404 30a4 4359424C 		.ascii	"CYBLE_EVT_UDSC_ERROR_RESPONSE\000"
 6404      455F4556 
 6404      545F5544 
 6404      53435F45 
 6404      52524F52 
 6405              	.LASF55:
 6406 30c2 4359424C 		.ascii	"CYBLE_EVT_GATTC_FIND_INFO_RSP\000"
 6406      455F4556 
 6406      545F4741 
 6406      5454435F 
 6406      46494E44 
 6407              	.LASF54:
 6408 30e0 4359424C 		.ascii	"CYBLE_EVT_GATTC_READ_BY_TYPE_RSP\000"
 6408      455F4556 
 6408      545F4741 
 6408      5454435F 
 6408      52454144 
 6409              	.LASF426:
 6410 3101 4359424C 		.ascii	"CYBLE_EVT_PASSS_NOTIFICATION_DISABLED\000"
 6410      455F4556 
 6410      545F5041 
 6410      5353535F 
 6410      4E4F5449 
 6411              	.LASF297:
 6412 3127 4359424C 		.ascii	"CYBLE_EVT_CGMSC_READ_DESCR_RESPONSE\000"
 6412      455F4556 
 6412      545F4347 
 6412      4D53435F 
 6412      52454144 
 6413              	.LASF368:
 6414 314b 4359424C 		.ascii	"CYBLE_EVT_HIDSC_READ_CHAR_RESPONSE\000"
 6414      455F4556 
 6414      545F4849 
 6414      4453435F 
 6414      52454144 
 6415              	.LASF151:
 6416 316e 4359424C 		.ascii	"CYBLE_GATTS_ERR_OPERATION_FAILED\000"
 6416      455F4741 
 6416      5454535F 
 6416      4552525F 
 6416      4F504552 
 6417              	.LASF513:
 6418 318f 61706952 		.ascii	"apiResult\000"
 6418      6573756C 
 6418      7400
 6419              	.LASF523:
 6420 3199 6379426C 		.ascii	"cyBle_state\000"
ARM GAS  C:\Users\alexport\AppData\Local\Temp\ccKIFySF.s 			page 156


 6420      655F7374 
 6420      61746500 
 6421              	.LASF466:
 6422 31a5 4359424C 		.ascii	"CYBLE_EVT_TPSS_NOTIFICATION_DISABLED\000"
 6422      455F4556 
 6422      545F5450 
 6422      53535F4E 
 6422      4F544946 
 6423              	.LASF463:
 6424 31ca 4359424C 		.ascii	"CYBLE_EVT_SCPSC_READ_DESCR_RESPONSE\000"
 6424      455F4556 
 6424      545F5343 
 6424      5053435F 
 6424      52454144 
 6425              	.LASF387:
 6426 31ee 4359424C 		.ascii	"CYBLE_EVT_HRSC_WRITE_DESCR_RESPONSE\000"
 6426      455F4556 
 6426      545F4852 
 6426      53435F57 
 6426      52495445 
 6427              	.LASF115:
 6428 3212 4359424C 		.ascii	"CYBLE_ERROR_LL_SAME_TRANSACTION_COLLISION\000"
 6428      455F4552 
 6428      524F525F 
 6428      4C4C5F53 
 6428      414D455F 
 6429              	.LASF417:
 6430 323c 4359424C 		.ascii	"CYBLE_EVT_LNSS_WRITE_CHAR\000"
 6430      455F4556 
 6430      545F4C4E 
 6430      53535F57 
 6430      52495445 
 6431              	.LASF340:
 6432 3256 4359424C 		.ascii	"CYBLE_EVT_ESSS_CHAR_WRITE\000"
 6432      455F4556 
 6432      545F4553 
 6432      53535F43 
 6432      4841525F 
 6433              	.LASF61:
 6434 3270 4359424C 		.ascii	"CYBLE_EVT_GATTC_WRITE_RSP\000"
 6434      455F4556 
 6434      545F4741 
 6434      5454435F 
 6434      57524954 
 6435              	.LASF335:
 6436 328a 4359424C 		.ascii	"CYBLE_EVT_ESSS_NOTIFICATION_ENABLED\000"
 6436      455F4556 
 6436      545F4553 
 6436      53535F4E 
 6436      4F544946 
 6437              	.LASF509:
 6438 32ae 4359424C 		.ascii	"CYBLE_STATE_DISCONNECTED\000"
 6438      455F5354 
 6438      4154455F 
 6438      44495343 
 6438      4F4E4E45 
 6439              	.LASF184:
ARM GAS  C:\Users\alexport\AppData\Local\Temp\ccKIFySF.s 			page 157


 6440 32c7 4359424C 		.ascii	"CYBLE_GATTS_ATT_VALUE_T\000"
 6440      455F4741 
 6440      5454535F 
 6440      4154545F 
 6440      56414C55 
 6441              	.LASF451:
 6442 32df 4359424C 		.ascii	"CYBLE_EVT_RSCSC_NOTIFICATION\000"
 6442      455F4556 
 6442      545F5253 
 6442      4353435F 
 6442      4E4F5449 
 6443              	.LASF181:
 6444 32fc 4359424C 		.ascii	"CYBLE_GATTS_ATT_PACK_VAL_LEN_T\000"
 6444      455F4741 
 6444      5454535F 
 6444      4154545F 
 6444      5041434B 
 6445              	.LASF30:
 6446 331b 4359424C 		.ascii	"CYBLE_EVT_GAPP_ADVERTISEMENT_START_STOP\000"
 6446      455F4556 
 6446      545F4741 
 6446      50505F41 
 6446      44564552 
 6447              	.LASF275:
 6448 3343 4359424C 		.ascii	"CYBLE_EVT_BLSS_INDICATION_CONFIRMED\000"
 6448      455F4556 
 6448      545F424C 
 6448      53535F49 
 6448      4E444943 
 6449              	.LASF495:
 6450 3367 4359424C 		.ascii	"CYBLE_EVT_WPTSC_READ_DESCR_RESPONSE\000"
 6450      455F4556 
 6450      545F5750 
 6450      5453435F 
 6450      52454144 
 6451              	.LASF247:
 6452 338b 4359424C 		.ascii	"CYBLE_EVT_ANCSC_NOTIFICATION\000"
 6452      455F4556 
 6452      545F414E 
 6452      4353435F 
 6452      4E4F5449 
 6453              	.LASF177:
 6454 33a8 61747447 		.ascii	"attGenericVal\000"
 6454      656E6572 
 6454      69635661 
 6454      6C00
 6455              	.LASF444:
 6456 33b6 4359424C 		.ascii	"CYBLE_EVT_PLXSC_TIMEOUT\000"
 6456      455F4556 
 6456      545F504C 
 6456      5853435F 
 6456      54494D45 
 6457              	.LASF296:
 6458 33ce 4359424C 		.ascii	"CYBLE_EVT_CGMSC_WRITE_CHAR_RESPONSE\000"
 6458      455F4556 
 6458      545F4347 
 6458      4D53435F 
ARM GAS  C:\Users\alexport\AppData\Local\Temp\ccKIFySF.s 			page 158


 6458      57524954 
 6459              	.LASF9:
 6460 33f2 75696E74 		.ascii	"uint8\000"
 6460      3800
 6461              	.LASF396:
 6462 33f8 4359424C 		.ascii	"CYBLE_EVT_HTSC_READ_CHAR_RESPONSE\000"
 6462      455F4556 
 6462      545F4854 
 6462      53435F52 
 6462      4541445F 
 6463              	.LASF38:
 6464 341a 4359424C 		.ascii	"CYBLE_EVT_GAP_KEYPRESS_NOTIFICATION\000"
 6464      455F4556 
 6464      545F4741 
 6464      505F4B45 
 6464      59505245 
 6465              	.LASF431:
 6466 343e 4359424C 		.ascii	"CYBLE_EVT_PASSC_WRITE_DESCR_RESPONSE\000"
 6466      455F4556 
 6466      545F5041 
 6466      5353435F 
 6466      57524954 
 6467              	.LASF2:
 6468 3463 73686F72 		.ascii	"short int\000"
 6468      7420696E 
 6468      7400
 6469              	.LASF174:
 6470 346d 68616E64 		.ascii	"handleValPair\000"
 6470      6C655661 
 6470      6C506169 
 6470      7200
 6471              	.LASF283:
 6472 347b 4359424C 		.ascii	"CYBLE_EVT_BMSS_WRITE_CHAR\000"
 6472      455F4556 
 6472      545F424D 
 6472      53535F57 
 6472      52495445 
 6473              	.LASF180:
 6474 3495 61747447 		.ascii	"attGenericValLen\000"
 6474      656E6572 
 6474      69635661 
 6474      6C4C656E 
 6474      00
 6475              	.LASF182:
 6476 34a6 61747446 		.ascii	"attFormatValue\000"
 6476      6F726D61 
 6476      7456616C 
 6476      756500
 6477              	.LASF240:
 6478 34b5 4359424C 		.ascii	"CYBLE_EVT_AIOSC_WRITE_CHAR_RESPONSE\000"
 6478      455F4556 
 6478      545F4149 
 6478      4F53435F 
 6478      57524954 
 6479              	.LASF112:
 6480 34d9 4359424C 		.ascii	"CYBLE_ERROR_HARDWARE_FAILURE\000"
 6480      455F4552 
ARM GAS  C:\Users\alexport\AppData\Local\Temp\ccKIFySF.s 			page 159


 6480      524F525F 
 6480      48415244 
 6480      57415245 
 6481              	.LASF145:
 6482 34f6 4359424C 		.ascii	"CYBLE_GATT_ERR_CPS_INAPPROPRIATE_CONNECTION_PARAMET"
 6482      455F4741 
 6482      54545F45 
 6482      52525F43 
 6482      50535F49 
 6483 3529 45525300 		.ascii	"ERS\000"
 6484              	.LASF294:
 6485 352d 4359424C 		.ascii	"CYBLE_EVT_CGMSC_NOTIFICATION\000"
 6485      455F4556 
 6485      545F4347 
 6485      4D53435F 
 6485      4E4F5449 
 6486              	.LASF130:
 6487 354a 4359424C 		.ascii	"CYBLE_GATT_ERR_REQUEST_NOT_SUPPORTED\000"
 6487      455F4741 
 6487      54545F45 
 6487      52525F52 
 6487      45515545 
 6488              	.LASF48:
 6489 356f 4359424C 		.ascii	"CYBLE_EVT_GATTC_ERROR_RSP\000"
 6489      455F4556 
 6489      545F4741 
 6489      5454435F 
 6489      4552524F 
 6490              	.LASF345:
 6491 3589 4359424C 		.ascii	"CYBLE_EVT_ESSC_WRITE_CHAR_RESPONSE\000"
 6491      455F4556 
 6491      545F4553 
 6491      53435F57 
 6491      52495445 
 6492              	.LASF251:
 6493 35ac 4359424C 		.ascii	"CYBLE_EVT_ANCSC_ERROR_RESPONSE\000"
 6493      455F4556 
 6493      545F414E 
 6493      4353435F 
 6493      4552524F 
 6494              	.LASF265:
 6495 35cb 4359424C 		.ascii	"CYBLE_EVT_BASC_WRITE_DESCR_RESPONSE\000"
 6495      455F4556 
 6495      545F4241 
 6495      53435F57 
 6495      52495445 
 6496              	.LASF348:
 6497 35ef 4359424C 		.ascii	"CYBLE_EVT_GLSS_INDICATION_ENABLED\000"
 6497      455F4556 
 6497      545F474C 
 6497      53535F49 
 6497      4E444943 
 6498              	.LASF254:
 6499 3611 4359424C 		.ascii	"CYBLE_EVT_ANSS_CHAR_WRITE\000"
 6499      455F4556 
 6499      545F414E 
 6499      53535F43 
ARM GAS  C:\Users\alexport\AppData\Local\Temp\ccKIFySF.s 			page 160


 6499      4841525F 
 6500              	.LASF76:
 6501 362b 4359424C 		.ascii	"CYBLE_EVT_L2CAP_CBFC_CONN_IND\000"
 6501      455F4556 
 6501      545F4C32 
 6501      4341505F 
 6501      43424643 
 6502              	.LASF64:
 6503 3649 4359424C 		.ascii	"CYBLE_EVT_GATTS_EXEC_WRITE_REQ\000"
 6503      455F4556 
 6503      545F4741 
 6503      5454535F 
 6503      45584543 
 6504              	.LASF24:
 6505 3668 4359424C 		.ascii	"CYBLE_EVT_GAPC_SCAN_PROGRESS_RESULT\000"
 6505      455F4556 
 6505      545F4741 
 6505      50435F53 
 6505      43414E5F 
 6506              	.LASF377:
 6507 368c 4359424C 		.ascii	"CYBLE_EVT_HPSC_READ_DESCR_RESPONSE\000"
 6507      455F4556 
 6507      545F4850 
 6507      53435F52 
 6507      4541445F 
 6508              	.LASF328:
 6509 36af 4359424C 		.ascii	"CYBLE_EVT_CTSS_CHAR_WRITE\000"
 6509      455F4556 
 6509      545F4354 
 6509      53535F43 
 6509      4841525F 
 6510              	.LASF471:
 6511 36c9 4359424C 		.ascii	"CYBLE_EVT_UDSS_INDICATION_ENABLED\000"
 6511      455F4556 
 6511      545F5544 
 6511      53535F49 
 6511      4E444943 
 6512              	.LASF375:
 6513 36eb 4359424C 		.ascii	"CYBLE_EVT_HPSC_NOTIFICATION\000"
 6513      455F4556 
 6513      545F4850 
 6513      53435F4E 
 6513      4F544946 
 6514              	.LASF163:
 6515 3707 4359424C 		.ascii	"CYBLE_GATT_ERR_CODE_T\000"
 6515      455F4741 
 6515      54545F45 
 6515      52525F43 
 6515      4F44455F 
 6516              	.LASF198:
 6517 371d 63636364 		.ascii	"cccdCount\000"
 6517      436F756E 
 6517      7400
 6518              	.LASF158:
 6519 3727 4359424C 		.ascii	"CYBLE_GATT_ERR_ANCS_INVALID_PARAMETER\000"
 6519      455F4741 
 6519      54545F45 
ARM GAS  C:\Users\alexport\AppData\Local\Temp\ccKIFySF.s 			page 161


 6519      52525F41 
 6519      4E43535F 
 6520              	.LASF98:
 6521 374d 4359424C 		.ascii	"CYBLE_ERROR_GAP_ROLE\000"
 6521      455F4552 
 6521      524F525F 
 6521      4741505F 
 6521      524F4C45 
 6522              	.LASF390:
 6523 3762 4359424C 		.ascii	"CYBLE_EVT_HTSS_INDICATION_ENABLED\000"
 6523      455F4556 
 6523      545F4854 
 6523      53535F49 
 6523      4E444943 
 6524              	.LASF482:
 6525 3784 4359424C 		.ascii	"CYBLE_EVT_UDSC_READ_DESCR_RESPONSE\000"
 6525      455F4556 
 6525      545F5544 
 6525      53435F52 
 6525      4541445F 
 6526              	.LASF236:
 6527 37a7 4359424C 		.ascii	"CYBLE_EVT_AIOSS_DESCR_WRITE\000"
 6527      455F4556 
 6527      545F4149 
 6527      4F53535F 
 6527      44455343 
 6528              	.LASF45:
 6529 37c3 4359424C 		.ascii	"CYBLE_EVT_GAP_SCAN_REQ_RECVD\000"
 6529      455F4556 
 6529      545F4741 
 6529      505F5343 
 6529      414E5F52 
 6530              	.LASF263:
 6531 37e0 4359424C 		.ascii	"CYBLE_EVT_BASC_READ_CHAR_RESPONSE\000"
 6531      455F4556 
 6531      545F4241 
 6531      53435F52 
 6531      4541445F 
 6532              	.LASF355:
 6533 3802 4359424C 		.ascii	"CYBLE_EVT_GLSC_NOTIFICATION\000"
 6533      455F4556 
 6533      545F474C 
 6533      53435F4E 
 6533      4F544946 
 6534              	.LASF155:
 6535 381e 4359424C 		.ascii	"CYBLE_GATT_ERR_ANS_COMMAND_NOT_SUPPORTED\000"
 6535      455F4741 
 6535      54545F45 
 6535      52525F41 
 6535      4E535F43 
 6536              	.LASF461:
 6537 3847 4359424C 		.ascii	"CYBLE_EVT_SCPSS_SCAN_INT_WIN_CHAR_WRITE\000"
 6537      455F4556 
 6537      545F5343 
 6537      5053535F 
 6537      5343414E 
 6538              	.LASF517:
ARM GAS  C:\Users\alexport\AppData\Local\Temp\ccKIFySF.s 			page 162


 6539 386f 6379426C 		.ascii	"cyBle_eventHandlerFlag\000"
 6539      655F6576 
 6539      656E7448 
 6539      616E646C 
 6539      6572466C 
 6540              	.LASF216:
 6541 3886 4359424C 		.ascii	"CYBLE_EVT_GATTS_INDICATION_DISABLED\000"
 6541      455F4556 
 6541      545F4741 
 6541      5454535F 
 6541      494E4449 
 6542              	.LASF95:
 6543 38aa 4359424C 		.ascii	"CYBLE_ERROR_NO_CONNECTION\000"
 6543      455F4552 
 6543      524F525F 
 6543      4E4F5F43 
 6543      4F4E4E45 
 6544              	.LASF286:
 6545 38c4 4359424C 		.ascii	"CYBLE_EVT_BMSC_READ_DESCR_RESPONSE\000"
 6545      455F4556 
 6545      545F424D 
 6545      53435F52 
 6545      4541445F 
 6546              	.LASF85:
 6547 38e7 4359424C 		.ascii	"CYBLE_EVT_LE_PING_AUTH_TIMEOUT\000"
 6547      455F4556 
 6547      545F4C45 
 6547      5F50494E 
 6547      475F4155 
 6548              	.LASF123:
 6549 3906 4359424C 		.ascii	"CYBLE_API_RESULT_T\000"
 6549      455F4150 
 6549      495F5245 
 6549      53554C54 
 6549      5F5400
 6550              	.LASF288:
 6551 3919 4359424C 		.ascii	"CYBLE_EVT_CGMSS_INDICATION_DISABLED\000"
 6551      455F4556 
 6551      545F4347 
 6551      4D53535F 
 6551      494E4449 
 6552              	.LASF520:
 6553 393d 6379426C 		.ascii	"cyBle_attValuesCCCD\000"
 6553      655F6174 
 6553      7456616C 
 6553      75657343 
 6553      43434400 
 6554              	.LASF229:
 6555 3951 4359424C 		.ascii	"CYBLE_EVT_GATTC_DISCOVERY_COMPLETE\000"
 6555      455F4556 
 6555      545F4741 
 6555      5454435F 
 6555      44495343 
 6556              	.LASF292:
 6557 3974 4359424C 		.ascii	"CYBLE_EVT_CGMSS_WRITE_CHAR\000"
 6557      455F4556 
 6557      545F4347 
ARM GAS  C:\Users\alexport\AppData\Local\Temp\ccKIFySF.s 			page 163


 6557      4D53535F 
 6557      57524954 
 6558              	.LASF359:
 6559 398f 4359424C 		.ascii	"CYBLE_EVT_GLSC_WRITE_DESCR_RESPONSE\000"
 6559      455F4556 
 6559      545F474C 
 6559      53435F57 
 6559      52495445 
 6560              	.LASF67:
 6561 39b3 4359424C 		.ascii	"CYBLE_EVT_GATTC_HANDLE_VALUE_IND\000"
 6561      455F4556 
 6561      545F4741 
 6561      5454435F 
 6561      48414E44 
 6562              	.LASF313:
 6563 39d4 4359424C 		.ascii	"CYBLE_EVT_CPSC_SCAN_PROGRESS_RESULT\000"
 6563      455F4556 
 6563      545F4350 
 6563      53435F53 
 6563      43414E5F 
 6564              	.LASF455:
 6565 39f8 4359424C 		.ascii	"CYBLE_EVT_RSCSC_READ_DESCR_RESPONSE\000"
 6565      455F4556 
 6565      545F5253 
 6565      4353435F 
 6565      52454144 
 6566              	.LASF101:
 6567 3a1c 4359424C 		.ascii	"CYBLE_ERROR_SEC_FAILED\000"
 6567      455F4552 
 6567      524F525F 
 6567      5345435F 
 6567      4641494C 
 6568              	.LASF22:
 6569 3a33 4359424C 		.ascii	"CYBLE_EVT_STACK_BUSY_STATUS\000"
 6569      455F4556 
 6569      545F5354 
 6569      41434B5F 
 6569      42555359 
 6570              	.LASF407:
 6571 3a4f 4359424C 		.ascii	"CYBLE_EVT_IPSC_ERROR_RESPONSE\000"
 6571      455F4556 
 6571      545F4950 
 6571      53435F45 
 6571      52524F52 
 6572              	.LASF399:
 6573 3a6d 4359424C 		.ascii	"CYBLE_EVT_HTSC_WRITE_DESCR_RESPONSE\000"
 6573      455F4556 
 6573      545F4854 
 6573      53435F57 
 6573      52495445 
 6574              	.LASF36:
 6575 3a91 4359424C 		.ascii	"CYBLE_EVT_GAP_KEYINFO_EXCHNGE_CMPLT\000"
 6575      455F4556 
 6575      545F4741 
 6575      505F4B45 
 6575      59494E46 
 6576              	.LASF496:
ARM GAS  C:\Users\alexport\AppData\Local\Temp\ccKIFySF.s 			page 164


 6577 3ab5 4359424C 		.ascii	"CYBLE_EVT_WPTSC_WRITE_DESCR_RESPONSE\000"
 6577      455F4556 
 6577      545F5750 
 6577      5453435F 
 6577      57524954 
 6578              	.LASF73:
 6579 3ada 4359424C 		.ascii	"CYBLE_EVT_L2CAP_CONN_PARAM_UPDATE_REQ\000"
 6579      455F4556 
 6579      545F4C32 
 6579      4341505F 
 6579      434F4E4E 
 6580              	.LASF291:
 6581 3b00 4359424C 		.ascii	"CYBLE_EVT_CGMSS_NOTIFICATION_DISABLED\000"
 6581      455F4556 
 6581      545F4347 
 6581      4D53535F 
 6581      4E4F5449 
 6582              	.LASF514:
 6583 3b26 67617474 		.ascii	"gattErr\000"
 6583      45727200 
 6584              	.LASF219:
 6585 3b2e 4359424C 		.ascii	"CYBLE_EVT_GATTC_INCL_DISCOVERY_FAILED\000"
 6585      455F4556 
 6585      545F4741 
 6585      5454435F 
 6585      494E434C 
 6586              	.LASF127:
 6587 3b54 4359424C 		.ascii	"CYBLE_GATT_ERR_WRITE_NOT_PERMITTED\000"
 6587      455F4741 
 6587      54545F45 
 6587      52525F57 
 6587      52495445 
 6588              	.LASF3:
 6589 3b77 73686F72 		.ascii	"short unsigned int\000"
 6589      7420756E 
 6589      7369676E 
 6589      65642069 
 6589      6E7400
 6590              	.LASF139:
 6591 3b8a 4359424C 		.ascii	"CYBLE_GATT_ERR_INSUFFICIENT_ENCRYPTION\000"
 6591      455F4741 
 6591      54545F45 
 6591      52525F49 
 6591      4E535546 
 6592              	.LASF257:
 6593 3bb1 4359424C 		.ascii	"CYBLE_EVT_ANSC_WRITE_CHAR_RESPONSE\000"
 6593      455F4556 
 6593      545F414E 
 6593      53435F57 
 6593      52495445 
 6594              	.LASF422:
 6595 3bd4 4359424C 		.ascii	"CYBLE_EVT_LNSC_READ_DESCR_RESPONSE\000"
 6595      455F4556 
 6595      545F4C4E 
 6595      53435F52 
 6595      4541445F 
 6596              	.LASF507:
ARM GAS  C:\Users\alexport\AppData\Local\Temp\ccKIFySF.s 			page 165


 6597 3bf7 4359424C 		.ascii	"CYBLE_STATE_CONNECTED\000"
 6597      455F5354 
 6597      4154455F 
 6597      434F4E4E 
 6597      45435445 
 6598              	.LASF168:
 6599 3c0d 61637475 		.ascii	"actualLen\000"
 6599      616C4C65 
 6599      6E00
 6600              	.LASF194:
 6601 3c17 63636364 		.ascii	"cccdHandle\000"
 6601      48616E64 
 6601      6C6500
 6602              	.LASF246:
 6603 3c22 4359424C 		.ascii	"CYBLE_EVT_ANCSS_WRITE_CHAR\000"
 6603      455F4556 
 6603      545F414E 
 6603      4353535F 
 6603      57524954 
 6604              	.LASF228:
 6605 3c3d 4359424C 		.ascii	"CYBLE_EVT_GATTC_DISC_SKIPPED_SERVICE\000"
 6605      455F4556 
 6605      545F4741 
 6605      5454435F 
 6605      44495343 
 6606              	.LASF354:
 6607 3c62 4359424C 		.ascii	"CYBLE_EVT_GLSC_INDICATION\000"
 6607      455F4556 
 6607      545F474C 
 6607      53435F49 
 6607      4E444943 
 6608              	.LASF305:
 6609 3c7c 4359424C 		.ascii	"CYBLE_EVT_CPSS_BROADCAST_DISABLED\000"
 6609      455F4556 
 6609      545F4350 
 6609      53535F42 
 6609      524F4144 
 6610              	.LASF166:
 6611 3c9e 61747449 		.ascii	"attId\000"
 6611      6400
 6612              	.LASF91:
 6613 3ca4 4359424C 		.ascii	"CYBLE_ERROR_INVALID_OPERATION\000"
 6613      455F4552 
 6613      524F525F 
 6613      494E5641 
 6613      4C49445F 
 6614              	.LASF21:
 6615 3cc2 4359424C 		.ascii	"CYBLE_EVT_HCI_STATUS\000"
 6615      455F4556 
 6615      545F4843 
 6615      495F5354 
 6615      41545553 
 6616              	.LASF50:
 6617 3cd7 4359424C 		.ascii	"CYBLE_EVT_GATT_DISCONNECT_IND\000"
 6617      455F4556 
 6617      545F4741 
 6617      54545F44 
ARM GAS  C:\Users\alexport\AppData\Local\Temp\ccKIFySF.s 			page 166


 6617      4953434F 
 6618              	.LASF214:
 6619 3cf5 4359424C 		.ascii	"CYBLE_KEY_EXCHANGE_INFO_REQUEST_REPLY\000"
 6619      455F4B45 
 6619      595F4558 
 6619      4348414E 
 6619      47455F49 
 6620              	.LASF83:
 6621 3d1b 4359424C 		.ascii	"CYBLE_EVT_L2CAP_CBFC_DATA_WRITE_IND\000"
 6621      455F4556 
 6621      545F4C32 
 6621      4341505F 
 6621      43424643 
 6622              	.LASF212:
 6623 3d3f 4359424C 		.ascii	"CYBLE_PASSKEY_ENTRY_REQUEST_REPLY\000"
 6623      455F5041 
 6623      53534B45 
 6623      595F454E 
 6623      5452595F 
 6624              	.LASF272:
 6625 3d61 4359424C 		.ascii	"CYBLE_EVT_BCSC_WRITE_DESCR_RESPONSE\000"
 6625      455F4556 
 6625      545F4243 
 6625      53435F57 
 6625      52495445 
 6626              	.LASF501:
 6627 3d85 4359424C 		.ascii	"CYBLE_EVT_WSSC_READ_CHAR_RESPONSE\000"
 6627      455F4556 
 6627      545F5753 
 6627      53435F52 
 6627      4541445F 
 6628              	.LASF72:
 6629 3da7 4359424C 		.ascii	"CYBLE_EVT_GATTC_LONG_PROCEDURE_END\000"
 6629      455F4556 
 6629      545F4741 
 6629      5454435F 
 6629      4C4F4E47 
 6630              	.LASF255:
 6631 3dca 4359424C 		.ascii	"CYBLE_EVT_ANSC_NOTIFICATION\000"
 6631      455F4556 
 6631      545F414E 
 6631      53435F4E 
 6631      4F544946 
 6632              	.LASF32:
 6633 3de6 4359424C 		.ascii	"CYBLE_EVT_GAP_DEVICE_DISCONNECTED\000"
 6633      455F4556 
 6633      545F4741 
 6633      505F4445 
 6633      56494345 
 6634              	.LASF362:
 6635 3e08 4359424C 		.ascii	"CYBLE_EVT_HIDSS_BOOT_MODE_ENTER\000"
 6635      455F4556 
 6635      545F4849 
 6635      4453535F 
 6635      424F4F54 
 6636              	.LASF68:
 6637 3e28 4359424C 		.ascii	"CYBLE_EVT_GATTS_HANDLE_VALUE_CNF\000"
ARM GAS  C:\Users\alexport\AppData\Local\Temp\ccKIFySF.s 			page 167


 6637      455F4556 
 6637      545F4741 
 6637      5454535F 
 6637      48414E44 
 6638              	.LASF403:
 6639 3e49 4359424C 		.ascii	"CYBLE_EVT_IPSC_READ_MULTIPLE_CHAR_RESPONSE\000"
 6639      455F4556 
 6639      545F4950 
 6639      53435F52 
 6639      4541445F 
 6640              	.LASF324:
 6641 3e74 4359424C 		.ascii	"CYBLE_EVT_CSCSC_READ_DESCR_RESPONSE\000"
 6641      455F4556 
 6641      545F4353 
 6641      4353435F 
 6641      52454144 
 6642              	.LASF10:
 6643 3e98 75696E74 		.ascii	"uint16\000"
 6643      313600
 6644              	.LASF248:
 6645 3e9f 4359424C 		.ascii	"CYBLE_EVT_ANCSC_WRITE_CHAR_RESPONSE\000"
 6645      455F4556 
 6645      545F414E 
 6645      4353435F 
 6645      57524954 
 6646              	.LASF99:
 6647 3ec3 4359424C 		.ascii	"CYBLE_ERROR_TX_POWER_READ\000"
 6647      455F4552 
 6647      524F525F 
 6647      54585F50 
 6647      4F574552 
 6648              	.LASF445:
 6649 3edd 4359424C 		.ascii	"CYBLE_EVT_RSCSS_NOTIFICATION_ENABLED\000"
 6649      455F4556 
 6649      545F5253 
 6649      4353535F 
 6649      4E4F5449 
 6650              	.LASF253:
 6651 3f02 4359424C 		.ascii	"CYBLE_EVT_ANSS_NOTIFICATION_DISABLED\000"
 6651      455F4556 
 6651      545F414E 
 6651      53535F4E 
 6651      4F544946 
 6652              	.LASF395:
 6653 3f27 4359424C 		.ascii	"CYBLE_EVT_HTSC_INDICATION\000"
 6653      455F4556 
 6653      545F4854 
 6653      53435F49 
 6653      4E444943 
 6654              	.LASF360:
 6655 3f41 4359424C 		.ascii	"CYBLE_EVT_HIDSS_NOTIFICATION_ENABLED\000"
 6655      455F4556 
 6655      545F4849 
 6655      4453535F 
 6655      4E4F5449 
 6656              	.LASF392:
 6657 3f66 4359424C 		.ascii	"CYBLE_EVT_HTSS_INDICATION_CONFIRMED\000"
ARM GAS  C:\Users\alexport\AppData\Local\Temp\ccKIFySF.s 			page 168


 6657      455F4556 
 6657      545F4854 
 6657      53535F49 
 6657      4E444943 
 6658              	.LASF231:
 6659 3f8a 4359424C 		.ascii	"CYBLE_EVT_AIOSS_NOTIFICATION_DISABLED\000"
 6659      455F4556 
 6659      545F4149 
 6659      4F53535F 
 6659      4E4F5449 
 6660              	.LASF489:
 6661 3fb0 4359424C 		.ascii	"CYBLE_EVT_WPTSS_INDICATION_CONFIRMED\000"
 6661      455F4556 
 6661      545F5750 
 6661      5453535F 
 6661      494E4449 
 6662              	.LASF382:
 6663 3fd5 4359424C 		.ascii	"CYBLE_EVT_HRSS_NOTIFICATION_DISABLED\000"
 6663      455F4556 
 6663      545F4852 
 6663      53535F4E 
 6663      4F544946 
 6664              		.ident	"GCC: (GNU Tools for ARM Embedded Processors) 5.4.1 20160609 (release) [ARM/embedded-5-bran
