ARM GAS  C:\Users\alexport\AppData\Local\Temp\cc9b1i3n.s 			page 1


   1              		.syntax unified
   2              		.cpu cortex-m0
   3              		.fpu softvfp
   4              		.eabi_attribute 20, 1
   5              		.eabi_attribute 21, 1
   6              		.eabi_attribute 23, 3
   7              		.eabi_attribute 24, 1
   8              		.eabi_attribute 25, 1
   9              		.eabi_attribute 26, 1
  10              		.eabi_attribute 30, 6
  11              		.eabi_attribute 34, 0
  12              		.eabi_attribute 18, 4
  13              		.thumb
  14              		.syntax unified
  15              		.file	"cyfitter_cfg.c"
  16              		.text
  17              	.Ltext0:
  18              		.cfi_sections	.debug_frame
  19              		.section	.text.CYMEMZERO,"ax",%progbits
  20              		.align	2
  21              		.code	16
  22              		.thumb_func
  23              		.type	CYMEMZERO, %function
  24              	CYMEMZERO:
  25              	.LFB2:
  26              		.file 1 "Generated_Source\\PSoC4\\cyfitter_cfg.c"
   1:Generated_Source\PSoC4/cyfitter_cfg.c **** 
   2:Generated_Source\PSoC4/cyfitter_cfg.c **** /*******************************************************************************
   3:Generated_Source\PSoC4/cyfitter_cfg.c **** * File Name: cyfitter_cfg.c
   4:Generated_Source\PSoC4/cyfitter_cfg.c **** * 
   5:Generated_Source\PSoC4/cyfitter_cfg.c **** * PSoC Creator  4.4
   6:Generated_Source\PSoC4/cyfitter_cfg.c **** *
   7:Generated_Source\PSoC4/cyfitter_cfg.c **** * Description:
   8:Generated_Source\PSoC4/cyfitter_cfg.c **** * This file contains device initialization code.
   9:Generated_Source\PSoC4/cyfitter_cfg.c **** * Except for the user defined sections in CyClockStartupError(), this file should not be modified.
  10:Generated_Source\PSoC4/cyfitter_cfg.c **** * This file is automatically generated by PSoC Creator.
  11:Generated_Source\PSoC4/cyfitter_cfg.c **** *
  12:Generated_Source\PSoC4/cyfitter_cfg.c **** ********************************************************************************
  13:Generated_Source\PSoC4/cyfitter_cfg.c **** * Copyright (c) 2007-2020 Cypress Semiconductor.  All rights reserved.
  14:Generated_Source\PSoC4/cyfitter_cfg.c **** * You may use this file only in accordance with the license, terms, conditions, 
  15:Generated_Source\PSoC4/cyfitter_cfg.c **** * disclaimers, and limitations in the end user license agreement accompanying 
  16:Generated_Source\PSoC4/cyfitter_cfg.c **** * the software package with which this file was provided.
  17:Generated_Source\PSoC4/cyfitter_cfg.c **** ********************************************************************************/
  18:Generated_Source\PSoC4/cyfitter_cfg.c **** 
  19:Generated_Source\PSoC4/cyfitter_cfg.c **** #include <string.h>
  20:Generated_Source\PSoC4/cyfitter_cfg.c **** #include "cytypes.h"
  21:Generated_Source\PSoC4/cyfitter_cfg.c **** #include "cydevice_trm.h"
  22:Generated_Source\PSoC4/cyfitter_cfg.c **** #include "cyfitter.h"
  23:Generated_Source\PSoC4/cyfitter_cfg.c **** #include "CyLib.h"
  24:Generated_Source\PSoC4/cyfitter_cfg.c **** #include "cyfitter_cfg.h"
  25:Generated_Source\PSoC4/cyfitter_cfg.c **** #include "cyapicallbacks.h"
  26:Generated_Source\PSoC4/cyfitter_cfg.c **** 
  27:Generated_Source\PSoC4/cyfitter_cfg.c **** 
  28:Generated_Source\PSoC4/cyfitter_cfg.c **** #if defined(__GNUC__) || defined(__ARMCC_VERSION)
  29:Generated_Source\PSoC4/cyfitter_cfg.c ****     #define CYPACKED 
  30:Generated_Source\PSoC4/cyfitter_cfg.c ****     #define CYPACKED_ATTR __attribute__ ((packed))
  31:Generated_Source\PSoC4/cyfitter_cfg.c ****     #define CYALIGNED __attribute__ ((aligned))
ARM GAS  C:\Users\alexport\AppData\Local\Temp\cc9b1i3n.s 			page 2


  32:Generated_Source\PSoC4/cyfitter_cfg.c ****     #define CY_CFG_UNUSED __attribute__ ((unused))
  33:Generated_Source\PSoC4/cyfitter_cfg.c ****     #ifndef CY_CFG_SECTION
  34:Generated_Source\PSoC4/cyfitter_cfg.c ****         #define CY_CFG_SECTION __attribute__ ((section(".psocinit")))
  35:Generated_Source\PSoC4/cyfitter_cfg.c ****     #endif
  36:Generated_Source\PSoC4/cyfitter_cfg.c ****     
  37:Generated_Source\PSoC4/cyfitter_cfg.c ****     #if defined(__ARMCC_VERSION)
  38:Generated_Source\PSoC4/cyfitter_cfg.c ****         #define CY_CFG_MEMORY_BARRIER() __memory_changed()
  39:Generated_Source\PSoC4/cyfitter_cfg.c ****     #else
  40:Generated_Source\PSoC4/cyfitter_cfg.c ****         #define CY_CFG_MEMORY_BARRIER() __sync_synchronize()
  41:Generated_Source\PSoC4/cyfitter_cfg.c ****     #endif
  42:Generated_Source\PSoC4/cyfitter_cfg.c ****     
  43:Generated_Source\PSoC4/cyfitter_cfg.c **** #elif defined(__ICCARM__)
  44:Generated_Source\PSoC4/cyfitter_cfg.c ****     #include <intrinsics.h>
  45:Generated_Source\PSoC4/cyfitter_cfg.c **** 
  46:Generated_Source\PSoC4/cyfitter_cfg.c ****     #define CYPACKED __packed
  47:Generated_Source\PSoC4/cyfitter_cfg.c ****     #define CYPACKED_ATTR 
  48:Generated_Source\PSoC4/cyfitter_cfg.c ****     #define CYALIGNED _Pragma("data_alignment=4")
  49:Generated_Source\PSoC4/cyfitter_cfg.c ****     #define CY_CFG_UNUSED _Pragma("diag_suppress=Pe177")
  50:Generated_Source\PSoC4/cyfitter_cfg.c ****     #define CY_CFG_SECTION _Pragma("location=\".psocinit\"")
  51:Generated_Source\PSoC4/cyfitter_cfg.c ****     
  52:Generated_Source\PSoC4/cyfitter_cfg.c ****     #define CY_CFG_MEMORY_BARRIER() __DMB()
  53:Generated_Source\PSoC4/cyfitter_cfg.c ****     
  54:Generated_Source\PSoC4/cyfitter_cfg.c **** #else
  55:Generated_Source\PSoC4/cyfitter_cfg.c ****     #error Unsupported toolchain
  56:Generated_Source\PSoC4/cyfitter_cfg.c **** #endif
  57:Generated_Source\PSoC4/cyfitter_cfg.c **** 
  58:Generated_Source\PSoC4/cyfitter_cfg.c **** #ifndef CYCODE
  59:Generated_Source\PSoC4/cyfitter_cfg.c ****     #define CYCODE
  60:Generated_Source\PSoC4/cyfitter_cfg.c **** #endif
  61:Generated_Source\PSoC4/cyfitter_cfg.c **** #ifndef CYDATA
  62:Generated_Source\PSoC4/cyfitter_cfg.c ****     #define CYDATA
  63:Generated_Source\PSoC4/cyfitter_cfg.c **** #endif
  64:Generated_Source\PSoC4/cyfitter_cfg.c **** #ifndef CYFAR
  65:Generated_Source\PSoC4/cyfitter_cfg.c ****     #define CYFAR
  66:Generated_Source\PSoC4/cyfitter_cfg.c **** #endif
  67:Generated_Source\PSoC4/cyfitter_cfg.c **** #ifndef CYXDATA
  68:Generated_Source\PSoC4/cyfitter_cfg.c ****     #define CYXDATA
  69:Generated_Source\PSoC4/cyfitter_cfg.c **** #endif
  70:Generated_Source\PSoC4/cyfitter_cfg.c **** 
  71:Generated_Source\PSoC4/cyfitter_cfg.c **** 
  72:Generated_Source\PSoC4/cyfitter_cfg.c **** CY_CFG_UNUSED
  73:Generated_Source\PSoC4/cyfitter_cfg.c **** static void CYMEMZERO(void *s, size_t n);
  74:Generated_Source\PSoC4/cyfitter_cfg.c **** CY_CFG_UNUSED
  75:Generated_Source\PSoC4/cyfitter_cfg.c **** static void CYMEMZERO(void *s, size_t n)
  76:Generated_Source\PSoC4/cyfitter_cfg.c **** {
  27              		.loc 1 76 0
  28              		.cfi_startproc
  29              		@ args = 0, pretend = 0, frame = 8
  30              		@ frame_needed = 1, uses_anonymous_args = 0
  31 0000 80B5     		push	{r7, lr}
  32              		.cfi_def_cfa_offset 8
  33              		.cfi_offset 7, -8
  34              		.cfi_offset 14, -4
  35 0002 82B0     		sub	sp, sp, #8
  36              		.cfi_def_cfa_offset 16
  37 0004 00AF     		add	r7, sp, #0
  38              		.cfi_def_cfa_register 7
ARM GAS  C:\Users\alexport\AppData\Local\Temp\cc9b1i3n.s 			page 3


  39 0006 7860     		str	r0, [r7, #4]
  40 0008 3960     		str	r1, [r7]
  77:Generated_Source\PSoC4/cyfitter_cfg.c **** 	(void)memset(s, 0, n);
  41              		.loc 1 77 0
  42 000a 3A68     		ldr	r2, [r7]
  43 000c 7B68     		ldr	r3, [r7, #4]
  44 000e 0021     		movs	r1, #0
  45 0010 1800     		movs	r0, r3
  46 0012 FFF7FEFF 		bl	memset
  78:Generated_Source\PSoC4/cyfitter_cfg.c **** }
  47              		.loc 1 78 0
  48 0016 C046     		nop
  49 0018 BD46     		mov	sp, r7
  50 001a 02B0     		add	sp, sp, #8
  51              		@ sp needed
  52 001c 80BD     		pop	{r7, pc}
  53              		.cfi_endproc
  54              	.LFE2:
  55              		.size	CYMEMZERO, .-CYMEMZERO
  56 001e C046     		.section	.text.CYCONFIGCPY,"ax",%progbits
  57              		.align	2
  58              		.code	16
  59              		.thumb_func
  60              		.type	CYCONFIGCPY, %function
  61              	CYCONFIGCPY:
  62              	.LFB3:
  79:Generated_Source\PSoC4/cyfitter_cfg.c **** CY_CFG_UNUSED
  80:Generated_Source\PSoC4/cyfitter_cfg.c **** static void CYCONFIGCPY(void *dest, const void *src, size_t n);
  81:Generated_Source\PSoC4/cyfitter_cfg.c **** CY_CFG_UNUSED
  82:Generated_Source\PSoC4/cyfitter_cfg.c **** static void CYCONFIGCPY(void *dest, const void *src, size_t n)
  83:Generated_Source\PSoC4/cyfitter_cfg.c **** {
  63              		.loc 1 83 0
  64              		.cfi_startproc
  65              		@ args = 0, pretend = 0, frame = 16
  66              		@ frame_needed = 1, uses_anonymous_args = 0
  67 0000 80B5     		push	{r7, lr}
  68              		.cfi_def_cfa_offset 8
  69              		.cfi_offset 7, -8
  70              		.cfi_offset 14, -4
  71 0002 84B0     		sub	sp, sp, #16
  72              		.cfi_def_cfa_offset 24
  73 0004 00AF     		add	r7, sp, #0
  74              		.cfi_def_cfa_register 7
  75 0006 F860     		str	r0, [r7, #12]
  76 0008 B960     		str	r1, [r7, #8]
  77 000a 7A60     		str	r2, [r7, #4]
  84:Generated_Source\PSoC4/cyfitter_cfg.c **** 	(void)memcpy(dest, src, n);
  78              		.loc 1 84 0
  79 000c 7A68     		ldr	r2, [r7, #4]
  80 000e B968     		ldr	r1, [r7, #8]
  81 0010 FB68     		ldr	r3, [r7, #12]
  82 0012 1800     		movs	r0, r3
  83 0014 FFF7FEFF 		bl	memcpy
  85:Generated_Source\PSoC4/cyfitter_cfg.c **** }
  84              		.loc 1 85 0
  85 0018 C046     		nop
  86 001a BD46     		mov	sp, r7
ARM GAS  C:\Users\alexport\AppData\Local\Temp\cc9b1i3n.s 			page 4


  87 001c 04B0     		add	sp, sp, #16
  88              		@ sp needed
  89 001e 80BD     		pop	{r7, pc}
  90              		.cfi_endproc
  91              	.LFE3:
  92              		.size	CYCONFIGCPY, .-CYCONFIGCPY
  93              		.section	.text.CYCONFIGCPYCODE,"ax",%progbits
  94              		.align	2
  95              		.code	16
  96              		.thumb_func
  97              		.type	CYCONFIGCPYCODE, %function
  98              	CYCONFIGCPYCODE:
  99              	.LFB4:
  86:Generated_Source\PSoC4/cyfitter_cfg.c **** CY_CFG_UNUSED
  87:Generated_Source\PSoC4/cyfitter_cfg.c **** static void CYCONFIGCPYCODE(void *dest, const void *src, size_t n);
  88:Generated_Source\PSoC4/cyfitter_cfg.c **** CY_CFG_UNUSED
  89:Generated_Source\PSoC4/cyfitter_cfg.c **** static void CYCONFIGCPYCODE(void *dest, const void *src, size_t n)
  90:Generated_Source\PSoC4/cyfitter_cfg.c **** {
 100              		.loc 1 90 0
 101              		.cfi_startproc
 102              		@ args = 0, pretend = 0, frame = 16
 103              		@ frame_needed = 1, uses_anonymous_args = 0
 104 0000 80B5     		push	{r7, lr}
 105              		.cfi_def_cfa_offset 8
 106              		.cfi_offset 7, -8
 107              		.cfi_offset 14, -4
 108 0002 84B0     		sub	sp, sp, #16
 109              		.cfi_def_cfa_offset 24
 110 0004 00AF     		add	r7, sp, #0
 111              		.cfi_def_cfa_register 7
 112 0006 F860     		str	r0, [r7, #12]
 113 0008 B960     		str	r1, [r7, #8]
 114 000a 7A60     		str	r2, [r7, #4]
  91:Generated_Source\PSoC4/cyfitter_cfg.c **** 	(void)memcpy(dest, src, n);
 115              		.loc 1 91 0
 116 000c 7A68     		ldr	r2, [r7, #4]
 117 000e B968     		ldr	r1, [r7, #8]
 118 0010 FB68     		ldr	r3, [r7, #12]
 119 0012 1800     		movs	r0, r3
 120 0014 FFF7FEFF 		bl	memcpy
  92:Generated_Source\PSoC4/cyfitter_cfg.c **** }
 121              		.loc 1 92 0
 122 0018 C046     		nop
 123 001a BD46     		mov	sp, r7
 124 001c 04B0     		add	sp, sp, #16
 125              		@ sp needed
 126 001e 80BD     		pop	{r7, pc}
 127              		.cfi_endproc
 128              	.LFE4:
 129              		.size	CYCONFIGCPYCODE, .-CYCONFIGCPYCODE
 130              		.section	.text.cfg_write_bytes32,"ax",%progbits
 131              		.align	2
 132              		.code	16
 133              		.thumb_func
 134              		.type	cfg_write_bytes32, %function
 135              	cfg_write_bytes32:
 136              	.LFB5:
ARM GAS  C:\Users\alexport\AppData\Local\Temp\cc9b1i3n.s 			page 5


  93:Generated_Source\PSoC4/cyfitter_cfg.c **** 
  94:Generated_Source\PSoC4/cyfitter_cfg.c **** 
  95:Generated_Source\PSoC4/cyfitter_cfg.c **** 
  96:Generated_Source\PSoC4/cyfitter_cfg.c **** 
  97:Generated_Source\PSoC4/cyfitter_cfg.c **** /* Clock startup error codes                                                   */
  98:Generated_Source\PSoC4/cyfitter_cfg.c **** #define CYCLOCKSTART_NO_ERROR    0u
  99:Generated_Source\PSoC4/cyfitter_cfg.c **** #define CYCLOCKSTART_XTAL_ERROR  1u
 100:Generated_Source\PSoC4/cyfitter_cfg.c **** #define CYCLOCKSTART_32KHZ_ERROR 2u
 101:Generated_Source\PSoC4/cyfitter_cfg.c **** #define CYCLOCKSTART_PLL_ERROR   3u
 102:Generated_Source\PSoC4/cyfitter_cfg.c **** #define CYCLOCKSTART_FLL_ERROR   4u
 103:Generated_Source\PSoC4/cyfitter_cfg.c **** #define CYCLOCKSTART_WCO_ERROR   5u
 104:Generated_Source\PSoC4/cyfitter_cfg.c **** 
 105:Generated_Source\PSoC4/cyfitter_cfg.c **** 
 106:Generated_Source\PSoC4/cyfitter_cfg.c **** #ifdef CY_NEED_CYCLOCKSTARTUPERROR
 107:Generated_Source\PSoC4/cyfitter_cfg.c **** /*******************************************************************************
 108:Generated_Source\PSoC4/cyfitter_cfg.c **** * Function Name: CyClockStartupError
 109:Generated_Source\PSoC4/cyfitter_cfg.c **** ********************************************************************************
 110:Generated_Source\PSoC4/cyfitter_cfg.c **** * Summary:
 111:Generated_Source\PSoC4/cyfitter_cfg.c **** *  If an error is encountered during clock configuration (crystal startup error,
 112:Generated_Source\PSoC4/cyfitter_cfg.c **** *  PLL lock error, etc.), the system will end up here.  Unless reimplemented by
 113:Generated_Source\PSoC4/cyfitter_cfg.c **** *  the customer, this function will stop in an infinite loop.
 114:Generated_Source\PSoC4/cyfitter_cfg.c **** *
 115:Generated_Source\PSoC4/cyfitter_cfg.c **** * Parameters:
 116:Generated_Source\PSoC4/cyfitter_cfg.c **** *   void
 117:Generated_Source\PSoC4/cyfitter_cfg.c **** *
 118:Generated_Source\PSoC4/cyfitter_cfg.c **** * Return:
 119:Generated_Source\PSoC4/cyfitter_cfg.c **** *   void
 120:Generated_Source\PSoC4/cyfitter_cfg.c **** *
 121:Generated_Source\PSoC4/cyfitter_cfg.c **** *******************************************************************************/
 122:Generated_Source\PSoC4/cyfitter_cfg.c **** CY_CFG_UNUSED
 123:Generated_Source\PSoC4/cyfitter_cfg.c **** static void CyClockStartupError(uint8 errorCode);
 124:Generated_Source\PSoC4/cyfitter_cfg.c **** CY_CFG_UNUSED
 125:Generated_Source\PSoC4/cyfitter_cfg.c **** static void CyClockStartupError(uint8 errorCode)
 126:Generated_Source\PSoC4/cyfitter_cfg.c **** {
 127:Generated_Source\PSoC4/cyfitter_cfg.c ****     /* To remove the compiler warning if errorCode not used.                */
 128:Generated_Source\PSoC4/cyfitter_cfg.c ****     errorCode = errorCode;
 129:Generated_Source\PSoC4/cyfitter_cfg.c **** 
 130:Generated_Source\PSoC4/cyfitter_cfg.c ****     /* If we have a clock startup error (bad MHz crystal, PLL lock, etc.),  */
 131:Generated_Source\PSoC4/cyfitter_cfg.c ****     /* we will end up here to allow the customer to implement something to  */
 132:Generated_Source\PSoC4/cyfitter_cfg.c ****     /* deal with the clock condition.                                       */
 133:Generated_Source\PSoC4/cyfitter_cfg.c **** 
 134:Generated_Source\PSoC4/cyfitter_cfg.c **** #ifdef CY_CFG_CLOCK_STARTUP_ERROR_CALLBACK
 135:Generated_Source\PSoC4/cyfitter_cfg.c ****     CY_CFG_Clock_Startup_ErrorCallback();
 136:Generated_Source\PSoC4/cyfitter_cfg.c **** #else
 137:Generated_Source\PSoC4/cyfitter_cfg.c ****     /*  If not using CY_CFG_CLOCK_STARTUP_ERROR_CALLBACK, place your clock startup code here. */
 138:Generated_Source\PSoC4/cyfitter_cfg.c ****     /* `#START CyClockStartupError` */
 139:Generated_Source\PSoC4/cyfitter_cfg.c **** 
 140:Generated_Source\PSoC4/cyfitter_cfg.c **** 
 141:Generated_Source\PSoC4/cyfitter_cfg.c **** 
 142:Generated_Source\PSoC4/cyfitter_cfg.c ****     /* `#END` */
 143:Generated_Source\PSoC4/cyfitter_cfg.c **** 
 144:Generated_Source\PSoC4/cyfitter_cfg.c ****     while(1) {}
 145:Generated_Source\PSoC4/cyfitter_cfg.c **** #endif /* CY_CFG_CLOCK_STARTUP_ERROR_CALLBACK */
 146:Generated_Source\PSoC4/cyfitter_cfg.c **** }
 147:Generated_Source\PSoC4/cyfitter_cfg.c **** #endif
 148:Generated_Source\PSoC4/cyfitter_cfg.c **** 
 149:Generated_Source\PSoC4/cyfitter_cfg.c **** #define CY_CFG_BASE_ADDR_COUNT 7u
ARM GAS  C:\Users\alexport\AppData\Local\Temp\cc9b1i3n.s 			page 6


 150:Generated_Source\PSoC4/cyfitter_cfg.c **** CYPACKED typedef struct
 151:Generated_Source\PSoC4/cyfitter_cfg.c **** {
 152:Generated_Source\PSoC4/cyfitter_cfg.c **** 	uint8 offset;
 153:Generated_Source\PSoC4/cyfitter_cfg.c **** 	uint8 value;
 154:Generated_Source\PSoC4/cyfitter_cfg.c **** } CYPACKED_ATTR cy_cfg_addrvalue_t;
 155:Generated_Source\PSoC4/cyfitter_cfg.c **** 
 156:Generated_Source\PSoC4/cyfitter_cfg.c **** 
 157:Generated_Source\PSoC4/cyfitter_cfg.c **** 
 158:Generated_Source\PSoC4/cyfitter_cfg.c **** /*******************************************************************************
 159:Generated_Source\PSoC4/cyfitter_cfg.c **** * Function Name: cfg_write_bytes32
 160:Generated_Source\PSoC4/cyfitter_cfg.c **** ********************************************************************************
 161:Generated_Source\PSoC4/cyfitter_cfg.c **** * Summary:
 162:Generated_Source\PSoC4/cyfitter_cfg.c **** *  This function is used for setting up the chip configuration areas that
 163:Generated_Source\PSoC4/cyfitter_cfg.c **** *  contain relatively sparse data.
 164:Generated_Source\PSoC4/cyfitter_cfg.c **** *
 165:Generated_Source\PSoC4/cyfitter_cfg.c **** * Parameters:
 166:Generated_Source\PSoC4/cyfitter_cfg.c **** *   void
 167:Generated_Source\PSoC4/cyfitter_cfg.c **** *
 168:Generated_Source\PSoC4/cyfitter_cfg.c **** * Return:
 169:Generated_Source\PSoC4/cyfitter_cfg.c **** *   void
 170:Generated_Source\PSoC4/cyfitter_cfg.c **** *
 171:Generated_Source\PSoC4/cyfitter_cfg.c **** *******************************************************************************/
 172:Generated_Source\PSoC4/cyfitter_cfg.c **** static void cfg_write_bytes32(const uint32 addr_table[], const cy_cfg_addrvalue_t data_table[]);
 173:Generated_Source\PSoC4/cyfitter_cfg.c **** static void cfg_write_bytes32(const uint32 addr_table[], const cy_cfg_addrvalue_t data_table[])
 174:Generated_Source\PSoC4/cyfitter_cfg.c **** {
 137              		.loc 1 174 0
 138              		.cfi_startproc
 139              		@ args = 0, pretend = 0, frame = 24
 140              		@ frame_needed = 1, uses_anonymous_args = 0
 141 0000 80B5     		push	{r7, lr}
 142              		.cfi_def_cfa_offset 8
 143              		.cfi_offset 7, -8
 144              		.cfi_offset 14, -4
 145 0002 86B0     		sub	sp, sp, #24
 146              		.cfi_def_cfa_offset 32
 147 0004 00AF     		add	r7, sp, #0
 148              		.cfi_def_cfa_register 7
 149 0006 7860     		str	r0, [r7, #4]
 150 0008 3960     		str	r1, [r7]
 175:Generated_Source\PSoC4/cyfitter_cfg.c **** 	/* For 32-bit little-endian architectures */
 176:Generated_Source\PSoC4/cyfitter_cfg.c **** 	uint32 i, j = 0u;
 151              		.loc 1 176 0
 152 000a 0023     		movs	r3, #0
 153 000c 3B61     		str	r3, [r7, #16]
 177:Generated_Source\PSoC4/cyfitter_cfg.c **** 	for (i = 0u; i < CY_CFG_BASE_ADDR_COUNT; i++)
 154              		.loc 1 177 0
 155 000e 0023     		movs	r3, #0
 156 0010 7B61     		str	r3, [r7, #20]
 157 0012 2FE0     		b	.L5
 158              	.L8:
 159              	.LBB2:
 178:Generated_Source\PSoC4/cyfitter_cfg.c **** 	{
 179:Generated_Source\PSoC4/cyfitter_cfg.c **** 		uint32 baseAddr = addr_table[i];
 160              		.loc 1 179 0
 161 0014 7B69     		ldr	r3, [r7, #20]
 162 0016 9B00     		lsls	r3, r3, #2
 163 0018 7A68     		ldr	r2, [r7, #4]
ARM GAS  C:\Users\alexport\AppData\Local\Temp\cc9b1i3n.s 			page 7


 164 001a D318     		adds	r3, r2, r3
 165 001c 1B68     		ldr	r3, [r3]
 166 001e BB60     		str	r3, [r7, #8]
 180:Generated_Source\PSoC4/cyfitter_cfg.c **** 		uint8 count = (uint8)baseAddr;
 167              		.loc 1 180 0
 168 0020 0F23     		movs	r3, #15
 169 0022 FB18     		adds	r3, r7, r3
 170 0024 BA68     		ldr	r2, [r7, #8]
 171 0026 1A70     		strb	r2, [r3]
 181:Generated_Source\PSoC4/cyfitter_cfg.c **** 		baseAddr &= 0xFFFFFF00u;
 172              		.loc 1 181 0
 173 0028 BB68     		ldr	r3, [r7, #8]
 174 002a FF22     		movs	r2, #255
 175 002c 9343     		bics	r3, r2
 176 002e BB60     		str	r3, [r7, #8]
 182:Generated_Source\PSoC4/cyfitter_cfg.c **** 		while (count != 0u)
 177              		.loc 1 182 0
 178 0030 18E0     		b	.L6
 179              	.L7:
 183:Generated_Source\PSoC4/cyfitter_cfg.c **** 		{
 184:Generated_Source\PSoC4/cyfitter_cfg.c **** 			CY_SET_REG8((void *)(baseAddr + data_table[j].offset), data_table[j].value);
 180              		.loc 1 184 0
 181 0032 3B69     		ldr	r3, [r7, #16]
 182 0034 5B00     		lsls	r3, r3, #1
 183 0036 3A68     		ldr	r2, [r7]
 184 0038 D318     		adds	r3, r2, r3
 185 003a 1B78     		ldrb	r3, [r3]
 186 003c 1A00     		movs	r2, r3
 187 003e BB68     		ldr	r3, [r7, #8]
 188 0040 D318     		adds	r3, r2, r3
 189 0042 1900     		movs	r1, r3
 190 0044 3B69     		ldr	r3, [r7, #16]
 191 0046 5B00     		lsls	r3, r3, #1
 192 0048 3A68     		ldr	r2, [r7]
 193 004a D318     		adds	r3, r2, r3
 194 004c 5B78     		ldrb	r3, [r3, #1]
 195 004e 0B70     		strb	r3, [r1]
 185:Generated_Source\PSoC4/cyfitter_cfg.c **** 			j++;
 196              		.loc 1 185 0
 197 0050 3B69     		ldr	r3, [r7, #16]
 198 0052 0133     		adds	r3, r3, #1
 199 0054 3B61     		str	r3, [r7, #16]
 186:Generated_Source\PSoC4/cyfitter_cfg.c **** 			count--;
 200              		.loc 1 186 0
 201 0056 0F23     		movs	r3, #15
 202 0058 FB18     		adds	r3, r7, r3
 203 005a 1A78     		ldrb	r2, [r3]
 204 005c 0F23     		movs	r3, #15
 205 005e FB18     		adds	r3, r7, r3
 206 0060 013A     		subs	r2, r2, #1
 207 0062 1A70     		strb	r2, [r3]
 208              	.L6:
 182:Generated_Source\PSoC4/cyfitter_cfg.c **** 		{
 209              		.loc 1 182 0
 210 0064 0F23     		movs	r3, #15
 211 0066 FB18     		adds	r3, r7, r3
 212 0068 1B78     		ldrb	r3, [r3]
ARM GAS  C:\Users\alexport\AppData\Local\Temp\cc9b1i3n.s 			page 8


 213 006a 002B     		cmp	r3, #0
 214 006c E1D1     		bne	.L7
 215              	.LBE2:
 177:Generated_Source\PSoC4/cyfitter_cfg.c **** 	{
 216              		.loc 1 177 0 discriminator 2
 217 006e 7B69     		ldr	r3, [r7, #20]
 218 0070 0133     		adds	r3, r3, #1
 219 0072 7B61     		str	r3, [r7, #20]
 220              	.L5:
 177:Generated_Source\PSoC4/cyfitter_cfg.c **** 	{
 221              		.loc 1 177 0 is_stmt 0 discriminator 1
 222 0074 7B69     		ldr	r3, [r7, #20]
 223 0076 062B     		cmp	r3, #6
 224 0078 CCD9     		bls	.L8
 187:Generated_Source\PSoC4/cyfitter_cfg.c **** 		}
 188:Generated_Source\PSoC4/cyfitter_cfg.c **** 	}
 189:Generated_Source\PSoC4/cyfitter_cfg.c **** }
 225              		.loc 1 189 0 is_stmt 1
 226 007a C046     		nop
 227 007c BD46     		mov	sp, r7
 228 007e 06B0     		add	sp, sp, #24
 229              		@ sp needed
 230 0080 80BD     		pop	{r7, pc}
 231              		.cfi_endproc
 232              	.LFE5:
 233              		.size	cfg_write_bytes32, .-cfg_write_bytes32
 234 0082 C046     		.section	.psocinit,"ax",%progbits
 235              		.align	2
 236              		.code	16
 237              		.thumb_func
 238              		.type	ClockSetup, %function
 239              	ClockSetup:
 240              	.LFB6:
 190:Generated_Source\PSoC4/cyfitter_cfg.c **** 
 191:Generated_Source\PSoC4/cyfitter_cfg.c **** 
 192:Generated_Source\PSoC4/cyfitter_cfg.c **** /*******************************************************************************
 193:Generated_Source\PSoC4/cyfitter_cfg.c **** * Function Name: ClockSetup
 194:Generated_Source\PSoC4/cyfitter_cfg.c **** ********************************************************************************
 195:Generated_Source\PSoC4/cyfitter_cfg.c **** *
 196:Generated_Source\PSoC4/cyfitter_cfg.c **** * Summary:
 197:Generated_Source\PSoC4/cyfitter_cfg.c **** *   Performs the initialization of all of the clocks in the device based on the
 198:Generated_Source\PSoC4/cyfitter_cfg.c **** *   settings in the Clock tab of the DWR.  This includes enabling the requested
 199:Generated_Source\PSoC4/cyfitter_cfg.c **** *   clocks and setting the necessary dividers to produce the desired frequency. 
 200:Generated_Source\PSoC4/cyfitter_cfg.c **** *
 201:Generated_Source\PSoC4/cyfitter_cfg.c **** * Parameters:
 202:Generated_Source\PSoC4/cyfitter_cfg.c **** *   void
 203:Generated_Source\PSoC4/cyfitter_cfg.c **** *
 204:Generated_Source\PSoC4/cyfitter_cfg.c **** * Return:
 205:Generated_Source\PSoC4/cyfitter_cfg.c **** *   void
 206:Generated_Source\PSoC4/cyfitter_cfg.c **** *
 207:Generated_Source\PSoC4/cyfitter_cfg.c **** *******************************************************************************/
 208:Generated_Source\PSoC4/cyfitter_cfg.c **** static void ClockSetup(void);
 209:Generated_Source\PSoC4/cyfitter_cfg.c **** CY_CFG_SECTION
 210:Generated_Source\PSoC4/cyfitter_cfg.c **** static void ClockSetup(void)
 211:Generated_Source\PSoC4/cyfitter_cfg.c **** {
 241              		.loc 1 211 0
 242              		.cfi_startproc
ARM GAS  C:\Users\alexport\AppData\Local\Temp\cc9b1i3n.s 			page 9


 243              		@ args = 0, pretend = 0, frame = 0
 244              		@ frame_needed = 1, uses_anonymous_args = 0
 245 0000 80B5     		push	{r7, lr}
 246              		.cfi_def_cfa_offset 8
 247              		.cfi_offset 7, -8
 248              		.cfi_offset 14, -4
 249 0002 00AF     		add	r7, sp, #0
 250              		.cfi_def_cfa_register 7
 212:Generated_Source\PSoC4/cyfitter_cfg.c **** 
 213:Generated_Source\PSoC4/cyfitter_cfg.c **** 	/* Set Flash Cycles based on max possible frequency in case a glitch occurs during ClockSetup(). *
 214:Generated_Source\PSoC4/cyfitter_cfg.c **** 	CY_SET_REG32((void CYXDATA *)(CYREG_CPUSS_FLASH_CTL), (0x0012u));
 251              		.loc 1 214 0
 252 0004 344B     		ldr	r3, .L10
 253 0006 1222     		movs	r2, #18
 254 0008 1A60     		str	r2, [r3]
 215:Generated_Source\PSoC4/cyfitter_cfg.c **** 
 216:Generated_Source\PSoC4/cyfitter_cfg.c **** 	/* Start the WCO */
 217:Generated_Source\PSoC4/cyfitter_cfg.c **** 	CySysClkWcoStart();
 255              		.loc 1 217 0
 256 000a FFF7FEFF 		bl	CySysClkWcoStart
 218:Generated_Source\PSoC4/cyfitter_cfg.c **** 	CyDelayCycles(12000000u); /* WCO may take up to 500ms to start */
 257              		.loc 1 218 0
 258 000e 334B     		ldr	r3, .L10+4
 259 0010 1800     		movs	r0, r3
 260 0012 FFF7FEFF 		bl	CyDelayCycles
 219:Generated_Source\PSoC4/cyfitter_cfg.c **** 	(void)CySysClkWcoSetPowerMode(CY_SYS_CLK_WCO_LPM);    /* Switch to the low power mode */
 261              		.loc 1 219 0
 262 0016 0120     		movs	r0, #1
 263 0018 FFF7FEFF 		bl	CySysClkWcoSetPowerMode
 220:Generated_Source\PSoC4/cyfitter_cfg.c **** 
 221:Generated_Source\PSoC4/cyfitter_cfg.c **** 	/* Setup and trim IMO based on desired frequency. */
 222:Generated_Source\PSoC4/cyfitter_cfg.c **** 	CySysClkWriteImoFreq(48u);
 264              		.loc 1 222 0
 265 001c 3020     		movs	r0, #48
 266 001e FFF7FEFF 		bl	CySysClkWriteImoFreq
 223:Generated_Source\PSoC4/cyfitter_cfg.c **** 	/* CYDEV_CLK_ILO_CONFIG Starting address: CYDEV_CLK_ILO_CONFIG */
 224:Generated_Source\PSoC4/cyfitter_cfg.c **** 	CY_SET_REG32((void *)(CYREG_CLK_ILO_CONFIG), 0x80000006u);
 267              		.loc 1 224 0
 268 0022 2F4B     		ldr	r3, .L10+8
 269 0024 2F4A     		ldr	r2, .L10+12
 270 0026 1A60     		str	r2, [r3]
 225:Generated_Source\PSoC4/cyfitter_cfg.c **** 
 226:Generated_Source\PSoC4/cyfitter_cfg.c **** 	/* CYDEV_WDT_CONFIG Starting address: CYDEV_WDT_CONFIG */
 227:Generated_Source\PSoC4/cyfitter_cfg.c **** 	CY_SET_REG32((void *)(CYREG_WDT_CONFIG), 0x40000000u);
 271              		.loc 1 227 0
 272 0028 2F4B     		ldr	r3, .L10+16
 273 002a 8022     		movs	r2, #128
 274 002c D205     		lsls	r2, r2, #23
 275 002e 1A60     		str	r2, [r3]
 228:Generated_Source\PSoC4/cyfitter_cfg.c **** 
 229:Generated_Source\PSoC4/cyfitter_cfg.c **** 
 230:Generated_Source\PSoC4/cyfitter_cfg.c **** 	/* Enable fast start mode for XO */
 231:Generated_Source\PSoC4/cyfitter_cfg.c **** 	CY_SET_REG32((void*)CYREG_BLE_BLERD_BB_XO, CY_GET_REG32((void*)CYREG_BLE_BLERD_BB_XO) | (uint32)0x
 276              		.loc 1 231 0
 277 0030 2E4B     		ldr	r3, .L10+20
 278 0032 2E4A     		ldr	r2, .L10+20
 279 0034 1268     		ldr	r2, [r2]
ARM GAS  C:\Users\alexport\AppData\Local\Temp\cc9b1i3n.s 			page 10


 280 0036 0221     		movs	r1, #2
 281 0038 0A43     		orrs	r2, r1
 282 003a 1A60     		str	r2, [r3]
 232:Generated_Source\PSoC4/cyfitter_cfg.c **** 	CY_SET_REG32((void *)(CYREG_BLE_BLERD_BB_XO_CAPTRIM), 0x00005555u);
 283              		.loc 1 232 0
 284 003c 2C4B     		ldr	r3, .L10+24
 285 003e 2D4A     		ldr	r2, .L10+28
 286 0040 1A60     		str	r2, [r3]
 233:Generated_Source\PSoC4/cyfitter_cfg.c **** 	/*Set XTAL(ECO) divider*/
 234:Generated_Source\PSoC4/cyfitter_cfg.c **** 	CY_SET_REG32((void *)(CYREG_BLE_BLESS_XTAL_CLK_DIV_CONFIG), 0x00000000u);
 287              		.loc 1 234 0
 288 0042 2D4B     		ldr	r3, .L10+32
 289 0044 0022     		movs	r2, #0
 290 0046 1A60     		str	r2, [r3]
 235:Generated_Source\PSoC4/cyfitter_cfg.c **** 	/* Disable Crystal Stable Interrupt before enabling ECO */
 236:Generated_Source\PSoC4/cyfitter_cfg.c **** 	CY_SET_REG32((void*)CYREG_BLE_BLESS_LL_DSM_CTRL, CY_GET_REG32((void*)CYREG_BLE_BLESS_LL_DSM_CTRL) 
 291              		.loc 1 236 0
 292 0048 2C4B     		ldr	r3, .L10+36
 293 004a 2C4A     		ldr	r2, .L10+36
 294 004c 1268     		ldr	r2, [r2]
 295 004e 0821     		movs	r1, #8
 296 0050 8A43     		bics	r2, r1
 297 0052 1A60     		str	r2, [r3]
 237:Generated_Source\PSoC4/cyfitter_cfg.c **** 	/* Start the ECO and do not check status since it is not needed for HFCLK */
 238:Generated_Source\PSoC4/cyfitter_cfg.c **** 	(void)CySysClkEcoStart(2000u);
 298              		.loc 1 238 0
 299 0054 FA23     		movs	r3, #250
 300 0056 DB00     		lsls	r3, r3, #3
 301 0058 1800     		movs	r0, r3
 302 005a FFF7FEFF 		bl	CySysClkEcoStart
 239:Generated_Source\PSoC4/cyfitter_cfg.c **** 	CyDelayUs(1500u); /* Wait to stabilize */
 303              		.loc 1 239 0
 304 005e 284B     		ldr	r3, .L10+40
 305 0060 1800     		movs	r0, r3
 306 0062 FFF7FEFF 		bl	CyDelayUs
 240:Generated_Source\PSoC4/cyfitter_cfg.c **** 
 241:Generated_Source\PSoC4/cyfitter_cfg.c **** 	/* Setup phase aligned clocks */
 242:Generated_Source\PSoC4/cyfitter_cfg.c **** 	CY_SET_REG32((void *)CYREG_PERI_DIV_16_CTL0, 0x00000300u);
 307              		.loc 1 242 0
 308 0066 274B     		ldr	r3, .L10+44
 309 0068 C022     		movs	r2, #192
 310 006a 9200     		lsls	r2, r2, #2
 311 006c 1A60     		str	r2, [r3]
 243:Generated_Source\PSoC4/cyfitter_cfg.c **** 	CY_SET_REG32((void *)CYREG_PERI_DIV_CMD, 0x8000FF40u);
 312              		.loc 1 243 0
 313 006e 264B     		ldr	r3, .L10+48
 314 0070 264A     		ldr	r2, .L10+52
 315 0072 1A60     		str	r2, [r3]
 244:Generated_Source\PSoC4/cyfitter_cfg.c **** 	CY_SET_REG32((void *)CYREG_PERI_DIV_16_CTL3, 0x00BB7F00u);
 316              		.loc 1 244 0
 317 0074 264B     		ldr	r3, .L10+56
 318 0076 274A     		ldr	r2, .L10+60
 319 0078 1A60     		str	r2, [r3]
 245:Generated_Source\PSoC4/cyfitter_cfg.c **** 	CY_SET_REG32((void *)CYREG_PERI_DIV_CMD, 0x8000FF43u);
 320              		.loc 1 245 0
 321 007a 234B     		ldr	r3, .L10+48
 322 007c 264A     		ldr	r2, .L10+64
ARM GAS  C:\Users\alexport\AppData\Local\Temp\cc9b1i3n.s 			page 11


 323 007e 1A60     		str	r2, [r3]
 246:Generated_Source\PSoC4/cyfitter_cfg.c **** 	CY_SET_REG32((void *)CYREG_PERI_DIV_16_CTL2, 0x0001F300u);
 324              		.loc 1 246 0
 325 0080 264B     		ldr	r3, .L10+68
 326 0082 274A     		ldr	r2, .L10+72
 327 0084 1A60     		str	r2, [r3]
 247:Generated_Source\PSoC4/cyfitter_cfg.c **** 	CY_SET_REG32((void *)CYREG_PERI_DIV_CMD, 0x8000FF42u);
 328              		.loc 1 247 0
 329 0086 204B     		ldr	r3, .L10+48
 330 0088 264A     		ldr	r2, .L10+76
 331 008a 1A60     		str	r2, [r3]
 248:Generated_Source\PSoC4/cyfitter_cfg.c **** 	CY_SET_REG32((void *)CYREG_PERI_DIV_16_CTL1, 0x00001D00u);
 332              		.loc 1 248 0
 333 008c 264B     		ldr	r3, .L10+80
 334 008e E822     		movs	r2, #232
 335 0090 5201     		lsls	r2, r2, #5
 336 0092 1A60     		str	r2, [r3]
 249:Generated_Source\PSoC4/cyfitter_cfg.c **** 	CY_SET_REG32((void *)CYREG_PERI_DIV_CMD, 0x8000FF41u);
 337              		.loc 1 249 0
 338 0094 1C4B     		ldr	r3, .L10+48
 339 0096 254A     		ldr	r2, .L10+84
 340 0098 1A60     		str	r2, [r3]
 250:Generated_Source\PSoC4/cyfitter_cfg.c **** 
 251:Generated_Source\PSoC4/cyfitter_cfg.c **** 	/* CYDEV_CLK_IMO_CONFIG Starting address: CYDEV_CLK_IMO_CONFIG */
 252:Generated_Source\PSoC4/cyfitter_cfg.c **** 	CY_SET_REG32((void *)(CYREG_CLK_IMO_CONFIG), 0x80000000u);
 341              		.loc 1 252 0
 342 009a 254B     		ldr	r3, .L10+88
 343 009c 8022     		movs	r2, #128
 344 009e 1206     		lsls	r2, r2, #24
 345 00a0 1A60     		str	r2, [r3]
 253:Generated_Source\PSoC4/cyfitter_cfg.c **** 
 254:Generated_Source\PSoC4/cyfitter_cfg.c **** 	/* CYDEV_CLK_SELECT Starting address: CYDEV_CLK_SELECT */
 255:Generated_Source\PSoC4/cyfitter_cfg.c **** 	CY_SET_REG32((void *)(CYREG_CLK_SELECT), 0x00040000u);
 346              		.loc 1 255 0
 347 00a2 244B     		ldr	r3, .L10+92
 348 00a4 8022     		movs	r2, #128
 349 00a6 D202     		lsls	r2, r2, #11
 350 00a8 1A60     		str	r2, [r3]
 256:Generated_Source\PSoC4/cyfitter_cfg.c **** 
 257:Generated_Source\PSoC4/cyfitter_cfg.c **** 	/* CYDEV_PERI_PCLK_CTL11 Starting address: CYDEV_PERI_PCLK_CTL11 */
 258:Generated_Source\PSoC4/cyfitter_cfg.c **** 	CY_SET_REG32((void *)(CYREG_PERI_PCLK_CTL11), 0x00000040u);
 351              		.loc 1 258 0
 352 00aa 234B     		ldr	r3, .L10+96
 353 00ac 4022     		movs	r2, #64
 354 00ae 1A60     		str	r2, [r3]
 259:Generated_Source\PSoC4/cyfitter_cfg.c **** 
 260:Generated_Source\PSoC4/cyfitter_cfg.c **** 	/* CYDEV_PERI_PCLK_CTL8 Starting address: CYDEV_PERI_PCLK_CTL8 */
 261:Generated_Source\PSoC4/cyfitter_cfg.c **** 	CY_SET_REG32((void *)(CYREG_PERI_PCLK_CTL8), 0x00000043u);
 355              		.loc 1 261 0
 356 00b0 224B     		ldr	r3, .L10+100
 357 00b2 4322     		movs	r2, #67
 358 00b4 1A60     		str	r2, [r3]
 262:Generated_Source\PSoC4/cyfitter_cfg.c **** 
 263:Generated_Source\PSoC4/cyfitter_cfg.c **** 	/* CYDEV_PERI_PCLK_CTL7 Starting address: CYDEV_PERI_PCLK_CTL7 */
 264:Generated_Source\PSoC4/cyfitter_cfg.c **** 	CY_SET_REG32((void *)(CYREG_PERI_PCLK_CTL7), 0x00000043u);
 359              		.loc 1 264 0
 360 00b6 224B     		ldr	r3, .L10+104
ARM GAS  C:\Users\alexport\AppData\Local\Temp\cc9b1i3n.s 			page 12


 361 00b8 4322     		movs	r2, #67
 362 00ba 1A60     		str	r2, [r3]
 265:Generated_Source\PSoC4/cyfitter_cfg.c **** 
 266:Generated_Source\PSoC4/cyfitter_cfg.c **** 	/* CYDEV_PERI_PCLK_CTL2 Starting address: CYDEV_PERI_PCLK_CTL2 */
 267:Generated_Source\PSoC4/cyfitter_cfg.c **** 	CY_SET_REG32((void *)(CYREG_PERI_PCLK_CTL2), 0x00000042u);
 363              		.loc 1 267 0
 364 00bc 214B     		ldr	r3, .L10+108
 365 00be 4222     		movs	r2, #66
 366 00c0 1A60     		str	r2, [r3]
 268:Generated_Source\PSoC4/cyfitter_cfg.c **** 
 269:Generated_Source\PSoC4/cyfitter_cfg.c **** 	/* CYDEV_PERI_PCLK_CTL1 Starting address: CYDEV_PERI_PCLK_CTL1 */
 270:Generated_Source\PSoC4/cyfitter_cfg.c **** 	CY_SET_REG32((void *)(CYREG_PERI_PCLK_CTL1), 0x00000041u);
 367              		.loc 1 270 0
 368 00c2 214B     		ldr	r3, .L10+112
 369 00c4 4122     		movs	r2, #65
 370 00c6 1A60     		str	r2, [r3]
 271:Generated_Source\PSoC4/cyfitter_cfg.c **** 
 272:Generated_Source\PSoC4/cyfitter_cfg.c **** 	CY_SET_REG32((void *)(CYREG_WDT_CONFIG), 0x40000000u);
 371              		.loc 1 272 0
 372 00c8 074B     		ldr	r3, .L10+16
 373 00ca 8022     		movs	r2, #128
 374 00cc D205     		lsls	r2, r2, #23
 375 00ce 1A60     		str	r2, [r3]
 273:Generated_Source\PSoC4/cyfitter_cfg.c **** }
 376              		.loc 1 273 0
 377 00d0 C046     		nop
 378 00d2 BD46     		mov	sp, r7
 379              		@ sp needed
 380 00d4 80BD     		pop	{r7, pc}
 381              	.L11:
 382 00d6 C046     		.align	2
 383              	.L10:
 384 00d8 30001040 		.word	1074790448
 385 00dc 001BB700 		.word	12000000
 386 00e0 04010B40 		.word	1074462980
 387 00e4 06000080 		.word	-2147483642
 388 00e8 0C020B40 		.word	1074463244
 389 00ec 78002E40 		.word	1076756600
 390 00f0 7C002E40 		.word	1076756604
 391 00f4 55550000 		.word	21845
 392 00f8 64F02E40 		.word	1076818020
 393 00fc 6CF02E40 		.word	1076818028
 394 0100 DC050000 		.word	1500
 395 0104 00030140 		.word	1073808128
 396 0108 00000140 		.word	1073807360
 397 010c 40FF0080 		.word	-2147418304
 398 0110 0C030140 		.word	1073808140
 399 0114 007FBB00 		.word	12287744
 400 0118 43FF0080 		.word	-2147418301
 401 011c 08030140 		.word	1073808136
 402 0120 00F30100 		.word	127744
 403 0124 42FF0080 		.word	-2147418302
 404 0128 04030140 		.word	1073808132
 405 012c 41FF0080 		.word	-2147418303
 406 0130 08010B40 		.word	1074462984
 407 0134 00010B40 		.word	1074462976
 408 0138 2C010140 		.word	1073807660
ARM GAS  C:\Users\alexport\AppData\Local\Temp\cc9b1i3n.s 			page 13


 409 013c 20010140 		.word	1073807648
 410 0140 1C010140 		.word	1073807644
 411 0144 08010140 		.word	1073807624
 412 0148 04010140 		.word	1073807620
 413              		.cfi_endproc
 414              	.LFE6:
 415              		.size	ClockSetup, .-ClockSetup
 416              		.section	.text.AnalogSetDefault,"ax",%progbits
 417              		.align	2
 418              		.code	16
 419              		.thumb_func
 420              		.type	AnalogSetDefault, %function
 421              	AnalogSetDefault:
 422              	.LFB7:
 274:Generated_Source\PSoC4/cyfitter_cfg.c **** 
 275:Generated_Source\PSoC4/cyfitter_cfg.c **** 
 276:Generated_Source\PSoC4/cyfitter_cfg.c **** /* Analog API Functions */
 277:Generated_Source\PSoC4/cyfitter_cfg.c **** 
 278:Generated_Source\PSoC4/cyfitter_cfg.c **** 
 279:Generated_Source\PSoC4/cyfitter_cfg.c **** /*******************************************************************************
 280:Generated_Source\PSoC4/cyfitter_cfg.c **** * Function Name: AnalogSetDefault
 281:Generated_Source\PSoC4/cyfitter_cfg.c **** ********************************************************************************
 282:Generated_Source\PSoC4/cyfitter_cfg.c **** *
 283:Generated_Source\PSoC4/cyfitter_cfg.c **** * Summary:
 284:Generated_Source\PSoC4/cyfitter_cfg.c **** *  Sets up the analog portions of the chip to default values based on chip
 285:Generated_Source\PSoC4/cyfitter_cfg.c **** *  configuration options from the project.
 286:Generated_Source\PSoC4/cyfitter_cfg.c **** *
 287:Generated_Source\PSoC4/cyfitter_cfg.c **** * Parameters:
 288:Generated_Source\PSoC4/cyfitter_cfg.c **** *  void
 289:Generated_Source\PSoC4/cyfitter_cfg.c **** *
 290:Generated_Source\PSoC4/cyfitter_cfg.c **** * Return:
 291:Generated_Source\PSoC4/cyfitter_cfg.c **** *  void
 292:Generated_Source\PSoC4/cyfitter_cfg.c **** *
 293:Generated_Source\PSoC4/cyfitter_cfg.c **** *******************************************************************************/
 294:Generated_Source\PSoC4/cyfitter_cfg.c **** static void AnalogSetDefault(void);
 295:Generated_Source\PSoC4/cyfitter_cfg.c **** static void AnalogSetDefault(void)
 296:Generated_Source\PSoC4/cyfitter_cfg.c **** {
 423              		.loc 1 296 0
 424              		.cfi_startproc
 425              		@ args = 0, pretend = 0, frame = 0
 426              		@ frame_needed = 1, uses_anonymous_args = 0
 427 0000 80B5     		push	{r7, lr}
 428              		.cfi_def_cfa_offset 8
 429              		.cfi_offset 7, -8
 430              		.cfi_offset 14, -4
 431 0002 00AF     		add	r7, sp, #0
 432              		.cfi_def_cfa_register 7
 297:Generated_Source\PSoC4/cyfitter_cfg.c **** 	CY_SET_XTND_REG32((void CYFAR *)CYREG_CTBM0_DFT_CTRL, 0x00000003u);
 433              		.loc 1 297 0
 434 0004 054B     		ldr	r3, .L13
 435 0006 0322     		movs	r2, #3
 436 0008 1A60     		str	r2, [r3]
 298:Generated_Source\PSoC4/cyfitter_cfg.c **** 	CY_SET_XTND_REG32((void CYFAR *)CYREG_CTBM1_DFT_CTRL, 0x00000003u);
 437              		.loc 1 298 0
 438 000a 054B     		ldr	r3, .L13+4
 439 000c 0322     		movs	r2, #3
 440 000e 1A60     		str	r2, [r3]
ARM GAS  C:\Users\alexport\AppData\Local\Temp\cc9b1i3n.s 			page 14


 299:Generated_Source\PSoC4/cyfitter_cfg.c **** 	CY_SET_XTND_REG32((void CYFAR *)CYREG_PASS_DSAB_DSAB_CTRL, 0x00000000u);
 441              		.loc 1 299 0
 442 0010 044B     		ldr	r3, .L13+8
 443 0012 0022     		movs	r2, #0
 444 0014 1A60     		str	r2, [r3]
 300:Generated_Source\PSoC4/cyfitter_cfg.c **** }
 445              		.loc 1 300 0
 446 0016 C046     		nop
 447 0018 BD46     		mov	sp, r7
 448              		@ sp needed
 449 001a 80BD     		pop	{r7, pc}
 450              	.L14:
 451              		.align	2
 452              	.L13:
 453 001c 30003040 		.word	1076887600
 454 0020 30003140 		.word	1076953136
 455 0024 000E3F40 		.word	1077874176
 456              		.cfi_endproc
 457              	.LFE7:
 458              		.size	AnalogSetDefault, .-AnalogSetDefault
 459              		.section	.psocinit
 460              		.align	2
 461              		.global	cyfitter_cfg
 462              		.code	16
 463              		.thumb_func
 464              		.type	cyfitter_cfg, %function
 465              	cyfitter_cfg:
 466              	.LFB8:
 301:Generated_Source\PSoC4/cyfitter_cfg.c **** 
 302:Generated_Source\PSoC4/cyfitter_cfg.c **** 
 303:Generated_Source\PSoC4/cyfitter_cfg.c **** 
 304:Generated_Source\PSoC4/cyfitter_cfg.c **** 
 305:Generated_Source\PSoC4/cyfitter_cfg.c **** /*******************************************************************************
 306:Generated_Source\PSoC4/cyfitter_cfg.c **** * Function Name: cyfitter_cfg
 307:Generated_Source\PSoC4/cyfitter_cfg.c **** ********************************************************************************
 308:Generated_Source\PSoC4/cyfitter_cfg.c **** * Summary:
 309:Generated_Source\PSoC4/cyfitter_cfg.c **** *  This function is called by the start-up code for the selected device. It
 310:Generated_Source\PSoC4/cyfitter_cfg.c **** *  performs all of the necessary device configuration based on the design
 311:Generated_Source\PSoC4/cyfitter_cfg.c **** *  settings.  This includes settings from the Design Wide Resources (DWR) such
 312:Generated_Source\PSoC4/cyfitter_cfg.c **** *  as Clocks and Pins as well as any component configuration that is necessary.
 313:Generated_Source\PSoC4/cyfitter_cfg.c **** *
 314:Generated_Source\PSoC4/cyfitter_cfg.c **** * Parameters:
 315:Generated_Source\PSoC4/cyfitter_cfg.c **** *   void
 316:Generated_Source\PSoC4/cyfitter_cfg.c **** *
 317:Generated_Source\PSoC4/cyfitter_cfg.c **** * Return:
 318:Generated_Source\PSoC4/cyfitter_cfg.c **** *   void
 319:Generated_Source\PSoC4/cyfitter_cfg.c **** *
 320:Generated_Source\PSoC4/cyfitter_cfg.c **** *******************************************************************************/
 321:Generated_Source\PSoC4/cyfitter_cfg.c **** CY_CFG_SECTION
 322:Generated_Source\PSoC4/cyfitter_cfg.c **** void cyfitter_cfg(void)
 323:Generated_Source\PSoC4/cyfitter_cfg.c **** {
 467              		.loc 1 323 0
 468              		.cfi_startproc
 469              		@ args = 0, pretend = 0, frame = 24
 470              		@ frame_needed = 1, uses_anonymous_args = 0
 471 014c 80B5     		push	{r7, lr}
 472              		.cfi_def_cfa_offset 8
ARM GAS  C:\Users\alexport\AppData\Local\Temp\cc9b1i3n.s 			page 15


 473              		.cfi_offset 7, -8
 474              		.cfi_offset 14, -4
 475 014e 86B0     		sub	sp, sp, #24
 476              		.cfi_def_cfa_offset 32
 477 0150 00AF     		add	r7, sp, #0
 478              		.cfi_def_cfa_register 7
 324:Generated_Source\PSoC4/cyfitter_cfg.c **** 	/* Disable interrupts by default. Let user enable if/when they want. */
 325:Generated_Source\PSoC4/cyfitter_cfg.c **** 	CyGlobalIntDisable;
 479              		.loc 1 325 0
 480              		.syntax divided
 481              	@ 325 "Generated_Source\PSoC4\cyfitter_cfg.c" 1
 482 0152 72B6     		CPSID   i
 483              	@ 0 "" 2
 326:Generated_Source\PSoC4/cyfitter_cfg.c **** 
 327:Generated_Source\PSoC4/cyfitter_cfg.c **** 	CY_SET_REG32((void *)(CYREG_BLE_BLESS_LL_DSM_CTRL), 0x00000000u);
 484              		.loc 1 327 0
 485              		.thumb
 486              		.syntax unified
 487 0154 684B     		ldr	r3, .L20
 488 0156 0022     		movs	r2, #0
 489 0158 1A60     		str	r2, [r3]
 490              	.LBB3:
 328:Generated_Source\PSoC4/cyfitter_cfg.c **** 
 329:Generated_Source\PSoC4/cyfitter_cfg.c **** 	{
 330:Generated_Source\PSoC4/cyfitter_cfg.c **** 		static const uint32 CYCODE cy_cfg_addr_table[] = {
 331:Generated_Source\PSoC4/cyfitter_cfg.c **** 			0x400F0001u, /* Base address: 0x400F0000 Count: 1 */
 332:Generated_Source\PSoC4/cyfitter_cfg.c **** 			0x400F3129u, /* Base address: 0x400F3100 Count: 41 */
 333:Generated_Source\PSoC4/cyfitter_cfg.c **** 			0x400F3238u, /* Base address: 0x400F3200 Count: 56 */
 334:Generated_Source\PSoC4/cyfitter_cfg.c **** 			0x400F333Bu, /* Base address: 0x400F3300 Count: 59 */
 335:Generated_Source\PSoC4/cyfitter_cfg.c **** 			0x400F4001u, /* Base address: 0x400F4000 Count: 1 */
 336:Generated_Source\PSoC4/cyfitter_cfg.c **** 			0x400F4108u, /* Base address: 0x400F4100 Count: 8 */
 337:Generated_Source\PSoC4/cyfitter_cfg.c **** 			0x400F6002u, /* Base address: 0x400F6000 Count: 2 */
 338:Generated_Source\PSoC4/cyfitter_cfg.c **** 		};
 339:Generated_Source\PSoC4/cyfitter_cfg.c **** 
 340:Generated_Source\PSoC4/cyfitter_cfg.c **** 		static const cy_cfg_addrvalue_t CYCODE cy_cfg_data_table[] = {
 341:Generated_Source\PSoC4/cyfitter_cfg.c **** 			{0x81u, 0x0Fu},
 342:Generated_Source\PSoC4/cyfitter_cfg.c **** 			{0x06u, 0x80u},
 343:Generated_Source\PSoC4/cyfitter_cfg.c **** 			{0x07u, 0x2Au},
 344:Generated_Source\PSoC4/cyfitter_cfg.c **** 			{0x0Du, 0x20u},
 345:Generated_Source\PSoC4/cyfitter_cfg.c **** 			{0x0Eu, 0x81u},
 346:Generated_Source\PSoC4/cyfitter_cfg.c **** 			{0x16u, 0x01u},
 347:Generated_Source\PSoC4/cyfitter_cfg.c **** 			{0x17u, 0x15u},
 348:Generated_Source\PSoC4/cyfitter_cfg.c **** 			{0x1Eu, 0x82u},
 349:Generated_Source\PSoC4/cyfitter_cfg.c **** 			{0x24u, 0x02u},
 350:Generated_Source\PSoC4/cyfitter_cfg.c **** 			{0x25u, 0x40u},
 351:Generated_Source\PSoC4/cyfitter_cfg.c **** 			{0x27u, 0x2Au},
 352:Generated_Source\PSoC4/cyfitter_cfg.c **** 			{0x2Cu, 0x80u},
 353:Generated_Source\PSoC4/cyfitter_cfg.c **** 			{0x2Fu, 0x22u},
 354:Generated_Source\PSoC4/cyfitter_cfg.c **** 			{0x37u, 0x29u},
 355:Generated_Source\PSoC4/cyfitter_cfg.c **** 			{0x3Du, 0xA8u},
 356:Generated_Source\PSoC4/cyfitter_cfg.c **** 			{0x3Eu, 0x01u},
 357:Generated_Source\PSoC4/cyfitter_cfg.c **** 			{0x44u, 0x80u},
 358:Generated_Source\PSoC4/cyfitter_cfg.c **** 			{0x45u, 0x60u},
 359:Generated_Source\PSoC4/cyfitter_cfg.c **** 			{0x47u, 0x08u},
 360:Generated_Source\PSoC4/cyfitter_cfg.c **** 			{0x4Du, 0x80u},
 361:Generated_Source\PSoC4/cyfitter_cfg.c **** 			{0x4Fu, 0x04u},
 362:Generated_Source\PSoC4/cyfitter_cfg.c **** 			{0x56u, 0x82u},
ARM GAS  C:\Users\alexport\AppData\Local\Temp\cc9b1i3n.s 			page 16


 363:Generated_Source\PSoC4/cyfitter_cfg.c **** 			{0x57u, 0x16u},
 364:Generated_Source\PSoC4/cyfitter_cfg.c **** 			{0x65u, 0x20u},
 365:Generated_Source\PSoC4/cyfitter_cfg.c **** 			{0x6Du, 0x38u},
 366:Generated_Source\PSoC4/cyfitter_cfg.c **** 			{0x6Eu, 0x09u},
 367:Generated_Source\PSoC4/cyfitter_cfg.c **** 			{0x6Fu, 0x15u},
 368:Generated_Source\PSoC4/cyfitter_cfg.c **** 			{0x74u, 0x80u},
 369:Generated_Source\PSoC4/cyfitter_cfg.c **** 			{0x76u, 0x01u},
 370:Generated_Source\PSoC4/cyfitter_cfg.c **** 			{0x78u, 0x80u},
 371:Generated_Source\PSoC4/cyfitter_cfg.c **** 			{0x7Au, 0x01u},
 372:Generated_Source\PSoC4/cyfitter_cfg.c **** 			{0x8Au, 0x40u},
 373:Generated_Source\PSoC4/cyfitter_cfg.c **** 			{0xC0u, 0xF0u},
 374:Generated_Source\PSoC4/cyfitter_cfg.c **** 			{0xC2u, 0xD0u},
 375:Generated_Source\PSoC4/cyfitter_cfg.c **** 			{0xC4u, 0xF0u},
 376:Generated_Source\PSoC4/cyfitter_cfg.c **** 			{0xCAu, 0xD0u},
 377:Generated_Source\PSoC4/cyfitter_cfg.c **** 			{0xCCu, 0xE0u},
 378:Generated_Source\PSoC4/cyfitter_cfg.c **** 			{0xCEu, 0xF0u},
 379:Generated_Source\PSoC4/cyfitter_cfg.c **** 			{0xD0u, 0xF0u},
 380:Generated_Source\PSoC4/cyfitter_cfg.c **** 			{0xD2u, 0x10u},
 381:Generated_Source\PSoC4/cyfitter_cfg.c **** 			{0xD8u, 0x20u},
 382:Generated_Source\PSoC4/cyfitter_cfg.c **** 			{0xE2u, 0x20u},
 383:Generated_Source\PSoC4/cyfitter_cfg.c **** 			{0x00u, 0x11u},
 384:Generated_Source\PSoC4/cyfitter_cfg.c **** 			{0x02u, 0x22u},
 385:Generated_Source\PSoC4/cyfitter_cfg.c **** 			{0x05u, 0x1Cu},
 386:Generated_Source\PSoC4/cyfitter_cfg.c **** 			{0x08u, 0x42u},
 387:Generated_Source\PSoC4/cyfitter_cfg.c **** 			{0x0Au, 0x08u},
 388:Generated_Source\PSoC4/cyfitter_cfg.c **** 			{0x0Cu, 0x40u},
 389:Generated_Source\PSoC4/cyfitter_cfg.c **** 			{0x0Du, 0x66u},
 390:Generated_Source\PSoC4/cyfitter_cfg.c **** 			{0x0Fu, 0x88u},
 391:Generated_Source\PSoC4/cyfitter_cfg.c **** 			{0x10u, 0x02u},
 392:Generated_Source\PSoC4/cyfitter_cfg.c **** 			{0x12u, 0x0Du},
 393:Generated_Source\PSoC4/cyfitter_cfg.c **** 			{0x15u, 0xE8u},
 394:Generated_Source\PSoC4/cyfitter_cfg.c **** 			{0x16u, 0x80u},
 395:Generated_Source\PSoC4/cyfitter_cfg.c **** 			{0x17u, 0x17u},
 396:Generated_Source\PSoC4/cyfitter_cfg.c **** 			{0x18u, 0x8Du},
 397:Generated_Source\PSoC4/cyfitter_cfg.c **** 			{0x1Bu, 0x01u},
 398:Generated_Source\PSoC4/cyfitter_cfg.c **** 			{0x1Cu, 0x8Du},
 399:Generated_Source\PSoC4/cyfitter_cfg.c **** 			{0x20u, 0x0Du},
 400:Generated_Source\PSoC4/cyfitter_cfg.c **** 			{0x22u, 0x80u},
 401:Generated_Source\PSoC4/cyfitter_cfg.c **** 			{0x24u, 0x62u},
 402:Generated_Source\PSoC4/cyfitter_cfg.c **** 			{0x25u, 0x48u},
 403:Generated_Source\PSoC4/cyfitter_cfg.c **** 			{0x26u, 0x14u},
 404:Generated_Source\PSoC4/cyfitter_cfg.c **** 			{0x27u, 0xB3u},
 405:Generated_Source\PSoC4/cyfitter_cfg.c **** 			{0x28u, 0x8Du},
 406:Generated_Source\PSoC4/cyfitter_cfg.c **** 			{0x2Cu, 0x8Du},
 407:Generated_Source\PSoC4/cyfitter_cfg.c **** 			{0x30u, 0x0Fu},
 408:Generated_Source\PSoC4/cyfitter_cfg.c **** 			{0x31u, 0x80u},
 409:Generated_Source\PSoC4/cyfitter_cfg.c **** 			{0x32u, 0x80u},
 410:Generated_Source\PSoC4/cyfitter_cfg.c **** 			{0x33u, 0x3Cu},
 411:Generated_Source\PSoC4/cyfitter_cfg.c **** 			{0x34u, 0x70u},
 412:Generated_Source\PSoC4/cyfitter_cfg.c **** 			{0x35u, 0x03u},
 413:Generated_Source\PSoC4/cyfitter_cfg.c **** 			{0x37u, 0x40u},
 414:Generated_Source\PSoC4/cyfitter_cfg.c **** 			{0x39u, 0x08u},
 415:Generated_Source\PSoC4/cyfitter_cfg.c **** 			{0x3Au, 0x22u},
 416:Generated_Source\PSoC4/cyfitter_cfg.c **** 			{0x3Eu, 0x04u},
 417:Generated_Source\PSoC4/cyfitter_cfg.c **** 			{0x3Fu, 0x41u},
 418:Generated_Source\PSoC4/cyfitter_cfg.c **** 			{0x54u, 0x09u},
 419:Generated_Source\PSoC4/cyfitter_cfg.c **** 			{0x58u, 0x04u},
ARM GAS  C:\Users\alexport\AppData\Local\Temp\cc9b1i3n.s 			page 17


 420:Generated_Source\PSoC4/cyfitter_cfg.c **** 			{0x59u, 0x04u},
 421:Generated_Source\PSoC4/cyfitter_cfg.c **** 			{0x5Bu, 0x04u},
 422:Generated_Source\PSoC4/cyfitter_cfg.c **** 			{0x5Fu, 0x01u},
 423:Generated_Source\PSoC4/cyfitter_cfg.c **** 			{0x88u, 0x02u},
 424:Generated_Source\PSoC4/cyfitter_cfg.c **** 			{0x8Au, 0x0Du},
 425:Generated_Source\PSoC4/cyfitter_cfg.c **** 			{0x98u, 0x09u},
 426:Generated_Source\PSoC4/cyfitter_cfg.c **** 			{0x9Au, 0x06u},
 427:Generated_Source\PSoC4/cyfitter_cfg.c **** 			{0x9Cu, 0x03u},
 428:Generated_Source\PSoC4/cyfitter_cfg.c **** 			{0x9Eu, 0x0Cu},
 429:Generated_Source\PSoC4/cyfitter_cfg.c **** 			{0xA4u, 0x05u},
 430:Generated_Source\PSoC4/cyfitter_cfg.c **** 			{0xA6u, 0x0Au},
 431:Generated_Source\PSoC4/cyfitter_cfg.c **** 			{0xB4u, 0x0Fu},
 432:Generated_Source\PSoC4/cyfitter_cfg.c **** 			{0xB8u, 0x80u},
 433:Generated_Source\PSoC4/cyfitter_cfg.c **** 			{0xBAu, 0x20u},
 434:Generated_Source\PSoC4/cyfitter_cfg.c **** 			{0xBEu, 0x40u},
 435:Generated_Source\PSoC4/cyfitter_cfg.c **** 			{0xD4u, 0x40u},
 436:Generated_Source\PSoC4/cyfitter_cfg.c **** 			{0xD8u, 0x04u},
 437:Generated_Source\PSoC4/cyfitter_cfg.c **** 			{0xDBu, 0x04u},
 438:Generated_Source\PSoC4/cyfitter_cfg.c **** 			{0xDFu, 0x01u},
 439:Generated_Source\PSoC4/cyfitter_cfg.c **** 			{0x01u, 0x20u},
 440:Generated_Source\PSoC4/cyfitter_cfg.c **** 			{0x04u, 0x02u},
 441:Generated_Source\PSoC4/cyfitter_cfg.c **** 			{0x05u, 0x10u},
 442:Generated_Source\PSoC4/cyfitter_cfg.c **** 			{0x06u, 0x02u},
 443:Generated_Source\PSoC4/cyfitter_cfg.c **** 			{0x09u, 0x60u},
 444:Generated_Source\PSoC4/cyfitter_cfg.c **** 			{0x0Du, 0x08u},
 445:Generated_Source\PSoC4/cyfitter_cfg.c **** 			{0x0Eu, 0x49u},
 446:Generated_Source\PSoC4/cyfitter_cfg.c **** 			{0x0Fu, 0x20u},
 447:Generated_Source\PSoC4/cyfitter_cfg.c **** 			{0x13u, 0x08u},
 448:Generated_Source\PSoC4/cyfitter_cfg.c **** 			{0x15u, 0x10u},
 449:Generated_Source\PSoC4/cyfitter_cfg.c **** 			{0x16u, 0x01u},
 450:Generated_Source\PSoC4/cyfitter_cfg.c **** 			{0x17u, 0x09u},
 451:Generated_Source\PSoC4/cyfitter_cfg.c **** 			{0x19u, 0xA0u},
 452:Generated_Source\PSoC4/cyfitter_cfg.c **** 			{0x1Cu, 0x10u},
 453:Generated_Source\PSoC4/cyfitter_cfg.c **** 			{0x1Du, 0x30u},
 454:Generated_Source\PSoC4/cyfitter_cfg.c **** 			{0x1Eu, 0x40u},
 455:Generated_Source\PSoC4/cyfitter_cfg.c **** 			{0x1Fu, 0x20u},
 456:Generated_Source\PSoC4/cyfitter_cfg.c **** 			{0x24u, 0x40u},
 457:Generated_Source\PSoC4/cyfitter_cfg.c **** 			{0x25u, 0x04u},
 458:Generated_Source\PSoC4/cyfitter_cfg.c **** 			{0x26u, 0xA0u},
 459:Generated_Source\PSoC4/cyfitter_cfg.c **** 			{0x2Fu, 0x20u},
 460:Generated_Source\PSoC4/cyfitter_cfg.c **** 			{0x36u, 0x20u},
 461:Generated_Source\PSoC4/cyfitter_cfg.c **** 			{0x37u, 0x08u},
 462:Generated_Source\PSoC4/cyfitter_cfg.c **** 			{0x3Du, 0x88u},
 463:Generated_Source\PSoC4/cyfitter_cfg.c **** 			{0x5Cu, 0x60u},
 464:Generated_Source\PSoC4/cyfitter_cfg.c **** 			{0x5Eu, 0x02u},
 465:Generated_Source\PSoC4/cyfitter_cfg.c **** 			{0x5Fu, 0x04u},
 466:Generated_Source\PSoC4/cyfitter_cfg.c **** 			{0x60u, 0x11u},
 467:Generated_Source\PSoC4/cyfitter_cfg.c **** 			{0x63u, 0x08u},
 468:Generated_Source\PSoC4/cyfitter_cfg.c **** 			{0x67u, 0x02u},
 469:Generated_Source\PSoC4/cyfitter_cfg.c **** 			{0x81u, 0x04u},
 470:Generated_Source\PSoC4/cyfitter_cfg.c **** 			{0x84u, 0x20u},
 471:Generated_Source\PSoC4/cyfitter_cfg.c **** 			{0x86u, 0x02u},
 472:Generated_Source\PSoC4/cyfitter_cfg.c **** 			{0x8Au, 0x20u},
 473:Generated_Source\PSoC4/cyfitter_cfg.c **** 			{0x8Cu, 0x01u},
 474:Generated_Source\PSoC4/cyfitter_cfg.c **** 			{0x8Du, 0x08u},
 475:Generated_Source\PSoC4/cyfitter_cfg.c **** 			{0x8Eu, 0x80u},
 476:Generated_Source\PSoC4/cyfitter_cfg.c **** 			{0x8Fu, 0x01u},
ARM GAS  C:\Users\alexport\AppData\Local\Temp\cc9b1i3n.s 			page 18


 477:Generated_Source\PSoC4/cyfitter_cfg.c **** 			{0x90u, 0x02u},
 478:Generated_Source\PSoC4/cyfitter_cfg.c **** 			{0x91u, 0x10u},
 479:Generated_Source\PSoC4/cyfitter_cfg.c **** 			{0x92u, 0x01u},
 480:Generated_Source\PSoC4/cyfitter_cfg.c **** 			{0x93u, 0x04u},
 481:Generated_Source\PSoC4/cyfitter_cfg.c **** 			{0x9Au, 0x03u},
 482:Generated_Source\PSoC4/cyfitter_cfg.c **** 			{0x9Bu, 0x09u},
 483:Generated_Source\PSoC4/cyfitter_cfg.c **** 			{0x9Du, 0xA0u},
 484:Generated_Source\PSoC4/cyfitter_cfg.c **** 			{0xA1u, 0x40u},
 485:Generated_Source\PSoC4/cyfitter_cfg.c **** 			{0xA2u, 0x05u},
 486:Generated_Source\PSoC4/cyfitter_cfg.c **** 			{0xA3u, 0x14u},
 487:Generated_Source\PSoC4/cyfitter_cfg.c **** 			{0xA5u, 0x20u},
 488:Generated_Source\PSoC4/cyfitter_cfg.c **** 			{0xA7u, 0x20u},
 489:Generated_Source\PSoC4/cyfitter_cfg.c **** 			{0xC0u, 0xD2u},
 490:Generated_Source\PSoC4/cyfitter_cfg.c **** 			{0xC2u, 0xF3u},
 491:Generated_Source\PSoC4/cyfitter_cfg.c **** 			{0xC4u, 0xF4u},
 492:Generated_Source\PSoC4/cyfitter_cfg.c **** 			{0xCAu, 0x40u},
 493:Generated_Source\PSoC4/cyfitter_cfg.c **** 			{0xCCu, 0x60u},
 494:Generated_Source\PSoC4/cyfitter_cfg.c **** 			{0xCEu, 0x50u},
 495:Generated_Source\PSoC4/cyfitter_cfg.c **** 			{0xD6u, 0xF0u},
 496:Generated_Source\PSoC4/cyfitter_cfg.c **** 			{0xD8u, 0x1Eu},
 497:Generated_Source\PSoC4/cyfitter_cfg.c **** 			{0xE2u, 0x20u},
 498:Generated_Source\PSoC4/cyfitter_cfg.c **** 			{0x8Au, 0x20u},
 499:Generated_Source\PSoC4/cyfitter_cfg.c **** 			{0x52u, 0x20u},
 500:Generated_Source\PSoC4/cyfitter_cfg.c **** 			{0x54u, 0x80u},
 501:Generated_Source\PSoC4/cyfitter_cfg.c **** 			{0x58u, 0x80u},
 502:Generated_Source\PSoC4/cyfitter_cfg.c **** 			{0x80u, 0x80u},
 503:Generated_Source\PSoC4/cyfitter_cfg.c **** 			{0x88u, 0x80u},
 504:Generated_Source\PSoC4/cyfitter_cfg.c **** 			{0xA2u, 0x20u},
 505:Generated_Source\PSoC4/cyfitter_cfg.c **** 			{0xD4u, 0xE0u},
 506:Generated_Source\PSoC4/cyfitter_cfg.c **** 			{0xE2u, 0x20u},
 507:Generated_Source\PSoC4/cyfitter_cfg.c **** 			{0x01u, 0x01u},
 508:Generated_Source\PSoC4/cyfitter_cfg.c **** 			{0x10u, 0x01u},
 509:Generated_Source\PSoC4/cyfitter_cfg.c **** 		};
 510:Generated_Source\PSoC4/cyfitter_cfg.c **** 
 511:Generated_Source\PSoC4/cyfitter_cfg.c **** 
 512:Generated_Source\PSoC4/cyfitter_cfg.c **** 
 513:Generated_Source\PSoC4/cyfitter_cfg.c **** 		CYPACKED typedef struct {
 514:Generated_Source\PSoC4/cyfitter_cfg.c **** 			void CYFAR *address;
 515:Generated_Source\PSoC4/cyfitter_cfg.c **** 			uint16 size;
 516:Generated_Source\PSoC4/cyfitter_cfg.c **** 		} CYPACKED_ATTR cfg_memset_t;
 517:Generated_Source\PSoC4/cyfitter_cfg.c **** 
 518:Generated_Source\PSoC4/cyfitter_cfg.c **** 
 519:Generated_Source\PSoC4/cyfitter_cfg.c **** 		CYPACKED typedef struct {
 520:Generated_Source\PSoC4/cyfitter_cfg.c **** 			void CYFAR *dest;
 521:Generated_Source\PSoC4/cyfitter_cfg.c **** 			const void CYCODE *src;
 522:Generated_Source\PSoC4/cyfitter_cfg.c **** 			uint16 size;
 523:Generated_Source\PSoC4/cyfitter_cfg.c **** 		} CYPACKED_ATTR cfg_memcpy_t;
 524:Generated_Source\PSoC4/cyfitter_cfg.c **** 
 525:Generated_Source\PSoC4/cyfitter_cfg.c **** 		static const cfg_memset_t CYCODE cfg_memset_list[] = {
 526:Generated_Source\PSoC4/cyfitter_cfg.c **** 			/* address, size */
 527:Generated_Source\PSoC4/cyfitter_cfg.c **** 			{(void CYFAR *)(CYDEV_UDB_P0_U0_BASE), 128u},
 528:Generated_Source\PSoC4/cyfitter_cfg.c **** 			{(void CYFAR *)(CYDEV_UDB_P0_ROUTE_BASE), 768u},
 529:Generated_Source\PSoC4/cyfitter_cfg.c **** 			{(void CYFAR *)(CYDEV_UDB_DSI0_BASE), 1024u},
 530:Generated_Source\PSoC4/cyfitter_cfg.c **** 		};
 531:Generated_Source\PSoC4/cyfitter_cfg.c **** 
 532:Generated_Source\PSoC4/cyfitter_cfg.c **** 		/* UDB_0_1_1_CONFIG Address: CYDEV_UDB_P0_U1_BASE Size (bytes): 128 */
 533:Generated_Source\PSoC4/cyfitter_cfg.c **** 		static const uint8 CYCODE BS_UDB_0_1_1_CONFIG_VAL[] = {
ARM GAS  C:\Users\alexport\AppData\Local\Temp\cc9b1i3n.s 			page 19


 534:Generated_Source\PSoC4/cyfitter_cfg.c **** 			0x60u, 0x9Au, 0x00u, 0x00u, 0x04u, 0x98u, 0x00u, 0x02u, 0x0Au, 0x02u, 0x10u, 0x98u, 0x07u, 0x13u
 535:Generated_Source\PSoC4/cyfitter_cfg.c **** 			0x01u, 0x98u, 0x00u, 0x02u, 0x00u, 0x21u, 0x00u, 0xD8u, 0x56u, 0x38u, 0x09u, 0xC0u, 0x84u, 0x00u
 536:Generated_Source\PSoC4/cyfitter_cfg.c **** 			0x04u, 0x9Au, 0x80u, 0x00u, 0x80u, 0xFCu, 0x04u, 0x03u, 0x84u, 0x00u, 0x00u, 0x00u, 0x84u, 0x02u
 537:Generated_Source\PSoC4/cyfitter_cfg.c **** 			0x7Fu, 0x00u, 0x00u, 0xE0u, 0x00u, 0x0Fu, 0x80u, 0x13u, 0x02u, 0x00u, 0x00u, 0x28u, 0x00u, 0x00u
 538:Generated_Source\PSoC4/cyfitter_cfg.c **** 			0x32u, 0x01u, 0x40u, 0x00u, 0x05u, 0x0Eu, 0xDBu, 0xCFu, 0x3Du, 0xFFu, 0xFFu, 0xFFu, 0x22u, 0x00u
 539:Generated_Source\PSoC4/cyfitter_cfg.c **** 			0x04u, 0x00u, 0x00u, 0x00u, 0x00u, 0x00u, 0x02u, 0x24u, 0x04u, 0x04u, 0x04u, 0x04u, 0x00u, 0x00u
 540:Generated_Source\PSoC4/cyfitter_cfg.c **** 			0x00u, 0x00u, 0xC0u, 0x00u, 0x40u, 0x01u, 0x10u, 0x11u, 0xC0u, 0x01u, 0x00u, 0x11u, 0x40u, 0x01u
 541:Generated_Source\PSoC4/cyfitter_cfg.c **** 			0x00u, 0x00u, 0x00u, 0x00u, 0x00u, 0x00u, 0x00u, 0x00u, 0x00u, 0x00u, 0x00u, 0x00u, 0x00u, 0x00u
 542:Generated_Source\PSoC4/cyfitter_cfg.c **** 
 543:Generated_Source\PSoC4/cyfitter_cfg.c **** 		static const cfg_memcpy_t CYCODE cfg_memcpy_list [] = {
 544:Generated_Source\PSoC4/cyfitter_cfg.c **** 			/* dest, src, size */
 545:Generated_Source\PSoC4/cyfitter_cfg.c **** 			{(void CYFAR *)(CYDEV_UDB_P0_U1_BASE), BS_UDB_0_1_1_CONFIG_VAL, 128u},
 546:Generated_Source\PSoC4/cyfitter_cfg.c **** 		};
 547:Generated_Source\PSoC4/cyfitter_cfg.c **** 
 548:Generated_Source\PSoC4/cyfitter_cfg.c **** 		uint8 CYDATA i;
 549:Generated_Source\PSoC4/cyfitter_cfg.c **** 
 550:Generated_Source\PSoC4/cyfitter_cfg.c **** 		/* Zero out critical memory blocks before beginning configuration */
 551:Generated_Source\PSoC4/cyfitter_cfg.c **** 		for (i = 0u; i < (sizeof(cfg_memset_list)/sizeof(cfg_memset_list[0])); i++)
 491              		.loc 1 551 0
 492 015a 1723     		movs	r3, #23
 493 015c FB18     		adds	r3, r7, r3
 494 015e 0022     		movs	r2, #0
 495 0160 1A70     		strb	r2, [r3]
 496 0162 25E0     		b	.L16
 497              	.L17:
 498              	.LBB4:
 552:Generated_Source\PSoC4/cyfitter_cfg.c **** 		{
 553:Generated_Source\PSoC4/cyfitter_cfg.c **** 			const cfg_memset_t CYCODE * CYDATA ms = &cfg_memset_list[i];
 499              		.loc 1 553 0 discriminator 3
 500 0164 1723     		movs	r3, #23
 501 0166 FB18     		adds	r3, r7, r3
 502 0168 1A78     		ldrb	r2, [r3]
 503 016a 1300     		movs	r3, r2
 504 016c 5B00     		lsls	r3, r3, #1
 505 016e 9B18     		adds	r3, r3, r2
 506 0170 5B00     		lsls	r3, r3, #1
 507 0172 624A     		ldr	r2, .L20+4
 508 0174 9B18     		adds	r3, r3, r2
 509 0176 3B61     		str	r3, [r7, #16]
 554:Generated_Source\PSoC4/cyfitter_cfg.c **** 			CYMEMZERO(ms->address, (size_t)(uint32)(ms->size));
 510              		.loc 1 554 0 discriminator 3
 511 0178 3B69     		ldr	r3, [r7, #16]
 512 017a 1A78     		ldrb	r2, [r3]
 513 017c 5978     		ldrb	r1, [r3, #1]
 514 017e 0902     		lsls	r1, r1, #8
 515 0180 0A43     		orrs	r2, r1
 516 0182 9978     		ldrb	r1, [r3, #2]
 517 0184 0904     		lsls	r1, r1, #16
 518 0186 0A43     		orrs	r2, r1
 519 0188 DB78     		ldrb	r3, [r3, #3]
 520 018a 1B06     		lsls	r3, r3, #24
 521 018c 1343     		orrs	r3, r2
 522 018e 1800     		movs	r0, r3
 523 0190 3B69     		ldr	r3, [r7, #16]
 524 0192 1A79     		ldrb	r2, [r3, #4]
 525 0194 5B79     		ldrb	r3, [r3, #5]
 526 0196 1B02     		lsls	r3, r3, #8
ARM GAS  C:\Users\alexport\AppData\Local\Temp\cc9b1i3n.s 			page 20


 527 0198 1343     		orrs	r3, r2
 528 019a 9BB2     		uxth	r3, r3
 529 019c 1900     		movs	r1, r3
 530 019e FFF7FEFF 		bl	CYMEMZERO
 531              	.LBE4:
 551:Generated_Source\PSoC4/cyfitter_cfg.c **** 		{
 532              		.loc 1 551 0 discriminator 3
 533 01a2 1723     		movs	r3, #23
 534 01a4 FB18     		adds	r3, r7, r3
 535 01a6 1A78     		ldrb	r2, [r3]
 536 01a8 1723     		movs	r3, #23
 537 01aa FB18     		adds	r3, r7, r3
 538 01ac 0132     		adds	r2, r2, #1
 539 01ae 1A70     		strb	r2, [r3]
 540              	.L16:
 551:Generated_Source\PSoC4/cyfitter_cfg.c **** 		{
 541              		.loc 1 551 0 is_stmt 0 discriminator 1
 542 01b0 1723     		movs	r3, #23
 543 01b2 FB18     		adds	r3, r7, r3
 544 01b4 1B78     		ldrb	r3, [r3]
 545 01b6 022B     		cmp	r3, #2
 546 01b8 D4D9     		bls	.L17
 555:Generated_Source\PSoC4/cyfitter_cfg.c **** 		}
 556:Generated_Source\PSoC4/cyfitter_cfg.c **** 
 557:Generated_Source\PSoC4/cyfitter_cfg.c **** 		/* Copy device configuration data into registers */
 558:Generated_Source\PSoC4/cyfitter_cfg.c **** 		for (i = 0u; i < (sizeof(cfg_memcpy_list)/sizeof(cfg_memcpy_list[0])); i++)
 547              		.loc 1 558 0 is_stmt 1
 548 01ba 1723     		movs	r3, #23
 549 01bc FB18     		adds	r3, r7, r3
 550 01be 0022     		movs	r2, #0
 551 01c0 1A70     		strb	r2, [r3]
 552 01c2 36E0     		b	.L18
 553              	.L19:
 554              	.LBB5:
 559:Generated_Source\PSoC4/cyfitter_cfg.c **** 		{
 560:Generated_Source\PSoC4/cyfitter_cfg.c **** 			const cfg_memcpy_t CYCODE * CYDATA mc = &cfg_memcpy_list[i];
 555              		.loc 1 560 0 discriminator 3
 556 01c4 1723     		movs	r3, #23
 557 01c6 FB18     		adds	r3, r7, r3
 558 01c8 1A78     		ldrb	r2, [r3]
 559 01ca 1300     		movs	r3, r2
 560 01cc 9B00     		lsls	r3, r3, #2
 561 01ce 9B18     		adds	r3, r3, r2
 562 01d0 5B00     		lsls	r3, r3, #1
 563 01d2 4B4A     		ldr	r2, .L20+8
 564 01d4 9B18     		adds	r3, r3, r2
 565 01d6 FB60     		str	r3, [r7, #12]
 561:Generated_Source\PSoC4/cyfitter_cfg.c **** 			void * CYDATA destPtr = mc->dest;
 566              		.loc 1 561 0 discriminator 3
 567 01d8 FB68     		ldr	r3, [r7, #12]
 568 01da 1A78     		ldrb	r2, [r3]
 569 01dc 5978     		ldrb	r1, [r3, #1]
 570 01de 0902     		lsls	r1, r1, #8
 571 01e0 0A43     		orrs	r2, r1
 572 01e2 9978     		ldrb	r1, [r3, #2]
 573 01e4 0904     		lsls	r1, r1, #16
 574 01e6 0A43     		orrs	r2, r1
ARM GAS  C:\Users\alexport\AppData\Local\Temp\cc9b1i3n.s 			page 21


 575 01e8 DB78     		ldrb	r3, [r3, #3]
 576 01ea 1B06     		lsls	r3, r3, #24
 577 01ec 1343     		orrs	r3, r2
 578 01ee BB60     		str	r3, [r7, #8]
 562:Generated_Source\PSoC4/cyfitter_cfg.c **** 			const void CYCODE * CYDATA srcPtr = mc->src;
 579              		.loc 1 562 0 discriminator 3
 580 01f0 FB68     		ldr	r3, [r7, #12]
 581 01f2 1A79     		ldrb	r2, [r3, #4]
 582 01f4 5979     		ldrb	r1, [r3, #5]
 583 01f6 0902     		lsls	r1, r1, #8
 584 01f8 0A43     		orrs	r2, r1
 585 01fa 9979     		ldrb	r1, [r3, #6]
 586 01fc 0904     		lsls	r1, r1, #16
 587 01fe 0A43     		orrs	r2, r1
 588 0200 DB79     		ldrb	r3, [r3, #7]
 589 0202 1B06     		lsls	r3, r3, #24
 590 0204 1343     		orrs	r3, r2
 591 0206 7B60     		str	r3, [r7, #4]
 563:Generated_Source\PSoC4/cyfitter_cfg.c **** 			uint16 CYDATA numBytes = mc->size;
 592              		.loc 1 563 0 discriminator 3
 593 0208 BA1C     		adds	r2, r7, #2
 594 020a FB68     		ldr	r3, [r7, #12]
 595 020c 197A     		ldrb	r1, [r3, #8]
 596 020e 5B7A     		ldrb	r3, [r3, #9]
 597 0210 1B02     		lsls	r3, r3, #8
 598 0212 0B43     		orrs	r3, r1
 599 0214 1380     		strh	r3, [r2]
 564:Generated_Source\PSoC4/cyfitter_cfg.c **** 			CYCONFIGCPYCODE(destPtr, srcPtr, numBytes);
 600              		.loc 1 564 0 discriminator 3
 601 0216 BB1C     		adds	r3, r7, #2
 602 0218 1A88     		ldrh	r2, [r3]
 603 021a 7968     		ldr	r1, [r7, #4]
 604 021c BB68     		ldr	r3, [r7, #8]
 605 021e 1800     		movs	r0, r3
 606 0220 FFF7FEFF 		bl	CYCONFIGCPYCODE
 607              	.LBE5:
 558:Generated_Source\PSoC4/cyfitter_cfg.c **** 		{
 608              		.loc 1 558 0 discriminator 3
 609 0224 1723     		movs	r3, #23
 610 0226 FB18     		adds	r3, r7, r3
 611 0228 1A78     		ldrb	r2, [r3]
 612 022a 1723     		movs	r3, #23
 613 022c FB18     		adds	r3, r7, r3
 614 022e 0132     		adds	r2, r2, #1
 615 0230 1A70     		strb	r2, [r3]
 616              	.L18:
 558:Generated_Source\PSoC4/cyfitter_cfg.c **** 		{
 617              		.loc 1 558 0 is_stmt 0 discriminator 1
 618 0232 1723     		movs	r3, #23
 619 0234 FB18     		adds	r3, r7, r3
 620 0236 1B78     		ldrb	r3, [r3]
 621 0238 002B     		cmp	r3, #0
 622 023a C3D0     		beq	.L19
 565:Generated_Source\PSoC4/cyfitter_cfg.c **** 		}
 566:Generated_Source\PSoC4/cyfitter_cfg.c **** 
 567:Generated_Source\PSoC4/cyfitter_cfg.c **** 		cfg_write_bytes32(cy_cfg_addr_table, cy_cfg_data_table);
 623              		.loc 1 567 0 is_stmt 1
ARM GAS  C:\Users\alexport\AppData\Local\Temp\cc9b1i3n.s 			page 22


 624 023c 314A     		ldr	r2, .L20+12
 625 023e 324B     		ldr	r3, .L20+16
 626 0240 1100     		movs	r1, r2
 627 0242 1800     		movs	r0, r3
 628 0244 FFF7FEFF 		bl	cfg_write_bytes32
 568:Generated_Source\PSoC4/cyfitter_cfg.c **** 
 569:Generated_Source\PSoC4/cyfitter_cfg.c **** 		/* HSIOM Starting address: CYDEV_HSIOM_BASE */
 570:Generated_Source\PSoC4/cyfitter_cfg.c **** 		CY_SET_REG32((void *)(CYDEV_HSIOM_BASE), 0xEEEE0090u);
 629              		.loc 1 570 0
 630 0248 304B     		ldr	r3, .L20+20
 631 024a 314A     		ldr	r2, .L20+24
 632 024c 1A60     		str	r2, [r3]
 571:Generated_Source\PSoC4/cyfitter_cfg.c **** 		CY_SET_REG32((void *)(CYREG_HSIOM_PORT_SEL1), 0x00003033u);
 633              		.loc 1 571 0
 634 024e 314B     		ldr	r3, .L20+28
 635 0250 314A     		ldr	r2, .L20+32
 636 0252 1A60     		str	r2, [r3]
 572:Generated_Source\PSoC4/cyfitter_cfg.c **** 		CY_SET_REG32((void *)(CYREG_HSIOM_PORT_SEL3), 0x00090000u);
 637              		.loc 1 572 0
 638 0254 314B     		ldr	r3, .L20+36
 639 0256 9022     		movs	r2, #144
 640 0258 1203     		lsls	r2, r2, #12
 641 025a 1A60     		str	r2, [r3]
 573:Generated_Source\PSoC4/cyfitter_cfg.c **** 
 574:Generated_Source\PSoC4/cyfitter_cfg.c **** 		/* UDB_PA_0 Starting address: CYDEV_UDB_PA0_BASE */
 575:Generated_Source\PSoC4/cyfitter_cfg.c **** 		CY_SET_REG32((void *)(CYDEV_UDB_PA0_BASE), 0x00990000u);
 642              		.loc 1 575 0
 643 025c 304B     		ldr	r3, .L20+40
 644 025e 9922     		movs	r2, #153
 645 0260 1204     		lsls	r2, r2, #16
 646 0262 1A60     		str	r2, [r3]
 576:Generated_Source\PSoC4/cyfitter_cfg.c **** 
 577:Generated_Source\PSoC4/cyfitter_cfg.c **** 		/* UDB_PA_1 Starting address: CYDEV_UDB_PA1_BASE */
 578:Generated_Source\PSoC4/cyfitter_cfg.c **** 		CY_SET_REG32((void *)(CYDEV_UDB_PA1_BASE), 0x00990000u);
 647              		.loc 1 578 0
 648 0264 2F4B     		ldr	r3, .L20+44
 649 0266 9922     		movs	r2, #153
 650 0268 1204     		lsls	r2, r2, #16
 651 026a 1A60     		str	r2, [r3]
 579:Generated_Source\PSoC4/cyfitter_cfg.c **** 		CY_SET_REG32((void *)(CYREG_UDB_PA1_CFG8), 0x00B40000u);
 652              		.loc 1 579 0
 653 026c 2E4B     		ldr	r3, .L20+48
 654 026e B422     		movs	r2, #180
 655 0270 1204     		lsls	r2, r2, #16
 656 0272 1A60     		str	r2, [r3]
 580:Generated_Source\PSoC4/cyfitter_cfg.c **** 
 581:Generated_Source\PSoC4/cyfitter_cfg.c **** 		/* UDB_PA_2 Starting address: CYDEV_UDB_PA2_BASE */
 582:Generated_Source\PSoC4/cyfitter_cfg.c **** 		CY_SET_REG32((void *)(CYDEV_UDB_PA2_BASE), 0x00990000u);
 657              		.loc 1 582 0
 658 0274 2D4B     		ldr	r3, .L20+52
 659 0276 9922     		movs	r2, #153
 660 0278 1204     		lsls	r2, r2, #16
 661 027a 1A60     		str	r2, [r3]
 583:Generated_Source\PSoC4/cyfitter_cfg.c **** 
 584:Generated_Source\PSoC4/cyfitter_cfg.c **** 		/* UDB_PA_3 Starting address: CYDEV_UDB_PA3_BASE */
 585:Generated_Source\PSoC4/cyfitter_cfg.c **** 		CY_SET_REG32((void *)(CYDEV_UDB_PA3_BASE), 0x00990000u);
 662              		.loc 1 585 0
ARM GAS  C:\Users\alexport\AppData\Local\Temp\cc9b1i3n.s 			page 23


 663 027c 2C4B     		ldr	r3, .L20+56
 664 027e 9922     		movs	r2, #153
 665 0280 1204     		lsls	r2, r2, #16
 666 0282 1A60     		str	r2, [r3]
 586:Generated_Source\PSoC4/cyfitter_cfg.c **** 
 587:Generated_Source\PSoC4/cyfitter_cfg.c **** 		/* Enable UDB array and digital routing */
 588:Generated_Source\PSoC4/cyfitter_cfg.c **** 		CY_SET_XTND_REG8((void *)CYREG_UDB_UDBIF_WAIT_CFG, (uint8)((CY_GET_XTND_REG8((void *)CYREG_UDB_UD
 667              		.loc 1 588 0
 668 0284 2B4A     		ldr	r2, .L20+60
 669 0286 2B4B     		ldr	r3, .L20+60
 670 0288 1B78     		ldrb	r3, [r3]
 671 028a DBB2     		uxtb	r3, r3
 672 028c 3C21     		movs	r1, #60
 673 028e 8B43     		bics	r3, r1
 674 0290 DBB2     		uxtb	r3, r3
 675 0292 1421     		movs	r1, #20
 676 0294 0B43     		orrs	r3, r1
 677 0296 DBB2     		uxtb	r3, r3
 678 0298 1370     		strb	r3, [r2]
 589:Generated_Source\PSoC4/cyfitter_cfg.c **** 		CY_SET_XTND_REG8((void *)CYREG_UDB_UDBIF_BANK_CTL, (uint8)(CY_GET_XTND_REG8((void *)CYREG_UDB_UDB
 679              		.loc 1 589 0
 680 029a 274A     		ldr	r2, .L20+64
 681 029c 264B     		ldr	r3, .L20+64
 682 029e 1B78     		ldrb	r3, [r3]
 683 02a0 DBB2     		uxtb	r3, r3
 684 02a2 1621     		movs	r1, #22
 685 02a4 0B43     		orrs	r3, r1
 686 02a6 DBB2     		uxtb	r3, r3
 687 02a8 1370     		strb	r3, [r2]
 688              	.LBE3:
 590:Generated_Source\PSoC4/cyfitter_cfg.c **** 	}
 591:Generated_Source\PSoC4/cyfitter_cfg.c **** 
 592:Generated_Source\PSoC4/cyfitter_cfg.c **** 	/* Perform second pass device configuration. These items must be configured in specific order afte
 593:Generated_Source\PSoC4/cyfitter_cfg.c **** 	/* IOPINS0_0 Starting address: CYDEV_GPIO_PRT0_BASE */
 594:Generated_Source\PSoC4/cyfitter_cfg.c **** 	CY_SET_REG32((void *)(CYDEV_GPIO_PRT0_BASE), 0x00000036u);
 689              		.loc 1 594 0
 690 02aa 244B     		ldr	r3, .L20+68
 691 02ac 3622     		movs	r2, #54
 692 02ae 1A60     		str	r2, [r3]
 595:Generated_Source\PSoC4/cyfitter_cfg.c **** 	CY_SET_REG32((void *)(CYREG_GPIO_PRT0_PC), 0x00DA4CB0u);
 693              		.loc 1 595 0
 694 02b0 234B     		ldr	r3, .L20+72
 695 02b2 244A     		ldr	r2, .L20+76
 696 02b4 1A60     		str	r2, [r3]
 596:Generated_Source\PSoC4/cyfitter_cfg.c **** 	CY_SET_REG32((void *)(CYREG_GPIO_PRT0_INTR_CFG), 0x00000020u);
 697              		.loc 1 596 0
 698 02b6 244B     		ldr	r3, .L20+80
 699 02b8 2022     		movs	r2, #32
 700 02ba 1A60     		str	r2, [r3]
 597:Generated_Source\PSoC4/cyfitter_cfg.c **** 	CY_SET_REG32((void *)(CYREG_GPIO_PRT0_PC2), 0x00000002u);
 701              		.loc 1 597 0
 702 02bc 234B     		ldr	r3, .L20+84
 703 02be 0222     		movs	r2, #2
 704 02c0 1A60     		str	r2, [r3]
 598:Generated_Source\PSoC4/cyfitter_cfg.c **** 
 599:Generated_Source\PSoC4/cyfitter_cfg.c **** 	/* IOPINS0_1 Starting address: CYDEV_GPIO_PRT1_BASE */
 600:Generated_Source\PSoC4/cyfitter_cfg.c **** 	CY_SET_REG32((void *)(CYDEV_GPIO_PRT1_BASE), 0x0000000Bu);
ARM GAS  C:\Users\alexport\AppData\Local\Temp\cc9b1i3n.s 			page 24


 705              		.loc 1 600 0
 706 02c2 234B     		ldr	r3, .L20+88
 707 02c4 0B22     		movs	r2, #11
 708 02c6 1A60     		str	r2, [r3]
 601:Generated_Source\PSoC4/cyfitter_cfg.c **** 	CY_SET_REG32((void *)(CYREG_GPIO_PRT1_PC), 0x00036CF6u);
 709              		.loc 1 601 0
 710 02c8 224B     		ldr	r3, .L20+92
 711 02ca 234A     		ldr	r2, .L20+96
 712 02cc 1A60     		str	r2, [r3]
 602:Generated_Source\PSoC4/cyfitter_cfg.c **** 
 603:Generated_Source\PSoC4/cyfitter_cfg.c **** 	/* IOPINS0_2 Starting address: CYDEV_GPIO_PRT2_BASE */
 604:Generated_Source\PSoC4/cyfitter_cfg.c **** 	CY_SET_REG32((void *)(CYREG_GPIO_PRT2_PC), 0x000003B0u);
 713              		.loc 1 604 0
 714 02ce 234B     		ldr	r3, .L20+100
 715 02d0 EC22     		movs	r2, #236
 716 02d2 9200     		lsls	r2, r2, #2
 717 02d4 1A60     		str	r2, [r3]
 605:Generated_Source\PSoC4/cyfitter_cfg.c **** 
 606:Generated_Source\PSoC4/cyfitter_cfg.c **** 	/* IOPINS0_3 Starting address: CYDEV_GPIO_PRT3_BASE */
 607:Generated_Source\PSoC4/cyfitter_cfg.c **** 	CY_SET_REG32((void *)(CYREG_GPIO_PRT3_PC), 0x00001000u);
 718              		.loc 1 607 0
 719 02d6 224B     		ldr	r3, .L20+104
 720 02d8 8022     		movs	r2, #128
 721 02da 5201     		lsls	r2, r2, #5
 722 02dc 1A60     		str	r2, [r3]
 608:Generated_Source\PSoC4/cyfitter_cfg.c **** 	CY_SET_REG32((void *)(CYREG_GPIO_PRT3_INTR_CFG), 0x00000200u);
 723              		.loc 1 608 0
 724 02de 214B     		ldr	r3, .L20+108
 725 02e0 8022     		movs	r2, #128
 726 02e2 9200     		lsls	r2, r2, #2
 727 02e4 1A60     		str	r2, [r3]
 609:Generated_Source\PSoC4/cyfitter_cfg.c **** 
 610:Generated_Source\PSoC4/cyfitter_cfg.c **** 
 611:Generated_Source\PSoC4/cyfitter_cfg.c **** 	/* Setup clocks based on selections from Clock DWR */
 612:Generated_Source\PSoC4/cyfitter_cfg.c **** 	ClockSetup();
 728              		.loc 1 612 0
 729 02e6 FFF78BFE 		bl	ClockSetup
 613:Generated_Source\PSoC4/cyfitter_cfg.c **** 
 614:Generated_Source\PSoC4/cyfitter_cfg.c **** 	/* Perform basic analog initialization to defaults */
 615:Generated_Source\PSoC4/cyfitter_cfg.c **** 	AnalogSetDefault();
 730              		.loc 1 615 0
 731 02ea FFF7FEFF 		bl	AnalogSetDefault
 616:Generated_Source\PSoC4/cyfitter_cfg.c **** 
 617:Generated_Source\PSoC4/cyfitter_cfg.c **** }
 732              		.loc 1 617 0
 733 02ee C046     		nop
 734 02f0 BD46     		mov	sp, r7
 735 02f2 06B0     		add	sp, sp, #24
 736              		@ sp needed
 737 02f4 80BD     		pop	{r7, pc}
 738              	.L21:
 739 02f6 C046     		.align	2
 740              	.L20:
 741 02f8 6CF02E40 		.word	1076818028
 742 02fc 00000000 		.word	cfg_memset_list.4921
 743 0300 14000000 		.word	cfg_memcpy_list.4923
 744 0304 3C000000 		.word	cy_cfg_data_table.4911
ARM GAS  C:\Users\alexport\AppData\Local\Temp\cc9b1i3n.s 			page 25


 745 0308 20000000 		.word	cy_cfg_addr_table.4910
 746 030c 00000240 		.word	1073872896
 747 0310 9000EEEE 		.word	-286392176
 748 0314 00010240 		.word	1073873152
 749 0318 33300000 		.word	12339
 750 031c 00030240 		.word	1073873664
 751 0320 00500F40 		.word	1074745344
 752 0324 10500F40 		.word	1074745360
 753 0328 18500F40 		.word	1074745368
 754 032c 20500F40 		.word	1074745376
 755 0330 30500F40 		.word	1074745392
 756 0334 01700F40 		.word	1074753537
 757 0338 00700F40 		.word	1074753536
 758 033c 00000440 		.word	1074003968
 759 0340 08000440 		.word	1074003976
 760 0344 B04CDA00 		.word	14306480
 761 0348 0C000440 		.word	1074003980
 762 034c 18000440 		.word	1074003992
 763 0350 00010440 		.word	1074004224
 764 0354 08010440 		.word	1074004232
 765 0358 F66C0300 		.word	224502
 766 035c 08020440 		.word	1074004488
 767 0360 08030440 		.word	1074004744
 768 0364 0C030440 		.word	1074004748
 769              		.cfi_endproc
 770              	.LFE8:
 771              		.size	cyfitter_cfg, .-cyfitter_cfg
 772              		.section	.rodata
 773              		.align	2
 774              		.type	cfg_memset_list.4921, %object
 775              		.size	cfg_memset_list.4921, 18
 776              	cfg_memset_list.4921:
 777 0000 00300F40 		.word	1074737152
 778 0004 8000     		.short	128
 779 0006 00310F40 		.4byte	1074737408
 780 000a 0003     		.short	768
 781 000c 00400F40 		.word	1074741248
 782 0010 0004     		.short	1024
 783 0012 0000     		.align	2
 784              		.type	cfg_memcpy_list.4923, %object
 785              		.size	cfg_memcpy_list.4923, 10
 786              	cfg_memcpy_list.4923:
 787 0014 80300F40 		.word	1074737280
 788 0018 8C010000 		.word	BS_UDB_0_1_1_CONFIG_VAL.4922
 789 001c 8000     		.short	128
 790 001e 0000     		.align	2
 791              		.type	cy_cfg_addr_table.4910, %object
 792              		.size	cy_cfg_addr_table.4910, 28
 793              	cy_cfg_addr_table.4910:
 794 0020 01000F40 		.word	1074724865
 795 0024 29310F40 		.word	1074737449
 796 0028 38320F40 		.word	1074737720
 797 002c 3B330F40 		.word	1074737979
 798 0030 01400F40 		.word	1074741249
 799 0034 08410F40 		.word	1074741512
 800 0038 02600F40 		.word	1074749442
 801              		.align	2
ARM GAS  C:\Users\alexport\AppData\Local\Temp\cc9b1i3n.s 			page 26


 802              		.type	cy_cfg_data_table.4911, %object
 803              		.size	cy_cfg_data_table.4911, 336
 804              	cy_cfg_data_table.4911:
 805 003c 81       		.byte	-127
 806 003d 0F       		.byte	15
 807 003e 06       		.byte	6
 808 003f 80       		.byte	-128
 809 0040 07       		.byte	7
 810 0041 2A       		.byte	42
 811 0042 0D       		.byte	13
 812 0043 20       		.byte	32
 813 0044 0E       		.byte	14
 814 0045 81       		.byte	-127
 815 0046 16       		.byte	22
 816 0047 01       		.byte	1
 817 0048 17       		.byte	23
 818 0049 15       		.byte	21
 819 004a 1E       		.byte	30
 820 004b 82       		.byte	-126
 821 004c 24       		.byte	36
 822 004d 02       		.byte	2
 823 004e 25       		.byte	37
 824 004f 40       		.byte	64
 825 0050 27       		.byte	39
 826 0051 2A       		.byte	42
 827 0052 2C       		.byte	44
 828 0053 80       		.byte	-128
 829 0054 2F       		.byte	47
 830 0055 22       		.byte	34
 831 0056 37       		.byte	55
 832 0057 29       		.byte	41
 833 0058 3D       		.byte	61
 834 0059 A8       		.byte	-88
 835 005a 3E       		.byte	62
 836 005b 01       		.byte	1
 837 005c 44       		.byte	68
 838 005d 80       		.byte	-128
 839 005e 45       		.byte	69
 840 005f 60       		.byte	96
 841 0060 47       		.byte	71
 842 0061 08       		.byte	8
 843 0062 4D       		.byte	77
 844 0063 80       		.byte	-128
 845 0064 4F       		.byte	79
 846 0065 04       		.byte	4
 847 0066 56       		.byte	86
 848 0067 82       		.byte	-126
 849 0068 57       		.byte	87
 850 0069 16       		.byte	22
 851 006a 65       		.byte	101
 852 006b 20       		.byte	32
 853 006c 6D       		.byte	109
 854 006d 38       		.byte	56
 855 006e 6E       		.byte	110
 856 006f 09       		.byte	9
 857 0070 6F       		.byte	111
 858 0071 15       		.byte	21
ARM GAS  C:\Users\alexport\AppData\Local\Temp\cc9b1i3n.s 			page 27


 859 0072 74       		.byte	116
 860 0073 80       		.byte	-128
 861 0074 76       		.byte	118
 862 0075 01       		.byte	1
 863 0076 78       		.byte	120
 864 0077 80       		.byte	-128
 865 0078 7A       		.byte	122
 866 0079 01       		.byte	1
 867 007a 8A       		.byte	-118
 868 007b 40       		.byte	64
 869 007c C0       		.byte	-64
 870 007d F0       		.byte	-16
 871 007e C2       		.byte	-62
 872 007f D0       		.byte	-48
 873 0080 C4       		.byte	-60
 874 0081 F0       		.byte	-16
 875 0082 CA       		.byte	-54
 876 0083 D0       		.byte	-48
 877 0084 CC       		.byte	-52
 878 0085 E0       		.byte	-32
 879 0086 CE       		.byte	-50
 880 0087 F0       		.byte	-16
 881 0088 D0       		.byte	-48
 882 0089 F0       		.byte	-16
 883 008a D2       		.byte	-46
 884 008b 10       		.byte	16
 885 008c D8       		.byte	-40
 886 008d 20       		.byte	32
 887 008e E2       		.byte	-30
 888 008f 20       		.byte	32
 889 0090 00       		.byte	0
 890 0091 11       		.byte	17
 891 0092 02       		.byte	2
 892 0093 22       		.byte	34
 893 0094 05       		.byte	5
 894 0095 1C       		.byte	28
 895 0096 08       		.byte	8
 896 0097 42       		.byte	66
 897 0098 0A       		.byte	10
 898 0099 08       		.byte	8
 899 009a 0C       		.byte	12
 900 009b 40       		.byte	64
 901 009c 0D       		.byte	13
 902 009d 66       		.byte	102
 903 009e 0F       		.byte	15
 904 009f 88       		.byte	-120
 905 00a0 10       		.byte	16
 906 00a1 02       		.byte	2
 907 00a2 12       		.byte	18
 908 00a3 0D       		.byte	13
 909 00a4 15       		.byte	21
 910 00a5 E8       		.byte	-24
 911 00a6 16       		.byte	22
 912 00a7 80       		.byte	-128
 913 00a8 17       		.byte	23
 914 00a9 17       		.byte	23
 915 00aa 18       		.byte	24
ARM GAS  C:\Users\alexport\AppData\Local\Temp\cc9b1i3n.s 			page 28


 916 00ab 8D       		.byte	-115
 917 00ac 1B       		.byte	27
 918 00ad 01       		.byte	1
 919 00ae 1C       		.byte	28
 920 00af 8D       		.byte	-115
 921 00b0 20       		.byte	32
 922 00b1 0D       		.byte	13
 923 00b2 22       		.byte	34
 924 00b3 80       		.byte	-128
 925 00b4 24       		.byte	36
 926 00b5 62       		.byte	98
 927 00b6 25       		.byte	37
 928 00b7 48       		.byte	72
 929 00b8 26       		.byte	38
 930 00b9 14       		.byte	20
 931 00ba 27       		.byte	39
 932 00bb B3       		.byte	-77
 933 00bc 28       		.byte	40
 934 00bd 8D       		.byte	-115
 935 00be 2C       		.byte	44
 936 00bf 8D       		.byte	-115
 937 00c0 30       		.byte	48
 938 00c1 0F       		.byte	15
 939 00c2 31       		.byte	49
 940 00c3 80       		.byte	-128
 941 00c4 32       		.byte	50
 942 00c5 80       		.byte	-128
 943 00c6 33       		.byte	51
 944 00c7 3C       		.byte	60
 945 00c8 34       		.byte	52
 946 00c9 70       		.byte	112
 947 00ca 35       		.byte	53
 948 00cb 03       		.byte	3
 949 00cc 37       		.byte	55
 950 00cd 40       		.byte	64
 951 00ce 39       		.byte	57
 952 00cf 08       		.byte	8
 953 00d0 3A       		.byte	58
 954 00d1 22       		.byte	34
 955 00d2 3E       		.byte	62
 956 00d3 04       		.byte	4
 957 00d4 3F       		.byte	63
 958 00d5 41       		.byte	65
 959 00d6 54       		.byte	84
 960 00d7 09       		.byte	9
 961 00d8 58       		.byte	88
 962 00d9 04       		.byte	4
 963 00da 59       		.byte	89
 964 00db 04       		.byte	4
 965 00dc 5B       		.byte	91
 966 00dd 04       		.byte	4
 967 00de 5F       		.byte	95
 968 00df 01       		.byte	1
 969 00e0 88       		.byte	-120
 970 00e1 02       		.byte	2
 971 00e2 8A       		.byte	-118
 972 00e3 0D       		.byte	13
ARM GAS  C:\Users\alexport\AppData\Local\Temp\cc9b1i3n.s 			page 29


 973 00e4 98       		.byte	-104
 974 00e5 09       		.byte	9
 975 00e6 9A       		.byte	-102
 976 00e7 06       		.byte	6
 977 00e8 9C       		.byte	-100
 978 00e9 03       		.byte	3
 979 00ea 9E       		.byte	-98
 980 00eb 0C       		.byte	12
 981 00ec A4       		.byte	-92
 982 00ed 05       		.byte	5
 983 00ee A6       		.byte	-90
 984 00ef 0A       		.byte	10
 985 00f0 B4       		.byte	-76
 986 00f1 0F       		.byte	15
 987 00f2 B8       		.byte	-72
 988 00f3 80       		.byte	-128
 989 00f4 BA       		.byte	-70
 990 00f5 20       		.byte	32
 991 00f6 BE       		.byte	-66
 992 00f7 40       		.byte	64
 993 00f8 D4       		.byte	-44
 994 00f9 40       		.byte	64
 995 00fa D8       		.byte	-40
 996 00fb 04       		.byte	4
 997 00fc DB       		.byte	-37
 998 00fd 04       		.byte	4
 999 00fe DF       		.byte	-33
 1000 00ff 01       		.byte	1
 1001 0100 01       		.byte	1
 1002 0101 20       		.byte	32
 1003 0102 04       		.byte	4
 1004 0103 02       		.byte	2
 1005 0104 05       		.byte	5
 1006 0105 10       		.byte	16
 1007 0106 06       		.byte	6
 1008 0107 02       		.byte	2
 1009 0108 09       		.byte	9
 1010 0109 60       		.byte	96
 1011 010a 0D       		.byte	13
 1012 010b 08       		.byte	8
 1013 010c 0E       		.byte	14
 1014 010d 49       		.byte	73
 1015 010e 0F       		.byte	15
 1016 010f 20       		.byte	32
 1017 0110 13       		.byte	19
 1018 0111 08       		.byte	8
 1019 0112 15       		.byte	21
 1020 0113 10       		.byte	16
 1021 0114 16       		.byte	22
 1022 0115 01       		.byte	1
 1023 0116 17       		.byte	23
 1024 0117 09       		.byte	9
 1025 0118 19       		.byte	25
 1026 0119 A0       		.byte	-96
 1027 011a 1C       		.byte	28
 1028 011b 10       		.byte	16
 1029 011c 1D       		.byte	29
ARM GAS  C:\Users\alexport\AppData\Local\Temp\cc9b1i3n.s 			page 30


 1030 011d 30       		.byte	48
 1031 011e 1E       		.byte	30
 1032 011f 40       		.byte	64
 1033 0120 1F       		.byte	31
 1034 0121 20       		.byte	32
 1035 0122 24       		.byte	36
 1036 0123 40       		.byte	64
 1037 0124 25       		.byte	37
 1038 0125 04       		.byte	4
 1039 0126 26       		.byte	38
 1040 0127 A0       		.byte	-96
 1041 0128 2F       		.byte	47
 1042 0129 20       		.byte	32
 1043 012a 36       		.byte	54
 1044 012b 20       		.byte	32
 1045 012c 37       		.byte	55
 1046 012d 08       		.byte	8
 1047 012e 3D       		.byte	61
 1048 012f 88       		.byte	-120
 1049 0130 5C       		.byte	92
 1050 0131 60       		.byte	96
 1051 0132 5E       		.byte	94
 1052 0133 02       		.byte	2
 1053 0134 5F       		.byte	95
 1054 0135 04       		.byte	4
 1055 0136 60       		.byte	96
 1056 0137 11       		.byte	17
 1057 0138 63       		.byte	99
 1058 0139 08       		.byte	8
 1059 013a 67       		.byte	103
 1060 013b 02       		.byte	2
 1061 013c 81       		.byte	-127
 1062 013d 04       		.byte	4
 1063 013e 84       		.byte	-124
 1064 013f 20       		.byte	32
 1065 0140 86       		.byte	-122
 1066 0141 02       		.byte	2
 1067 0142 8A       		.byte	-118
 1068 0143 20       		.byte	32
 1069 0144 8C       		.byte	-116
 1070 0145 01       		.byte	1
 1071 0146 8D       		.byte	-115
 1072 0147 08       		.byte	8
 1073 0148 8E       		.byte	-114
 1074 0149 80       		.byte	-128
 1075 014a 8F       		.byte	-113
 1076 014b 01       		.byte	1
 1077 014c 90       		.byte	-112
 1078 014d 02       		.byte	2
 1079 014e 91       		.byte	-111
 1080 014f 10       		.byte	16
 1081 0150 92       		.byte	-110
 1082 0151 01       		.byte	1
 1083 0152 93       		.byte	-109
 1084 0153 04       		.byte	4
 1085 0154 9A       		.byte	-102
 1086 0155 03       		.byte	3
ARM GAS  C:\Users\alexport\AppData\Local\Temp\cc9b1i3n.s 			page 31


 1087 0156 9B       		.byte	-101
 1088 0157 09       		.byte	9
 1089 0158 9D       		.byte	-99
 1090 0159 A0       		.byte	-96
 1091 015a A1       		.byte	-95
 1092 015b 40       		.byte	64
 1093 015c A2       		.byte	-94
 1094 015d 05       		.byte	5
 1095 015e A3       		.byte	-93
 1096 015f 14       		.byte	20
 1097 0160 A5       		.byte	-91
 1098 0161 20       		.byte	32
 1099 0162 A7       		.byte	-89
 1100 0163 20       		.byte	32
 1101 0164 C0       		.byte	-64
 1102 0165 D2       		.byte	-46
 1103 0166 C2       		.byte	-62
 1104 0167 F3       		.byte	-13
 1105 0168 C4       		.byte	-60
 1106 0169 F4       		.byte	-12
 1107 016a CA       		.byte	-54
 1108 016b 40       		.byte	64
 1109 016c CC       		.byte	-52
 1110 016d 60       		.byte	96
 1111 016e CE       		.byte	-50
 1112 016f 50       		.byte	80
 1113 0170 D6       		.byte	-42
 1114 0171 F0       		.byte	-16
 1115 0172 D8       		.byte	-40
 1116 0173 1E       		.byte	30
 1117 0174 E2       		.byte	-30
 1118 0175 20       		.byte	32
 1119 0176 8A       		.byte	-118
 1120 0177 20       		.byte	32
 1121 0178 52       		.byte	82
 1122 0179 20       		.byte	32
 1123 017a 54       		.byte	84
 1124 017b 80       		.byte	-128
 1125 017c 58       		.byte	88
 1126 017d 80       		.byte	-128
 1127 017e 80       		.byte	-128
 1128 017f 80       		.byte	-128
 1129 0180 88       		.byte	-120
 1130 0181 80       		.byte	-128
 1131 0182 A2       		.byte	-94
 1132 0183 20       		.byte	32
 1133 0184 D4       		.byte	-44
 1134 0185 E0       		.byte	-32
 1135 0186 E2       		.byte	-30
 1136 0187 20       		.byte	32
 1137 0188 01       		.byte	1
 1138 0189 01       		.byte	1
 1139 018a 10       		.byte	16
 1140 018b 01       		.byte	1
 1141              		.align	2
 1142              		.type	BS_UDB_0_1_1_CONFIG_VAL.4922, %object
 1143              		.size	BS_UDB_0_1_1_CONFIG_VAL.4922, 128
ARM GAS  C:\Users\alexport\AppData\Local\Temp\cc9b1i3n.s 			page 32


 1144              	BS_UDB_0_1_1_CONFIG_VAL.4922:
 1145 018c 60       		.byte	96
 1146 018d 9A       		.byte	-102
 1147 018e 00       		.byte	0
 1148 018f 00       		.byte	0
 1149 0190 04       		.byte	4
 1150 0191 98       		.byte	-104
 1151 0192 00       		.byte	0
 1152 0193 02       		.byte	2
 1153 0194 0A       		.byte	10
 1154 0195 02       		.byte	2
 1155 0196 10       		.byte	16
 1156 0197 98       		.byte	-104
 1157 0198 07       		.byte	7
 1158 0199 13       		.byte	19
 1159 019a 38       		.byte	56
 1160 019b 64       		.byte	100
 1161 019c 01       		.byte	1
 1162 019d 98       		.byte	-104
 1163 019e 00       		.byte	0
 1164 019f 02       		.byte	2
 1165 01a0 00       		.byte	0
 1166 01a1 21       		.byte	33
 1167 01a2 00       		.byte	0
 1168 01a3 D8       		.byte	-40
 1169 01a4 56       		.byte	86
 1170 01a5 38       		.byte	56
 1171 01a6 09       		.byte	9
 1172 01a7 C0       		.byte	-64
 1173 01a8 84       		.byte	-124
 1174 01a9 00       		.byte	0
 1175 01aa 00       		.byte	0
 1176 01ab 00       		.byte	0
 1177 01ac 04       		.byte	4
 1178 01ad 9A       		.byte	-102
 1179 01ae 80       		.byte	-128
 1180 01af 00       		.byte	0
 1181 01b0 80       		.byte	-128
 1182 01b1 FC       		.byte	-4
 1183 01b2 04       		.byte	4
 1184 01b3 03       		.byte	3
 1185 01b4 84       		.byte	-124
 1186 01b5 00       		.byte	0
 1187 01b6 00       		.byte	0
 1188 01b7 00       		.byte	0
 1189 01b8 84       		.byte	-124
 1190 01b9 02       		.byte	2
 1191 01ba 00       		.byte	0
 1192 01bb 00       		.byte	0
 1193 01bc 7F       		.byte	127
 1194 01bd 00       		.byte	0
 1195 01be 00       		.byte	0
 1196 01bf E0       		.byte	-32
 1197 01c0 00       		.byte	0
 1198 01c1 0F       		.byte	15
 1199 01c2 80       		.byte	-128
 1200 01c3 13       		.byte	19
ARM GAS  C:\Users\alexport\AppData\Local\Temp\cc9b1i3n.s 			page 33


 1201 01c4 02       		.byte	2
 1202 01c5 00       		.byte	0
 1203 01c6 00       		.byte	0
 1204 01c7 28       		.byte	40
 1205 01c8 00       		.byte	0
 1206 01c9 00       		.byte	0
 1207 01ca 40       		.byte	64
 1208 01cb 00       		.byte	0
 1209 01cc 32       		.byte	50
 1210 01cd 01       		.byte	1
 1211 01ce 40       		.byte	64
 1212 01cf 00       		.byte	0
 1213 01d0 05       		.byte	5
 1214 01d1 0E       		.byte	14
 1215 01d2 DB       		.byte	-37
 1216 01d3 CF       		.byte	-49
 1217 01d4 3D       		.byte	61
 1218 01d5 FF       		.byte	-1
 1219 01d6 FF       		.byte	-1
 1220 01d7 FF       		.byte	-1
 1221 01d8 22       		.byte	34
 1222 01d9 00       		.byte	0
 1223 01da F0       		.byte	-16
 1224 01db 08       		.byte	8
 1225 01dc 04       		.byte	4
 1226 01dd 00       		.byte	0
 1227 01de 00       		.byte	0
 1228 01df 00       		.byte	0
 1229 01e0 00       		.byte	0
 1230 01e1 00       		.byte	0
 1231 01e2 02       		.byte	2
 1232 01e3 24       		.byte	36
 1233 01e4 04       		.byte	4
 1234 01e5 04       		.byte	4
 1235 01e6 04       		.byte	4
 1236 01e7 04       		.byte	4
 1237 01e8 00       		.byte	0
 1238 01e9 00       		.byte	0
 1239 01ea 00       		.byte	0
 1240 01eb 01       		.byte	1
 1241 01ec 00       		.byte	0
 1242 01ed 00       		.byte	0
 1243 01ee C0       		.byte	-64
 1244 01ef 00       		.byte	0
 1245 01f0 40       		.byte	64
 1246 01f1 01       		.byte	1
 1247 01f2 10       		.byte	16
 1248 01f3 11       		.byte	17
 1249 01f4 C0       		.byte	-64
 1250 01f5 01       		.byte	1
 1251 01f6 00       		.byte	0
 1252 01f7 11       		.byte	17
 1253 01f8 40       		.byte	64
 1254 01f9 01       		.byte	1
 1255 01fa 40       		.byte	64
 1256 01fb 01       		.byte	1
 1257 01fc 00       		.byte	0
ARM GAS  C:\Users\alexport\AppData\Local\Temp\cc9b1i3n.s 			page 34


 1258 01fd 00       		.byte	0
 1259 01fe 00       		.byte	0
 1260 01ff 00       		.byte	0
 1261 0200 00       		.byte	0
 1262 0201 00       		.byte	0
 1263 0202 00       		.byte	0
 1264 0203 00       		.byte	0
 1265 0204 00       		.byte	0
 1266 0205 00       		.byte	0
 1267 0206 00       		.byte	0
 1268 0207 00       		.byte	0
 1269 0208 00       		.byte	0
 1270 0209 00       		.byte	0
 1271 020a 00       		.byte	0
 1272 020b 00       		.byte	0
 1273              		.text
 1274              	.Letext0:
 1275              		.file 2 "c:\\program files (x86)\\cypress\\psoc creator\\4.4\\psoc creator\\import\\gnu\\arm\\5.4.
 1276              		.file 3 "Generated_Source\\PSoC4\\cytypes.h"
 1277              		.section	.debug_info,"",%progbits
 1278              	.Ldebug_info0:
 1279 0000 3E040000 		.4byte	0x43e
 1280 0004 0400     		.2byte	0x4
 1281 0006 00000000 		.4byte	.Ldebug_abbrev0
 1282 000a 04       		.byte	0x4
 1283 000b 01       		.uleb128 0x1
 1284 000c A9000000 		.4byte	.LASF46
 1285 0010 0C       		.byte	0xc
 1286 0011 DB020000 		.4byte	.LASF47
 1287 0015 37010000 		.4byte	.LASF48
 1288 0019 00000000 		.4byte	.Ldebug_ranges0+0
 1289 001d 00000000 		.4byte	0
 1290 0021 00000000 		.4byte	.Ldebug_line0
 1291 0025 02       		.uleb128 0x2
 1292 0026 04       		.byte	0x4
 1293 0027 05       		.byte	0x5
 1294 0028 696E7400 		.ascii	"int\000"
 1295 002c 03       		.uleb128 0x3
 1296 002d 06000000 		.4byte	.LASF12
 1297 0031 02       		.byte	0x2
 1298 0032 D8       		.byte	0xd8
 1299 0033 37000000 		.4byte	0x37
 1300 0037 04       		.uleb128 0x4
 1301 0038 04       		.byte	0x4
 1302 0039 07       		.byte	0x7
 1303 003a F4010000 		.4byte	.LASF0
 1304 003e 04       		.uleb128 0x4
 1305 003f 08       		.byte	0x8
 1306 0040 05       		.byte	0x5
 1307 0041 66020000 		.4byte	.LASF1
 1308 0045 04       		.uleb128 0x4
 1309 0046 08       		.byte	0x8
 1310 0047 04       		.byte	0x4
 1311 0048 B3020000 		.4byte	.LASF2
 1312 004c 04       		.uleb128 0x4
 1313 004d 01       		.byte	0x1
 1314 004e 06       		.byte	0x6
ARM GAS  C:\Users\alexport\AppData\Local\Temp\cc9b1i3n.s 			page 35


 1315 004f BF020000 		.4byte	.LASF3
 1316 0053 04       		.uleb128 0x4
 1317 0054 01       		.byte	0x1
 1318 0055 08       		.byte	0x8
 1319 0056 E6010000 		.4byte	.LASF4
 1320 005a 04       		.uleb128 0x4
 1321 005b 02       		.byte	0x2
 1322 005c 05       		.byte	0x5
 1323 005d 93020000 		.4byte	.LASF5
 1324 0061 04       		.uleb128 0x4
 1325 0062 02       		.byte	0x2
 1326 0063 07       		.byte	0x7
 1327 0064 53020000 		.4byte	.LASF6
 1328 0068 04       		.uleb128 0x4
 1329 0069 04       		.byte	0x4
 1330 006a 05       		.byte	0x5
 1331 006b AA020000 		.4byte	.LASF7
 1332 006f 04       		.uleb128 0x4
 1333 0070 04       		.byte	0x4
 1334 0071 07       		.byte	0x7
 1335 0072 87000000 		.4byte	.LASF8
 1336 0076 04       		.uleb128 0x4
 1337 0077 08       		.byte	0x8
 1338 0078 07       		.byte	0x7
 1339 0079 16020000 		.4byte	.LASF9
 1340 007d 04       		.uleb128 0x4
 1341 007e 04       		.byte	0x4
 1342 007f 07       		.byte	0x7
 1343 0080 4A020000 		.4byte	.LASF10
 1344 0084 05       		.uleb128 0x5
 1345 0085 04       		.byte	0x4
 1346 0086 04       		.uleb128 0x4
 1347 0087 01       		.byte	0x1
 1348 0088 08       		.byte	0x8
 1349 0089 74020000 		.4byte	.LASF11
 1350 008d 06       		.uleb128 0x6
 1351 008e 99000000 		.4byte	.LASF13
 1352 0092 03       		.byte	0x3
 1353 0093 FC01     		.2byte	0x1fc
 1354 0095 53000000 		.4byte	0x53
 1355 0099 06       		.uleb128 0x6
 1356 009a CD010000 		.4byte	.LASF14
 1357 009e 03       		.byte	0x3
 1358 009f FD01     		.2byte	0x1fd
 1359 00a1 61000000 		.4byte	0x61
 1360 00a5 06       		.uleb128 0x6
 1361 00a6 DF010000 		.4byte	.LASF15
 1362 00aa 03       		.byte	0x3
 1363 00ab FE01     		.2byte	0x1fe
 1364 00ad 6F000000 		.4byte	0x6f
 1365 00b1 04       		.uleb128 0x4
 1366 00b2 04       		.byte	0x4
 1367 00b3 04       		.byte	0x4
 1368 00b4 62000000 		.4byte	.LASF16
 1369 00b8 04       		.uleb128 0x4
 1370 00b9 08       		.byte	0x8
 1371 00ba 04       		.byte	0x4
ARM GAS  C:\Users\alexport\AppData\Local\Temp\cc9b1i3n.s 			page 36


 1372 00bb 91010000 		.4byte	.LASF17
 1373 00bf 06       		.uleb128 0x6
 1374 00c0 82000000 		.4byte	.LASF18
 1375 00c4 03       		.byte	0x3
 1376 00c5 A602     		.2byte	0x2a6
 1377 00c7 CB000000 		.4byte	0xcb
 1378 00cb 07       		.uleb128 0x7
 1379 00cc 8D000000 		.4byte	0x8d
 1380 00d0 06       		.uleb128 0x6
 1381 00d1 00000000 		.4byte	.LASF19
 1382 00d5 03       		.byte	0x3
 1383 00d6 A802     		.2byte	0x2a8
 1384 00d8 DC000000 		.4byte	0xdc
 1385 00dc 07       		.uleb128 0x7
 1386 00dd A5000000 		.4byte	0xa5
 1387 00e1 08       		.uleb128 0x8
 1388 00e2 02       		.byte	0x2
 1389 00e3 01       		.byte	0x1
 1390 00e4 96       		.byte	0x96
 1391 00e5 02010000 		.4byte	0x102
 1392 00e9 09       		.uleb128 0x9
 1393 00ea 8C020000 		.4byte	.LASF20
 1394 00ee 01       		.byte	0x1
 1395 00ef 98       		.byte	0x98
 1396 00f0 8D000000 		.4byte	0x8d
 1397 00f4 00       		.byte	0
 1398 00f5 09       		.uleb128 0x9
 1399 00f6 1E000000 		.4byte	.LASF21
 1400 00fa 01       		.byte	0x1
 1401 00fb 99       		.byte	0x99
 1402 00fc 8D000000 		.4byte	0x8d
 1403 0100 01       		.byte	0x1
 1404 0101 00       		.byte	0
 1405 0102 03       		.uleb128 0x3
 1406 0103 79020000 		.4byte	.LASF22
 1407 0107 01       		.byte	0x1
 1408 0108 9A       		.byte	0x9a
 1409 0109 E1000000 		.4byte	0xe1
 1410 010d 0A       		.uleb128 0xa
 1411 010e 9F000000 		.4byte	.LASF23
 1412 0112 01       		.byte	0x1
 1413 0113 4B       		.byte	0x4b
 1414 0114 00000000 		.4byte	.LFB2
 1415 0118 1E000000 		.4byte	.LFE2-.LFB2
 1416 011c 01       		.uleb128 0x1
 1417 011d 9C       		.byte	0x9c
 1418 011e 3B010000 		.4byte	0x13b
 1419 0122 0B       		.uleb128 0xb
 1420 0123 7300     		.ascii	"s\000"
 1421 0125 01       		.byte	0x1
 1422 0126 4B       		.byte	0x4b
 1423 0127 84000000 		.4byte	0x84
 1424 012b 02       		.uleb128 0x2
 1425 012c 91       		.byte	0x91
 1426 012d 74       		.sleb128 -12
 1427 012e 0B       		.uleb128 0xb
 1428 012f 6E00     		.ascii	"n\000"
ARM GAS  C:\Users\alexport\AppData\Local\Temp\cc9b1i3n.s 			page 37


 1429 0131 01       		.byte	0x1
 1430 0132 4B       		.byte	0x4b
 1431 0133 2C000000 		.4byte	0x2c
 1432 0137 02       		.uleb128 0x2
 1433 0138 91       		.byte	0x91
 1434 0139 70       		.sleb128 -16
 1435 013a 00       		.byte	0
 1436 013b 0A       		.uleb128 0xa
 1437 013c 11030000 		.4byte	.LASF24
 1438 0140 01       		.byte	0x1
 1439 0141 52       		.byte	0x52
 1440 0142 00000000 		.4byte	.LFB3
 1441 0146 20000000 		.4byte	.LFE3-.LFB3
 1442 014a 01       		.uleb128 0x1
 1443 014b 9C       		.byte	0x9c
 1444 014c 79010000 		.4byte	0x179
 1445 0150 0C       		.uleb128 0xc
 1446 0151 68000000 		.4byte	.LASF25
 1447 0155 01       		.byte	0x1
 1448 0156 52       		.byte	0x52
 1449 0157 84000000 		.4byte	0x84
 1450 015b 02       		.uleb128 0x2
 1451 015c 91       		.byte	0x91
 1452 015d 74       		.sleb128 -12
 1453 015e 0B       		.uleb128 0xb
 1454 015f 73726300 		.ascii	"src\000"
 1455 0163 01       		.byte	0x1
 1456 0164 52       		.byte	0x52
 1457 0165 79010000 		.4byte	0x179
 1458 0169 02       		.uleb128 0x2
 1459 016a 91       		.byte	0x91
 1460 016b 70       		.sleb128 -16
 1461 016c 0B       		.uleb128 0xb
 1462 016d 6E00     		.ascii	"n\000"
 1463 016f 01       		.byte	0x1
 1464 0170 52       		.byte	0x52
 1465 0171 2C000000 		.4byte	0x2c
 1466 0175 02       		.uleb128 0x2
 1467 0176 91       		.byte	0x91
 1468 0177 6C       		.sleb128 -20
 1469 0178 00       		.byte	0
 1470 0179 0D       		.uleb128 0xd
 1471 017a 04       		.byte	0x4
 1472 017b 7F010000 		.4byte	0x17f
 1473 017f 0E       		.uleb128 0xe
 1474 0180 0A       		.uleb128 0xa
 1475 0181 01030000 		.4byte	.LASF26
 1476 0185 01       		.byte	0x1
 1477 0186 59       		.byte	0x59
 1478 0187 00000000 		.4byte	.LFB4
 1479 018b 20000000 		.4byte	.LFE4-.LFB4
 1480 018f 01       		.uleb128 0x1
 1481 0190 9C       		.byte	0x9c
 1482 0191 BE010000 		.4byte	0x1be
 1483 0195 0C       		.uleb128 0xc
 1484 0196 68000000 		.4byte	.LASF25
 1485 019a 01       		.byte	0x1
ARM GAS  C:\Users\alexport\AppData\Local\Temp\cc9b1i3n.s 			page 38


 1486 019b 59       		.byte	0x59
 1487 019c 84000000 		.4byte	0x84
 1488 01a0 02       		.uleb128 0x2
 1489 01a1 91       		.byte	0x91
 1490 01a2 74       		.sleb128 -12
 1491 01a3 0B       		.uleb128 0xb
 1492 01a4 73726300 		.ascii	"src\000"
 1493 01a8 01       		.byte	0x1
 1494 01a9 59       		.byte	0x59
 1495 01aa 79010000 		.4byte	0x179
 1496 01ae 02       		.uleb128 0x2
 1497 01af 91       		.byte	0x91
 1498 01b0 70       		.sleb128 -16
 1499 01b1 0B       		.uleb128 0xb
 1500 01b2 6E00     		.ascii	"n\000"
 1501 01b4 01       		.byte	0x1
 1502 01b5 59       		.byte	0x59
 1503 01b6 2C000000 		.4byte	0x2c
 1504 01ba 02       		.uleb128 0x2
 1505 01bb 91       		.byte	0x91
 1506 01bc 6C       		.sleb128 -20
 1507 01bd 00       		.byte	0
 1508 01be 0F       		.uleb128 0xf
 1509 01bf 98010000 		.4byte	.LASF27
 1510 01c3 01       		.byte	0x1
 1511 01c4 AD       		.byte	0xad
 1512 01c5 00000000 		.4byte	.LFB5
 1513 01c9 82000000 		.4byte	.LFE5-.LFB5
 1514 01cd 01       		.uleb128 0x1
 1515 01ce 9C       		.byte	0x9c
 1516 01cf 2E020000 		.4byte	0x22e
 1517 01d3 0C       		.uleb128 0xc
 1518 01d4 C2010000 		.4byte	.LASF28
 1519 01d8 01       		.byte	0x1
 1520 01d9 AD       		.byte	0xad
 1521 01da 2E020000 		.4byte	0x22e
 1522 01de 02       		.uleb128 0x2
 1523 01df 91       		.byte	0x91
 1524 01e0 64       		.sleb128 -28
 1525 01e1 0C       		.uleb128 0xc
 1526 01e2 D4010000 		.4byte	.LASF29
 1527 01e6 01       		.byte	0x1
 1528 01e7 AD       		.byte	0xad
 1529 01e8 39020000 		.4byte	0x239
 1530 01ec 02       		.uleb128 0x2
 1531 01ed 91       		.byte	0x91
 1532 01ee 60       		.sleb128 -32
 1533 01ef 10       		.uleb128 0x10
 1534 01f0 6900     		.ascii	"i\000"
 1535 01f2 01       		.byte	0x1
 1536 01f3 B0       		.byte	0xb0
 1537 01f4 A5000000 		.4byte	0xa5
 1538 01f8 02       		.uleb128 0x2
 1539 01f9 91       		.byte	0x91
 1540 01fa 74       		.sleb128 -12
 1541 01fb 10       		.uleb128 0x10
 1542 01fc 6A00     		.ascii	"j\000"
ARM GAS  C:\Users\alexport\AppData\Local\Temp\cc9b1i3n.s 			page 39


 1543 01fe 01       		.byte	0x1
 1544 01ff B0       		.byte	0xb0
 1545 0200 A5000000 		.4byte	0xa5
 1546 0204 02       		.uleb128 0x2
 1547 0205 91       		.byte	0x91
 1548 0206 70       		.sleb128 -16
 1549 0207 11       		.uleb128 0x11
 1550 0208 14000000 		.4byte	.LBB2
 1551 020c 5A000000 		.4byte	.LBE2-.LBB2
 1552 0210 12       		.uleb128 0x12
 1553 0211 41020000 		.4byte	.LASF30
 1554 0215 01       		.byte	0x1
 1555 0216 B3       		.byte	0xb3
 1556 0217 A5000000 		.4byte	0xa5
 1557 021b 02       		.uleb128 0x2
 1558 021c 91       		.byte	0x91
 1559 021d 68       		.sleb128 -24
 1560 021e 12       		.uleb128 0x12
 1561 021f 24000000 		.4byte	.LASF31
 1562 0223 01       		.byte	0x1
 1563 0224 B4       		.byte	0xb4
 1564 0225 8D000000 		.4byte	0x8d
 1565 0229 02       		.uleb128 0x2
 1566 022a 91       		.byte	0x91
 1567 022b 6F       		.sleb128 -17
 1568 022c 00       		.byte	0
 1569 022d 00       		.byte	0
 1570 022e 0D       		.uleb128 0xd
 1571 022f 04       		.byte	0x4
 1572 0230 34020000 		.4byte	0x234
 1573 0234 13       		.uleb128 0x13
 1574 0235 A5000000 		.4byte	0xa5
 1575 0239 0D       		.uleb128 0xd
 1576 023a 04       		.byte	0x4
 1577 023b 3F020000 		.4byte	0x23f
 1578 023f 13       		.uleb128 0x13
 1579 0240 02010000 		.4byte	0x102
 1580 0244 14       		.uleb128 0x14
 1581 0245 2A000000 		.4byte	.LASF32
 1582 0249 01       		.byte	0x1
 1583 024a D2       		.byte	0xd2
 1584 024b 00000000 		.4byte	.LFB6
 1585 024f 4C010000 		.4byte	.LFE6-.LFB6
 1586 0253 01       		.uleb128 0x1
 1587 0254 9C       		.byte	0x9c
 1588 0255 15       		.uleb128 0x15
 1589 0256 0D000000 		.4byte	.LASF33
 1590 025a 01       		.byte	0x1
 1591 025b 2701     		.2byte	0x127
 1592 025d 00000000 		.4byte	.LFB7
 1593 0261 28000000 		.4byte	.LFE7-.LFB7
 1594 0265 01       		.uleb128 0x1
 1595 0266 9C       		.byte	0x9c
 1596 0267 16       		.uleb128 0x16
 1597 0268 01020000 		.4byte	.LASF49
 1598 026c 01       		.byte	0x1
 1599 026d 4201     		.2byte	0x142
ARM GAS  C:\Users\alexport\AppData\Local\Temp\cc9b1i3n.s 			page 40


 1600 026f 4C010000 		.4byte	.LFB8
 1601 0273 1C020000 		.4byte	.LFE8-.LFB8
 1602 0277 01       		.uleb128 0x1
 1603 0278 9C       		.byte	0x9c
 1604 0279 FD030000 		.4byte	0x3fd
 1605 027d 11       		.uleb128 0x11
 1606 027e 5A010000 		.4byte	.LBB3
 1607 0282 50010000 		.4byte	.LBE3-.LBB3
 1608 0286 17       		.uleb128 0x17
 1609 0287 35000000 		.4byte	.LASF34
 1610 028b 01       		.byte	0x1
 1611 028c 4A01     		.2byte	0x14a
 1612 028e 0D040000 		.4byte	0x40d
 1613 0292 05       		.uleb128 0x5
 1614 0293 03       		.byte	0x3
 1615 0294 20000000 		.4byte	cy_cfg_addr_table.4910
 1616 0298 17       		.uleb128 0x17
 1617 0299 50000000 		.4byte	.LASF35
 1618 029d 01       		.byte	0x1
 1619 029e 5401     		.2byte	0x154
 1620 02a0 22040000 		.4byte	0x422
 1621 02a4 05       		.uleb128 0x5
 1622 02a5 03       		.byte	0x3
 1623 02a6 3C000000 		.4byte	cy_cfg_data_table.4911
 1624 02aa 18       		.uleb128 0x18
 1625 02ab 06       		.byte	0x6
 1626 02ac 01       		.byte	0x1
 1627 02ad 0102     		.2byte	0x201
 1628 02af CE020000 		.4byte	0x2ce
 1629 02b3 19       		.uleb128 0x19
 1630 02b4 0E020000 		.4byte	.LASF36
 1631 02b8 01       		.byte	0x1
 1632 02b9 0202     		.2byte	0x202
 1633 02bb 84000000 		.4byte	0x84
 1634 02bf 00       		.byte	0
 1635 02c0 19       		.uleb128 0x19
 1636 02c1 7D000000 		.4byte	.LASF37
 1637 02c5 01       		.byte	0x1
 1638 02c6 0302     		.2byte	0x203
 1639 02c8 99000000 		.4byte	0x99
 1640 02cc 04       		.byte	0x4
 1641 02cd 00       		.byte	0
 1642 02ce 06       		.uleb128 0x6
 1643 02cf 34020000 		.4byte	.LASF38
 1644 02d3 01       		.byte	0x1
 1645 02d4 0402     		.2byte	0x204
 1646 02d6 AA020000 		.4byte	0x2aa
 1647 02da 18       		.uleb128 0x18
 1648 02db 0A       		.byte	0xa
 1649 02dc 01       		.byte	0x1
 1650 02dd 0702     		.2byte	0x207
 1651 02df 0B030000 		.4byte	0x30b
 1652 02e3 19       		.uleb128 0x19
 1653 02e4 68000000 		.4byte	.LASF25
 1654 02e8 01       		.byte	0x1
 1655 02e9 0802     		.2byte	0x208
 1656 02eb 84000000 		.4byte	0x84
ARM GAS  C:\Users\alexport\AppData\Local\Temp\cc9b1i3n.s 			page 41


 1657 02ef 00       		.byte	0
 1658 02f0 1A       		.uleb128 0x1a
 1659 02f1 73726300 		.ascii	"src\000"
 1660 02f5 01       		.byte	0x1
 1661 02f6 0902     		.2byte	0x209
 1662 02f8 79010000 		.4byte	0x179
 1663 02fc 04       		.byte	0x4
 1664 02fd 19       		.uleb128 0x19
 1665 02fe 7D000000 		.4byte	.LASF37
 1666 0302 01       		.byte	0x1
 1667 0303 0A02     		.2byte	0x20a
 1668 0305 99000000 		.4byte	0x99
 1669 0309 08       		.byte	0x8
 1670 030a 00       		.byte	0
 1671 030b 06       		.uleb128 0x6
 1672 030c 9D020000 		.4byte	.LASF39
 1673 0310 01       		.byte	0x1
 1674 0311 0B02     		.2byte	0x20b
 1675 0313 DA020000 		.4byte	0x2da
 1676 0317 1B       		.uleb128 0x1b
 1677 0318 27030000 		.4byte	0x327
 1678 031c 27030000 		.4byte	0x327
 1679 0320 1C       		.uleb128 0x1c
 1680 0321 7D000000 		.4byte	0x7d
 1681 0325 02       		.byte	0x2
 1682 0326 00       		.byte	0
 1683 0327 13       		.uleb128 0x13
 1684 0328 CE020000 		.4byte	0x2ce
 1685 032c 17       		.uleb128 0x17
 1686 032d 6D000000 		.4byte	.LASF40
 1687 0331 01       		.byte	0x1
 1688 0332 0D02     		.2byte	0x20d
 1689 0334 3E030000 		.4byte	0x33e
 1690 0338 05       		.uleb128 0x5
 1691 0339 03       		.byte	0x3
 1692 033a 00000000 		.4byte	cfg_memset_list.4921
 1693 033e 13       		.uleb128 0x13
 1694 033f 17030000 		.4byte	0x317
 1695 0343 17       		.uleb128 0x17
 1696 0344 AA010000 		.4byte	.LASF41
 1697 0348 01       		.byte	0x1
 1698 0349 1502     		.2byte	0x215
 1699 034b 3C040000 		.4byte	0x43c
 1700 034f 05       		.uleb128 0x5
 1701 0350 03       		.byte	0x3
 1702 0351 8C010000 		.4byte	BS_UDB_0_1_1_CONFIG_VAL.4922
 1703 0355 1B       		.uleb128 0x1b
 1704 0356 65030000 		.4byte	0x365
 1705 035a 65030000 		.4byte	0x365
 1706 035e 1C       		.uleb128 0x1c
 1707 035f 7D000000 		.4byte	0x7d
 1708 0363 00       		.byte	0
 1709 0364 00       		.byte	0
 1710 0365 13       		.uleb128 0x13
 1711 0366 0B030000 		.4byte	0x30b
 1712 036a 17       		.uleb128 0x17
 1713 036b CB020000 		.4byte	.LASF42
ARM GAS  C:\Users\alexport\AppData\Local\Temp\cc9b1i3n.s 			page 42


 1714 036f 01       		.byte	0x1
 1715 0370 1F02     		.2byte	0x21f
 1716 0372 7C030000 		.4byte	0x37c
 1717 0376 05       		.uleb128 0x5
 1718 0377 03       		.byte	0x3
 1719 0378 14000000 		.4byte	cfg_memcpy_list.4923
 1720 037c 13       		.uleb128 0x13
 1721 037d 55030000 		.4byte	0x355
 1722 0381 1D       		.uleb128 0x1d
 1723 0382 6900     		.ascii	"i\000"
 1724 0384 01       		.byte	0x1
 1725 0385 2402     		.2byte	0x224
 1726 0387 8D000000 		.4byte	0x8d
 1727 038b 02       		.uleb128 0x2
 1728 038c 91       		.byte	0x91
 1729 038d 77       		.sleb128 -9
 1730 038e 1E       		.uleb128 0x1e
 1731 038f 64010000 		.4byte	.LBB4
 1732 0393 3E000000 		.4byte	.LBE4-.LBB4
 1733 0397 B0030000 		.4byte	0x3b0
 1734 039b 1D       		.uleb128 0x1d
 1735 039c 6D7300   		.ascii	"ms\000"
 1736 039f 01       		.byte	0x1
 1737 03a0 2902     		.2byte	0x229
 1738 03a2 A9030000 		.4byte	0x3a9
 1739 03a6 02       		.uleb128 0x2
 1740 03a7 91       		.byte	0x91
 1741 03a8 70       		.sleb128 -16
 1742 03a9 0D       		.uleb128 0xd
 1743 03aa 04       		.byte	0x4
 1744 03ab 27030000 		.4byte	0x327
 1745 03af 00       		.byte	0
 1746 03b0 11       		.uleb128 0x11
 1747 03b1 C4010000 		.4byte	.LBB5
 1748 03b5 60000000 		.4byte	.LBE5-.LBB5
 1749 03b9 1D       		.uleb128 0x1d
 1750 03ba 6D6300   		.ascii	"mc\000"
 1751 03bd 01       		.byte	0x1
 1752 03be 3002     		.2byte	0x230
 1753 03c0 C7030000 		.4byte	0x3c7
 1754 03c4 02       		.uleb128 0x2
 1755 03c5 91       		.byte	0x91
 1756 03c6 6C       		.sleb128 -20
 1757 03c7 0D       		.uleb128 0xd
 1758 03c8 04       		.byte	0x4
 1759 03c9 65030000 		.4byte	0x365
 1760 03cd 17       		.uleb128 0x17
 1761 03ce 89010000 		.4byte	.LASF43
 1762 03d2 01       		.byte	0x1
 1763 03d3 3102     		.2byte	0x231
 1764 03d5 84000000 		.4byte	0x84
 1765 03d9 02       		.uleb128 0x2
 1766 03da 91       		.byte	0x91
 1767 03db 68       		.sleb128 -24
 1768 03dc 17       		.uleb128 0x17
 1769 03dd 2D020000 		.4byte	.LASF44
 1770 03e1 01       		.byte	0x1
ARM GAS  C:\Users\alexport\AppData\Local\Temp\cc9b1i3n.s 			page 43


 1771 03e2 3202     		.2byte	0x232
 1772 03e4 79010000 		.4byte	0x179
 1773 03e8 02       		.uleb128 0x2
 1774 03e9 91       		.byte	0x91
 1775 03ea 64       		.sleb128 -28
 1776 03eb 17       		.uleb128 0x17
 1777 03ec 47000000 		.4byte	.LASF45
 1778 03f0 01       		.byte	0x1
 1779 03f1 3302     		.2byte	0x233
 1780 03f3 99000000 		.4byte	0x99
 1781 03f7 02       		.uleb128 0x2
 1782 03f8 91       		.byte	0x91
 1783 03f9 62       		.sleb128 -30
 1784 03fa 00       		.byte	0
 1785 03fb 00       		.byte	0
 1786 03fc 00       		.byte	0
 1787 03fd 1B       		.uleb128 0x1b
 1788 03fe 34020000 		.4byte	0x234
 1789 0402 0D040000 		.4byte	0x40d
 1790 0406 1C       		.uleb128 0x1c
 1791 0407 7D000000 		.4byte	0x7d
 1792 040b 06       		.byte	0x6
 1793 040c 00       		.byte	0
 1794 040d 13       		.uleb128 0x13
 1795 040e FD030000 		.4byte	0x3fd
 1796 0412 1B       		.uleb128 0x1b
 1797 0413 3F020000 		.4byte	0x23f
 1798 0417 22040000 		.4byte	0x422
 1799 041b 1C       		.uleb128 0x1c
 1800 041c 7D000000 		.4byte	0x7d
 1801 0420 A7       		.byte	0xa7
 1802 0421 00       		.byte	0
 1803 0422 13       		.uleb128 0x13
 1804 0423 12040000 		.4byte	0x412
 1805 0427 1B       		.uleb128 0x1b
 1806 0428 37040000 		.4byte	0x437
 1807 042c 37040000 		.4byte	0x437
 1808 0430 1C       		.uleb128 0x1c
 1809 0431 7D000000 		.4byte	0x7d
 1810 0435 7F       		.byte	0x7f
 1811 0436 00       		.byte	0
 1812 0437 13       		.uleb128 0x13
 1813 0438 8D000000 		.4byte	0x8d
 1814 043c 13       		.uleb128 0x13
 1815 043d 27040000 		.4byte	0x427
 1816 0441 00       		.byte	0
 1817              		.section	.debug_abbrev,"",%progbits
 1818              	.Ldebug_abbrev0:
 1819 0000 01       		.uleb128 0x1
 1820 0001 11       		.uleb128 0x11
 1821 0002 01       		.byte	0x1
 1822 0003 25       		.uleb128 0x25
 1823 0004 0E       		.uleb128 0xe
 1824 0005 13       		.uleb128 0x13
 1825 0006 0B       		.uleb128 0xb
 1826 0007 03       		.uleb128 0x3
 1827 0008 0E       		.uleb128 0xe
ARM GAS  C:\Users\alexport\AppData\Local\Temp\cc9b1i3n.s 			page 44


 1828 0009 1B       		.uleb128 0x1b
 1829 000a 0E       		.uleb128 0xe
 1830 000b 55       		.uleb128 0x55
 1831 000c 17       		.uleb128 0x17
 1832 000d 11       		.uleb128 0x11
 1833 000e 01       		.uleb128 0x1
 1834 000f 10       		.uleb128 0x10
 1835 0010 17       		.uleb128 0x17
 1836 0011 00       		.byte	0
 1837 0012 00       		.byte	0
 1838 0013 02       		.uleb128 0x2
 1839 0014 24       		.uleb128 0x24
 1840 0015 00       		.byte	0
 1841 0016 0B       		.uleb128 0xb
 1842 0017 0B       		.uleb128 0xb
 1843 0018 3E       		.uleb128 0x3e
 1844 0019 0B       		.uleb128 0xb
 1845 001a 03       		.uleb128 0x3
 1846 001b 08       		.uleb128 0x8
 1847 001c 00       		.byte	0
 1848 001d 00       		.byte	0
 1849 001e 03       		.uleb128 0x3
 1850 001f 16       		.uleb128 0x16
 1851 0020 00       		.byte	0
 1852 0021 03       		.uleb128 0x3
 1853 0022 0E       		.uleb128 0xe
 1854 0023 3A       		.uleb128 0x3a
 1855 0024 0B       		.uleb128 0xb
 1856 0025 3B       		.uleb128 0x3b
 1857 0026 0B       		.uleb128 0xb
 1858 0027 49       		.uleb128 0x49
 1859 0028 13       		.uleb128 0x13
 1860 0029 00       		.byte	0
 1861 002a 00       		.byte	0
 1862 002b 04       		.uleb128 0x4
 1863 002c 24       		.uleb128 0x24
 1864 002d 00       		.byte	0
 1865 002e 0B       		.uleb128 0xb
 1866 002f 0B       		.uleb128 0xb
 1867 0030 3E       		.uleb128 0x3e
 1868 0031 0B       		.uleb128 0xb
 1869 0032 03       		.uleb128 0x3
 1870 0033 0E       		.uleb128 0xe
 1871 0034 00       		.byte	0
 1872 0035 00       		.byte	0
 1873 0036 05       		.uleb128 0x5
 1874 0037 0F       		.uleb128 0xf
 1875 0038 00       		.byte	0
 1876 0039 0B       		.uleb128 0xb
 1877 003a 0B       		.uleb128 0xb
 1878 003b 00       		.byte	0
 1879 003c 00       		.byte	0
 1880 003d 06       		.uleb128 0x6
 1881 003e 16       		.uleb128 0x16
 1882 003f 00       		.byte	0
 1883 0040 03       		.uleb128 0x3
 1884 0041 0E       		.uleb128 0xe
ARM GAS  C:\Users\alexport\AppData\Local\Temp\cc9b1i3n.s 			page 45


 1885 0042 3A       		.uleb128 0x3a
 1886 0043 0B       		.uleb128 0xb
 1887 0044 3B       		.uleb128 0x3b
 1888 0045 05       		.uleb128 0x5
 1889 0046 49       		.uleb128 0x49
 1890 0047 13       		.uleb128 0x13
 1891 0048 00       		.byte	0
 1892 0049 00       		.byte	0
 1893 004a 07       		.uleb128 0x7
 1894 004b 35       		.uleb128 0x35
 1895 004c 00       		.byte	0
 1896 004d 49       		.uleb128 0x49
 1897 004e 13       		.uleb128 0x13
 1898 004f 00       		.byte	0
 1899 0050 00       		.byte	0
 1900 0051 08       		.uleb128 0x8
 1901 0052 13       		.uleb128 0x13
 1902 0053 01       		.byte	0x1
 1903 0054 0B       		.uleb128 0xb
 1904 0055 0B       		.uleb128 0xb
 1905 0056 3A       		.uleb128 0x3a
 1906 0057 0B       		.uleb128 0xb
 1907 0058 3B       		.uleb128 0x3b
 1908 0059 0B       		.uleb128 0xb
 1909 005a 01       		.uleb128 0x1
 1910 005b 13       		.uleb128 0x13
 1911 005c 00       		.byte	0
 1912 005d 00       		.byte	0
 1913 005e 09       		.uleb128 0x9
 1914 005f 0D       		.uleb128 0xd
 1915 0060 00       		.byte	0
 1916 0061 03       		.uleb128 0x3
 1917 0062 0E       		.uleb128 0xe
 1918 0063 3A       		.uleb128 0x3a
 1919 0064 0B       		.uleb128 0xb
 1920 0065 3B       		.uleb128 0x3b
 1921 0066 0B       		.uleb128 0xb
 1922 0067 49       		.uleb128 0x49
 1923 0068 13       		.uleb128 0x13
 1924 0069 38       		.uleb128 0x38
 1925 006a 0B       		.uleb128 0xb
 1926 006b 00       		.byte	0
 1927 006c 00       		.byte	0
 1928 006d 0A       		.uleb128 0xa
 1929 006e 2E       		.uleb128 0x2e
 1930 006f 01       		.byte	0x1
 1931 0070 03       		.uleb128 0x3
 1932 0071 0E       		.uleb128 0xe
 1933 0072 3A       		.uleb128 0x3a
 1934 0073 0B       		.uleb128 0xb
 1935 0074 3B       		.uleb128 0x3b
 1936 0075 0B       		.uleb128 0xb
 1937 0076 27       		.uleb128 0x27
 1938 0077 19       		.uleb128 0x19
 1939 0078 11       		.uleb128 0x11
 1940 0079 01       		.uleb128 0x1
 1941 007a 12       		.uleb128 0x12
ARM GAS  C:\Users\alexport\AppData\Local\Temp\cc9b1i3n.s 			page 46


 1942 007b 06       		.uleb128 0x6
 1943 007c 40       		.uleb128 0x40
 1944 007d 18       		.uleb128 0x18
 1945 007e 9642     		.uleb128 0x2116
 1946 0080 19       		.uleb128 0x19
 1947 0081 01       		.uleb128 0x1
 1948 0082 13       		.uleb128 0x13
 1949 0083 00       		.byte	0
 1950 0084 00       		.byte	0
 1951 0085 0B       		.uleb128 0xb
 1952 0086 05       		.uleb128 0x5
 1953 0087 00       		.byte	0
 1954 0088 03       		.uleb128 0x3
 1955 0089 08       		.uleb128 0x8
 1956 008a 3A       		.uleb128 0x3a
 1957 008b 0B       		.uleb128 0xb
 1958 008c 3B       		.uleb128 0x3b
 1959 008d 0B       		.uleb128 0xb
 1960 008e 49       		.uleb128 0x49
 1961 008f 13       		.uleb128 0x13
 1962 0090 02       		.uleb128 0x2
 1963 0091 18       		.uleb128 0x18
 1964 0092 00       		.byte	0
 1965 0093 00       		.byte	0
 1966 0094 0C       		.uleb128 0xc
 1967 0095 05       		.uleb128 0x5
 1968 0096 00       		.byte	0
 1969 0097 03       		.uleb128 0x3
 1970 0098 0E       		.uleb128 0xe
 1971 0099 3A       		.uleb128 0x3a
 1972 009a 0B       		.uleb128 0xb
 1973 009b 3B       		.uleb128 0x3b
 1974 009c 0B       		.uleb128 0xb
 1975 009d 49       		.uleb128 0x49
 1976 009e 13       		.uleb128 0x13
 1977 009f 02       		.uleb128 0x2
 1978 00a0 18       		.uleb128 0x18
 1979 00a1 00       		.byte	0
 1980 00a2 00       		.byte	0
 1981 00a3 0D       		.uleb128 0xd
 1982 00a4 0F       		.uleb128 0xf
 1983 00a5 00       		.byte	0
 1984 00a6 0B       		.uleb128 0xb
 1985 00a7 0B       		.uleb128 0xb
 1986 00a8 49       		.uleb128 0x49
 1987 00a9 13       		.uleb128 0x13
 1988 00aa 00       		.byte	0
 1989 00ab 00       		.byte	0
 1990 00ac 0E       		.uleb128 0xe
 1991 00ad 26       		.uleb128 0x26
 1992 00ae 00       		.byte	0
 1993 00af 00       		.byte	0
 1994 00b0 00       		.byte	0
 1995 00b1 0F       		.uleb128 0xf
 1996 00b2 2E       		.uleb128 0x2e
 1997 00b3 01       		.byte	0x1
 1998 00b4 03       		.uleb128 0x3
ARM GAS  C:\Users\alexport\AppData\Local\Temp\cc9b1i3n.s 			page 47


 1999 00b5 0E       		.uleb128 0xe
 2000 00b6 3A       		.uleb128 0x3a
 2001 00b7 0B       		.uleb128 0xb
 2002 00b8 3B       		.uleb128 0x3b
 2003 00b9 0B       		.uleb128 0xb
 2004 00ba 27       		.uleb128 0x27
 2005 00bb 19       		.uleb128 0x19
 2006 00bc 11       		.uleb128 0x11
 2007 00bd 01       		.uleb128 0x1
 2008 00be 12       		.uleb128 0x12
 2009 00bf 06       		.uleb128 0x6
 2010 00c0 40       		.uleb128 0x40
 2011 00c1 18       		.uleb128 0x18
 2012 00c2 9742     		.uleb128 0x2117
 2013 00c4 19       		.uleb128 0x19
 2014 00c5 01       		.uleb128 0x1
 2015 00c6 13       		.uleb128 0x13
 2016 00c7 00       		.byte	0
 2017 00c8 00       		.byte	0
 2018 00c9 10       		.uleb128 0x10
 2019 00ca 34       		.uleb128 0x34
 2020 00cb 00       		.byte	0
 2021 00cc 03       		.uleb128 0x3
 2022 00cd 08       		.uleb128 0x8
 2023 00ce 3A       		.uleb128 0x3a
 2024 00cf 0B       		.uleb128 0xb
 2025 00d0 3B       		.uleb128 0x3b
 2026 00d1 0B       		.uleb128 0xb
 2027 00d2 49       		.uleb128 0x49
 2028 00d3 13       		.uleb128 0x13
 2029 00d4 02       		.uleb128 0x2
 2030 00d5 18       		.uleb128 0x18
 2031 00d6 00       		.byte	0
 2032 00d7 00       		.byte	0
 2033 00d8 11       		.uleb128 0x11
 2034 00d9 0B       		.uleb128 0xb
 2035 00da 01       		.byte	0x1
 2036 00db 11       		.uleb128 0x11
 2037 00dc 01       		.uleb128 0x1
 2038 00dd 12       		.uleb128 0x12
 2039 00de 06       		.uleb128 0x6
 2040 00df 00       		.byte	0
 2041 00e0 00       		.byte	0
 2042 00e1 12       		.uleb128 0x12
 2043 00e2 34       		.uleb128 0x34
 2044 00e3 00       		.byte	0
 2045 00e4 03       		.uleb128 0x3
 2046 00e5 0E       		.uleb128 0xe
 2047 00e6 3A       		.uleb128 0x3a
 2048 00e7 0B       		.uleb128 0xb
 2049 00e8 3B       		.uleb128 0x3b
 2050 00e9 0B       		.uleb128 0xb
 2051 00ea 49       		.uleb128 0x49
 2052 00eb 13       		.uleb128 0x13
 2053 00ec 02       		.uleb128 0x2
 2054 00ed 18       		.uleb128 0x18
 2055 00ee 00       		.byte	0
ARM GAS  C:\Users\alexport\AppData\Local\Temp\cc9b1i3n.s 			page 48


 2056 00ef 00       		.byte	0
 2057 00f0 13       		.uleb128 0x13
 2058 00f1 26       		.uleb128 0x26
 2059 00f2 00       		.byte	0
 2060 00f3 49       		.uleb128 0x49
 2061 00f4 13       		.uleb128 0x13
 2062 00f5 00       		.byte	0
 2063 00f6 00       		.byte	0
 2064 00f7 14       		.uleb128 0x14
 2065 00f8 2E       		.uleb128 0x2e
 2066 00f9 00       		.byte	0
 2067 00fa 03       		.uleb128 0x3
 2068 00fb 0E       		.uleb128 0xe
 2069 00fc 3A       		.uleb128 0x3a
 2070 00fd 0B       		.uleb128 0xb
 2071 00fe 3B       		.uleb128 0x3b
 2072 00ff 0B       		.uleb128 0xb
 2073 0100 27       		.uleb128 0x27
 2074 0101 19       		.uleb128 0x19
 2075 0102 11       		.uleb128 0x11
 2076 0103 01       		.uleb128 0x1
 2077 0104 12       		.uleb128 0x12
 2078 0105 06       		.uleb128 0x6
 2079 0106 40       		.uleb128 0x40
 2080 0107 18       		.uleb128 0x18
 2081 0108 9642     		.uleb128 0x2116
 2082 010a 19       		.uleb128 0x19
 2083 010b 00       		.byte	0
 2084 010c 00       		.byte	0
 2085 010d 15       		.uleb128 0x15
 2086 010e 2E       		.uleb128 0x2e
 2087 010f 00       		.byte	0
 2088 0110 03       		.uleb128 0x3
 2089 0111 0E       		.uleb128 0xe
 2090 0112 3A       		.uleb128 0x3a
 2091 0113 0B       		.uleb128 0xb
 2092 0114 3B       		.uleb128 0x3b
 2093 0115 05       		.uleb128 0x5
 2094 0116 27       		.uleb128 0x27
 2095 0117 19       		.uleb128 0x19
 2096 0118 11       		.uleb128 0x11
 2097 0119 01       		.uleb128 0x1
 2098 011a 12       		.uleb128 0x12
 2099 011b 06       		.uleb128 0x6
 2100 011c 40       		.uleb128 0x40
 2101 011d 18       		.uleb128 0x18
 2102 011e 9742     		.uleb128 0x2117
 2103 0120 19       		.uleb128 0x19
 2104 0121 00       		.byte	0
 2105 0122 00       		.byte	0
 2106 0123 16       		.uleb128 0x16
 2107 0124 2E       		.uleb128 0x2e
 2108 0125 01       		.byte	0x1
 2109 0126 3F       		.uleb128 0x3f
 2110 0127 19       		.uleb128 0x19
 2111 0128 03       		.uleb128 0x3
 2112 0129 0E       		.uleb128 0xe
ARM GAS  C:\Users\alexport\AppData\Local\Temp\cc9b1i3n.s 			page 49


 2113 012a 3A       		.uleb128 0x3a
 2114 012b 0B       		.uleb128 0xb
 2115 012c 3B       		.uleb128 0x3b
 2116 012d 05       		.uleb128 0x5
 2117 012e 27       		.uleb128 0x27
 2118 012f 19       		.uleb128 0x19
 2119 0130 11       		.uleb128 0x11
 2120 0131 01       		.uleb128 0x1
 2121 0132 12       		.uleb128 0x12
 2122 0133 06       		.uleb128 0x6
 2123 0134 40       		.uleb128 0x40
 2124 0135 18       		.uleb128 0x18
 2125 0136 9642     		.uleb128 0x2116
 2126 0138 19       		.uleb128 0x19
 2127 0139 01       		.uleb128 0x1
 2128 013a 13       		.uleb128 0x13
 2129 013b 00       		.byte	0
 2130 013c 00       		.byte	0
 2131 013d 17       		.uleb128 0x17
 2132 013e 34       		.uleb128 0x34
 2133 013f 00       		.byte	0
 2134 0140 03       		.uleb128 0x3
 2135 0141 0E       		.uleb128 0xe
 2136 0142 3A       		.uleb128 0x3a
 2137 0143 0B       		.uleb128 0xb
 2138 0144 3B       		.uleb128 0x3b
 2139 0145 05       		.uleb128 0x5
 2140 0146 49       		.uleb128 0x49
 2141 0147 13       		.uleb128 0x13
 2142 0148 02       		.uleb128 0x2
 2143 0149 18       		.uleb128 0x18
 2144 014a 00       		.byte	0
 2145 014b 00       		.byte	0
 2146 014c 18       		.uleb128 0x18
 2147 014d 13       		.uleb128 0x13
 2148 014e 01       		.byte	0x1
 2149 014f 0B       		.uleb128 0xb
 2150 0150 0B       		.uleb128 0xb
 2151 0151 3A       		.uleb128 0x3a
 2152 0152 0B       		.uleb128 0xb
 2153 0153 3B       		.uleb128 0x3b
 2154 0154 05       		.uleb128 0x5
 2155 0155 01       		.uleb128 0x1
 2156 0156 13       		.uleb128 0x13
 2157 0157 00       		.byte	0
 2158 0158 00       		.byte	0
 2159 0159 19       		.uleb128 0x19
 2160 015a 0D       		.uleb128 0xd
 2161 015b 00       		.byte	0
 2162 015c 03       		.uleb128 0x3
 2163 015d 0E       		.uleb128 0xe
 2164 015e 3A       		.uleb128 0x3a
 2165 015f 0B       		.uleb128 0xb
 2166 0160 3B       		.uleb128 0x3b
 2167 0161 05       		.uleb128 0x5
 2168 0162 49       		.uleb128 0x49
 2169 0163 13       		.uleb128 0x13
ARM GAS  C:\Users\alexport\AppData\Local\Temp\cc9b1i3n.s 			page 50


 2170 0164 38       		.uleb128 0x38
 2171 0165 0B       		.uleb128 0xb
 2172 0166 00       		.byte	0
 2173 0167 00       		.byte	0
 2174 0168 1A       		.uleb128 0x1a
 2175 0169 0D       		.uleb128 0xd
 2176 016a 00       		.byte	0
 2177 016b 03       		.uleb128 0x3
 2178 016c 08       		.uleb128 0x8
 2179 016d 3A       		.uleb128 0x3a
 2180 016e 0B       		.uleb128 0xb
 2181 016f 3B       		.uleb128 0x3b
 2182 0170 05       		.uleb128 0x5
 2183 0171 49       		.uleb128 0x49
 2184 0172 13       		.uleb128 0x13
 2185 0173 38       		.uleb128 0x38
 2186 0174 0B       		.uleb128 0xb
 2187 0175 00       		.byte	0
 2188 0176 00       		.byte	0
 2189 0177 1B       		.uleb128 0x1b
 2190 0178 01       		.uleb128 0x1
 2191 0179 01       		.byte	0x1
 2192 017a 49       		.uleb128 0x49
 2193 017b 13       		.uleb128 0x13
 2194 017c 01       		.uleb128 0x1
 2195 017d 13       		.uleb128 0x13
 2196 017e 00       		.byte	0
 2197 017f 00       		.byte	0
 2198 0180 1C       		.uleb128 0x1c
 2199 0181 21       		.uleb128 0x21
 2200 0182 00       		.byte	0
 2201 0183 49       		.uleb128 0x49
 2202 0184 13       		.uleb128 0x13
 2203 0185 2F       		.uleb128 0x2f
 2204 0186 0B       		.uleb128 0xb
 2205 0187 00       		.byte	0
 2206 0188 00       		.byte	0
 2207 0189 1D       		.uleb128 0x1d
 2208 018a 34       		.uleb128 0x34
 2209 018b 00       		.byte	0
 2210 018c 03       		.uleb128 0x3
 2211 018d 08       		.uleb128 0x8
 2212 018e 3A       		.uleb128 0x3a
 2213 018f 0B       		.uleb128 0xb
 2214 0190 3B       		.uleb128 0x3b
 2215 0191 05       		.uleb128 0x5
 2216 0192 49       		.uleb128 0x49
 2217 0193 13       		.uleb128 0x13
 2218 0194 02       		.uleb128 0x2
 2219 0195 18       		.uleb128 0x18
 2220 0196 00       		.byte	0
 2221 0197 00       		.byte	0
 2222 0198 1E       		.uleb128 0x1e
 2223 0199 0B       		.uleb128 0xb
 2224 019a 01       		.byte	0x1
 2225 019b 11       		.uleb128 0x11
 2226 019c 01       		.uleb128 0x1
ARM GAS  C:\Users\alexport\AppData\Local\Temp\cc9b1i3n.s 			page 51


 2227 019d 12       		.uleb128 0x12
 2228 019e 06       		.uleb128 0x6
 2229 019f 01       		.uleb128 0x1
 2230 01a0 13       		.uleb128 0x13
 2231 01a1 00       		.byte	0
 2232 01a2 00       		.byte	0
 2233 01a3 00       		.byte	0
 2234              		.section	.debug_aranges,"",%progbits
 2235 0000 4C000000 		.4byte	0x4c
 2236 0004 0200     		.2byte	0x2
 2237 0006 00000000 		.4byte	.Ldebug_info0
 2238 000a 04       		.byte	0x4
 2239 000b 00       		.byte	0
 2240 000c 0000     		.2byte	0
 2241 000e 0000     		.2byte	0
 2242 0010 00000000 		.4byte	.LFB2
 2243 0014 1E000000 		.4byte	.LFE2-.LFB2
 2244 0018 00000000 		.4byte	.LFB3
 2245 001c 20000000 		.4byte	.LFE3-.LFB3
 2246 0020 00000000 		.4byte	.LFB4
 2247 0024 20000000 		.4byte	.LFE4-.LFB4
 2248 0028 00000000 		.4byte	.LFB5
 2249 002c 82000000 		.4byte	.LFE5-.LFB5
 2250 0030 00000000 		.4byte	.LFB6
 2251 0034 4C010000 		.4byte	.LFE6-.LFB6
 2252 0038 00000000 		.4byte	.LFB7
 2253 003c 28000000 		.4byte	.LFE7-.LFB7
 2254 0040 4C010000 		.4byte	.LFB8
 2255 0044 1C020000 		.4byte	.LFE8-.LFB8
 2256 0048 00000000 		.4byte	0
 2257 004c 00000000 		.4byte	0
 2258              		.section	.debug_ranges,"",%progbits
 2259              	.Ldebug_ranges0:
 2260 0000 00000000 		.4byte	.LFB2
 2261 0004 1E000000 		.4byte	.LFE2
 2262 0008 00000000 		.4byte	.LFB3
 2263 000c 20000000 		.4byte	.LFE3
 2264 0010 00000000 		.4byte	.LFB4
 2265 0014 20000000 		.4byte	.LFE4
 2266 0018 00000000 		.4byte	.LFB5
 2267 001c 82000000 		.4byte	.LFE5
 2268 0020 00000000 		.4byte	.LFB6
 2269 0024 4C010000 		.4byte	.LFE6
 2270 0028 00000000 		.4byte	.LFB7
 2271 002c 28000000 		.4byte	.LFE7
 2272 0030 4C010000 		.4byte	.LFB8
 2273 0034 68030000 		.4byte	.LFE8
 2274 0038 00000000 		.4byte	0
 2275 003c 00000000 		.4byte	0
 2276              		.section	.debug_line,"",%progbits
 2277              	.Ldebug_line0:
 2278 0000 D5010000 		.section	.debug_str,"MS",%progbits,1
 2278      0200CB00 
 2278      00000201 
 2278      FB0E0D00 
 2278      01010101 
 2279              	.LASF19:
ARM GAS  C:\Users\alexport\AppData\Local\Temp\cc9b1i3n.s 			page 52


 2280 0000 72656733 		.ascii	"reg32\000"
 2280      3200
 2281              	.LASF12:
 2282 0006 73697A65 		.ascii	"size_t\000"
 2282      5F7400
 2283              	.LASF33:
 2284 000d 416E616C 		.ascii	"AnalogSetDefault\000"
 2284      6F675365 
 2284      74446566 
 2284      61756C74 
 2284      00
 2285              	.LASF21:
 2286 001e 76616C75 		.ascii	"value\000"
 2286      6500
 2287              	.LASF31:
 2288 0024 636F756E 		.ascii	"count\000"
 2288      7400
 2289              	.LASF32:
 2290 002a 436C6F63 		.ascii	"ClockSetup\000"
 2290      6B536574 
 2290      757000
 2291              	.LASF34:
 2292 0035 63795F63 		.ascii	"cy_cfg_addr_table\000"
 2292      66675F61 
 2292      6464725F 
 2292      7461626C 
 2292      6500
 2293              	.LASF45:
 2294 0047 6E756D42 		.ascii	"numBytes\000"
 2294      79746573 
 2294      00
 2295              	.LASF35:
 2296 0050 63795F63 		.ascii	"cy_cfg_data_table\000"
 2296      66675F64 
 2296      6174615F 
 2296      7461626C 
 2296      6500
 2297              	.LASF16:
 2298 0062 666C6F61 		.ascii	"float\000"
 2298      7400
 2299              	.LASF25:
 2300 0068 64657374 		.ascii	"dest\000"
 2300      00
 2301              	.LASF40:
 2302 006d 6366675F 		.ascii	"cfg_memset_list\000"
 2302      6D656D73 
 2302      65745F6C 
 2302      69737400 
 2303              	.LASF37:
 2304 007d 73697A65 		.ascii	"size\000"
 2304      00
 2305              	.LASF18:
 2306 0082 72656738 		.ascii	"reg8\000"
 2306      00
 2307              	.LASF8:
 2308 0087 6C6F6E67 		.ascii	"long unsigned int\000"
 2308      20756E73 
ARM GAS  C:\Users\alexport\AppData\Local\Temp\cc9b1i3n.s 			page 53


 2308      69676E65 
 2308      6420696E 
 2308      7400
 2309              	.LASF13:
 2310 0099 75696E74 		.ascii	"uint8\000"
 2310      3800
 2311              	.LASF23:
 2312 009f 43594D45 		.ascii	"CYMEMZERO\000"
 2312      4D5A4552 
 2312      4F00
 2313              	.LASF46:
 2314 00a9 474E5520 		.ascii	"GNU C11 5.4.1 20160609 (release) [ARM/embedded-5-br"
 2314      43313120 
 2314      352E342E 
 2314      31203230 
 2314      31363036 
 2315 00dc 616E6368 		.ascii	"anch revision 237715] -mcpu=cortex-m0 -mthumb -g -O"
 2315      20726576 
 2315      6973696F 
 2315      6E203233 
 2315      37373135 
 2316 010f 30202D66 		.ascii	"0 -ffunction-sections -ffat-lto-objects\000"
 2316      66756E63 
 2316      74696F6E 
 2316      2D736563 
 2316      74696F6E 
 2317              	.LASF48:
 2318 0137 433A5C55 		.ascii	"C:\\Users\\alexport\\OneDrive - Safeguard Analytics"
 2318      73657273 
 2318      5C616C65 
 2318      78706F72 
 2318      745C4F6E 
 2319 0167 5C544553 		.ascii	"\\TESTs\\UART UDB test\\SA-200.cydsn\000"
 2319      54735C55 
 2319      41525420 
 2319      55444220 
 2319      74657374 
 2320              	.LASF43:
 2321 0189 64657374 		.ascii	"destPtr\000"
 2321      50747200 
 2322              	.LASF17:
 2323 0191 646F7562 		.ascii	"double\000"
 2323      6C6500
 2324              	.LASF27:
 2325 0198 6366675F 		.ascii	"cfg_write_bytes32\000"
 2325      77726974 
 2325      655F6279 
 2325      74657333 
 2325      3200
 2326              	.LASF41:
 2327 01aa 42535F55 		.ascii	"BS_UDB_0_1_1_CONFIG_VAL\000"
 2327      44425F30 
 2327      5F315F31 
 2327      5F434F4E 
 2327      4649475F 
 2328              	.LASF28:
 2329 01c2 61646472 		.ascii	"addr_table\000"
ARM GAS  C:\Users\alexport\AppData\Local\Temp\cc9b1i3n.s 			page 54


 2329      5F746162 
 2329      6C6500
 2330              	.LASF14:
 2331 01cd 75696E74 		.ascii	"uint16\000"
 2331      313600
 2332              	.LASF29:
 2333 01d4 64617461 		.ascii	"data_table\000"
 2333      5F746162 
 2333      6C6500
 2334              	.LASF15:
 2335 01df 75696E74 		.ascii	"uint32\000"
 2335      333200
 2336              	.LASF4:
 2337 01e6 756E7369 		.ascii	"unsigned char\000"
 2337      676E6564 
 2337      20636861 
 2337      7200
 2338              	.LASF0:
 2339 01f4 756E7369 		.ascii	"unsigned int\000"
 2339      676E6564 
 2339      20696E74 
 2339      00
 2340              	.LASF49:
 2341 0201 63796669 		.ascii	"cyfitter_cfg\000"
 2341      74746572 
 2341      5F636667 
 2341      00
 2342              	.LASF36:
 2343 020e 61646472 		.ascii	"address\000"
 2343      65737300 
 2344              	.LASF9:
 2345 0216 6C6F6E67 		.ascii	"long long unsigned int\000"
 2345      206C6F6E 
 2345      6720756E 
 2345      7369676E 
 2345      65642069 
 2346              	.LASF44:
 2347 022d 73726350 		.ascii	"srcPtr\000"
 2347      747200
 2348              	.LASF38:
 2349 0234 6366675F 		.ascii	"cfg_memset_t\000"
 2349      6D656D73 
 2349      65745F74 
 2349      00
 2350              	.LASF30:
 2351 0241 62617365 		.ascii	"baseAddr\000"
 2351      41646472 
 2351      00
 2352              	.LASF10:
 2353 024a 73697A65 		.ascii	"sizetype\000"
 2353      74797065 
 2353      00
 2354              	.LASF6:
 2355 0253 73686F72 		.ascii	"short unsigned int\000"
 2355      7420756E 
 2355      7369676E 
 2355      65642069 
ARM GAS  C:\Users\alexport\AppData\Local\Temp\cc9b1i3n.s 			page 55


 2355      6E7400
 2356              	.LASF1:
 2357 0266 6C6F6E67 		.ascii	"long long int\000"
 2357      206C6F6E 
 2357      6720696E 
 2357      7400
 2358              	.LASF11:
 2359 0274 63686172 		.ascii	"char\000"
 2359      00
 2360              	.LASF22:
 2361 0279 63795F63 		.ascii	"cy_cfg_addrvalue_t\000"
 2361      66675F61 
 2361      64647276 
 2361      616C7565 
 2361      5F7400
 2362              	.LASF20:
 2363 028c 6F666673 		.ascii	"offset\000"
 2363      657400
 2364              	.LASF5:
 2365 0293 73686F72 		.ascii	"short int\000"
 2365      7420696E 
 2365      7400
 2366              	.LASF39:
 2367 029d 6366675F 		.ascii	"cfg_memcpy_t\000"
 2367      6D656D63 
 2367      70795F74 
 2367      00
 2368              	.LASF7:
 2369 02aa 6C6F6E67 		.ascii	"long int\000"
 2369      20696E74 
 2369      00
 2370              	.LASF2:
 2371 02b3 6C6F6E67 		.ascii	"long double\000"
 2371      20646F75 
 2371      626C6500 
 2372              	.LASF3:
 2373 02bf 7369676E 		.ascii	"signed char\000"
 2373      65642063 
 2373      68617200 
 2374              	.LASF42:
 2375 02cb 6366675F 		.ascii	"cfg_memcpy_list\000"
 2375      6D656D63 
 2375      70795F6C 
 2375      69737400 
 2376              	.LASF47:
 2377 02db 47656E65 		.ascii	"Generated_Source\\PSoC4\\cyfitter_cfg.c\000"
 2377      72617465 
 2377      645F536F 
 2377      75726365 
 2377      5C50536F 
 2378              	.LASF26:
 2379 0301 4359434F 		.ascii	"CYCONFIGCPYCODE\000"
 2379      4E464947 
 2379      43505943 
 2379      4F444500 
 2380              	.LASF24:
 2381 0311 4359434F 		.ascii	"CYCONFIGCPY\000"
ARM GAS  C:\Users\alexport\AppData\Local\Temp\cc9b1i3n.s 			page 56


 2381      4E464947 
 2381      43505900 
 2382              		.ident	"GCC: (GNU Tools for ARM Embedded Processors) 5.4.1 20160609 (release) [ARM/embedded-5-bran
