ARM GAS  C:\Users\alexport\AppData\Local\Temp\ccuo1AQK.s 			page 1


   1              		.syntax unified
   2              		.cpu cortex-m0
   3              		.fpu softvfp
   4              		.eabi_attribute 20, 1
   5              		.eabi_attribute 21, 1
   6              		.eabi_attribute 23, 3
   7              		.eabi_attribute 24, 1
   8              		.eabi_attribute 25, 1
   9              		.eabi_attribute 26, 1
  10              		.eabi_attribute 30, 6
  11              		.eabi_attribute 34, 0
  12              		.eabi_attribute 18, 4
  13              		.thumb
  14              		.syntax unified
  15              		.file	"main.c"
  16              		.text
  17              	.Ltext0:
  18              		.cfi_sections	.debug_frame
  19              		.comm	startI2CRead,1,1
  20              		.comm	Sensor,264,8
  21              		.comm	System,184,8
  22              		.comm	bleTimerExpired,1,1
  23              		.comm	swPressed,1,1
  24              		.comm	swReleased,1,1
  25              		.global	swLED
  26              		.bss
  27              		.type	swLED, %object
  28              		.size	swLED, 1
  29              	swLED:
  30 0000 00       		.space	1
  31              		.comm	rcvByte,1,1
  32              		.comm	newM,1,1
  33              		.section	.text.main,"ax",%progbits
  34              		.align	2
  35              		.global	main
  36              		.code	16
  37              		.thumb_func
  38              		.type	main, %function
  39              	main:
  40              	.LFB36:
  41              		.file 1 "main.c"
   1:main.c        **** /* ========================================
   2:main.c        ****  *
   3:main.c        ****  * Copyright YOUR COMPANY, THE YEAR
   4:main.c        ****  * All Rights Reserved
   5:main.c        ****  * UNPUBLISHED, LICENSED SOFTWARE.
   6:main.c        ****  *
   7:main.c        ****  * CONFIDENTIAL AND PROPRIETARY INFORMATION
   8:main.c        ****  * WHICH IS THE PROPERTY OF your company.
   9:main.c        ****  *
  10:main.c        ****  * ========================================
  11:main.c        **** */
  12:main.c        **** #include <project.h>
  13:main.c        **** #include <interrupts.h>
  14:main.c        **** #include <stdio.h>
  15:main.c        **** #include "modbus.h"
  16:main.c        **** #include "runtime.h"
ARM GAS  C:\Users\alexport\AppData\Local\Temp\ccuo1AQK.s 			page 2


  17:main.c        **** #include "sensor.h"
  18:main.c        **** 
  19:main.c        **** #include "i2c_master.h"
  20:main.c        **** 
  21:main.c        **** extern uint8_t mySlaveAddr;
  22:main.c        **** extern uint8_t deepSleep;
  23:main.c        **** extern uint8_t bleConnected;
  24:main.c        **** uint8_t bleTimerExpired ;
  25:main.c        **** 
  26:main.c        **** uint8_t swPressed;
  27:main.c        **** uint8_t swReleased;
  28:main.c        **** 
  29:main.c        **** extern uint32_t sTick;
  30:main.c        **** extern uint8_t sendCommand;
  31:main.c        **** extern uint8_t bytesIn;
  32:main.c        **** 
  33:main.c        **** uint8_t swLED =0;
  34:main.c        **** 
  35:main.c        **** 
  36:main.c        **** extern uint8_t slaveBuf[I2CS_BUFF_SIZE];
  37:main.c        **** extern uint8_t modbus_rxBuffer[MODBUS_RX_BUFFER_SIZE];
  38:main.c        **** 
  39:main.c        **** 
  40:main.c        **** uint8_t rcvByte;
  41:main.c        **** 
  42:main.c        **** extern uint16 sleepPeriod;
  43:main.c        **** extern uint8_t sleepEnable;
  44:main.c        **** //void Stack_Handler(uint32 eventCode, void *eventParam){
  45:main.c        **** //    
  46:main.c        **** //    CYBLE_GATTS_WRITE_REQ_PARAM_T *wrReq;
  47:main.c        **** //    
  48:main.c        **** //    switch (eventCode){
  49:main.c        **** //        case CYBLE_EVT_STACK_ON:
  50:main.c        **** //            /* Enable the Skyworks SE2438T PA/LNA */
  51:main.c        **** //            CSD_Write(1);
  52:main.c        **** //            CPS_Write(1);
  53:main.c        **** //            /* Configure the Link Layer to automatically switch PA control pin P3[2] and LNA cont
  54:main.c        **** //            CY_SET_XTND_REG32((void CYFAR *)(CYREG_BLE_BLESS_RF_CONFIG), 0x0331);
  55:main.c        **** //            CY_SET_XTND_REG32((void CYFAR *)(CYREG_SRSS_TST_DDFT_CTRL), 0x80000302);
  56:main.c        **** //        case CYBLE_EVT_GAP_DEVICE_DISCONNECTED:
  57:main.c        **** //            CyBle_GappStartAdvertisement(CYBLE_ADVERTISING_FAST);
  58:main.c        **** //            break;
  59:main.c        **** //            
  60:main.c        **** //        case CYBLE_EVT_GATT_CONNECT_IND:
  61:main.c        **** //            connectionHandle = *(CYBLE_CONN_HANDLE_T *)eventParam;
  62:main.c        **** //            bleConnected =1;
  63:main.c        **** //            updateData();
  64:main.c        **** //            break;
  65:main.c        **** //        
  66:main.c        **** //        case CYBLE_EVT_GATTS_WRITE_REQ:
  67:main.c        **** //            wrReq = (CYBLE_GATTS_WRITE_REQ_PARAM_T *)eventParam;
  68:main.c        **** //
  69:main.c        **** //            break;
  70:main.c        **** //        default:
  71:main.c        **** //            break;    
  72:main.c        **** //    }
  73:main.c        **** //    
ARM GAS  C:\Users\alexport\AppData\Local\Temp\ccuo1AQK.s 			page 3


  74:main.c        **** //    
  75:main.c        **** //    
  76:main.c        **** //}
  77:main.c        **** 
  78:main.c        **** //void Ias_Handler(uint32 eventCode, void *eventParam){
  79:main.c        **** //
  80:main.c        **** //        CYBLE_IAS_CHAR_VALUE_T *param = (CYBLE_IAS_CHAR_VALUE_T * ) eventParam;
  81:main.c        **** //        
  82:main.c        **** //        if(*param->value->val == 0 )
  83:main.c        **** //            PWM_WriteCompare(0);
  84:main.c        **** //        else if (*param->value->val == 1) 
  85:main.c        **** //            PWM_WriteCompare(500);
  86:main.c        **** //        else     
  87:main.c        **** //            PWM_WriteCompare(1000);
  88:main.c        **** //}
  89:main.c        **** 
  90:main.c        **** //void Nextion_SendEndOfCommand(){
  91:main.c        **** //    UART2_PutChar(0xFF);
  92:main.c        **** //    UART2_PutChar(0xFF);
  93:main.c        **** //    UART2_PutChar(0xFF);
  94:main.c        **** //}
  95:main.c        **** //
  96:main.c        **** //void Nextion_SetPage(char* id){
  97:main.c        **** //    char buf[50];
  98:main.c        **** //    memset(buf, 0 , sizeof(buf));
  99:main.c        **** //    uint32 len = sprintf(buf, "page %s",id) ;
 100:main.c        **** //    UART2_PutString(buf);
 101:main.c        **** //    Nextion_SendEndOfCommand();
 102:main.c        **** //}
 103:main.c        **** //
 104:main.c        **** //void Nextion_SendFloat(char* obj, uint32 val,  uint8 res){
 105:main.c        **** //    char buf[50];
 106:main.c        **** //    memset(buf, 0 , sizeof(buf));
 107:main.c        **** //    sprintf(buf, "%s.vvs1=%d",obj,res) ;
 108:main.c        **** //    UART2_PutString(buf);
 109:main.c        **** //    Nextion_SendEndOfCommand();
 110:main.c        **** //    memset(buf, 0 , sizeof(buf));
 111:main.c        **** //    sprintf(buf, "%s.val=%lu",obj,val) ;
 112:main.c        **** //    UART2_PutString(buf);
 113:main.c        **** //    Nextion_SendEndOfCommand();
 114:main.c        **** //}
 115:main.c        **** //
 116:main.c        **** //void Nextion_SendInt(char* obj, uint32 val){
 117:main.c        **** //    char buf[50];
 118:main.c        **** //    memset(buf, 0 , sizeof(buf));
 119:main.c        **** //    sprintf(buf, "%s.val=%lu",obj,val) ;
 120:main.c        **** //    UART2_PutString(buf);
 121:main.c        **** //    Nextion_SendEndOfCommand();
 122:main.c        **** //}
 123:main.c        **** //
 124:main.c        **** //void Nextion_SetText(char* obj,char* txt){
 125:main.c        **** //    char buf[50];
 126:main.c        **** //    memset(buf, 0 , sizeof(buf));
 127:main.c        **** //    sprintf(buf, "%s.txt=\"%s\"",obj,txt) ;
 128:main.c        **** //    UART2_PutString(buf);
 129:main.c        **** //    Nextion_SendEndOfCommand();
 130:main.c        **** //
ARM GAS  C:\Users\alexport\AppData\Local\Temp\ccuo1AQK.s 			page 4


 131:main.c        **** //}
 132:main.c        **** 
 133:main.c        **** 
 134:main.c        **** uint8 newM;
 135:main.c        **** 
 136:main.c        **** 
 137:main.c        **** 
 138:main.c        **** 
 139:main.c        **** int main(void)
 140:main.c        **** {   
  42              		.loc 1 140 0
  43              		.cfi_startproc
  44              		@ args = 0, pretend = 0, frame = 8
  45              		@ frame_needed = 1, uses_anonymous_args = 0
  46 0000 80B5     		push	{r7, lr}
  47              		.cfi_def_cfa_offset 8
  48              		.cfi_offset 7, -8
  49              		.cfi_offset 14, -4
  50 0002 82B0     		sub	sp, sp, #8
  51              		.cfi_def_cfa_offset 16
  52 0004 00AF     		add	r7, sp, #0
  53              		.cfi_def_cfa_register 7
 141:main.c        ****     
 142:main.c        ****     /* Start system timer */
 143:main.c        ****     CySysTickSetClockSource(CY_SYS_SYST_CSR_CLK_SRC_LFCLK);
  54              		.loc 1 143 0
  55 0006 0020     		movs	r0, #0
  56 0008 FFF7FEFF 		bl	CySysTickSetClockSource
 144:main.c        ****     CySysTickStart();
  57              		.loc 1 144 0
  58 000c FFF7FEFF 		bl	CySysTickStart
 145:main.c        ****     CySysTickSetCallback(0,SysTick_isr );
  59              		.loc 1 145 0
  60 0010 464B     		ldr	r3, .L10
  61 0012 1900     		movs	r1, r3
  62 0014 0020     		movs	r0, #0
  63 0016 FFF7FEFF 		bl	CySysTickSetCallback
 146:main.c        ****     
 147:main.c        ****     /* Start SW interrupt handler*/
 148:main.c        ****     isr_SW_Start();
  64              		.loc 1 148 0
  65 001a FFF7FEFF 		bl	isr_SW_Start
 149:main.c        ****     isr_SW_StartEx(SW_isr);
  66              		.loc 1 149 0
  67 001e 444B     		ldr	r3, .L10+4
  68 0020 1800     		movs	r0, r3
  69 0022 FFF7FEFF 		bl	isr_SW_StartEx
 150:main.c        ****     
 151:main.c        ****     /* Start I2C */
 152:main.c        ****     I2C_Start();
  70              		.loc 1 152 0
  71 0026 FFF7FEFF 		bl	I2C_Start
 153:main.c        ****    
 154:main.c        ****     
 155:main.c        ****     CyGlobalIntEnable; /* Enable global interrupts. */
  72              		.loc 1 155 0
  73              		.syntax divided
ARM GAS  C:\Users\alexport\AppData\Local\Temp\ccuo1AQK.s 			page 5


  74              	@ 155 "main.c" 1
  75 002a 62B6     		CPSIE   i
  76              	@ 0 "" 2
 156:main.c        ****     
 157:main.c        ****     // BLE
 158:main.c        ****     BLE_Start();
  77              		.loc 1 158 0
  78              		.thumb
  79              		.syntax unified
  80 002c FFF7FEFF 		bl	BLE_Start
 159:main.c        ****     TXEN_Write(0);
  81              		.loc 1 159 0
  82 0030 0020     		movs	r0, #0
  83 0032 FFF7FEFF 		bl	TXEN_Write
 160:main.c        **** 
 161:main.c        ****     
 162:main.c        ****     isr_BLE_Start();
  84              		.loc 1 162 0
  85 0036 FFF7FEFF 		bl	isr_BLE_Start
 163:main.c        ****     isr_BLE_StartEx(BLE_isr);
  86              		.loc 1 163 0
  87 003a 3E4B     		ldr	r3, .L10+8
  88 003c 1800     		movs	r0, r3
  89 003e FFF7FEFF 		bl	isr_BLE_StartEx
 164:main.c        ****     
 165:main.c        ****     SysWdtInit();
  90              		.loc 1 165 0
  91 0042 FFF7FEFF 		bl	SysWdtInit
 166:main.c        ****     
 167:main.c        ****     /*Read Sensor here*/
 168:main.c        ****     LoadSensorInfo();
  92              		.loc 1 168 0
  93 0046 FFF7FEFF 		bl	LoadSensorInfo
 169:main.c        ****     CyDelay(100);
  94              		.loc 1 169 0
  95 004a 6420     		movs	r0, #100
  96 004c FFF7FEFF 		bl	CyDelay
 170:main.c        ****     InitSystem();
  97              		.loc 1 170 0
  98 0050 FFF7FEFF 		bl	InitSystem
 171:main.c        ****     
 172:main.c        ****     /* Start UART */
 173:main.c        ****     //ModbusUART_Start();
 174:main.c        ****     //isr_ModbusByteIn_StartEx(ModbusByteIn_isr);
 175:main.c        ****     
 176:main.c        ****     // UART2_Start();
 177:main.c        ****     
 178:main.c        ****     MessageTimer_Start();
  99              		.loc 1 178 0
 100 0054 FFF7FEFF 		bl	MessageTimer_Start
 179:main.c        ****     isr_NewMessage_StartEx(NewMessage_isr);
 101              		.loc 1 179 0
 102 0058 374B     		ldr	r3, .L10+12
 103 005a 1800     		movs	r0, r3
 104 005c FFF7FEFF 		bl	isr_NewMessage_StartEx
 180:main.c        ****     
 181:main.c        ****     // TEST  AREA===========================
ARM GAS  C:\Users\alexport\AppData\Local\Temp\ccuo1AQK.s 			page 6


 182:main.c        ****     //IDAC_1_Start();
 183:main.c        ****     
 184:main.c        ****     uint8 val, val2;
 185:main.c        ****     uint8 dir;
 186:main.c        ****     uint8 event, event2;
 187:main.c        ****     uint8 resolution=0;
 105              		.loc 1 187 0
 106 0060 7B1D     		adds	r3, r7, #5
 107 0062 0022     		movs	r2, #0
 108 0064 1A70     		strb	r2, [r3]
 188:main.c        ****    
 189:main.c        **** //    CyDelay(500);
 190:main.c        **** //    Nextion_SetPage("page0");
 191:main.c        **** //    Nextion_SetText("t1", "H2SSSS");
 192:main.c        **** //    Nextion_SetText("t2", "PPM");
 193:main.c        ****     
 194:main.c        ****     CyDelay(500);
 109              		.loc 1 194 0
 110 0066 FA23     		movs	r3, #250
 111 0068 5B00     		lsls	r3, r3, #1
 112 006a 1800     		movs	r0, r3
 113 006c FFF7FEFF 		bl	CyDelay
 195:main.c        ****     // END TEST AREA========================
 196:main.c        **** 
 197:main.c        ****     
 198:main.c        ****     
 199:main.c        ****     extern uint16_t slavePersent;  
 200:main.c        ****     LED_Write(1);
 114              		.loc 1 200 0
 115 0070 0120     		movs	r0, #1
 116 0072 FFF7FEFF 		bl	LED_Write
 117              	.L9:
 201:main.c        ****     for(;;)
 202:main.c        ****     {   
 203:main.c        ****         
 204:main.c        ****         if(val>=200)dir=0;
 118              		.loc 1 204 0
 119 0076 FB1D     		adds	r3, r7, #7
 120 0078 1B78     		ldrb	r3, [r3]
 121 007a C72B     		cmp	r3, #199
 122 007c 02D9     		bls	.L2
 123              		.loc 1 204 0 is_stmt 0 discriminator 1
 124 007e BB1D     		adds	r3, r7, #6
 125 0080 0022     		movs	r2, #0
 126 0082 1A70     		strb	r2, [r3]
 127              	.L2:
 205:main.c        ****         if(val<=0)dir=1;
 128              		.loc 1 205 0 is_stmt 1
 129 0084 FB1D     		adds	r3, r7, #7
 130 0086 1B78     		ldrb	r3, [r3]
 131 0088 002B     		cmp	r3, #0
 132 008a 02D1     		bne	.L3
 133              		.loc 1 205 0 is_stmt 0 discriminator 1
 134 008c BB1D     		adds	r3, r7, #6
 135 008e 0122     		movs	r2, #1
 136 0090 1A70     		strb	r2, [r3]
 137              	.L3:
ARM GAS  C:\Users\alexport\AppData\Local\Temp\ccuo1AQK.s 			page 7


 206:main.c        ****         if(dir)
 138              		.loc 1 206 0 is_stmt 1
 139 0092 BB1D     		adds	r3, r7, #6
 140 0094 1B78     		ldrb	r3, [r3]
 141 0096 002B     		cmp	r3, #0
 142 0098 05D0     		beq	.L4
 207:main.c        ****            val++;
 143              		.loc 1 207 0
 144 009a FB1D     		adds	r3, r7, #7
 145 009c 1A78     		ldrb	r2, [r3]
 146 009e FB1D     		adds	r3, r7, #7
 147 00a0 0132     		adds	r2, r2, #1
 148 00a2 1A70     		strb	r2, [r3]
 149 00a4 04E0     		b	.L5
 150              	.L4:
 208:main.c        ****         else
 209:main.c        ****            val--;   
 151              		.loc 1 209 0
 152 00a6 FB1D     		adds	r3, r7, #7
 153 00a8 1A78     		ldrb	r2, [r3]
 154 00aa FB1D     		adds	r3, r7, #7
 155 00ac 013A     		subs	r2, r2, #1
 156 00ae 1A70     		strb	r2, [r3]
 157              	.L5:
 210:main.c        **** //        Nextion_SendFloat("page0.x0",val,resolution); 
 211:main.c        **** //        Nextion_SendInt("page0.j0", (val*100)/200);
 212:main.c        **** //            uint32 gauge;
 213:main.c        **** //            if(val<10)
 214:main.c        **** //                gauge=350+val;
 215:main.c        **** //            else if(val>0)
 216:main.c        **** //                gauge=val-10;
 217:main.c        ****             //if(!event && !event2){
 218:main.c        ****                 
 219:main.c        ****                 //Nextion_SendInt("page6.z0",gauge);  
 220:main.c        ****                 //Nextion_SendInt("page6.n0",resolution);
 221:main.c        ****                 //Nextion_SendWaveToForm(val);
 222:main.c        ****                 
 223:main.c        ****                 //Nextion_SendFloat2("page6.x0",val,resolution);
 224:main.c        ****                 //Nextion_SendInt2("page6.z0",gauge);  
 225:main.c        ****                 //Nextion_SendInt2("page6.n0",resolution);
 226:main.c        ****                 
 227:main.c        ****             //}
 228:main.c        ****             
 229:main.c        ****         
 230:main.c        ****         
 231:main.c        ****         //CySysWatchdogFeed(CY_SYS_WDT_COUNTER0_MASK);
 232:main.c        ****         SysWdtReset();
 158              		.loc 1 232 0
 159 00b0 FFF7FEFF 		bl	SysWdtReset
 233:main.c        ****         
 234:main.c        ****         /*Poll Sensor here so far */
 235:main.c        ****         if(startI2CRead && !modbusRequestReceived){
 160              		.loc 1 235 0
 161 00b4 214B     		ldr	r3, .L10+16
 162 00b6 1B78     		ldrb	r3, [r3]
 163 00b8 002B     		cmp	r3, #0
 164 00ba 0ED0     		beq	.L6
ARM GAS  C:\Users\alexport\AppData\Local\Temp\ccuo1AQK.s 			page 8


 165              		.loc 1 235 0 is_stmt 0 discriminator 1
 166 00bc 204B     		ldr	r3, .L10+20
 167 00be 1B78     		ldrb	r3, [r3]
 168 00c0 002B     		cmp	r3, #0
 169 00c2 0AD1     		bne	.L6
 236:main.c        ****             
 237:main.c        ****             startI2CRead =0;
 170              		.loc 1 237 0 is_stmt 1
 171 00c4 1D4B     		ldr	r3, .L10+16
 172 00c6 0022     		movs	r2, #0
 173 00c8 1A70     		strb	r2, [r3]
 238:main.c        ****             LoadSensorInfo(); // Get data from sensor
 174              		.loc 1 238 0
 175 00ca FFF7FEFF 		bl	LoadSensorInfo
 239:main.c        ****             //runtime_PollSensor();
 240:main.c        ****             
 241:main.c        ****             if(bleConnected)//bleConnected variable is controlled by Stack_Handler() in runtime.c
 176              		.loc 1 241 0
 177 00ce 1D4B     		ldr	r3, .L10+24
 178 00d0 1B78     		ldrb	r3, [r3]
 179 00d2 002B     		cmp	r3, #0
 180 00d4 01D0     		beq	.L6
 242:main.c        ****                 updateOurBleData();
 181              		.loc 1 242 0
 182 00d6 FFF7FEFF 		bl	updateOurBleData
 183              	.L6:
 243:main.c        ****                 
 244:main.c        ****             
 245:main.c        ****         }
 246:main.c        ****         
 247:main.c        ****         
 248:main.c        ****         
 249:main.c        ****         /*Check Mdobus request here*/
 250:main.c        ****         if(modbusRequestReceived){
 184              		.loc 1 250 0
 185 00da 194B     		ldr	r3, .L10+20
 186 00dc 1B78     		ldrb	r3, [r3]
 187 00de 002B     		cmp	r3, #0
 188 00e0 0AD0     		beq	.L7
 251:main.c        ****             modbusRequestReceived=0;
 189              		.loc 1 251 0
 190 00e2 174B     		ldr	r3, .L10+20
 191 00e4 0022     		movs	r2, #0
 192 00e6 1A70     		strb	r2, [r3]
 252:main.c        ****             runtime_ProcessRequest();// Response to Modbus
 193              		.loc 1 252 0
 194 00e8 FFF7FEFF 		bl	runtime_ProcessRequest
 253:main.c        ****             //LoadSensorInfo(); // Get data from sensor
 254:main.c        ****             bytesIn =0;
 195              		.loc 1 254 0
 196 00ec 164B     		ldr	r3, .L10+28
 197 00ee 0022     		movs	r2, #0
 198 00f0 1A70     		strb	r2, [r3]
 255:main.c        ****             LED_Write(1);
 199              		.loc 1 255 0
 200 00f2 0120     		movs	r0, #1
 201 00f4 FFF7FEFF 		bl	LED_Write
ARM GAS  C:\Users\alexport\AppData\Local\Temp\ccuo1AQK.s 			page 9


 202              	.L7:
 256:main.c        ****         }
 257:main.c        ****         
 258:main.c        ****         
 259:main.c        **** #ifdef DEEPSLEEP
 260:main.c        ****         if(bleTimerExpired && !bleConnected && sleepEnable){
 203              		.loc 1 260 0
 204 00f8 144B     		ldr	r3, .L10+32
 205 00fa 1B78     		ldrb	r3, [r3]
 206 00fc 002B     		cmp	r3, #0
 207 00fe 11D0     		beq	.L8
 208              		.loc 1 260 0 is_stmt 0 discriminator 1
 209 0100 104B     		ldr	r3, .L10+24
 210 0102 1B78     		ldrb	r3, [r3]
 211 0104 002B     		cmp	r3, #0
 212 0106 0DD1     		bne	.L8
 213              		.loc 1 260 0 discriminator 2
 214 0108 114B     		ldr	r3, .L10+36
 215 010a 1B78     		ldrb	r3, [r3]
 216 010c 002B     		cmp	r3, #0
 217 010e 09D0     		beq	.L8
 261:main.c        ****             bleTimerExpired=0;
 218              		.loc 1 261 0 is_stmt 1
 219 0110 0E4B     		ldr	r3, .L10+32
 220 0112 0022     		movs	r2, #0
 221 0114 1A70     		strb	r2, [r3]
 262:main.c        ****             SysWdtReset();
 222              		.loc 1 262 0
 223 0116 FFF7FEFF 		bl	SysWdtReset
 263:main.c        ****             CySysWdtDisable( CY_SYS_WDT_COUNTER0_MASK | CY_SYS_WDT_COUNTER1_MASK ); 
 224              		.loc 1 263 0
 225 011a 0223     		movs	r3, #2
 226 011c FF33     		adds	r3, r3, #255
 227 011e 1800     		movs	r0, r3
 228 0120 FFF7FEFF 		bl	CySysWdtDisable
 229              	.L8:
 264:main.c        ****             //GoToSleep();
 265:main.c        ****         }
 266:main.c        **** #endif
 267:main.c        ****         
 268:main.c        ****         // Process Ble events
 269:main.c        ****         CyBle_ProcessEvents();
 230              		.loc 1 269 0
 231 0124 FFF7FEFF 		bl	CyBle_ProcessEvents
 270:main.c        ****         
 271:main.c        ****     }
 232              		.loc 1 271 0
 233 0128 A5E7     		b	.L9
 234              	.L11:
 235 012a C046     		.align	2
 236              	.L10:
 237 012c 00000000 		.word	SysTick_isr
 238 0130 00000000 		.word	SW_isr
 239 0134 00000000 		.word	BLE_isr
 240 0138 00000000 		.word	NewMessage_isr
 241 013c 00000000 		.word	startI2CRead
 242 0140 00000000 		.word	modbusRequestReceived
ARM GAS  C:\Users\alexport\AppData\Local\Temp\ccuo1AQK.s 			page 10


 243 0144 00000000 		.word	bleConnected
 244 0148 00000000 		.word	bytesIn
 245 014c 00000000 		.word	bleTimerExpired
 246 0150 00000000 		.word	sleepEnable
 247              		.cfi_endproc
 248              	.LFE36:
 249              		.size	main, .-main
 250              		.text
 251              	.Letext0:
 252              		.file 2 "c:\\program files (x86)\\cypress\\psoc creator\\4.4\\psoc creator\\import\\gnu\\arm\\5.4.
 253              		.file 3 "c:\\program files (x86)\\cypress\\psoc creator\\4.4\\psoc creator\\import\\gnu\\arm\\5.4.
 254              		.file 4 "Generated_Source\\PSoC4/cytypes.h"
 255              		.file 5 "Generated_Source\\PSoC4/blue_Stack.h"
 256              		.file 6 "Generated_Source\\PSoC4/blue_dis.h"
 257              		.file 7 "sensor.h"
 258              		.file 8 "./interrupts.h"
 259              		.file 9 "modbus.h"
 260              		.section	.debug_info,"",%progbits
 261              	.Ldebug_info0:
 262 0000 8C0C0000 		.4byte	0xc8c
 263 0004 0400     		.2byte	0x4
 264 0006 00000000 		.4byte	.Ldebug_abbrev0
 265 000a 04       		.byte	0x4
 266 000b 01       		.uleb128 0x1
 267 000c 0E030000 		.4byte	.LASF271
 268 0010 0C       		.byte	0xc
 269 0011 B9000000 		.4byte	.LASF272
 270 0015 A7020000 		.4byte	.LASF273
 271 0019 00000000 		.4byte	.Ldebug_ranges0+0
 272 001d 00000000 		.4byte	0
 273 0021 00000000 		.4byte	.Ldebug_line0
 274 0025 02       		.uleb128 0x2
 275 0026 01       		.byte	0x1
 276 0027 06       		.byte	0x6
 277 0028 84130000 		.4byte	.LASF0
 278 002c 03       		.uleb128 0x3
 279 002d E20F0000 		.4byte	.LASF3
 280 0031 02       		.byte	0x2
 281 0032 1D       		.byte	0x1d
 282 0033 37000000 		.4byte	0x37
 283 0037 02       		.uleb128 0x2
 284 0038 01       		.byte	0x1
 285 0039 08       		.byte	0x8
 286 003a EA110000 		.4byte	.LASF1
 287 003e 02       		.uleb128 0x2
 288 003f 02       		.byte	0x2
 289 0040 05       		.byte	0x5
 290 0041 F80D0000 		.4byte	.LASF2
 291 0045 03       		.uleb128 0x3
 292 0046 6C060000 		.4byte	.LASF4
 293 004a 02       		.byte	0x2
 294 004b 2B       		.byte	0x2b
 295 004c 50000000 		.4byte	0x50
 296 0050 02       		.uleb128 0x2
 297 0051 02       		.byte	0x2
 298 0052 07       		.byte	0x7
 299 0053 90130000 		.4byte	.LASF5
ARM GAS  C:\Users\alexport\AppData\Local\Temp\ccuo1AQK.s 			page 11


 300 0057 02       		.uleb128 0x2
 301 0058 04       		.byte	0x4
 302 0059 05       		.byte	0x5
 303 005a 020E0000 		.4byte	.LASF6
 304 005e 02       		.uleb128 0x2
 305 005f 04       		.byte	0x4
 306 0060 07       		.byte	0x7
 307 0061 B4100000 		.4byte	.LASF7
 308 0065 02       		.uleb128 0x2
 309 0066 08       		.byte	0x8
 310 0067 05       		.byte	0x5
 311 0068 2E0B0000 		.4byte	.LASF8
 312 006c 02       		.uleb128 0x2
 313 006d 08       		.byte	0x8
 314 006e 07       		.byte	0x7
 315 006f EC050000 		.4byte	.LASF9
 316 0073 04       		.uleb128 0x4
 317 0074 04       		.byte	0x4
 318 0075 05       		.byte	0x5
 319 0076 696E7400 		.ascii	"int\000"
 320 007a 02       		.uleb128 0x2
 321 007b 04       		.byte	0x4
 322 007c 07       		.byte	0x7
 323 007d FD010000 		.4byte	.LASF10
 324 0081 03       		.uleb128 0x3
 325 0082 8D0A0000 		.4byte	.LASF11
 326 0086 03       		.byte	0x3
 327 0087 18       		.byte	0x18
 328 0088 2C000000 		.4byte	0x2c
 329 008c 03       		.uleb128 0x3
 330 008d 410D0000 		.4byte	.LASF12
 331 0091 03       		.byte	0x3
 332 0092 24       		.byte	0x24
 333 0093 45000000 		.4byte	0x45
 334 0097 05       		.uleb128 0x5
 335 0098 E2130000 		.4byte	.LASF13
 336 009c 04       		.byte	0x4
 337 009d FC01     		.2byte	0x1fc
 338 009f 37000000 		.4byte	0x37
 339 00a3 05       		.uleb128 0x5
 340 00a4 C50A0000 		.4byte	.LASF14
 341 00a8 04       		.byte	0x4
 342 00a9 FD01     		.2byte	0x1fd
 343 00ab 50000000 		.4byte	0x50
 344 00af 05       		.uleb128 0x5
 345 00b0 480C0000 		.4byte	.LASF15
 346 00b4 04       		.byte	0x4
 347 00b5 FE01     		.2byte	0x1fe
 348 00b7 5E000000 		.4byte	0x5e
 349 00bb 05       		.uleb128 0x5
 350 00bc 300D0000 		.4byte	.LASF16
 351 00c0 04       		.byte	0x4
 352 00c1 FF01     		.2byte	0x1ff
 353 00c3 25000000 		.4byte	0x25
 354 00c7 05       		.uleb128 0x5
 355 00c8 A1020000 		.4byte	.LASF17
 356 00cc 04       		.byte	0x4
ARM GAS  C:\Users\alexport\AppData\Local\Temp\ccuo1AQK.s 			page 12


 357 00cd 0002     		.2byte	0x200
 358 00cf 3E000000 		.4byte	0x3e
 359 00d3 02       		.uleb128 0x2
 360 00d4 04       		.byte	0x4
 361 00d5 04       		.byte	0x4
 362 00d6 7F050000 		.4byte	.LASF18
 363 00da 02       		.uleb128 0x2
 364 00db 08       		.byte	0x8
 365 00dc 04       		.byte	0x4
 366 00dd E8130000 		.4byte	.LASF19
 367 00e1 05       		.uleb128 0x5
 368 00e2 50100000 		.4byte	.LASF20
 369 00e6 04       		.byte	0x4
 370 00e7 0802     		.2byte	0x208
 371 00e9 6C000000 		.4byte	0x6c
 372 00ed 02       		.uleb128 0x2
 373 00ee 01       		.byte	0x1
 374 00ef 08       		.byte	0x8
 375 00f0 A5090000 		.4byte	.LASF21
 376 00f4 02       		.uleb128 0x2
 377 00f5 08       		.byte	0x8
 378 00f6 04       		.byte	0x4
 379 00f7 350D0000 		.4byte	.LASF22
 380 00fb 02       		.uleb128 0x2
 381 00fc 04       		.byte	0x4
 382 00fd 07       		.byte	0x7
 383 00fe 99100000 		.4byte	.LASF23
 384 0102 06       		.uleb128 0x6
 385 0103 01       		.byte	0x1
 386 0104 37000000 		.4byte	0x37
 387 0108 05       		.byte	0x5
 388 0109 3501     		.2byte	0x135
 389 010b C0020000 		.4byte	0x2c0
 390 010f 07       		.uleb128 0x7
 391 0110 050F0000 		.4byte	.LASF24
 392 0114 00       		.byte	0
 393 0115 07       		.uleb128 0x7
 394 0116 180A0000 		.4byte	.LASF25
 395 011a 01       		.byte	0x1
 396 011b 07       		.uleb128 0x7
 397 011c 31120000 		.4byte	.LASF26
 398 0120 02       		.byte	0x2
 399 0121 07       		.uleb128 0x7
 400 0122 DC010000 		.4byte	.LASF27
 401 0126 03       		.byte	0x3
 402 0127 07       		.uleb128 0x7
 403 0128 83090000 		.4byte	.LASF28
 404 012c 04       		.byte	0x4
 405 012d 07       		.uleb128 0x7
 406 012e 11060000 		.4byte	.LASF29
 407 0132 05       		.byte	0x5
 408 0133 07       		.uleb128 0x7
 409 0134 9B110000 		.4byte	.LASF30
 410 0138 06       		.byte	0x6
 411 0139 07       		.uleb128 0x7
 412 013a 1C0F0000 		.4byte	.LASF31
 413 013e 20       		.byte	0x20
ARM GAS  C:\Users\alexport\AppData\Local\Temp\ccuo1AQK.s 			page 13


 414 013f 07       		.uleb128 0x7
 415 0140 D2000000 		.4byte	.LASF32
 416 0144 21       		.byte	0x21
 417 0145 07       		.uleb128 0x7
 418 0146 F4030000 		.4byte	.LASF33
 419 014a 22       		.byte	0x22
 420 014b 07       		.uleb128 0x7
 421 014c E8100000 		.4byte	.LASF34
 422 0150 23       		.byte	0x23
 423 0151 07       		.uleb128 0x7
 424 0152 C9070000 		.4byte	.LASF35
 425 0156 24       		.byte	0x24
 426 0157 07       		.uleb128 0x7
 427 0158 81110000 		.4byte	.LASF36
 428 015c 25       		.byte	0x25
 429 015d 07       		.uleb128 0x7
 430 015e 200C0000 		.4byte	.LASF37
 431 0162 26       		.byte	0x26
 432 0163 07       		.uleb128 0x7
 433 0164 B2120000 		.4byte	.LASF38
 434 0168 27       		.byte	0x27
 435 0169 07       		.uleb128 0x7
 436 016a 03100000 		.4byte	.LASF39
 437 016e 28       		.byte	0x28
 438 016f 07       		.uleb128 0x7
 439 0170 AD0D0000 		.4byte	.LASF40
 440 0174 29       		.byte	0x29
 441 0175 07       		.uleb128 0x7
 442 0176 16140000 		.4byte	.LASF41
 443 017a 2A       		.byte	0x2a
 444 017b 07       		.uleb128 0x7
 445 017c 57140000 		.4byte	.LASF42
 446 0180 2B       		.byte	0x2b
 447 0181 07       		.uleb128 0x7
 448 0182 AC0F0000 		.4byte	.LASF43
 449 0186 2C       		.byte	0x2c
 450 0187 07       		.uleb128 0x7
 451 0188 960B0000 		.4byte	.LASF44
 452 018c 2D       		.byte	0x2d
 453 018d 07       		.uleb128 0x7
 454 018e C6110000 		.4byte	.LASF45
 455 0192 2E       		.byte	0x2e
 456 0193 07       		.uleb128 0x7
 457 0194 780C0000 		.4byte	.LASF46
 458 0198 2F       		.byte	0x2f
 459 0199 07       		.uleb128 0x7
 460 019a 0B0E0000 		.4byte	.LASF47
 461 019e 30       		.byte	0x30
 462 019f 07       		.uleb128 0x7
 463 01a0 600E0000 		.4byte	.LASF48
 464 01a4 31       		.byte	0x31
 465 01a5 07       		.uleb128 0x7
 466 01a6 400F0000 		.4byte	.LASF49
 467 01aa 32       		.byte	0x32
 468 01ab 07       		.uleb128 0x7
 469 01ac 070B0000 		.4byte	.LASF50
 470 01b0 33       		.byte	0x33
ARM GAS  C:\Users\alexport\AppData\Local\Temp\ccuo1AQK.s 			page 14


 471 01b1 07       		.uleb128 0x7
 472 01b2 4B130000 		.4byte	.LASF51
 473 01b6 34       		.byte	0x34
 474 01b7 07       		.uleb128 0x7
 475 01b8 5E010000 		.4byte	.LASF52
 476 01bc 35       		.byte	0x35
 477 01bd 07       		.uleb128 0x7
 478 01be 63130000 		.4byte	.LASF53
 479 01c2 36       		.byte	0x36
 480 01c3 07       		.uleb128 0x7
 481 01c4 7D120000 		.4byte	.LASF54
 482 01c8 37       		.byte	0x37
 483 01c9 07       		.uleb128 0x7
 484 01ca 730B0000 		.4byte	.LASF55
 485 01ce 40       		.byte	0x40
 486 01cf 07       		.uleb128 0x7
 487 01d0 370E0000 		.4byte	.LASF56
 488 01d4 41       		.byte	0x41
 489 01d5 07       		.uleb128 0x7
 490 01d6 36010000 		.4byte	.LASF57
 491 01da 42       		.byte	0x42
 492 01db 07       		.uleb128 0x7
 493 01dc 7B010000 		.4byte	.LASF58
 494 01e0 43       		.byte	0x43
 495 01e1 07       		.uleb128 0x7
 496 01e2 27080000 		.4byte	.LASF59
 497 01e6 44       		.byte	0x44
 498 01e7 07       		.uleb128 0x7
 499 01e8 850F0000 		.4byte	.LASF60
 500 01ec 45       		.byte	0x45
 501 01ed 07       		.uleb128 0x7
 502 01ee AA090000 		.4byte	.LASF61
 503 01f2 46       		.byte	0x46
 504 01f3 07       		.uleb128 0x7
 505 01f4 AA060000 		.4byte	.LASF62
 506 01f8 47       		.byte	0x47
 507 01f9 07       		.uleb128 0x7
 508 01fa EB060000 		.4byte	.LASF63
 509 01fe 48       		.byte	0x48
 510 01ff 07       		.uleb128 0x7
 511 0200 18120000 		.4byte	.LASF64
 512 0204 49       		.byte	0x49
 513 0205 07       		.uleb128 0x7
 514 0206 9C080000 		.4byte	.LASF65
 515 020a 4A       		.byte	0x4a
 516 020b 07       		.uleb128 0x7
 517 020c 840E0000 		.4byte	.LASF66
 518 0210 4B       		.byte	0x4b
 519 0211 07       		.uleb128 0x7
 520 0212 2D060000 		.4byte	.LASF67
 521 0216 4C       		.byte	0x4c
 522 0217 07       		.uleb128 0x7
 523 0218 65050000 		.4byte	.LASF68
 524 021c 4D       		.byte	0x4d
 525 021d 07       		.uleb128 0x7
 526 021e 6D080000 		.4byte	.LASF69
 527 0222 4E       		.byte	0x4e
ARM GAS  C:\Users\alexport\AppData\Local\Temp\ccuo1AQK.s 			page 15


 528 0223 07       		.uleb128 0x7
 529 0224 04130000 		.4byte	.LASF70
 530 0228 4F       		.byte	0x4f
 531 0229 07       		.uleb128 0x7
 532 022a 1D070000 		.4byte	.LASF71
 533 022e 50       		.byte	0x50
 534 022f 07       		.uleb128 0x7
 535 0230 49070000 		.4byte	.LASF72
 536 0234 51       		.byte	0x51
 537 0235 07       		.uleb128 0x7
 538 0236 59000000 		.4byte	.LASF73
 539 023a 52       		.byte	0x52
 540 023b 07       		.uleb128 0x7
 541 023c 4A0D0000 		.4byte	.LASF74
 542 0240 53       		.byte	0x53
 543 0241 07       		.uleb128 0x7
 544 0242 81040000 		.4byte	.LASF75
 545 0246 54       		.byte	0x54
 546 0247 07       		.uleb128 0x7
 547 0248 B0010000 		.4byte	.LASF76
 548 024c 55       		.byte	0x55
 549 024d 07       		.uleb128 0x7
 550 024e 37000000 		.4byte	.LASF77
 551 0252 56       		.byte	0x56
 552 0253 07       		.uleb128 0x7
 553 0254 95070000 		.4byte	.LASF78
 554 0258 57       		.byte	0x57
 555 0259 07       		.uleb128 0x7
 556 025a C50C0000 		.4byte	.LASF79
 557 025e 58       		.byte	0x58
 558 025f 07       		.uleb128 0x7
 559 0260 5C0A0000 		.4byte	.LASF80
 560 0264 70       		.byte	0x70
 561 0265 07       		.uleb128 0x7
 562 0266 CF080000 		.4byte	.LASF81
 563 026a 71       		.byte	0x71
 564 026b 07       		.uleb128 0x7
 565 026c B3050000 		.4byte	.LASF82
 566 0270 72       		.byte	0x72
 567 0271 07       		.uleb128 0x7
 568 0272 25100000 		.4byte	.LASF83
 569 0276 73       		.byte	0x73
 570 0277 07       		.uleb128 0x7
 571 0278 17090000 		.4byte	.LASF84
 572 027c 74       		.byte	0x74
 573 027d 07       		.uleb128 0x7
 574 027e D40E0000 		.4byte	.LASF85
 575 0282 75       		.byte	0x75
 576 0283 07       		.uleb128 0x7
 577 0284 06080000 		.4byte	.LASF86
 578 0288 76       		.byte	0x76
 579 0289 07       		.uleb128 0x7
 580 028a 4F0C0000 		.4byte	.LASF87
 581 028e 77       		.byte	0x77
 582 028f 07       		.uleb128 0x7
 583 0290 18040000 		.4byte	.LASF88
 584 0294 78       		.byte	0x78
ARM GAS  C:\Users\alexport\AppData\Local\Temp\ccuo1AQK.s 			page 16


 585 0295 07       		.uleb128 0x7
 586 0296 4C020000 		.4byte	.LASF89
 587 029a 79       		.byte	0x79
 588 029b 07       		.uleb128 0x7
 589 029c 17110000 		.4byte	.LASF90
 590 02a0 7A       		.byte	0x7a
 591 02a1 07       		.uleb128 0x7
 592 02a2 3A050000 		.4byte	.LASF91
 593 02a6 FA       		.byte	0xfa
 594 02a7 07       		.uleb128 0x7
 595 02a8 11020000 		.4byte	.LASF92
 596 02ac FB       		.byte	0xfb
 597 02ad 07       		.uleb128 0x7
 598 02ae A10C0000 		.4byte	.LASF93
 599 02b2 FC       		.byte	0xfc
 600 02b3 07       		.uleb128 0x7
 601 02b4 55080000 		.4byte	.LASF94
 602 02b8 FD       		.byte	0xfd
 603 02b9 07       		.uleb128 0x7
 604 02ba 520E0000 		.4byte	.LASF95
 605 02be FF       		.byte	0xff
 606 02bf 00       		.byte	0
 607 02c0 08       		.uleb128 0x8
 608 02c1 97000000 		.4byte	0x97
 609 02c5 D0020000 		.4byte	0x2d0
 610 02c9 09       		.uleb128 0x9
 611 02ca FB000000 		.4byte	0xfb
 612 02ce 09       		.byte	0x9
 613 02cf 00       		.byte	0
 614 02d0 0A       		.uleb128 0xa
 615 02d1 01       		.byte	0x1
 616 02d2 37000000 		.4byte	0x37
 617 02d6 06       		.byte	0x6
 618 02d7 22       		.byte	0x22
 619 02d8 19030000 		.4byte	0x319
 620 02dc 07       		.uleb128 0x7
 621 02dd E2090000 		.4byte	.LASF96
 622 02e1 00       		.byte	0
 623 02e2 07       		.uleb128 0x7
 624 02e3 DB0B0000 		.4byte	.LASF97
 625 02e7 01       		.byte	0x1
 626 02e8 07       		.uleb128 0x7
 627 02e9 CC0A0000 		.4byte	.LASF98
 628 02ed 02       		.byte	0x2
 629 02ee 07       		.uleb128 0x7
 630 02ef 68070000 		.4byte	.LASF99
 631 02f3 03       		.byte	0x3
 632 02f4 07       		.uleb128 0x7
 633 02f5 610F0000 		.4byte	.LASF100
 634 02f9 04       		.byte	0x4
 635 02fa 07       		.uleb128 0x7
 636 02fb 2B0A0000 		.4byte	.LASF101
 637 02ff 05       		.byte	0x5
 638 0300 07       		.uleb128 0x7
 639 0301 35090000 		.4byte	.LASF102
 640 0305 06       		.byte	0x6
 641 0306 07       		.uleb128 0x7
ARM GAS  C:\Users\alexport\AppData\Local\Temp\ccuo1AQK.s 			page 17


 642 0307 950A0000 		.4byte	.LASF103
 643 030b 07       		.byte	0x7
 644 030c 07       		.uleb128 0x7
 645 030d 4E120000 		.4byte	.LASF104
 646 0311 08       		.byte	0x8
 647 0312 07       		.uleb128 0x7
 648 0313 05000000 		.4byte	.LASF105
 649 0317 09       		.byte	0x9
 650 0318 00       		.byte	0
 651 0319 08       		.uleb128 0x8
 652 031a ED000000 		.4byte	0xed
 653 031e 29030000 		.4byte	0x329
 654 0322 09       		.uleb128 0x9
 655 0323 FB000000 		.4byte	0xfb
 656 0327 09       		.byte	0x9
 657 0328 00       		.byte	0
 658 0329 08       		.uleb128 0x8
 659 032a ED000000 		.4byte	0xed
 660 032e 39030000 		.4byte	0x339
 661 0332 09       		.uleb128 0x9
 662 0333 FB000000 		.4byte	0xfb
 663 0337 03       		.byte	0x3
 664 0338 00       		.byte	0
 665 0339 0B       		.uleb128 0xb
 666 033a 0801     		.2byte	0x108
 667 033c 07       		.byte	0x7
 668 033d 0801     		.2byte	0x108
 669 033f 97070000 		.4byte	0x797
 670 0343 0C       		.uleb128 0xc
 671 0344 7F070000 		.4byte	.LASF106
 672 0348 07       		.byte	0x7
 673 0349 0901     		.2byte	0x109
 674 034b A3000000 		.4byte	0xa3
 675 034f 00       		.byte	0
 676 0350 0C       		.uleb128 0xc
 677 0351 77060000 		.4byte	.LASF107
 678 0355 07       		.byte	0x7
 679 0356 0A01     		.2byte	0x10a
 680 0358 A3000000 		.4byte	0xa3
 681 035c 02       		.byte	0x2
 682 035d 0C       		.uleb128 0xc
 683 035e 7B020000 		.4byte	.LASF108
 684 0362 07       		.byte	0x7
 685 0363 0B01     		.2byte	0x10b
 686 0365 C0020000 		.4byte	0x2c0
 687 0369 04       		.byte	0x4
 688 036a 0C       		.uleb128 0xc
 689 036b AD0A0000 		.4byte	.LASF109
 690 036f 07       		.byte	0x7
 691 0370 0C01     		.2byte	0x10c
 692 0372 97000000 		.4byte	0x97
 693 0376 0E       		.byte	0xe
 694 0377 0D       		.uleb128 0xd
 695 0378 4D666700 		.ascii	"Mfg\000"
 696 037c 07       		.byte	0x7
 697 037d 0D01     		.2byte	0x10d
 698 037f 97000000 		.4byte	0x97
ARM GAS  C:\Users\alexport\AppData\Local\Temp\ccuo1AQK.s 			page 18


 699 0383 0F       		.byte	0xf
 700 0384 0C       		.uleb128 0xc
 701 0385 15050000 		.4byte	.LASF110
 702 0389 07       		.byte	0x7
 703 038a 0E01     		.2byte	0x10e
 704 038c C7000000 		.4byte	0xc7
 705 0390 10       		.byte	0x10
 706 0391 0C       		.uleb128 0xc
 707 0392 F8110000 		.4byte	.LASF111
 708 0396 07       		.byte	0x7
 709 0397 0F01     		.2byte	0x10f
 710 0399 C7000000 		.4byte	0xc7
 711 039d 12       		.byte	0x12
 712 039e 0C       		.uleb128 0xc
 713 039f BE070000 		.4byte	.LASF112
 714 03a3 07       		.byte	0x7
 715 03a4 1001     		.2byte	0x110
 716 03a6 D3000000 		.4byte	0xd3
 717 03aa 14       		.byte	0x14
 718 03ab 0C       		.uleb128 0xc
 719 03ac C6100000 		.4byte	.LASF113
 720 03b0 07       		.byte	0x7
 721 03b1 1101     		.2byte	0x111
 722 03b3 D3000000 		.4byte	0xd3
 723 03b7 18       		.byte	0x18
 724 03b8 0C       		.uleb128 0xc
 725 03b9 D5090000 		.4byte	.LASF114
 726 03bd 07       		.byte	0x7
 727 03be 1201     		.2byte	0x112
 728 03c0 D3000000 		.4byte	0xd3
 729 03c4 1C       		.byte	0x1c
 730 03c5 0C       		.uleb128 0xc
 731 03c6 29000000 		.4byte	.LASF115
 732 03ca 07       		.byte	0x7
 733 03cb 1301     		.2byte	0x113
 734 03cd D3000000 		.4byte	0xd3
 735 03d1 20       		.byte	0x20
 736 03d2 0C       		.uleb128 0xc
 737 03d3 3B040000 		.4byte	.LASF116
 738 03d7 07       		.byte	0x7
 739 03d8 1401     		.2byte	0x114
 740 03da D3000000 		.4byte	0xd3
 741 03de 24       		.byte	0x24
 742 03df 0C       		.uleb128 0xc
 743 03e0 0A020000 		.4byte	.LASF117
 744 03e4 07       		.byte	0x7
 745 03e5 1501     		.2byte	0x115
 746 03e7 A3000000 		.4byte	0xa3
 747 03eb 28       		.byte	0x28
 748 03ec 0C       		.uleb128 0xc
 749 03ed 57110000 		.4byte	.LASF118
 750 03f1 07       		.byte	0x7
 751 03f2 1601     		.2byte	0x116
 752 03f4 A3000000 		.4byte	0xa3
 753 03f8 2A       		.byte	0x2a
 754 03f9 0C       		.uleb128 0xc
 755 03fa 5F120000 		.4byte	.LASF119
ARM GAS  C:\Users\alexport\AppData\Local\Temp\ccuo1AQK.s 			page 19


 756 03fe 07       		.byte	0x7
 757 03ff 1801     		.2byte	0x118
 758 0401 BB000000 		.4byte	0xbb
 759 0405 2C       		.byte	0x2c
 760 0406 0C       		.uleb128 0xc
 761 0407 64120000 		.4byte	.LASF120
 762 040b 07       		.byte	0x7
 763 040c 1901     		.2byte	0x119
 764 040e BB000000 		.4byte	0xbb
 765 0412 2D       		.byte	0x2d
 766 0413 0C       		.uleb128 0xc
 767 0414 B2040000 		.4byte	.LASF121
 768 0418 07       		.byte	0x7
 769 0419 1A01     		.2byte	0x11a
 770 041b BB000000 		.4byte	0xbb
 771 041f 2E       		.byte	0x2e
 772 0420 0C       		.uleb128 0xc
 773 0421 CA0D0000 		.4byte	.LASF122
 774 0425 07       		.byte	0x7
 775 0426 1B01     		.2byte	0x11b
 776 0428 BB000000 		.4byte	0xbb
 777 042c 2F       		.byte	0x2f
 778 042d 0C       		.uleb128 0xc
 779 042e 85050000 		.4byte	.LASF123
 780 0432 07       		.byte	0x7
 781 0433 1C01     		.2byte	0x11c
 782 0435 BB000000 		.4byte	0xbb
 783 0439 30       		.byte	0x30
 784 043a 0C       		.uleb128 0xc
 785 043b C0000000 		.4byte	.LASF124
 786 043f 07       		.byte	0x7
 787 0440 1D01     		.2byte	0x11d
 788 0442 BB000000 		.4byte	0xbb
 789 0446 31       		.byte	0x31
 790 0447 0C       		.uleb128 0xc
 791 0448 940D0000 		.4byte	.LASF125
 792 044c 07       		.byte	0x7
 793 044d 1E01     		.2byte	0x11e
 794 044f A3000000 		.4byte	0xa3
 795 0453 32       		.byte	0x32
 796 0454 0C       		.uleb128 0xc
 797 0455 8D0B0000 		.4byte	.LASF126
 798 0459 07       		.byte	0x7
 799 045a 1F01     		.2byte	0x11f
 800 045c A3000000 		.4byte	0xa3
 801 0460 34       		.byte	0x34
 802 0461 0C       		.uleb128 0xc
 803 0462 0C0D0000 		.4byte	.LASF127
 804 0466 07       		.byte	0x7
 805 0467 2001     		.2byte	0x120
 806 0469 A3000000 		.4byte	0xa3
 807 046d 36       		.byte	0x36
 808 046e 0C       		.uleb128 0xc
 809 046f E0040000 		.4byte	.LASF128
 810 0473 07       		.byte	0x7
 811 0474 2101     		.2byte	0x121
 812 0476 A3000000 		.4byte	0xa3
ARM GAS  C:\Users\alexport\AppData\Local\Temp\ccuo1AQK.s 			page 20


 813 047a 38       		.byte	0x38
 814 047b 0C       		.uleb128 0xc
 815 047c D7060000 		.4byte	.LASF129
 816 0480 07       		.byte	0x7
 817 0481 2201     		.2byte	0x122
 818 0483 BB000000 		.4byte	0xbb
 819 0487 3A       		.byte	0x3a
 820 0488 0C       		.uleb128 0xc
 821 0489 8B0D0000 		.4byte	.LASF130
 822 048d 07       		.byte	0x7
 823 048e 2301     		.2byte	0x123
 824 0490 C7000000 		.4byte	0xc7
 825 0494 3C       		.byte	0x3c
 826 0495 0C       		.uleb128 0xc
 827 0496 74100000 		.4byte	.LASF131
 828 049a 07       		.byte	0x7
 829 049b 2401     		.2byte	0x124
 830 049d C7000000 		.4byte	0xc7
 831 04a1 3E       		.byte	0x3e
 832 04a2 0C       		.uleb128 0xc
 833 04a3 00000000 		.4byte	.LASF132
 834 04a7 07       		.byte	0x7
 835 04a8 2501     		.2byte	0x125
 836 04aa A3000000 		.4byte	0xa3
 837 04ae 40       		.byte	0x40
 838 04af 0C       		.uleb128 0xc
 839 04b0 54010000 		.4byte	.LASF133
 840 04b4 07       		.byte	0x7
 841 04b5 2601     		.2byte	0x126
 842 04b7 97000000 		.4byte	0x97
 843 04bb 42       		.byte	0x42
 844 04bc 0C       		.uleb128 0xc
 845 04bd D00F0000 		.4byte	.LASF134
 846 04c1 07       		.byte	0x7
 847 04c2 2701     		.2byte	0x127
 848 04c4 C7000000 		.4byte	0xc7
 849 04c8 44       		.byte	0x44
 850 04c9 0C       		.uleb128 0xc
 851 04ca C70B0000 		.4byte	.LASF135
 852 04ce 07       		.byte	0x7
 853 04cf 2801     		.2byte	0x128
 854 04d1 C7000000 		.4byte	0xc7
 855 04d5 46       		.byte	0x46
 856 04d6 0C       		.uleb128 0xc
 857 04d7 0B0C0000 		.4byte	.LASF136
 858 04db 07       		.byte	0x7
 859 04dc 2901     		.2byte	0x129
 860 04de C7000000 		.4byte	0xc7
 861 04e2 48       		.byte	0x48
 862 04e3 0C       		.uleb128 0xc
 863 04e4 11010000 		.4byte	.LASF137
 864 04e8 07       		.byte	0x7
 865 04e9 2A01     		.2byte	0x12a
 866 04eb A3000000 		.4byte	0xa3
 867 04ef 4A       		.byte	0x4a
 868 04f0 0C       		.uleb128 0xc
 869 04f1 04140000 		.4byte	.LASF138
ARM GAS  C:\Users\alexport\AppData\Local\Temp\ccuo1AQK.s 			page 21


 870 04f5 07       		.byte	0x7
 871 04f6 2B01     		.2byte	0x12b
 872 04f8 C7000000 		.4byte	0xc7
 873 04fc 4C       		.byte	0x4c
 874 04fd 0C       		.uleb128 0xc
 875 04fe 8B080000 		.4byte	.LASF139
 876 0502 07       		.byte	0x7
 877 0503 2C01     		.2byte	0x12c
 878 0505 A3000000 		.4byte	0xa3
 879 0509 4E       		.byte	0x4e
 880 050a 0C       		.uleb128 0xc
 881 050b F0070000 		.4byte	.LASF140
 882 050f 07       		.byte	0x7
 883 0510 2D01     		.2byte	0x12d
 884 0512 C7000000 		.4byte	0xc7
 885 0516 50       		.byte	0x50
 886 0517 0C       		.uleb128 0xc
 887 0518 8D020000 		.4byte	.LASF141
 888 051c 07       		.byte	0x7
 889 051d 2E01     		.2byte	0x12e
 890 051f A3000000 		.4byte	0xa3
 891 0523 52       		.byte	0x52
 892 0524 0C       		.uleb128 0xc
 893 0525 FE090000 		.4byte	.LASF142
 894 0529 07       		.byte	0x7
 895 052a 2F01     		.2byte	0x12f
 896 052c A3000000 		.4byte	0xa3
 897 0530 54       		.byte	0x54
 898 0531 0C       		.uleb128 0xc
 899 0532 99010000 		.4byte	.LASF143
 900 0536 07       		.byte	0x7
 901 0537 3001     		.2byte	0x130
 902 0539 C7000000 		.4byte	0xc7
 903 053d 56       		.byte	0x56
 904 053e 0C       		.uleb128 0xc
 905 053f B30C0000 		.4byte	.LASF144
 906 0543 07       		.byte	0x7
 907 0544 3101     		.2byte	0x131
 908 0546 A3000000 		.4byte	0xa3
 909 054a 58       		.byte	0x58
 910 054b 0C       		.uleb128 0xc
 911 054c 5C0B0000 		.4byte	.LASF145
 912 0550 07       		.byte	0x7
 913 0551 3201     		.2byte	0x132
 914 0553 A3000000 		.4byte	0xa3
 915 0557 5A       		.byte	0x5a
 916 0558 0C       		.uleb128 0xc
 917 0559 53090000 		.4byte	.LASF146
 918 055d 07       		.byte	0x7
 919 055e 3301     		.2byte	0x133
 920 0560 A3000000 		.4byte	0xa3
 921 0564 5C       		.byte	0x5c
 922 0565 0C       		.uleb128 0xc
 923 0566 5A090000 		.4byte	.LASF147
 924 056a 07       		.byte	0x7
 925 056b 3401     		.2byte	0x134
 926 056d A3000000 		.4byte	0xa3
ARM GAS  C:\Users\alexport\AppData\Local\Temp\ccuo1AQK.s 			page 22


 927 0571 5E       		.byte	0x5e
 928 0572 0C       		.uleb128 0xc
 929 0573 F50E0000 		.4byte	.LASF148
 930 0577 07       		.byte	0x7
 931 0578 3501     		.2byte	0x135
 932 057a A3000000 		.4byte	0xa3
 933 057e 60       		.byte	0x60
 934 057f 0C       		.uleb128 0xc
 935 0580 D2130000 		.4byte	.LASF149
 936 0584 07       		.byte	0x7
 937 0585 3601     		.2byte	0x136
 938 0587 A3000000 		.4byte	0xa3
 939 058b 62       		.byte	0x62
 940 058c 0C       		.uleb128 0xc
 941 058d 58050000 		.4byte	.LASF150
 942 0591 07       		.byte	0x7
 943 0592 3701     		.2byte	0x137
 944 0594 A3000000 		.4byte	0xa3
 945 0598 64       		.byte	0x64
 946 0599 0C       		.uleb128 0xc
 947 059a 780F0000 		.4byte	.LASF151
 948 059e 07       		.byte	0x7
 949 059f 3801     		.2byte	0x138
 950 05a1 D3000000 		.4byte	0xd3
 951 05a5 68       		.byte	0x68
 952 05a6 0C       		.uleb128 0xc
 953 05a7 E7030000 		.4byte	.LASF152
 954 05ab 07       		.byte	0x7
 955 05ac 3901     		.2byte	0x139
 956 05ae A3000000 		.4byte	0xa3
 957 05b2 6C       		.byte	0x6c
 958 05b3 0C       		.uleb128 0xc
 959 05b4 98090000 		.4byte	.LASF153
 960 05b8 07       		.byte	0x7
 961 05b9 3A01     		.2byte	0x13a
 962 05bb D3000000 		.4byte	0xd3
 963 05bf 70       		.byte	0x70
 964 05c0 0C       		.uleb128 0xc
 965 05c1 43100000 		.4byte	.LASF154
 966 05c5 07       		.byte	0x7
 967 05c6 3B01     		.2byte	0x13b
 968 05c8 A3000000 		.4byte	0xa3
 969 05cc 74       		.byte	0x74
 970 05cd 0C       		.uleb128 0xc
 971 05ce BE040000 		.4byte	.LASF155
 972 05d2 07       		.byte	0x7
 973 05d3 3C01     		.2byte	0x13c
 974 05d5 D3000000 		.4byte	0xd3
 975 05d9 78       		.byte	0x78
 976 05da 0C       		.uleb128 0xc
 977 05db 85020000 		.4byte	.LASF156
 978 05df 07       		.byte	0x7
 979 05e0 3D01     		.2byte	0x13d
 980 05e2 D3000000 		.4byte	0xd3
 981 05e6 7C       		.byte	0x7c
 982 05e7 0C       		.uleb128 0xc
 983 05e8 B1000000 		.4byte	.LASF157
ARM GAS  C:\Users\alexport\AppData\Local\Temp\ccuo1AQK.s 			page 23


 984 05ec 07       		.byte	0x7
 985 05ed 3E01     		.2byte	0x13e
 986 05ef D3000000 		.4byte	0xd3
 987 05f3 80       		.byte	0x80
 988 05f4 0C       		.uleb128 0xc
 989 05f5 6A040000 		.4byte	.LASF158
 990 05f9 07       		.byte	0x7
 991 05fa 3F01     		.2byte	0x13f
 992 05fc D3000000 		.4byte	0xd3
 993 0600 84       		.byte	0x84
 994 0601 0C       		.uleb128 0xc
 995 0602 62040000 		.4byte	.LASF159
 996 0606 07       		.byte	0x7
 997 0607 4001     		.2byte	0x140
 998 0609 D3000000 		.4byte	0xd3
 999 060d 88       		.byte	0x88
 1000 060e 0C       		.uleb128 0xc
 1001 060f D4010000 		.4byte	.LASF160
 1002 0613 07       		.byte	0x7
 1003 0614 4101     		.2byte	0x141
 1004 0616 D3000000 		.4byte	0xd3
 1005 061a 8C       		.byte	0x8c
 1006 061b 0C       		.uleb128 0xc
 1007 061c 32050000 		.4byte	.LASF161
 1008 0620 07       		.byte	0x7
 1009 0621 4201     		.2byte	0x142
 1010 0623 D3000000 		.4byte	0xd3
 1011 0627 90       		.byte	0x90
 1012 0628 0C       		.uleb128 0xc
 1013 0629 6B090000 		.4byte	.LASF162
 1014 062d 07       		.byte	0x7
 1015 062e 4301     		.2byte	0x143
 1016 0630 D3000000 		.4byte	0xd3
 1017 0634 94       		.byte	0x94
 1018 0635 0C       		.uleb128 0xc
 1019 0636 77090000 		.4byte	.LASF163
 1020 063a 07       		.byte	0x7
 1021 063b 4401     		.2byte	0x144
 1022 063d D3000000 		.4byte	0xd3
 1023 0641 98       		.byte	0x98
 1024 0642 0C       		.uleb128 0xc
 1025 0643 DB030000 		.4byte	.LASF164
 1026 0647 07       		.byte	0x7
 1027 0648 4501     		.2byte	0x145
 1028 064a D3000000 		.4byte	0xd3
 1029 064e 9C       		.byte	0x9c
 1030 064f 0C       		.uleb128 0xc
 1031 0650 E80C0000 		.4byte	.LASF165
 1032 0654 07       		.byte	0x7
 1033 0655 4601     		.2byte	0x146
 1034 0657 D3000000 		.4byte	0xd3
 1035 065b A0       		.byte	0xa0
 1036 065c 0C       		.uleb128 0xc
 1037 065d F40C0000 		.4byte	.LASF166
 1038 0661 07       		.byte	0x7
 1039 0662 4701     		.2byte	0x147
 1040 0664 D3000000 		.4byte	0xd3
ARM GAS  C:\Users\alexport\AppData\Local\Temp\ccuo1AQK.s 			page 24


 1041 0668 A4       		.byte	0xa4
 1042 0669 0C       		.uleb128 0xc
 1043 066a 000D0000 		.4byte	.LASF167
 1044 066e 07       		.byte	0x7
 1045 066f 4801     		.2byte	0x148
 1046 0671 D3000000 		.4byte	0xd3
 1047 0675 A8       		.byte	0xa8
 1048 0676 0C       		.uleb128 0xc
 1049 0677 87060000 		.4byte	.LASF168
 1050 067b 07       		.byte	0x7
 1051 067c 4901     		.2byte	0x149
 1052 067e D3000000 		.4byte	0xd3
 1053 0682 AC       		.byte	0xac
 1054 0683 0C       		.uleb128 0xc
 1055 0684 B4110000 		.4byte	.LASF169
 1056 0688 07       		.byte	0x7
 1057 0689 4A01     		.2byte	0x14a
 1058 068b D3000000 		.4byte	0xd3
 1059 068f B0       		.byte	0xb0
 1060 0690 0C       		.uleb128 0xc
 1061 0691 A8040000 		.4byte	.LASF170
 1062 0695 07       		.byte	0x7
 1063 0696 4B01     		.2byte	0x14b
 1064 0698 D3000000 		.4byte	0xd3
 1065 069c B4       		.byte	0xb4
 1066 069d 0C       		.uleb128 0xc
 1067 069e 77040000 		.4byte	.LASF171
 1068 06a2 07       		.byte	0x7
 1069 06a3 4C01     		.2byte	0x14c
 1070 06a5 D3000000 		.4byte	0xd3
 1071 06a9 B8       		.byte	0xb8
 1072 06aa 0C       		.uleb128 0xc
 1073 06ab C50E0000 		.4byte	.LASF172
 1074 06af 07       		.byte	0x7
 1075 06b0 4D01     		.2byte	0x14d
 1076 06b2 A3000000 		.4byte	0xa3
 1077 06b6 BC       		.byte	0xbc
 1078 06b7 0C       		.uleb128 0xc
 1079 06b8 43120000 		.4byte	.LASF173
 1080 06bc 07       		.byte	0x7
 1081 06bd 4E01     		.2byte	0x14e
 1082 06bf A3000000 		.4byte	0xa3
 1083 06c3 BE       		.byte	0xbe
 1084 06c4 0C       		.uleb128 0xc
 1085 06c5 C8060000 		.4byte	.LASF174
 1086 06c9 07       		.byte	0x7
 1087 06ca 4F01     		.2byte	0x14f
 1088 06cc E1000000 		.4byte	0xe1
 1089 06d0 C0       		.byte	0xc0
 1090 06d1 0C       		.uleb128 0xc
 1091 06d2 3C020000 		.4byte	.LASF175
 1092 06d6 07       		.byte	0x7
 1093 06d7 5001     		.2byte	0x150
 1094 06d9 E1000000 		.4byte	0xe1
 1095 06dd C8       		.byte	0xc8
 1096 06de 0C       		.uleb128 0xc
 1097 06df 57100000 		.4byte	.LASF176
ARM GAS  C:\Users\alexport\AppData\Local\Temp\ccuo1AQK.s 			page 25


 1098 06e3 07       		.byte	0x7
 1099 06e4 5101     		.2byte	0x151
 1100 06e6 E1000000 		.4byte	0xe1
 1101 06ea D0       		.byte	0xd0
 1102 06eb 0C       		.uleb128 0xc
 1103 06ec 3C070000 		.4byte	.LASF177
 1104 06f0 07       		.byte	0x7
 1105 06f1 5201     		.2byte	0x152
 1106 06f3 97070000 		.4byte	0x797
 1107 06f7 D8       		.byte	0xd8
 1108 06f8 0C       		.uleb128 0xc
 1109 06f9 C0110000 		.4byte	.LASF178
 1110 06fd 07       		.byte	0x7
 1111 06fe 5301     		.2byte	0x153
 1112 0700 A3000000 		.4byte	0xa3
 1113 0704 E4       		.byte	0xe4
 1114 0705 0C       		.uleb128 0xc
 1115 0706 100A0000 		.4byte	.LASF179
 1116 070a 07       		.byte	0x7
 1117 070b 5401     		.2byte	0x154
 1118 070d 19030000 		.4byte	0x319
 1119 0711 E6       		.byte	0xe6
 1120 0712 0C       		.uleb128 0xc
 1121 0713 03060000 		.4byte	.LASF180
 1122 0717 07       		.byte	0x7
 1123 0718 5601     		.2byte	0x156
 1124 071a A3000000 		.4byte	0xa3
 1125 071e F0       		.byte	0xf0
 1126 071f 0C       		.uleb128 0xc
 1127 0720 23130000 		.4byte	.LASF181
 1128 0724 07       		.byte	0x7
 1129 0725 5701     		.2byte	0x157
 1130 0727 A3000000 		.4byte	0xa3
 1131 072b F2       		.byte	0xf2
 1132 072c 0C       		.uleb128 0xc
 1133 072d 4E0A0000 		.4byte	.LASF182
 1134 0731 07       		.byte	0x7
 1135 0732 5801     		.2byte	0x158
 1136 0734 A3000000 		.4byte	0xa3
 1137 0738 F4       		.byte	0xf4
 1138 0739 0C       		.uleb128 0xc
 1139 073a FE080000 		.4byte	.LASF183
 1140 073e 07       		.byte	0x7
 1141 073f 5901     		.2byte	0x159
 1142 0741 A3000000 		.4byte	0xa3
 1143 0745 F6       		.byte	0xf6
 1144 0746 0C       		.uleb128 0xc
 1145 0747 CF050000 		.4byte	.LASF184
 1146 074b 07       		.byte	0x7
 1147 074c 5A01     		.2byte	0x15a
 1148 074e A3000000 		.4byte	0xa3
 1149 0752 F8       		.byte	0xf8
 1150 0753 0C       		.uleb128 0xc
 1151 0754 E3050000 		.4byte	.LASF185
 1152 0758 07       		.byte	0x7
 1153 0759 5B01     		.2byte	0x15b
 1154 075b A3000000 		.4byte	0xa3
ARM GAS  C:\Users\alexport\AppData\Local\Temp\ccuo1AQK.s 			page 26


 1155 075f FA       		.byte	0xfa
 1156 0760 0C       		.uleb128 0xc
 1157 0761 6E0C0000 		.4byte	.LASF186
 1158 0765 07       		.byte	0x7
 1159 0766 5C01     		.2byte	0x15c
 1160 0768 A3000000 		.4byte	0xa3
 1161 076c FC       		.byte	0xfc
 1162 076d 0C       		.uleb128 0xc
 1163 076e FF0B0000 		.4byte	.LASF187
 1164 0772 07       		.byte	0x7
 1165 0773 5D01     		.2byte	0x15d
 1166 0775 C7000000 		.4byte	0xc7
 1167 0779 FE       		.byte	0xfe
 1168 077a 0E       		.uleb128 0xe
 1169 077b 7A000000 		.4byte	.LASF188
 1170 077f 07       		.byte	0x7
 1171 0780 5E01     		.2byte	0x15e
 1172 0782 C7000000 		.4byte	0xc7
 1173 0786 0001     		.2byte	0x100
 1174 0788 0E       		.uleb128 0xe
 1175 0789 2C0E0000 		.4byte	.LASF189
 1176 078d 07       		.byte	0x7
 1177 078e 5F01     		.2byte	0x15f
 1178 0790 A3000000 		.4byte	0xa3
 1179 0794 0201     		.2byte	0x102
 1180 0796 00       		.byte	0
 1181 0797 08       		.uleb128 0x8
 1182 0798 ED000000 		.4byte	0xed
 1183 079c A7070000 		.4byte	0x7a7
 1184 07a0 09       		.uleb128 0x9
 1185 07a1 FB000000 		.4byte	0xfb
 1186 07a5 0B       		.byte	0xb
 1187 07a6 00       		.byte	0
 1188 07a7 0F       		.uleb128 0xf
 1189 07a8 B8       		.byte	0xb8
 1190 07a9 07       		.byte	0x7
 1191 07aa 6301     		.2byte	0x163
 1192 07ac 180B0000 		.4byte	0xb18
 1193 07b0 0C       		.uleb128 0xc
 1194 07b1 12070000 		.4byte	.LASF190
 1195 07b5 07       		.byte	0x7
 1196 07b6 6401     		.2byte	0x164
 1197 07b8 97000000 		.4byte	0x97
 1198 07bc 00       		.byte	0
 1199 07bd 0C       		.uleb128 0xc
 1200 07be E50D0000 		.4byte	.LASF191
 1201 07c2 07       		.byte	0x7
 1202 07c3 6501     		.2byte	0x165
 1203 07c5 97000000 		.4byte	0x97
 1204 07c9 01       		.byte	0x1
 1205 07ca 0C       		.uleb128 0xc
 1206 07cb A30E0000 		.4byte	.LASF192
 1207 07cf 07       		.byte	0x7
 1208 07d0 6601     		.2byte	0x166
 1209 07d2 97000000 		.4byte	0x97
 1210 07d6 02       		.byte	0x2
 1211 07d7 0C       		.uleb128 0xc
ARM GAS  C:\Users\alexport\AppData\Local\Temp\ccuo1AQK.s 			page 27


 1212 07d8 08120000 		.4byte	.LASF193
 1213 07dc 07       		.byte	0x7
 1214 07dd 6701     		.2byte	0x167
 1215 07df 97000000 		.4byte	0x97
 1216 07e3 03       		.byte	0x3
 1217 07e4 0C       		.uleb128 0xc
 1218 07e5 BA080000 		.4byte	.LASF194
 1219 07e9 07       		.byte	0x7
 1220 07ea 6801     		.2byte	0x168
 1221 07ec 97000000 		.4byte	0x97
 1222 07f0 04       		.byte	0x4
 1223 07f1 0C       		.uleb128 0xc
 1224 07f2 47060000 		.4byte	.LASF195
 1225 07f6 07       		.byte	0x7
 1226 07f7 6901     		.2byte	0x169
 1227 07f9 97000000 		.4byte	0x97
 1228 07fd 05       		.byte	0x5
 1229 07fe 0C       		.uleb128 0xc
 1230 07ff CB040000 		.4byte	.LASF196
 1231 0803 07       		.byte	0x7
 1232 0804 6A01     		.2byte	0x16a
 1233 0806 97000000 		.4byte	0x97
 1234 080a 06       		.byte	0x6
 1235 080b 0C       		.uleb128 0xc
 1236 080c A3000000 		.4byte	.LASF197
 1237 0810 07       		.byte	0x7
 1238 0811 6B01     		.2byte	0x16b
 1239 0813 97000000 		.4byte	0x97
 1240 0817 07       		.byte	0x7
 1241 0818 0C       		.uleb128 0xc
 1242 0819 8A000000 		.4byte	.LASF198
 1243 081d 07       		.byte	0x7
 1244 081e 6C01     		.2byte	0x16c
 1245 0820 97000000 		.4byte	0x97
 1246 0824 08       		.byte	0x8
 1247 0825 0C       		.uleb128 0xc
 1248 0826 1C0D0000 		.4byte	.LASF199
 1249 082a 07       		.byte	0x7
 1250 082b 6D01     		.2byte	0x16d
 1251 082d 97000000 		.4byte	0x97
 1252 0831 09       		.byte	0x9
 1253 0832 0C       		.uleb128 0xc
 1254 0833 6B0D0000 		.4byte	.LASF200
 1255 0837 07       		.byte	0x7
 1256 0838 6E01     		.2byte	0x16e
 1257 083a 97000000 		.4byte	0x97
 1258 083e 0A       		.byte	0xa
 1259 083f 0C       		.uleb128 0xc
 1260 0840 9D050000 		.4byte	.LASF201
 1261 0844 07       		.byte	0x7
 1262 0845 6F01     		.2byte	0x16f
 1263 0847 97000000 		.4byte	0x97
 1264 084b 0B       		.byte	0xb
 1265 084c 0C       		.uleb128 0xc
 1266 084d F6000000 		.4byte	.LASF202
 1267 0851 07       		.byte	0x7
 1268 0852 7001     		.2byte	0x170
ARM GAS  C:\Users\alexport\AppData\Local\Temp\ccuo1AQK.s 			page 28


 1269 0854 97000000 		.4byte	0x97
 1270 0858 0C       		.byte	0xc
 1271 0859 0C       		.uleb128 0xc
 1272 085a F0040000 		.4byte	.LASF203
 1273 085e 07       		.byte	0x7
 1274 085f 7101     		.2byte	0x171
 1275 0861 97000000 		.4byte	0x97
 1276 0865 0D       		.byte	0xd
 1277 0866 0C       		.uleb128 0xc
 1278 0867 470B0000 		.4byte	.LASF204
 1279 086b 07       		.byte	0x7
 1280 086c 7201     		.2byte	0x172
 1281 086e 97000000 		.4byte	0x97
 1282 0872 0E       		.byte	0xe
 1283 0873 0C       		.uleb128 0xc
 1284 0874 9C030000 		.4byte	.LASF205
 1285 0878 07       		.byte	0x7
 1286 0879 7301     		.2byte	0x173
 1287 087b 97000000 		.4byte	0x97
 1288 087f 0F       		.byte	0xf
 1289 0880 0C       		.uleb128 0xc
 1290 0881 93060000 		.4byte	.LASF206
 1291 0885 07       		.byte	0x7
 1292 0886 7401     		.2byte	0x174
 1293 0888 97000000 		.4byte	0x97
 1294 088c 10       		.byte	0x10
 1295 088d 0C       		.uleb128 0xc
 1296 088e 66110000 		.4byte	.LASF207
 1297 0892 07       		.byte	0x7
 1298 0893 7501     		.2byte	0x175
 1299 0895 97000000 		.4byte	0x97
 1300 0899 11       		.byte	0x11
 1301 089a 0C       		.uleb128 0xc
 1302 089b B20A0000 		.4byte	.LASF208
 1303 089f 07       		.byte	0x7
 1304 08a0 7601     		.2byte	0x176
 1305 08a2 97000000 		.4byte	0x97
 1306 08a6 12       		.byte	0x12
 1307 08a7 0C       		.uleb128 0xc
 1308 08a8 51040000 		.4byte	.LASF209
 1309 08ac 07       		.byte	0x7
 1310 08ad 7701     		.2byte	0x177
 1311 08af 97000000 		.4byte	0x97
 1312 08b3 13       		.byte	0x13
 1313 08b4 0C       		.uleb128 0xc
 1314 08b5 15050000 		.4byte	.LASF110
 1315 08b9 07       		.byte	0x7
 1316 08ba 7801     		.2byte	0x178
 1317 08bc C7000000 		.4byte	0xc7
 1318 08c0 14       		.byte	0x14
 1319 08c1 0C       		.uleb128 0xc
 1320 08c2 41130000 		.4byte	.LASF210
 1321 08c6 07       		.byte	0x7
 1322 08c7 7901     		.2byte	0x179
 1323 08c9 A3000000 		.4byte	0xa3
 1324 08cd 16       		.byte	0x16
 1325 08ce 0C       		.uleb128 0xc
ARM GAS  C:\Users\alexport\AppData\Local\Temp\ccuo1AQK.s 			page 29


 1326 08cf 24010000 		.4byte	.LASF211
 1327 08d3 07       		.byte	0x7
 1328 08d4 7A01     		.2byte	0x17a
 1329 08d6 A3000000 		.4byte	0xa3
 1330 08da 18       		.byte	0x18
 1331 08db 0C       		.uleb128 0xc
 1332 08dc 0A020000 		.4byte	.LASF117
 1333 08e0 07       		.byte	0x7
 1334 08e1 7B01     		.2byte	0x17b
 1335 08e3 A3000000 		.4byte	0xa3
 1336 08e7 1A       		.byte	0x1a
 1337 08e8 0C       		.uleb128 0xc
 1338 08e9 57110000 		.4byte	.LASF118
 1339 08ed 07       		.byte	0x7
 1340 08ee 7C01     		.2byte	0x17c
 1341 08f0 A3000000 		.4byte	0xa3
 1342 08f4 1C       		.byte	0x1c
 1343 08f5 0C       		.uleb128 0xc
 1344 08f6 4B110000 		.4byte	.LASF212
 1345 08fa 07       		.byte	0x7
 1346 08fb 7D01     		.2byte	0x17d
 1347 08fd 97000000 		.4byte	0x97
 1348 0901 1E       		.byte	0x1e
 1349 0902 0C       		.uleb128 0xc
 1350 0903 D4100000 		.4byte	.LASF213
 1351 0907 07       		.byte	0x7
 1352 0908 7E01     		.2byte	0x17e
 1353 090a 97000000 		.4byte	0x97
 1354 090e 1F       		.byte	0x1f
 1355 090f 0C       		.uleb128 0xc
 1356 0910 A8130000 		.4byte	.LASF214
 1357 0914 07       		.byte	0x7
 1358 0915 7F01     		.2byte	0x17f
 1359 0917 180B0000 		.4byte	0xb18
 1360 091b 20       		.byte	0x20
 1361 091c 0C       		.uleb128 0xc
 1362 091d F10A0000 		.4byte	.LASF215
 1363 0921 07       		.byte	0x7
 1364 0922 8001     		.2byte	0x180
 1365 0924 280B0000 		.4byte	0xb28
 1366 0928 28       		.byte	0x28
 1367 0929 0C       		.uleb128 0xc
 1368 092a EC0F0000 		.4byte	.LASF216
 1369 092e 07       		.byte	0x7
 1370 092f 8101     		.2byte	0x181
 1371 0931 380B0000 		.4byte	0xb38
 1372 0935 38       		.byte	0x38
 1373 0936 0C       		.uleb128 0xc
 1374 0937 D1120000 		.4byte	.LASF217
 1375 093b 07       		.byte	0x7
 1376 093c 8201     		.2byte	0x182
 1377 093e E1000000 		.4byte	0xe1
 1378 0942 58       		.byte	0x58
 1379 0943 0C       		.uleb128 0xc
 1380 0944 420A0000 		.4byte	.LASF218
 1381 0948 07       		.byte	0x7
 1382 0949 8301     		.2byte	0x183
ARM GAS  C:\Users\alexport\AppData\Local\Temp\ccuo1AQK.s 			page 30


 1383 094b E1000000 		.4byte	0xe1
 1384 094f 60       		.byte	0x60
 1385 0950 0C       		.uleb128 0xc
 1386 0951 DD120000 		.4byte	.LASF219
 1387 0955 07       		.byte	0x7
 1388 0956 8401     		.2byte	0x184
 1389 0958 A3000000 		.4byte	0xa3
 1390 095c 68       		.byte	0x68
 1391 095d 0C       		.uleb128 0xc
 1392 095e 10090000 		.4byte	.LASF220
 1393 0962 07       		.byte	0x7
 1394 0963 8501     		.2byte	0x185
 1395 0965 A3000000 		.4byte	0xa3
 1396 0969 6A       		.byte	0x6a
 1397 096a 0C       		.uleb128 0xc
 1398 096b 0D050000 		.4byte	.LASF221
 1399 096f 07       		.byte	0x7
 1400 0970 8601     		.2byte	0x186
 1401 0972 A3000000 		.4byte	0xa3
 1402 0976 6C       		.byte	0x6c
 1403 0977 0C       		.uleb128 0xc
 1404 0978 71120000 		.4byte	.LASF222
 1405 097c 07       		.byte	0x7
 1406 097d 8701     		.2byte	0x187
 1407 097f A3000000 		.4byte	0xa3
 1408 0983 6E       		.byte	0x6e
 1409 0984 0C       		.uleb128 0xc
 1410 0985 1A000000 		.4byte	.LASF223
 1411 0989 07       		.byte	0x7
 1412 098a 8801     		.2byte	0x188
 1413 098c A3000000 		.4byte	0xa3
 1414 0990 70       		.byte	0x70
 1415 0991 0C       		.uleb128 0xc
 1416 0992 F9020000 		.4byte	.LASF224
 1417 0996 07       		.byte	0x7
 1418 0997 8901     		.2byte	0x189
 1419 0999 D3000000 		.4byte	0xd3
 1420 099d 74       		.byte	0x74
 1421 099e 0C       		.uleb128 0xc
 1422 099f 07010000 		.4byte	.LASF225
 1423 09a3 07       		.byte	0x7
 1424 09a4 8A01     		.2byte	0x18a
 1425 09a6 97000000 		.4byte	0x97
 1426 09aa 78       		.byte	0x78
 1427 09ab 0C       		.uleb128 0xc
 1428 09ac 8A070000 		.4byte	.LASF226
 1429 09b0 07       		.byte	0x7
 1430 09b1 8B01     		.2byte	0x18b
 1431 09b3 97000000 		.4byte	0x97
 1432 09b7 79       		.byte	0x79
 1433 09b8 0C       		.uleb128 0xc
 1434 09b9 800D0000 		.4byte	.LASF227
 1435 09bd 07       		.byte	0x7
 1436 09be 8C01     		.2byte	0x18c
 1437 09c0 97000000 		.4byte	0x97
 1438 09c4 7A       		.byte	0x7a
 1439 09c5 0C       		.uleb128 0xc
ARM GAS  C:\Users\alexport\AppData\Local\Temp\ccuo1AQK.s 			page 31


 1440 09c6 E5070000 		.4byte	.LASF228
 1441 09ca 07       		.byte	0x7
 1442 09cb 8D01     		.2byte	0x18d
 1443 09cd A3000000 		.4byte	0xa3
 1444 09d1 7C       		.byte	0x7c
 1445 09d2 0C       		.uleb128 0xc
 1446 09d3 E1060000 		.4byte	.LASF229
 1447 09d7 07       		.byte	0x7
 1448 09d8 8E01     		.2byte	0x18e
 1449 09da 480B0000 		.4byte	0xb48
 1450 09de 7E       		.byte	0x7e
 1451 09df 0C       		.uleb128 0xc
 1452 09e0 3C0B0000 		.4byte	.LASF230
 1453 09e4 07       		.byte	0x7
 1454 09e5 8F01     		.2byte	0x18f
 1455 09e7 BB000000 		.4byte	0xbb
 1456 09eb 92       		.byte	0x92
 1457 09ec 0C       		.uleb128 0xc
 1458 09ed 44140000 		.4byte	.LASF231
 1459 09f1 07       		.byte	0x7
 1460 09f2 9001     		.2byte	0x190
 1461 09f4 BB000000 		.4byte	0xbb
 1462 09f8 93       		.byte	0x93
 1463 09f9 0C       		.uleb128 0xc
 1464 09fa 30020000 		.4byte	.LASF232
 1465 09fe 07       		.byte	0x7
 1466 09ff 9101     		.2byte	0x191
 1467 0a01 BB000000 		.4byte	0xbb
 1468 0a05 94       		.byte	0x94
 1469 0a06 0C       		.uleb128 0xc
 1470 0a07 85100000 		.4byte	.LASF233
 1471 0a0b 07       		.byte	0x7
 1472 0a0c 9201     		.2byte	0x192
 1473 0a0e BB000000 		.4byte	0xbb
 1474 0a12 95       		.byte	0x95
 1475 0a13 0C       		.uleb128 0xc
 1476 0a14 A2100000 		.4byte	.LASF234
 1477 0a18 07       		.byte	0x7
 1478 0a19 9301     		.2byte	0x193
 1479 0a1b 97000000 		.4byte	0x97
 1480 0a1f 96       		.byte	0x96
 1481 0a20 0C       		.uleb128 0xc
 1482 0a21 B8130000 		.4byte	.LASF235
 1483 0a25 07       		.byte	0x7
 1484 0a26 9401     		.2byte	0x194
 1485 0a28 97000000 		.4byte	0x97
 1486 0a2c 97       		.byte	0x97
 1487 0a2d 0C       		.uleb128 0xc
 1488 0a2e D0030000 		.4byte	.LASF236
 1489 0a32 07       		.byte	0x7
 1490 0a33 9501     		.2byte	0x195
 1491 0a35 A3000000 		.4byte	0xa3
 1492 0a39 98       		.byte	0x98
 1493 0a3a 0C       		.uleb128 0xc
 1494 0a3b F20B0000 		.4byte	.LASF237
 1495 0a3f 07       		.byte	0x7
 1496 0a40 9601     		.2byte	0x196
ARM GAS  C:\Users\alexport\AppData\Local\Temp\ccuo1AQK.s 			page 32


 1497 0a42 97000000 		.4byte	0x97
 1498 0a46 9A       		.byte	0x9a
 1499 0a47 0C       		.uleb128 0xc
 1500 0a48 1D050000 		.4byte	.LASF238
 1501 0a4c 07       		.byte	0x7
 1502 0a4d 9701     		.2byte	0x197
 1503 0a4f 97000000 		.4byte	0x97
 1504 0a53 9B       		.byte	0x9b
 1505 0a54 0C       		.uleb128 0xc
 1506 0a55 BF0B0000 		.4byte	.LASF239
 1507 0a59 07       		.byte	0x7
 1508 0a5a 9801     		.2byte	0x198
 1509 0a5c 97000000 		.4byte	0x97
 1510 0a60 9C       		.byte	0x9c
 1511 0a61 0C       		.uleb128 0xc
 1512 0a62 9D0D0000 		.4byte	.LASF240
 1513 0a66 07       		.byte	0x7
 1514 0a67 9901     		.2byte	0x199
 1515 0a69 97000000 		.4byte	0x97
 1516 0a6d 9D       		.byte	0x9d
 1517 0a6e 0C       		.uleb128 0xc
 1518 0a6f 0E110000 		.4byte	.LASF241
 1519 0a73 07       		.byte	0x7
 1520 0a74 9A01     		.2byte	0x19a
 1521 0a76 A3000000 		.4byte	0xa3
 1522 0a7a 9E       		.byte	0x9e
 1523 0a7b 0C       		.uleb128 0xc
 1524 0a7c B40E0000 		.4byte	.LASF242
 1525 0a80 07       		.byte	0x7
 1526 0a81 9B01     		.2byte	0x19b
 1527 0a83 A3000000 		.4byte	0xa3
 1528 0a87 A0       		.byte	0xa0
 1529 0a88 0C       		.uleb128 0xc
 1530 0a89 CB090000 		.4byte	.LASF243
 1531 0a8d 07       		.byte	0x7
 1532 0a8e 9C01     		.2byte	0x19c
 1533 0a90 A3000000 		.4byte	0xa3
 1534 0a94 A2       		.byte	0xa2
 1535 0a95 0C       		.uleb128 0xc
 1536 0a96 35130000 		.4byte	.LASF244
 1537 0a9a 07       		.byte	0x7
 1538 0a9b 9D01     		.2byte	0x19d
 1539 0a9d A3000000 		.4byte	0xa3
 1540 0aa1 A4       		.byte	0xa4
 1541 0aa2 0C       		.uleb128 0xc
 1542 0aa3 58060000 		.4byte	.LASF245
 1543 0aa7 07       		.byte	0x7
 1544 0aa8 9E01     		.2byte	0x19e
 1545 0aaa A3000000 		.4byte	0xa3
 1546 0aae A6       		.byte	0xa6
 1547 0aaf 0C       		.uleb128 0xc
 1548 0ab0 E9000000 		.4byte	.LASF246
 1549 0ab4 07       		.byte	0x7
 1550 0ab5 9F01     		.2byte	0x19f
 1551 0ab7 97000000 		.4byte	0x97
 1552 0abb A8       		.byte	0xa8
 1553 0abc 0C       		.uleb128 0xc
ARM GAS  C:\Users\alexport\AppData\Local\Temp\ccuo1AQK.s 			page 33


 1554 0abd EF130000 		.4byte	.LASF247
 1555 0ac1 07       		.byte	0x7
 1556 0ac2 A001     		.2byte	0x1a0
 1557 0ac4 97000000 		.4byte	0x97
 1558 0ac8 A9       		.byte	0xa9
 1559 0ac9 0D       		.uleb128 0xd
 1560 0aca 50696E00 		.ascii	"Pin\000"
 1561 0ace 07       		.byte	0x7
 1562 0acf A101     		.2byte	0x1a1
 1563 0ad1 29030000 		.4byte	0x329
 1564 0ad5 AA       		.byte	0xaa
 1565 0ad6 0C       		.uleb128 0xc
 1566 0ad7 61090000 		.4byte	.LASF248
 1567 0adb 07       		.byte	0x7
 1568 0adc A201     		.2byte	0x1a2
 1569 0ade 97000000 		.4byte	0x97
 1570 0ae2 AE       		.byte	0xae
 1571 0ae3 0C       		.uleb128 0xc
 1572 0ae4 02050000 		.4byte	.LASF249
 1573 0ae8 07       		.byte	0x7
 1574 0ae9 A301     		.2byte	0x1a3
 1575 0aeb A3000000 		.4byte	0xa3
 1576 0aef B0       		.byte	0xb0
 1577 0af0 0C       		.uleb128 0xc
 1578 0af1 F1120000 		.4byte	.LASF250
 1579 0af5 07       		.byte	0x7
 1580 0af6 A401     		.2byte	0x1a4
 1581 0af8 A3000000 		.4byte	0xa3
 1582 0afc B2       		.byte	0xb2
 1583 0afd 0C       		.uleb128 0xc
 1584 0afe 3B110000 		.4byte	.LASF251
 1585 0b02 07       		.byte	0x7
 1586 0b03 A501     		.2byte	0x1a5
 1587 0b05 97000000 		.4byte	0x97
 1588 0b09 B4       		.byte	0xb4
 1589 0b0a 0C       		.uleb128 0xc
 1590 0b0b F5080000 		.4byte	.LASF252
 1591 0b0f 07       		.byte	0x7
 1592 0b10 A601     		.2byte	0x1a6
 1593 0b12 A3000000 		.4byte	0xa3
 1594 0b16 B6       		.byte	0xb6
 1595 0b17 00       		.byte	0
 1596 0b18 08       		.uleb128 0x8
 1597 0b19 97000000 		.4byte	0x97
 1598 0b1d 280B0000 		.4byte	0xb28
 1599 0b21 09       		.uleb128 0x9
 1600 0b22 FB000000 		.4byte	0xfb
 1601 0b26 07       		.byte	0x7
 1602 0b27 00       		.byte	0
 1603 0b28 08       		.uleb128 0x8
 1604 0b29 ED000000 		.4byte	0xed
 1605 0b2d 380B0000 		.4byte	0xb38
 1606 0b31 09       		.uleb128 0x9
 1607 0b32 FB000000 		.4byte	0xfb
 1608 0b36 0F       		.byte	0xf
 1609 0b37 00       		.byte	0
 1610 0b38 08       		.uleb128 0x8
ARM GAS  C:\Users\alexport\AppData\Local\Temp\ccuo1AQK.s 			page 34


 1611 0b39 ED000000 		.4byte	0xed
 1612 0b3d 480B0000 		.4byte	0xb48
 1613 0b41 09       		.uleb128 0x9
 1614 0b42 FB000000 		.4byte	0xfb
 1615 0b46 1F       		.byte	0x1f
 1616 0b47 00       		.byte	0
 1617 0b48 08       		.uleb128 0x8
 1618 0b49 ED000000 		.4byte	0xed
 1619 0b4d 580B0000 		.4byte	0xb58
 1620 0b51 09       		.uleb128 0x9
 1621 0b52 FB000000 		.4byte	0xfb
 1622 0b56 13       		.byte	0x13
 1623 0b57 00       		.byte	0
 1624 0b58 10       		.uleb128 0x10
 1625 0b59 A3130000 		.4byte	.LASF274
 1626 0b5d 01       		.byte	0x1
 1627 0b5e 8B       		.byte	0x8b
 1628 0b5f 73000000 		.4byte	0x73
 1629 0b63 00000000 		.4byte	.LFB36
 1630 0b67 54010000 		.4byte	.LFE36-.LFB36
 1631 0b6b 01       		.uleb128 0x1
 1632 0b6c 9C       		.byte	0x9c
 1633 0b6d C80B0000 		.4byte	0xbc8
 1634 0b71 11       		.uleb128 0x11
 1635 0b72 76616C00 		.ascii	"val\000"
 1636 0b76 01       		.byte	0x1
 1637 0b77 B8       		.byte	0xb8
 1638 0b78 97000000 		.4byte	0x97
 1639 0b7c 02       		.uleb128 0x2
 1640 0b7d 91       		.byte	0x91
 1641 0b7e 77       		.sleb128 -9
 1642 0b7f 12       		.uleb128 0x12
 1643 0b80 72040000 		.4byte	.LASF253
 1644 0b84 01       		.byte	0x1
 1645 0b85 B8       		.byte	0xb8
 1646 0b86 97000000 		.4byte	0x97
 1647 0b8a 11       		.uleb128 0x11
 1648 0b8b 64697200 		.ascii	"dir\000"
 1649 0b8f 01       		.byte	0x1
 1650 0b90 B9       		.byte	0xb9
 1651 0b91 97000000 		.4byte	0x97
 1652 0b95 02       		.uleb128 0x2
 1653 0b96 91       		.byte	0x91
 1654 0b97 76       		.sleb128 -10
 1655 0b98 12       		.uleb128 0x12
 1656 0b99 97050000 		.4byte	.LASF254
 1657 0b9d 01       		.byte	0x1
 1658 0b9e BA       		.byte	0xba
 1659 0b9f 97000000 		.4byte	0x97
 1660 0ba3 12       		.uleb128 0x12
 1661 0ba4 1D010000 		.4byte	.LASF255
 1662 0ba8 01       		.byte	0x1
 1663 0ba9 BA       		.byte	0xba
 1664 0baa 97000000 		.4byte	0x97
 1665 0bae 13       		.uleb128 0x13
 1666 0baf D8050000 		.4byte	.LASF256
 1667 0bb3 01       		.byte	0x1
ARM GAS  C:\Users\alexport\AppData\Local\Temp\ccuo1AQK.s 			page 35


 1668 0bb4 BB       		.byte	0xbb
 1669 0bb5 97000000 		.4byte	0x97
 1670 0bb9 02       		.uleb128 0x2
 1671 0bba 91       		.byte	0x91
 1672 0bbb 75       		.sleb128 -11
 1673 0bbc 14       		.uleb128 0x14
 1674 0bbd E40A0000 		.4byte	.LASF257
 1675 0bc1 01       		.byte	0x1
 1676 0bc2 C7       		.byte	0xc7
 1677 0bc3 8C000000 		.4byte	0x8c
 1678 0bc7 00       		.byte	0
 1679 0bc8 15       		.uleb128 0x15
 1680 0bc9 67100000 		.4byte	.LASF258
 1681 0bcd 08       		.byte	0x8
 1682 0bce 0F       		.byte	0xf
 1683 0bcf 81000000 		.4byte	0x81
 1684 0bd3 05       		.uleb128 0x5
 1685 0bd4 03       		.byte	0x3
 1686 0bd5 00000000 		.4byte	startI2CRead
 1687 0bd9 14       		.uleb128 0x14
 1688 0bda BA030000 		.4byte	.LASF259
 1689 0bde 09       		.byte	0x9
 1690 0bdf 0D       		.byte	0xd
 1691 0be0 81000000 		.4byte	0x81
 1692 0be4 16       		.uleb128 0x16
 1693 0be5 9C000000 		.4byte	.LASF260
 1694 0be9 07       		.byte	0x7
 1695 0bea 6001     		.2byte	0x160
 1696 0bec 39030000 		.4byte	0x339
 1697 0bf0 05       		.uleb128 0x5
 1698 0bf1 03       		.byte	0x3
 1699 0bf2 00000000 		.4byte	Sensor
 1700 0bf6 16       		.uleb128 0x16
 1701 0bf7 DE0D0000 		.4byte	.LASF261
 1702 0bfb 07       		.byte	0x7
 1703 0bfc A701     		.2byte	0x1a7
 1704 0bfe A7070000 		.4byte	0x7a7
 1705 0c02 05       		.uleb128 0x5
 1706 0c03 03       		.byte	0x3
 1707 0c04 00000000 		.4byte	System
 1708 0c08 14       		.uleb128 0x14
 1709 0c09 E4120000 		.4byte	.LASF262
 1710 0c0d 01       		.byte	0x1
 1711 0c0e 17       		.byte	0x17
 1712 0c0f 81000000 		.4byte	0x81
 1713 0c13 15       		.uleb128 0x15
 1714 0c14 45080000 		.4byte	.LASF263
 1715 0c18 01       		.byte	0x1
 1716 0c19 18       		.byte	0x18
 1717 0c1a 81000000 		.4byte	0x81
 1718 0c1e 05       		.uleb128 0x5
 1719 0c1f 03       		.byte	0x3
 1720 0c20 00000000 		.4byte	bleTimerExpired
 1721 0c24 15       		.uleb128 0x15
 1722 0c25 49090000 		.4byte	.LASF264
 1723 0c29 01       		.byte	0x1
 1724 0c2a 1A       		.byte	0x1a
ARM GAS  C:\Users\alexport\AppData\Local\Temp\ccuo1AQK.s 			page 36


 1725 0c2b 81000000 		.4byte	0x81
 1726 0c2f 05       		.uleb128 0x5
 1727 0c30 03       		.byte	0x3
 1728 0c31 00000000 		.4byte	swPressed
 1729 0c35 15       		.uleb128 0x15
 1730 0c36 820A0000 		.4byte	.LASF265
 1731 0c3a 01       		.byte	0x1
 1732 0c3b 1B       		.byte	0x1b
 1733 0c3c 81000000 		.4byte	0x81
 1734 0c40 05       		.uleb128 0x5
 1735 0c41 03       		.byte	0x3
 1736 0c42 00000000 		.4byte	swReleased
 1737 0c46 14       		.uleb128 0x14
 1738 0c47 B2030000 		.4byte	.LASF266
 1739 0c4b 01       		.byte	0x1
 1740 0c4c 1F       		.byte	0x1f
 1741 0c4d 81000000 		.4byte	0x81
 1742 0c51 15       		.uleb128 0x15
 1743 0c52 A2040000 		.4byte	.LASF267
 1744 0c56 01       		.byte	0x1
 1745 0c57 21       		.byte	0x21
 1746 0c58 81000000 		.4byte	0x81
 1747 0c5c 05       		.uleb128 0x5
 1748 0c5d 03       		.byte	0x3
 1749 0c5e 00000000 		.4byte	swLED
 1750 0c62 15       		.uleb128 0x15
 1751 0c63 F5010000 		.4byte	.LASF268
 1752 0c67 01       		.byte	0x1
 1753 0c68 28       		.byte	0x28
 1754 0c69 81000000 		.4byte	0x81
 1755 0c6d 05       		.uleb128 0x5
 1756 0c6e 03       		.byte	0x3
 1757 0c6f 00000000 		.4byte	rcvByte
 1758 0c73 14       		.uleb128 0x14
 1759 0c74 6F020000 		.4byte	.LASF269
 1760 0c78 01       		.byte	0x1
 1761 0c79 2B       		.byte	0x2b
 1762 0c7a 81000000 		.4byte	0x81
 1763 0c7e 15       		.uleb128 0x15
 1764 0c7f 3F140000 		.4byte	.LASF270
 1765 0c83 01       		.byte	0x1
 1766 0c84 86       		.byte	0x86
 1767 0c85 97000000 		.4byte	0x97
 1768 0c89 05       		.uleb128 0x5
 1769 0c8a 03       		.byte	0x3
 1770 0c8b 00000000 		.4byte	newM
 1771 0c8f 00       		.byte	0
 1772              		.section	.debug_abbrev,"",%progbits
 1773              	.Ldebug_abbrev0:
 1774 0000 01       		.uleb128 0x1
 1775 0001 11       		.uleb128 0x11
 1776 0002 01       		.byte	0x1
 1777 0003 25       		.uleb128 0x25
 1778 0004 0E       		.uleb128 0xe
 1779 0005 13       		.uleb128 0x13
 1780 0006 0B       		.uleb128 0xb
 1781 0007 03       		.uleb128 0x3
ARM GAS  C:\Users\alexport\AppData\Local\Temp\ccuo1AQK.s 			page 37


 1782 0008 0E       		.uleb128 0xe
 1783 0009 1B       		.uleb128 0x1b
 1784 000a 0E       		.uleb128 0xe
 1785 000b 55       		.uleb128 0x55
 1786 000c 17       		.uleb128 0x17
 1787 000d 11       		.uleb128 0x11
 1788 000e 01       		.uleb128 0x1
 1789 000f 10       		.uleb128 0x10
 1790 0010 17       		.uleb128 0x17
 1791 0011 00       		.byte	0
 1792 0012 00       		.byte	0
 1793 0013 02       		.uleb128 0x2
 1794 0014 24       		.uleb128 0x24
 1795 0015 00       		.byte	0
 1796 0016 0B       		.uleb128 0xb
 1797 0017 0B       		.uleb128 0xb
 1798 0018 3E       		.uleb128 0x3e
 1799 0019 0B       		.uleb128 0xb
 1800 001a 03       		.uleb128 0x3
 1801 001b 0E       		.uleb128 0xe
 1802 001c 00       		.byte	0
 1803 001d 00       		.byte	0
 1804 001e 03       		.uleb128 0x3
 1805 001f 16       		.uleb128 0x16
 1806 0020 00       		.byte	0
 1807 0021 03       		.uleb128 0x3
 1808 0022 0E       		.uleb128 0xe
 1809 0023 3A       		.uleb128 0x3a
 1810 0024 0B       		.uleb128 0xb
 1811 0025 3B       		.uleb128 0x3b
 1812 0026 0B       		.uleb128 0xb
 1813 0027 49       		.uleb128 0x49
 1814 0028 13       		.uleb128 0x13
 1815 0029 00       		.byte	0
 1816 002a 00       		.byte	0
 1817 002b 04       		.uleb128 0x4
 1818 002c 24       		.uleb128 0x24
 1819 002d 00       		.byte	0
 1820 002e 0B       		.uleb128 0xb
 1821 002f 0B       		.uleb128 0xb
 1822 0030 3E       		.uleb128 0x3e
 1823 0031 0B       		.uleb128 0xb
 1824 0032 03       		.uleb128 0x3
 1825 0033 08       		.uleb128 0x8
 1826 0034 00       		.byte	0
 1827 0035 00       		.byte	0
 1828 0036 05       		.uleb128 0x5
 1829 0037 16       		.uleb128 0x16
 1830 0038 00       		.byte	0
 1831 0039 03       		.uleb128 0x3
 1832 003a 0E       		.uleb128 0xe
 1833 003b 3A       		.uleb128 0x3a
 1834 003c 0B       		.uleb128 0xb
 1835 003d 3B       		.uleb128 0x3b
 1836 003e 05       		.uleb128 0x5
 1837 003f 49       		.uleb128 0x49
 1838 0040 13       		.uleb128 0x13
ARM GAS  C:\Users\alexport\AppData\Local\Temp\ccuo1AQK.s 			page 38


 1839 0041 00       		.byte	0
 1840 0042 00       		.byte	0
 1841 0043 06       		.uleb128 0x6
 1842 0044 04       		.uleb128 0x4
 1843 0045 01       		.byte	0x1
 1844 0046 0B       		.uleb128 0xb
 1845 0047 0B       		.uleb128 0xb
 1846 0048 49       		.uleb128 0x49
 1847 0049 13       		.uleb128 0x13
 1848 004a 3A       		.uleb128 0x3a
 1849 004b 0B       		.uleb128 0xb
 1850 004c 3B       		.uleb128 0x3b
 1851 004d 05       		.uleb128 0x5
 1852 004e 01       		.uleb128 0x1
 1853 004f 13       		.uleb128 0x13
 1854 0050 00       		.byte	0
 1855 0051 00       		.byte	0
 1856 0052 07       		.uleb128 0x7
 1857 0053 28       		.uleb128 0x28
 1858 0054 00       		.byte	0
 1859 0055 03       		.uleb128 0x3
 1860 0056 0E       		.uleb128 0xe
 1861 0057 1C       		.uleb128 0x1c
 1862 0058 0B       		.uleb128 0xb
 1863 0059 00       		.byte	0
 1864 005a 00       		.byte	0
 1865 005b 08       		.uleb128 0x8
 1866 005c 01       		.uleb128 0x1
 1867 005d 01       		.byte	0x1
 1868 005e 49       		.uleb128 0x49
 1869 005f 13       		.uleb128 0x13
 1870 0060 01       		.uleb128 0x1
 1871 0061 13       		.uleb128 0x13
 1872 0062 00       		.byte	0
 1873 0063 00       		.byte	0
 1874 0064 09       		.uleb128 0x9
 1875 0065 21       		.uleb128 0x21
 1876 0066 00       		.byte	0
 1877 0067 49       		.uleb128 0x49
 1878 0068 13       		.uleb128 0x13
 1879 0069 2F       		.uleb128 0x2f
 1880 006a 0B       		.uleb128 0xb
 1881 006b 00       		.byte	0
 1882 006c 00       		.byte	0
 1883 006d 0A       		.uleb128 0xa
 1884 006e 04       		.uleb128 0x4
 1885 006f 01       		.byte	0x1
 1886 0070 0B       		.uleb128 0xb
 1887 0071 0B       		.uleb128 0xb
 1888 0072 49       		.uleb128 0x49
 1889 0073 13       		.uleb128 0x13
 1890 0074 3A       		.uleb128 0x3a
 1891 0075 0B       		.uleb128 0xb
 1892 0076 3B       		.uleb128 0x3b
 1893 0077 0B       		.uleb128 0xb
 1894 0078 01       		.uleb128 0x1
 1895 0079 13       		.uleb128 0x13
ARM GAS  C:\Users\alexport\AppData\Local\Temp\ccuo1AQK.s 			page 39


 1896 007a 00       		.byte	0
 1897 007b 00       		.byte	0
 1898 007c 0B       		.uleb128 0xb
 1899 007d 13       		.uleb128 0x13
 1900 007e 01       		.byte	0x1
 1901 007f 0B       		.uleb128 0xb
 1902 0080 05       		.uleb128 0x5
 1903 0081 3A       		.uleb128 0x3a
 1904 0082 0B       		.uleb128 0xb
 1905 0083 3B       		.uleb128 0x3b
 1906 0084 05       		.uleb128 0x5
 1907 0085 01       		.uleb128 0x1
 1908 0086 13       		.uleb128 0x13
 1909 0087 00       		.byte	0
 1910 0088 00       		.byte	0
 1911 0089 0C       		.uleb128 0xc
 1912 008a 0D       		.uleb128 0xd
 1913 008b 00       		.byte	0
 1914 008c 03       		.uleb128 0x3
 1915 008d 0E       		.uleb128 0xe
 1916 008e 3A       		.uleb128 0x3a
 1917 008f 0B       		.uleb128 0xb
 1918 0090 3B       		.uleb128 0x3b
 1919 0091 05       		.uleb128 0x5
 1920 0092 49       		.uleb128 0x49
 1921 0093 13       		.uleb128 0x13
 1922 0094 38       		.uleb128 0x38
 1923 0095 0B       		.uleb128 0xb
 1924 0096 00       		.byte	0
 1925 0097 00       		.byte	0
 1926 0098 0D       		.uleb128 0xd
 1927 0099 0D       		.uleb128 0xd
 1928 009a 00       		.byte	0
 1929 009b 03       		.uleb128 0x3
 1930 009c 08       		.uleb128 0x8
 1931 009d 3A       		.uleb128 0x3a
 1932 009e 0B       		.uleb128 0xb
 1933 009f 3B       		.uleb128 0x3b
 1934 00a0 05       		.uleb128 0x5
 1935 00a1 49       		.uleb128 0x49
 1936 00a2 13       		.uleb128 0x13
 1937 00a3 38       		.uleb128 0x38
 1938 00a4 0B       		.uleb128 0xb
 1939 00a5 00       		.byte	0
 1940 00a6 00       		.byte	0
 1941 00a7 0E       		.uleb128 0xe
 1942 00a8 0D       		.uleb128 0xd
 1943 00a9 00       		.byte	0
 1944 00aa 03       		.uleb128 0x3
 1945 00ab 0E       		.uleb128 0xe
 1946 00ac 3A       		.uleb128 0x3a
 1947 00ad 0B       		.uleb128 0xb
 1948 00ae 3B       		.uleb128 0x3b
 1949 00af 05       		.uleb128 0x5
 1950 00b0 49       		.uleb128 0x49
 1951 00b1 13       		.uleb128 0x13
 1952 00b2 38       		.uleb128 0x38
ARM GAS  C:\Users\alexport\AppData\Local\Temp\ccuo1AQK.s 			page 40


 1953 00b3 05       		.uleb128 0x5
 1954 00b4 00       		.byte	0
 1955 00b5 00       		.byte	0
 1956 00b6 0F       		.uleb128 0xf
 1957 00b7 13       		.uleb128 0x13
 1958 00b8 01       		.byte	0x1
 1959 00b9 0B       		.uleb128 0xb
 1960 00ba 0B       		.uleb128 0xb
 1961 00bb 3A       		.uleb128 0x3a
 1962 00bc 0B       		.uleb128 0xb
 1963 00bd 3B       		.uleb128 0x3b
 1964 00be 05       		.uleb128 0x5
 1965 00bf 01       		.uleb128 0x1
 1966 00c0 13       		.uleb128 0x13
 1967 00c1 00       		.byte	0
 1968 00c2 00       		.byte	0
 1969 00c3 10       		.uleb128 0x10
 1970 00c4 2E       		.uleb128 0x2e
 1971 00c5 01       		.byte	0x1
 1972 00c6 3F       		.uleb128 0x3f
 1973 00c7 19       		.uleb128 0x19
 1974 00c8 03       		.uleb128 0x3
 1975 00c9 0E       		.uleb128 0xe
 1976 00ca 3A       		.uleb128 0x3a
 1977 00cb 0B       		.uleb128 0xb
 1978 00cc 3B       		.uleb128 0x3b
 1979 00cd 0B       		.uleb128 0xb
 1980 00ce 27       		.uleb128 0x27
 1981 00cf 19       		.uleb128 0x19
 1982 00d0 49       		.uleb128 0x49
 1983 00d1 13       		.uleb128 0x13
 1984 00d2 11       		.uleb128 0x11
 1985 00d3 01       		.uleb128 0x1
 1986 00d4 12       		.uleb128 0x12
 1987 00d5 06       		.uleb128 0x6
 1988 00d6 40       		.uleb128 0x40
 1989 00d7 18       		.uleb128 0x18
 1990 00d8 9642     		.uleb128 0x2116
 1991 00da 19       		.uleb128 0x19
 1992 00db 01       		.uleb128 0x1
 1993 00dc 13       		.uleb128 0x13
 1994 00dd 00       		.byte	0
 1995 00de 00       		.byte	0
 1996 00df 11       		.uleb128 0x11
 1997 00e0 34       		.uleb128 0x34
 1998 00e1 00       		.byte	0
 1999 00e2 03       		.uleb128 0x3
 2000 00e3 08       		.uleb128 0x8
 2001 00e4 3A       		.uleb128 0x3a
 2002 00e5 0B       		.uleb128 0xb
 2003 00e6 3B       		.uleb128 0x3b
 2004 00e7 0B       		.uleb128 0xb
 2005 00e8 49       		.uleb128 0x49
 2006 00e9 13       		.uleb128 0x13
 2007 00ea 02       		.uleb128 0x2
 2008 00eb 18       		.uleb128 0x18
 2009 00ec 00       		.byte	0
ARM GAS  C:\Users\alexport\AppData\Local\Temp\ccuo1AQK.s 			page 41


 2010 00ed 00       		.byte	0
 2011 00ee 12       		.uleb128 0x12
 2012 00ef 34       		.uleb128 0x34
 2013 00f0 00       		.byte	0
 2014 00f1 03       		.uleb128 0x3
 2015 00f2 0E       		.uleb128 0xe
 2016 00f3 3A       		.uleb128 0x3a
 2017 00f4 0B       		.uleb128 0xb
 2018 00f5 3B       		.uleb128 0x3b
 2019 00f6 0B       		.uleb128 0xb
 2020 00f7 49       		.uleb128 0x49
 2021 00f8 13       		.uleb128 0x13
 2022 00f9 00       		.byte	0
 2023 00fa 00       		.byte	0
 2024 00fb 13       		.uleb128 0x13
 2025 00fc 34       		.uleb128 0x34
 2026 00fd 00       		.byte	0
 2027 00fe 03       		.uleb128 0x3
 2028 00ff 0E       		.uleb128 0xe
 2029 0100 3A       		.uleb128 0x3a
 2030 0101 0B       		.uleb128 0xb
 2031 0102 3B       		.uleb128 0x3b
 2032 0103 0B       		.uleb128 0xb
 2033 0104 49       		.uleb128 0x49
 2034 0105 13       		.uleb128 0x13
 2035 0106 02       		.uleb128 0x2
 2036 0107 18       		.uleb128 0x18
 2037 0108 00       		.byte	0
 2038 0109 00       		.byte	0
 2039 010a 14       		.uleb128 0x14
 2040 010b 34       		.uleb128 0x34
 2041 010c 00       		.byte	0
 2042 010d 03       		.uleb128 0x3
 2043 010e 0E       		.uleb128 0xe
 2044 010f 3A       		.uleb128 0x3a
 2045 0110 0B       		.uleb128 0xb
 2046 0111 3B       		.uleb128 0x3b
 2047 0112 0B       		.uleb128 0xb
 2048 0113 49       		.uleb128 0x49
 2049 0114 13       		.uleb128 0x13
 2050 0115 3F       		.uleb128 0x3f
 2051 0116 19       		.uleb128 0x19
 2052 0117 3C       		.uleb128 0x3c
 2053 0118 19       		.uleb128 0x19
 2054 0119 00       		.byte	0
 2055 011a 00       		.byte	0
 2056 011b 15       		.uleb128 0x15
 2057 011c 34       		.uleb128 0x34
 2058 011d 00       		.byte	0
 2059 011e 03       		.uleb128 0x3
 2060 011f 0E       		.uleb128 0xe
 2061 0120 3A       		.uleb128 0x3a
 2062 0121 0B       		.uleb128 0xb
 2063 0122 3B       		.uleb128 0x3b
 2064 0123 0B       		.uleb128 0xb
 2065 0124 49       		.uleb128 0x49
 2066 0125 13       		.uleb128 0x13
ARM GAS  C:\Users\alexport\AppData\Local\Temp\ccuo1AQK.s 			page 42


 2067 0126 3F       		.uleb128 0x3f
 2068 0127 19       		.uleb128 0x19
 2069 0128 02       		.uleb128 0x2
 2070 0129 18       		.uleb128 0x18
 2071 012a 00       		.byte	0
 2072 012b 00       		.byte	0
 2073 012c 16       		.uleb128 0x16
 2074 012d 34       		.uleb128 0x34
 2075 012e 00       		.byte	0
 2076 012f 03       		.uleb128 0x3
 2077 0130 0E       		.uleb128 0xe
 2078 0131 3A       		.uleb128 0x3a
 2079 0132 0B       		.uleb128 0xb
 2080 0133 3B       		.uleb128 0x3b
 2081 0134 05       		.uleb128 0x5
 2082 0135 49       		.uleb128 0x49
 2083 0136 13       		.uleb128 0x13
 2084 0137 3F       		.uleb128 0x3f
 2085 0138 19       		.uleb128 0x19
 2086 0139 02       		.uleb128 0x2
 2087 013a 18       		.uleb128 0x18
 2088 013b 00       		.byte	0
 2089 013c 00       		.byte	0
 2090 013d 00       		.byte	0
 2091              		.section	.debug_aranges,"",%progbits
 2092 0000 1C000000 		.4byte	0x1c
 2093 0004 0200     		.2byte	0x2
 2094 0006 00000000 		.4byte	.Ldebug_info0
 2095 000a 04       		.byte	0x4
 2096 000b 00       		.byte	0
 2097 000c 0000     		.2byte	0
 2098 000e 0000     		.2byte	0
 2099 0010 00000000 		.4byte	.LFB36
 2100 0014 54010000 		.4byte	.LFE36-.LFB36
 2101 0018 00000000 		.4byte	0
 2102 001c 00000000 		.4byte	0
 2103              		.section	.debug_ranges,"",%progbits
 2104              	.Ldebug_ranges0:
 2105 0000 00000000 		.4byte	.LFB36
 2106 0004 54010000 		.4byte	.LFE36
 2107 0008 00000000 		.4byte	0
 2108 000c 00000000 		.4byte	0
 2109              		.section	.debug_line,"",%progbits
 2110              	.Ldebug_line0:
 2111 0000 E9010000 		.section	.debug_str,"MS",%progbits,1
 2111      02008601 
 2111      00000201 
 2111      FB0E0D00 
 2111      01010101 
 2112              	.LASF132:
 2113 0000 4761696E 		.ascii	"Gain\000"
 2113      00
 2114              	.LASF105:
 2115 0005 4359424C 		.ascii	"CYBLE_DIS_CHAR_COUNT\000"
 2115      455F4449 
 2115      535F4348 
 2115      41525F43 
ARM GAS  C:\Users\alexport\AppData\Local\Temp\ccuo1AQK.s 			page 43


 2115      4F554E54 
 2116              	.LASF223:
 2117 001a 5379734D 		.ascii	"SysMaOverRange\000"
 2117      614F7665 
 2117      7252616E 
 2117      676500
 2118              	.LASF115:
 2119 0029 52656164 		.ascii	"ReadingScaled\000"
 2119      696E6753 
 2119      63616C65 
 2119      6400
 2120              	.LASF77:
 2121 0037 4359424C 		.ascii	"CYBLE_EVT_GATTC_STOP_CMD_COMPLETE\000"
 2121      455F4556 
 2121      545F4741 
 2121      5454435F 
 2121      53544F50 
 2122              	.LASF73:
 2123 0059 4359424C 		.ascii	"CYBLE_EVT_GATTC_HANDLE_VALUE_NTF\000"
 2123      455F4556 
 2123      545F4741 
 2123      5454435F 
 2123      48414E44 
 2124              	.LASF188:
 2125 007a 4175746F 		.ascii	"AutoZeroDisable\000"
 2125      5A65726F 
 2125      44697361 
 2125      626C6500 
 2126              	.LASF198:
 2127 008a 426C654E 		.ascii	"BleNotifyCalLevel\000"
 2127      6F746966 
 2127      7943616C 
 2127      4C657665 
 2127      6C00
 2128              	.LASF260:
 2129 009c 53656E73 		.ascii	"Sensor\000"
 2129      6F7200
 2130              	.LASF197:
 2131 00a3 426C654E 		.ascii	"BleNotifyLife\000"
 2131      6F746966 
 2131      794C6966 
 2131      6500
 2132              	.LASF157:
 2133 00b1 5A74635F 		.ascii	"Ztc_p35\000"
 2133      70333500 
 2134              	.LASF272:
 2135 00b9 6D61696E 		.ascii	"main.c\000"
 2135      2E6300
 2136              	.LASF124:
 2137 00c0 54656D70 		.ascii	"TemperatureAtSpan\000"
 2137      65726174 
 2137      75726541 
 2137      74537061 
 2137      6E00
 2138              	.LASF32:
 2139 00d2 4359424C 		.ascii	"CYBLE_EVT_GAP_AUTH_REQ\000"
 2139      455F4556 
ARM GAS  C:\Users\alexport\AppData\Local\Temp\ccuo1AQK.s 			page 44


 2139      545F4741 
 2139      505F4155 
 2139      54485F52 
 2140              	.LASF246:
 2141 00e9 43616C53 		.ascii	"CalSpanError\000"
 2141      70616E45 
 2141      72726F72 
 2141      00
 2142              	.LASF202:
 2143 00f6 426C654E 		.ascii	"BleNotifyCalStep\000"
 2143      6F746966 
 2143      7943616C 
 2143      53746570 
 2143      00
 2144              	.LASF225:
 2145 0107 43616E4E 		.ascii	"CanNodeId\000"
 2145      6F646549 
 2145      6400
 2146              	.LASF137:
 2147 0111 5A65726F 		.ascii	"ZeroCalTime\000"
 2147      43616C54 
 2147      696D6500 
 2148              	.LASF255:
 2149 011d 6576656E 		.ascii	"event2\000"
 2149      743200
 2150              	.LASF211:
 2151 0124 41646343 		.ascii	"AdcCountsPrevious\000"
 2151      6F756E74 
 2151      73507265 
 2151      76696F75 
 2151      7300
 2152              	.LASF57:
 2153 0136 4359424C 		.ascii	"CYBLE_EVT_GATT_DISCONNECT_IND\000"
 2153      455F4556 
 2153      545F4741 
 2153      54545F44 
 2153      4953434F 
 2154              	.LASF133:
 2155 0154 43616C52 		.ascii	"CalResult\000"
 2155      6573756C 
 2155      7400
 2156              	.LASF52:
 2157 015e 4359424C 		.ascii	"CYBLE_EVT_GAP_SCAN_REQ_RECVD\000"
 2157      455F4556 
 2157      545F4741 
 2157      505F5343 
 2157      414E5F52 
 2158              	.LASF58:
 2159 017b 4359424C 		.ascii	"CYBLE_EVT_GATTS_XCNHG_MTU_REQ\000"
 2159      455F4556 
 2159      545F4741 
 2159      5454535F 
 2159      58434E48 
 2160              	.LASF143:
 2161 0199 5370616E 		.ascii	"SpanCalStableThreshold\000"
 2161      43616C53 
 2161      7461626C 
ARM GAS  C:\Users\alexport\AppData\Local\Temp\ccuo1AQK.s 			page 45


 2161      65546872 
 2161      6573686F 
 2162              	.LASF76:
 2163 01b0 4359424C 		.ascii	"CYBLE_EVT_GATTS_DATA_SIGNED_CMD_REQ\000"
 2163      455F4556 
 2163      545F4741 
 2163      5454535F 
 2163      44415441 
 2164              	.LASF160:
 2165 01d4 5374635F 		.ascii	"Stc_p35\000"
 2165      70333500 
 2166              	.LASF27:
 2167 01dc 4359424C 		.ascii	"CYBLE_EVT_HARDWARE_ERROR\000"
 2167      455F4556 
 2167      545F4841 
 2167      52445741 
 2167      52455F45 
 2168              	.LASF268:
 2169 01f5 72637642 		.ascii	"rcvByte\000"
 2169      79746500 
 2170              	.LASF10:
 2171 01fd 756E7369 		.ascii	"unsigned int\000"
 2171      676E6564 
 2171      20696E74 
 2171      00
 2172              	.LASF117:
 2173 020a 53746174 		.ascii	"Status\000"
 2173      757300
 2174              	.LASF92:
 2175 0211 4359424C 		.ascii	"CYBLE_EVT_LE_PING_AUTH_TIMEOUT\000"
 2175      455F4556 
 2175      545F4C45 
 2175      5F50494E 
 2175      475F4155 
 2176              	.LASF232:
 2177 0230 43616C41 		.ascii	"CalAdjusted\000"
 2177      646A7573 
 2177      74656400 
 2178              	.LASF175:
 2179 023c 446E5365 		.ascii	"DnSerialNumberH\000"
 2179      7269616C 
 2179      4E756D62 
 2179      65724800 
 2180              	.LASF89:
 2181 024c 4359424C 		.ascii	"CYBLE_EVT_L2CAP_CBFC_TX_CREDIT_IND\000"
 2181      455F4556 
 2181      545F4C32 
 2181      4341505F 
 2181      43424643 
 2182              	.LASF269:
 2183 026f 736C6565 		.ascii	"sleepEnable\000"
 2183      70456E61 
 2183      626C6500 
 2184              	.LASF108:
 2185 027b 50696442 		.ascii	"PidBuffer\000"
 2185      75666665 
 2185      7200
ARM GAS  C:\Users\alexport\AppData\Local\Temp\ccuo1AQK.s 			page 46


 2186              	.LASF156:
 2187 0285 5A74635F 		.ascii	"Ztc_n10\000"
 2187      6E313000 
 2188              	.LASF141:
 2189 028d 5370616E 		.ascii	"SpanCalLeveloffTime\000"
 2189      43616C4C 
 2189      6576656C 
 2189      6F666654 
 2189      696D6500 
 2190              	.LASF17:
 2191 02a1 696E7431 		.ascii	"int16\000"
 2191      3600
 2192              	.LASF273:
 2193 02a7 433A5C55 		.ascii	"C:\\Users\\alexport\\OneDrive - Safeguard Analytics"
 2193      73657273 
 2193      5C616C65 
 2193      78706F72 
 2193      745C4F6E 
 2194 02d7 5C544553 		.ascii	"\\TESTs\\UART UDB test\\SA-200.cydsn\000"
 2194      54735C55 
 2194      41525420 
 2194      55444220 
 2194      74657374 
 2195              	.LASF224:
 2196 02f9 5379734D 		.ascii	"SysMaPerPctFullScale\000"
 2196      61506572 
 2196      50637446 
 2196      756C6C53 
 2196      63616C65 
 2197              	.LASF271:
 2198 030e 474E5520 		.ascii	"GNU C11 5.4.1 20160609 (release) [ARM/embedded-5-br"
 2198      43313120 
 2198      352E342E 
 2198      31203230 
 2198      31363036 
 2199 0341 616E6368 		.ascii	"anch revision 237715] -mcpu=cortex-m0 -mthumb -g -O"
 2199      20726576 
 2199      6973696F 
 2199      6E203233 
 2199      37373135 
 2200 0374 30202D66 		.ascii	"0 -ffunction-sections -ffat-lto-objects\000"
 2200      66756E63 
 2200      74696F6E 
 2200      2D736563 
 2200      74696F6E 
 2201              	.LASF205:
 2202 039c 426C654E 		.ascii	"BleNotifyCalSpanError\000"
 2202      6F746966 
 2202      7943616C 
 2202      5370616E 
 2202      4572726F 
 2203              	.LASF266:
 2204 03b2 62797465 		.ascii	"bytesIn\000"
 2204      73496E00 
 2205              	.LASF259:
 2206 03ba 6D6F6462 		.ascii	"modbusRequestReceived\000"
 2206      75735265 
ARM GAS  C:\Users\alexport\AppData\Local\Temp\ccuo1AQK.s 			page 47


 2206      71756573 
 2206      74526563 
 2206      65697665 
 2207              	.LASF236:
 2208 03d0 43616C5A 		.ascii	"CalZCounts\000"
 2208      436F756E 
 2208      747300
 2209              	.LASF164:
 2210 03db 5A74635F 		.ascii	"Ztc_curve_3\000"
 2210      63757276 
 2210      655F3300 
 2211              	.LASF152:
 2212 03e7 4C696E65 		.ascii	"Linear2Level\000"
 2212      6172324C 
 2212      6576656C 
 2212      00
 2213              	.LASF33:
 2214 03f4 4359424C 		.ascii	"CYBLE_EVT_GAP_PASSKEY_ENTRY_REQUEST\000"
 2214      455F4556 
 2214      545F4741 
 2214      505F5041 
 2214      53534B45 
 2215              	.LASF88:
 2216 0418 4359424C 		.ascii	"CYBLE_EVT_L2CAP_CBFC_RX_CREDIT_IND\000"
 2216      455F4556 
 2216      545F4C32 
 2216      4341505F 
 2216      43424643 
 2217              	.LASF116:
 2218 043b 52656164 		.ascii	"ReadingScaledPrevious\000"
 2218      696E6753 
 2218      63616C65 
 2218      64507265 
 2218      76696F75 
 2219              	.LASF209:
 2220 0451 426C6549 		.ascii	"BleInAuxCalState\000"
 2220      6E417578 
 2220      43616C53 
 2220      74617465 
 2220      00
 2221              	.LASF159:
 2222 0462 5374635F 		.ascii	"Stc_n10\000"
 2222      6E313000 
 2223              	.LASF158:
 2224 046a 5A74635F 		.ascii	"Ztc_p50\000"
 2224      70353000 
 2225              	.LASF253:
 2226 0472 76616C32 		.ascii	"val2\000"
 2226      00
 2227              	.LASF171:
 2228 0477 5374635F 		.ascii	"Stc_apply\000"
 2228      6170706C 
 2228      7900
 2229              	.LASF75:
 2230 0481 4359424C 		.ascii	"CYBLE_EVT_GATTS_HANDLE_VALUE_CNF\000"
 2230      455F4556 
 2230      545F4741 
ARM GAS  C:\Users\alexport\AppData\Local\Temp\ccuo1AQK.s 			page 48


 2230      5454535F 
 2230      48414E44 
 2231              	.LASF267:
 2232 04a2 73774C45 		.ascii	"swLED\000"
 2232      4400
 2233              	.LASF170:
 2234 04a8 5A74635F 		.ascii	"Ztc_apply\000"
 2234      6170706C 
 2234      7900
 2235              	.LASF121:
 2236 04b2 54656D70 		.ascii	"Temperature\000"
 2236      65726174 
 2236      75726500 
 2237              	.LASF155:
 2238 04be 4C696E65 		.ascii	"Linear3Value\000"
 2238      61723356 
 2238      616C7565 
 2238      00
 2239              	.LASF196:
 2240 04cb 426C654E 		.ascii	"BleNotifyTemperature\000"
 2240      6F746966 
 2240      7954656D 
 2240      70657261 
 2240      74757265 
 2241              	.LASF128:
 2242 04e0 436F756E 		.ascii	"CountsHalfScale\000"
 2242      74734861 
 2242      6C665363 
 2242      616C6500 
 2243              	.LASF203:
 2244 04f0 426C654E 		.ascii	"BleNotifyCalSpeed\000"
 2244      6F746966 
 2244      7943616C 
 2244      53706565 
 2244      6400
 2245              	.LASF249:
 2246 0502 54657374 		.ascii	"TestStatus\000"
 2246      53746174 
 2246      757300
 2247              	.LASF221:
 2248 050d 5379734D 		.ascii	"SysMa20\000"
 2248      61323000 
 2249              	.LASF110:
 2250 0515 52656164 		.ascii	"Reading\000"
 2250      696E6700 
 2251              	.LASF238:
 2252 051d 43616C5A 		.ascii	"CalZeroErrorPrevious\000"
 2252      65726F45 
 2252      72726F72 
 2252      50726576 
 2252      696F7573 
 2253              	.LASF161:
 2254 0532 5374635F 		.ascii	"Stc_p50\000"
 2254      70353000 
 2255              	.LASF91:
 2256 053a 4359424C 		.ascii	"CYBLE_EVT_PENDING_FLASH_WRITE\000"
 2256      455F4556 
ARM GAS  C:\Users\alexport\AppData\Local\Temp\ccuo1AQK.s 			page 49


 2256      545F5045 
 2256      4E44494E 
 2256      475F464C 
 2257              	.LASF150:
 2258 0558 4C696E65 		.ascii	"Linear1Level\000"
 2258      6172314C 
 2258      6576656C 
 2258      00
 2259              	.LASF68:
 2260 0565 4359424C 		.ascii	"CYBLE_EVT_GATTC_WRITE_RSP\000"
 2260      455F4556 
 2260      545F4741 
 2260      5454435F 
 2260      57524954 
 2261              	.LASF18:
 2262 057f 666C6F61 		.ascii	"float\000"
 2262      7400
 2263              	.LASF123:
 2264 0585 54656D70 		.ascii	"TemperatureAtZero\000"
 2264      65726174 
 2264      75726541 
 2264      745A6572 
 2264      6F00
 2265              	.LASF254:
 2266 0597 6576656E 		.ascii	"event\000"
 2266      7400
 2267              	.LASF201:
 2268 059d 426C654E 		.ascii	"BleNotifyCalZeroError\000"
 2268      6F746966 
 2268      7943616C 
 2268      5A65726F 
 2268      4572726F 
 2269              	.LASF82:
 2270 05b3 4359424C 		.ascii	"CYBLE_EVT_L2CAP_COMMAND_REJ\000"
 2270      455F4556 
 2270      545F4C32 
 2270      4341505F 
 2270      434F4D4D 
 2271              	.LASF184:
 2272 05cf 45635469 		.ascii	"EcTiaReg\000"
 2272      61526567 
 2272      00
 2273              	.LASF256:
 2274 05d8 7265736F 		.ascii	"resolution\000"
 2274      6C757469 
 2274      6F6E00
 2275              	.LASF185:
 2276 05e3 45635265 		.ascii	"EcRefReg\000"
 2276      66526567 
 2276      00
 2277              	.LASF9:
 2278 05ec 6C6F6E67 		.ascii	"long long unsigned int\000"
 2278      206C6F6E 
 2278      6720756E 
 2278      7369676E 
 2278      65642069 
 2279              	.LASF180:
ARM GAS  C:\Users\alexport\AppData\Local\Temp\ccuo1AQK.s 			page 50


 2280 0603 43624272 		.ascii	"CbBridgeVolts\000"
 2280      69646765 
 2280      566F6C74 
 2280      7300
 2281              	.LASF29:
 2282 0611 4359424C 		.ascii	"CYBLE_EVT_STACK_BUSY_STATUS\000"
 2282      455F4556 
 2282      545F5354 
 2282      41434B5F 
 2282      42555359 
 2283              	.LASF67:
 2284 062d 4359424C 		.ascii	"CYBLE_EVT_GATTS_WRITE_REQ\000"
 2284      455F4556 
 2284      545F4741 
 2284      5454535F 
 2284      57524954 
 2285              	.LASF195:
 2286 0647 426C654E 		.ascii	"BleNotifyControl\000"
 2286      6F746966 
 2286      79436F6E 
 2286      74726F6C 
 2286      00
 2287              	.LASF245:
 2288 0658 43616C43 		.ascii	"CalClearingPrevious\000"
 2288      6C656172 
 2288      696E6750 
 2288      72657669 
 2288      6F757300 
 2289              	.LASF4:
 2290 066c 5F5F7569 		.ascii	"__uint16_t\000"
 2290      6E743136 
 2290      5F7400
 2291              	.LASF107:
 2292 0677 50696455 		.ascii	"PidUnderCurrent\000"
 2292      6E646572 
 2292      43757272 
 2292      656E7400 
 2293              	.LASF168:
 2294 0687 5A65726F 		.ascii	"Zero_adjust\000"
 2294      5F61646A 
 2294      75737400 
 2295              	.LASF206:
 2296 0693 426C654E 		.ascii	"BleNotifyReadingScaled\000"
 2296      6F746966 
 2296      79526561 
 2296      64696E67 
 2296      5363616C 
 2297              	.LASF62:
 2298 06aa 4359424C 		.ascii	"CYBLE_EVT_GATTC_FIND_INFO_RSP\000"
 2298      455F4556 
 2298      545F4741 
 2298      5454435F 
 2298      46494E44 
 2299              	.LASF174:
 2300 06c8 55705365 		.ascii	"UpSerialNumber\000"
 2300      7269616C 
 2300      4E756D62 
ARM GAS  C:\Users\alexport\AppData\Local\Temp\ccuo1AQK.s 			page 51


 2300      657200
 2301              	.LASF129:
 2302 06d7 5A65726F 		.ascii	"ZeroBlock\000"
 2302      426C6F63 
 2302      6B00
 2303              	.LASF229:
 2304 06e1 53656E73 		.ascii	"SensorTag\000"
 2304      6F725461 
 2304      6700
 2305              	.LASF63:
 2306 06eb 4359424C 		.ascii	"CYBLE_EVT_GATTC_FIND_BY_TYPE_VALUE_RSP\000"
 2306      455F4556 
 2306      545F4741 
 2306      5454435F 
 2306      46494E44 
 2307              	.LASF190:
 2308 0712 426C6543 		.ascii	"BleControl\000"
 2308      6F6E7472 
 2308      6F6C00
 2309              	.LASF71:
 2310 071d 4359424C 		.ascii	"CYBLE_EVT_GATTS_EXEC_WRITE_REQ\000"
 2310      455F4556 
 2310      545F4741 
 2310      5454535F 
 2310      45584543 
 2311              	.LASF177:
 2312 073c 53657269 		.ascii	"SerialNumber\000"
 2312      616C4E75 
 2312      6D626572 
 2312      00
 2313              	.LASF72:
 2314 0749 4359424C 		.ascii	"CYBLE_EVT_GATTC_EXEC_WRITE_RSP\000"
 2314      455F4556 
 2314      545F4741 
 2314      5454435F 
 2314      45584543 
 2315              	.LASF99:
 2316 0768 4359424C 		.ascii	"CYBLE_DIS_HARDWARE_REV\000"
 2316      455F4449 
 2316      535F4841 
 2316      52445741 
 2316      52455F52 
 2317              	.LASF106:
 2318 077f 50696443 		.ascii	"PidCurrent\000"
 2318      75727265 
 2318      6E7400
 2319              	.LASF226:
 2320 078a 43616E43 		.ascii	"CanChannel\000"
 2320      68616E6E 
 2320      656C00
 2321              	.LASF78:
 2322 0795 4359424C 		.ascii	"CYBLE_EVT_GATTS_READ_CHAR_VAL_ACCESS_REQ\000"
 2322      455F4556 
 2322      545F4741 
 2322      5454535F 
 2322      52454144 
 2323              	.LASF112:
ARM GAS  C:\Users\alexport\AppData\Local\Temp\ccuo1AQK.s 			page 52


 2324 07be 52656164 		.ascii	"ReadingRaw\000"
 2324      696E6752 
 2324      617700
 2325              	.LASF35:
 2326 07c9 4359424C 		.ascii	"CYBLE_EVT_GAP_AUTH_COMPLETE\000"
 2326      455F4556 
 2326      545F4741 
 2326      505F4155 
 2326      54485F43 
 2327              	.LASF228:
 2328 07e5 426C6543 		.ascii	"BleCalLoop\000"
 2328      616C4C6F 
 2328      6F7000
 2329              	.LASF140:
 2330 07f0 5370616E 		.ascii	"SpanCalApplyThreshold\000"
 2330      43616C41 
 2330      70706C79 
 2330      54687265 
 2330      73686F6C 
 2331              	.LASF86:
 2332 0806 4359424C 		.ascii	"CYBLE_EVT_L2CAP_CBFC_DISCONN_CNF\000"
 2332      455F4556 
 2332      545F4C32 
 2332      4341505F 
 2332      43424643 
 2333              	.LASF59:
 2334 0827 4359424C 		.ascii	"CYBLE_EVT_GATTC_XCHNG_MTU_RSP\000"
 2334      455F4556 
 2334      545F4741 
 2334      5454435F 
 2334      5843484E 
 2335              	.LASF263:
 2336 0845 626C6554 		.ascii	"bleTimerExpired\000"
 2336      696D6572 
 2336      45787069 
 2336      72656400 
 2337              	.LASF94:
 2338 0855 4359424C 		.ascii	"CYBLE_EVT_FLASH_CORRUPT\000"
 2338      455F4556 
 2338      545F464C 
 2338      4153485F 
 2338      434F5252 
 2339              	.LASF69:
 2340 086d 4359424C 		.ascii	"CYBLE_EVT_GATTS_WRITE_CMD_REQ\000"
 2340      455F4556 
 2340      545F4741 
 2340      5454535F 
 2340      57524954 
 2341              	.LASF139:
 2342 088b 5370616E 		.ascii	"SpanCalApplyTime\000"
 2342      43616C41 
 2342      70706C79 
 2342      54696D65 
 2342      00
 2343              	.LASF65:
 2344 089c 4359424C 		.ascii	"CYBLE_EVT_GATTC_READ_BLOB_RSP\000"
 2344      455F4556 
ARM GAS  C:\Users\alexport\AppData\Local\Temp\ccuo1AQK.s 			page 53


 2344      545F4741 
 2344      5454435F 
 2344      52454144 
 2345              	.LASF194:
 2346 08ba 426C654E 		.ascii	"BleNotifyAlertStatus\000"
 2346      6F746966 
 2346      79416C65 
 2346      72745374 
 2346      61747573 
 2347              	.LASF81:
 2348 08cf 4359424C 		.ascii	"CYBLE_EVT_L2CAP_CONN_PARAM_UPDATE_RSP\000"
 2348      455F4556 
 2348      545F4C32 
 2348      4341505F 
 2348      434F4E4E 
 2349              	.LASF252:
 2350 08f5 466C6F77 		.ascii	"FlowRate\000"
 2350      52617465 
 2350      00
 2351              	.LASF183:
 2352 08fe 43624272 		.ascii	"CbBridgeMampsToll\000"
 2352      69646765 
 2352      4D616D70 
 2352      73546F6C 
 2352      6C00
 2353              	.LASF220:
 2354 0910 5379734D 		.ascii	"SysMa4\000"
 2354      613400
 2355              	.LASF84:
 2356 0917 4359424C 		.ascii	"CYBLE_EVT_L2CAP_CBFC_CONN_CNF\000"
 2356      455F4556 
 2356      545F4C32 
 2356      4341505F 
 2356      43424643 
 2357              	.LASF102:
 2358 0935 4359424C 		.ascii	"CYBLE_DIS_SYSTEM_ID\000"
 2358      455F4449 
 2358      535F5359 
 2358      5354454D 
 2358      5F494400 
 2359              	.LASF264:
 2360 0949 73775072 		.ascii	"swPressed\000"
 2360      65737365 
 2360      6400
 2361              	.LASF146:
 2362 0953 416C6572 		.ascii	"Alert1\000"
 2362      743100
 2363              	.LASF147:
 2364 095a 416C6572 		.ascii	"Alert2\000"
 2364      743200
 2365              	.LASF248:
 2366 0961 44656D6F 		.ascii	"DemoState\000"
 2366      53746174 
 2366      6500
 2367              	.LASF162:
 2368 096b 5A74635F 		.ascii	"Ztc_curve_1\000"
 2368      63757276 
ARM GAS  C:\Users\alexport\AppData\Local\Temp\ccuo1AQK.s 			page 54


 2368      655F3100 
 2369              	.LASF163:
 2370 0977 5A74635F 		.ascii	"Ztc_curve_2\000"
 2370      63757276 
 2370      655F3200 
 2371              	.LASF28:
 2372 0983 4359424C 		.ascii	"CYBLE_EVT_HCI_STATUS\000"
 2372      455F4556 
 2372      545F4843 
 2372      495F5354 
 2372      41545553 
 2373              	.LASF153:
 2374 0998 4C696E65 		.ascii	"Linear2Value\000"
 2374      61723256 
 2374      616C7565 
 2374      00
 2375              	.LASF21:
 2376 09a5 63686172 		.ascii	"char\000"
 2376      00
 2377              	.LASF61:
 2378 09aa 4359424C 		.ascii	"CYBLE_EVT_GATTC_READ_BY_TYPE_RSP\000"
 2378      455F4556 
 2378      545F4741 
 2378      5454435F 
 2378      52454144 
 2379              	.LASF243:
 2380 09cb 43616C43 		.ascii	"CalCounts\000"
 2380      6F756E74 
 2380      7300
 2381              	.LASF114:
 2382 09d5 52656164 		.ascii	"ReadingFloat\000"
 2382      696E6746 
 2382      6C6F6174 
 2382      00
 2383              	.LASF96:
 2384 09e2 4359424C 		.ascii	"CYBLE_DIS_MANUFACTURER_NAME\000"
 2384      455F4449 
 2384      535F4D41 
 2384      4E554641 
 2384      43545552 
 2385              	.LASF142:
 2386 09fe 5370616E 		.ascii	"SpanCalStableTime\000"
 2386      43616C53 
 2386      7461626C 
 2386      6554696D 
 2386      6500
 2387              	.LASF179:
 2388 0a10 4761734E 		.ascii	"GasNote\000"
 2388      6F746500 
 2389              	.LASF25:
 2390 0a18 4359424C 		.ascii	"CYBLE_EVT_STACK_ON\000"
 2390      455F4556 
 2390      545F5354 
 2390      41434B5F 
 2390      4F4E00
 2391              	.LASF101:
 2392 0a2b 4359424C 		.ascii	"CYBLE_DIS_SOFTWARE_REV\000"
ARM GAS  C:\Users\alexport\AppData\Local\Temp\ccuo1AQK.s 			page 55


 2392      455F4449 
 2392      535F534F 
 2392      46545741 
 2392      52455F52 
 2393              	.LASF218:
 2394 0a42 53656E73 		.ascii	"SensorSnU64\000"
 2394      6F72536E 
 2394      55363400 
 2395              	.LASF182:
 2396 0a4e 43624272 		.ascii	"CbBridgeMamps\000"
 2396      69646765 
 2396      4D616D70 
 2396      7300
 2397              	.LASF80:
 2398 0a5c 4359424C 		.ascii	"CYBLE_EVT_L2CAP_CONN_PARAM_UPDATE_REQ\000"
 2398      455F4556 
 2398      545F4C32 
 2398      4341505F 
 2398      434F4E4E 
 2399              	.LASF265:
 2400 0a82 73775265 		.ascii	"swReleased\000"
 2400      6C656173 
 2400      656400
 2401              	.LASF11:
 2402 0a8d 75696E74 		.ascii	"uint8_t\000"
 2402      385F7400 
 2403              	.LASF103:
 2404 0a95 4359424C 		.ascii	"CYBLE_DIS_REG_CERT_DATA\000"
 2404      455F4449 
 2404      535F5245 
 2404      475F4345 
 2404      52545F44 
 2405              	.LASF109:
 2406 0aad 54797065 		.ascii	"Type\000"
 2406      00
 2407              	.LASF208:
 2408 0ab2 426C654E 		.ascii	"BleNotifyAdcCounts\000"
 2408      6F746966 
 2408      79416463 
 2408      436F756E 
 2408      747300
 2409              	.LASF14:
 2410 0ac5 75696E74 		.ascii	"uint16\000"
 2410      313600
 2411              	.LASF98:
 2412 0acc 4359424C 		.ascii	"CYBLE_DIS_SERIAL_NUMBER\000"
 2412      455F4449 
 2412      535F5345 
 2412      5249414C 
 2412      5F4E554D 
 2413              	.LASF257:
 2414 0ae4 736C6176 		.ascii	"slavePersent\000"
 2414      65506572 
 2414      73656E74 
 2414      00
 2415              	.LASF215:
 2416 0af1 53797353 		.ascii	"SysSerialNumberString\000"
ARM GAS  C:\Users\alexport\AppData\Local\Temp\ccuo1AQK.s 			page 56


 2416      65726961 
 2416      6C4E756D 
 2416      62657253 
 2416      7472696E 
 2417              	.LASF50:
 2418 0b07 4359424C 		.ascii	"CYBLE_EVT_GAP_SMP_NEGOTIATED_AUTH_INFO\000"
 2418      455F4556 
 2418      545F4741 
 2418      505F534D 
 2418      505F4E45 
 2419              	.LASF8:
 2420 0b2e 6C6F6E67 		.ascii	"long long int\000"
 2420      206C6F6E 
 2420      6720696E 
 2420      7400
 2421              	.LASF230:
 2422 0b3c 43616C41 		.ascii	"CalAsFound\000"
 2422      73466F75 
 2422      6E6400
 2423              	.LASF204:
 2424 0b47 426C654E 		.ascii	"BleNotifyCalClearing\000"
 2424      6F746966 
 2424      7943616C 
 2424      436C6561 
 2424      72696E67 
 2425              	.LASF145:
 2426 0b5c 5370616E 		.ascii	"SpanCalRemoveThreshold\000"
 2426      43616C52 
 2426      656D6F76 
 2426      65546872 
 2426      6573686F 
 2427              	.LASF55:
 2428 0b73 4359424C 		.ascii	"CYBLE_EVT_GATTC_ERROR_RSP\000"
 2428      455F4556 
 2428      545F4741 
 2428      5454435F 
 2428      4552524F 
 2429              	.LASF126:
 2430 0b8d 48775374 		.ascii	"HwStatus\000"
 2430      61747573 
 2430      00
 2431              	.LASF44:
 2432 0b96 4359424C 		.ascii	"CYBLE_EVT_GAP_NUMERIC_COMPARISON_REQUEST\000"
 2432      455F4556 
 2432      545F4741 
 2432      505F4E55 
 2432      4D455249 
 2433              	.LASF239:
 2434 0bbf 43616C53 		.ascii	"CalStep\000"
 2434      74657000 
 2435              	.LASF135:
 2436 0bc7 54656D70 		.ascii	"TemperatureLowFault\000"
 2436      65726174 
 2436      7572654C 
 2436      6F774661 
 2436      756C7400 
 2437              	.LASF97:
ARM GAS  C:\Users\alexport\AppData\Local\Temp\ccuo1AQK.s 			page 57


 2438 0bdb 4359424C 		.ascii	"CYBLE_DIS_MODEL_NUMBER\000"
 2438      455F4449 
 2438      535F4D4F 
 2438      44454C5F 
 2438      4E554D42 
 2439              	.LASF237:
 2440 0bf2 43616C5A 		.ascii	"CalZeroError\000"
 2440      65726F45 
 2440      72726F72 
 2440      00
 2441              	.LASF187:
 2442 0bff 4175746F 		.ascii	"AutoZeroMax\000"
 2442      5A65726F 
 2442      4D617800 
 2443              	.LASF136:
 2444 0c0b 54656D70 		.ascii	"TemperatureHighFault\000"
 2444      65726174 
 2444      75726548 
 2444      69676846 
 2444      61756C74 
 2445              	.LASF37:
 2446 0c20 4359424C 		.ascii	"CYBLE_EVT_GAPP_ADVERTISEMENT_START_STOP\000"
 2446      455F4556 
 2446      545F4741 
 2446      50505F41 
 2446      44564552 
 2447              	.LASF15:
 2448 0c48 75696E74 		.ascii	"uint32\000"
 2448      333200
 2449              	.LASF87:
 2450 0c4f 4359424C 		.ascii	"CYBLE_EVT_L2CAP_CBFC_DATA_READ\000"
 2450      455F4556 
 2450      545F4C32 
 2450      4341505F 
 2450      43424643 
 2451              	.LASF186:
 2452 0c6e 45634D6F 		.ascii	"EcModeReg\000"
 2452      64655265 
 2452      6700
 2453              	.LASF46:
 2454 0c78 4359424C 		.ascii	"CYBLE_EVT_GAP_OOB_GENERATED_NOTIFICATION\000"
 2454      455F4556 
 2454      545F4741 
 2454      505F4F4F 
 2454      425F4745 
 2455              	.LASF93:
 2456 0ca1 4359424C 		.ascii	"CYBLE_EVT_HCI_PKT\000"
 2456      455F4556 
 2456      545F4843 
 2456      495F504B 
 2456      5400
 2457              	.LASF144:
 2458 0cb3 5370616E 		.ascii	"SpanCalRemoveTime\000"
 2458      43616C52 
 2458      656D6F76 
 2458      6554696D 
 2458      6500
ARM GAS  C:\Users\alexport\AppData\Local\Temp\ccuo1AQK.s 			page 58


 2459              	.LASF79:
 2460 0cc5 4359424C 		.ascii	"CYBLE_EVT_GATTC_LONG_PROCEDURE_END\000"
 2460      455F4556 
 2460      545F4741 
 2460      5454435F 
 2460      4C4F4E47 
 2461              	.LASF165:
 2462 0ce8 5374635F 		.ascii	"Stc_curve_1\000"
 2462      63757276 
 2462      655F3100 
 2463              	.LASF166:
 2464 0cf4 5374635F 		.ascii	"Stc_curve_2\000"
 2464      63757276 
 2464      655F3200 
 2465              	.LASF167:
 2466 0d00 5374635F 		.ascii	"Stc_curve_3\000"
 2466      63757276 
 2466      655F3300 
 2467              	.LASF127:
 2468 0d0c 436F756E 		.ascii	"CountsZeroScale\000"
 2468      74735A65 
 2468      726F5363 
 2468      616C6500 
 2469              	.LASF199:
 2470 0d1c 426C654E 		.ascii	"BleNotifyCalAsFound\000"
 2470      6F746966 
 2470      7943616C 
 2470      4173466F 
 2470      756E6400 
 2471              	.LASF16:
 2472 0d30 696E7438 		.ascii	"int8\000"
 2472      00
 2473              	.LASF22:
 2474 0d35 6C6F6E67 		.ascii	"long double\000"
 2474      20646F75 
 2474      626C6500 
 2475              	.LASF12:
 2476 0d41 75696E74 		.ascii	"uint16_t\000"
 2476      31365F74 
 2476      00
 2477              	.LASF74:
 2478 0d4a 4359424C 		.ascii	"CYBLE_EVT_GATTC_HANDLE_VALUE_IND\000"
 2478      455F4556 
 2478      545F4741 
 2478      5454435F 
 2478      48414E44 
 2479              	.LASF200:
 2480 0d6b 426C654E 		.ascii	"BleNotifyCalAdjusted\000"
 2480      6F746966 
 2480      7943616C 
 2480      41646A75 
 2480      73746564 
 2481              	.LASF227:
 2482 0d80 43616E43 		.ascii	"CanControl\000"
 2482      6F6E7472 
 2482      6F6C00
 2483              	.LASF130:
ARM GAS  C:\Users\alexport\AppData\Local\Temp\ccuo1AQK.s 			page 59


 2484 0d8b 43616C4C 		.ascii	"CalLevel\000"
 2484      6576656C 
 2484      00
 2485              	.LASF125:
 2486 0d94 4D614F75 		.ascii	"MaOutput\000"
 2486      74707574 
 2486      00
 2487              	.LASF240:
 2488 0d9d 43616C53 		.ascii	"CalStepPrevious\000"
 2488      74657050 
 2488      72657669 
 2488      6F757300 
 2489              	.LASF40:
 2490 0dad 4359424C 		.ascii	"CYBLE_EVT_GAP_ENCRYPT_CHANGE\000"
 2490      455F4556 
 2490      545F4741 
 2490      505F454E 
 2490      43525950 
 2491              	.LASF122:
 2492 0dca 54656D70 		.ascii	"TemperaturePrevious\000"
 2492      65726174 
 2492      75726550 
 2492      72657669 
 2492      6F757300 
 2493              	.LASF261:
 2494 0dde 53797374 		.ascii	"System\000"
 2494      656D00
 2495              	.LASF191:
 2496 0de5 426C6543 		.ascii	"BleControlPrevious\000"
 2496      6F6E7472 
 2496      6F6C5072 
 2496      6576696F 
 2496      757300
 2497              	.LASF2:
 2498 0df8 73686F72 		.ascii	"short int\000"
 2498      7420696E 
 2498      7400
 2499              	.LASF6:
 2500 0e02 6C6F6E67 		.ascii	"long int\000"
 2500      20696E74 
 2500      00
 2501              	.LASF47:
 2502 0e0b 4359424C 		.ascii	"CYBLE_EVT_GAP_DATA_LENGTH_CHANGE\000"
 2502      455F4556 
 2502      545F4741 
 2502      505F4441 
 2502      54415F4C 
 2503              	.LASF189:
 2504 0e2c 46726163 		.ascii	"Fractional\000"
 2504      74696F6E 
 2504      616C00
 2505              	.LASF56:
 2506 0e37 4359424C 		.ascii	"CYBLE_EVT_GATT_CONNECT_IND\000"
 2506      455F4556 
 2506      545F4741 
 2506      54545F43 
 2506      4F4E4E45 
ARM GAS  C:\Users\alexport\AppData\Local\Temp\ccuo1AQK.s 			page 60


 2507              	.LASF95:
 2508 0e52 4359424C 		.ascii	"CYBLE_EVT_MAX\000"
 2508      455F4556 
 2508      545F4D41 
 2508      5800
 2509              	.LASF48:
 2510 0e60 4359424C 		.ascii	"CYBLE_EVT_GAP_ENHANCE_CONN_COMPLETE\000"
 2510      455F4556 
 2510      545F4741 
 2510      505F454E 
 2510      48414E43 
 2511              	.LASF66:
 2512 0e84 4359424C 		.ascii	"CYBLE_EVT_GATTC_READ_MULTI_RSP\000"
 2512      455F4556 
 2512      545F4741 
 2512      5454435F 
 2512      52454144 
 2513              	.LASF192:
 2514 0ea3 426C654E 		.ascii	"BleNotifyReading\000"
 2514      6F746966 
 2514      79526561 
 2514      64696E67 
 2514      00
 2515              	.LASF242:
 2516 0eb4 43616C53 		.ascii	"CalSpeedPrevious\000"
 2516      70656564 
 2516      50726576 
 2516      696F7573 
 2516      00
 2517              	.LASF172:
 2518 0ec5 56726566 		.ascii	"VrefTollerance\000"
 2518      546F6C6C 
 2518      6572616E 
 2518      636500
 2519              	.LASF85:
 2520 0ed4 4359424C 		.ascii	"CYBLE_EVT_L2CAP_CBFC_DISCONN_IND\000"
 2520      455F4556 
 2520      545F4C32 
 2520      4341505F 
 2520      43424643 
 2521              	.LASF148:
 2522 0ef5 416C6572 		.ascii	"Alert1Ascending\000"
 2522      74314173 
 2522      63656E64 
 2522      696E6700 
 2523              	.LASF24:
 2524 0f05 4359424C 		.ascii	"CYBLE_EVT_HOST_INVALID\000"
 2524      455F4556 
 2524      545F484F 
 2524      53545F49 
 2524      4E56414C 
 2525              	.LASF31:
 2526 0f1c 4359424C 		.ascii	"CYBLE_EVT_GAPC_SCAN_PROGRESS_RESULT\000"
 2526      455F4556 
 2526      545F4741 
 2526      50435F53 
 2526      43414E5F 
ARM GAS  C:\Users\alexport\AppData\Local\Temp\ccuo1AQK.s 			page 61


 2527              	.LASF49:
 2528 0f40 4359424C 		.ascii	"CYBLE_EVT_GAPC_DIRECT_ADV_REPORT\000"
 2528      455F4556 
 2528      545F4741 
 2528      50435F44 
 2528      49524543 
 2529              	.LASF100:
 2530 0f61 4359424C 		.ascii	"CYBLE_DIS_FIRMWARE_REV\000"
 2530      455F4449 
 2530      535F4649 
 2530      524D5741 
 2530      52455F52 
 2531              	.LASF151:
 2532 0f78 4C696E65 		.ascii	"Linear1Value\000"
 2532      61723156 
 2532      616C7565 
 2532      00
 2533              	.LASF60:
 2534 0f85 4359424C 		.ascii	"CYBLE_EVT_GATTC_READ_BY_GROUP_TYPE_RSP\000"
 2534      455F4556 
 2534      545F4741 
 2534      5454435F 
 2534      52454144 
 2535              	.LASF43:
 2536 0fac 4359424C 		.ascii	"CYBLE_EVT_GAP_KEYINFO_EXCHNGE_CMPLT\000"
 2536      455F4556 
 2536      545F4741 
 2536      505F4B45 
 2536      59494E46 
 2537              	.LASF134:
 2538 0fd0 54656D70 		.ascii	"TemperatureOffset\000"
 2538      65726174 
 2538      7572654F 
 2538      66667365 
 2538      7400
 2539              	.LASF3:
 2540 0fe2 5F5F7569 		.ascii	"__uint8_t\000"
 2540      6E74385F 
 2540      7400
 2541              	.LASF216:
 2542 0fec 41444645 		.ascii	"ADFESerialNumberString\000"
 2542      53657269 
 2542      616C4E75 
 2542      6D626572 
 2542      53747269 
 2543              	.LASF39:
 2544 1003 4359424C 		.ascii	"CYBLE_EVT_GAP_DEVICE_DISCONNECTED\000"
 2544      455F4556 
 2544      545F4741 
 2544      505F4445 
 2544      56494345 
 2545              	.LASF83:
 2546 1025 4359424C 		.ascii	"CYBLE_EVT_L2CAP_CBFC_CONN_IND\000"
 2546      455F4556 
 2546      545F4C32 
 2546      4341505F 
 2546      43424643 
ARM GAS  C:\Users\alexport\AppData\Local\Temp\ccuo1AQK.s 			page 62


 2547              	.LASF154:
 2548 1043 4C696E65 		.ascii	"Linear3Level\000"
 2548      6172334C 
 2548      6576656C 
 2548      00
 2549              	.LASF20:
 2550 1050 75696E74 		.ascii	"uint64\000"
 2550      363400
 2551              	.LASF176:
 2552 1057 446E5365 		.ascii	"DnSerialNumberL\000"
 2552      7269616C 
 2552      4E756D62 
 2552      65724C00 
 2553              	.LASF258:
 2554 1067 73746172 		.ascii	"startI2CRead\000"
 2554      74493243 
 2554      52656164 
 2554      00
 2555              	.LASF131:
 2556 1074 43616C4C 		.ascii	"CalLevelPrevious\000"
 2556      6576656C 
 2556      50726576 
 2556      696F7573 
 2556      00
 2557              	.LASF233:
 2558 1085 43616C41 		.ascii	"CalAdjustedPrevious\000"
 2558      646A7573 
 2558      74656450 
 2558      72657669 
 2558      6F757300 
 2559              	.LASF23:
 2560 1099 73697A65 		.ascii	"sizetype\000"
 2560      74797065 
 2560      00
 2561              	.LASF234:
 2562 10a2 43616C69 		.ascii	"CalibrationStatus\000"
 2562      62726174 
 2562      696F6E53 
 2562      74617475 
 2562      7300
 2563              	.LASF7:
 2564 10b4 6C6F6E67 		.ascii	"long unsigned int\000"
 2564      20756E73 
 2564      69676E65 
 2564      6420696E 
 2564      7400
 2565              	.LASF113:
 2566 10c6 52656164 		.ascii	"ReadingLinear\000"
 2566      696E674C 
 2566      696E6561 
 2566      7200
 2567              	.LASF213:
 2568 10d4 416C6572 		.ascii	"AlertStatusPrevious\000"
 2568      74537461 
 2568      74757350 
 2568      72657669 
 2568      6F757300 
ARM GAS  C:\Users\alexport\AppData\Local\Temp\ccuo1AQK.s 			page 63


 2569              	.LASF34:
 2570 10e8 4359424C 		.ascii	"CYBLE_EVT_GAP_PASSKEY_DISPLAY_REQUEST\000"
 2570      455F4556 
 2570      545F4741 
 2570      505F5041 
 2570      53534B45 
 2571              	.LASF241:
 2572 110e 43616C53 		.ascii	"CalSpeed\000"
 2572      70656564 
 2572      00
 2573              	.LASF90:
 2574 1117 4359424C 		.ascii	"CYBLE_EVT_L2CAP_CBFC_DATA_WRITE_IND\000"
 2574      455F4556 
 2574      545F4C32 
 2574      4341505F 
 2574      43424643 
 2575              	.LASF251:
 2576 113b 4E756D62 		.ascii	"NumberOfSensors\000"
 2576      65724F66 
 2576      53656E73 
 2576      6F727300 
 2577              	.LASF212:
 2578 114b 416C6572 		.ascii	"AlertStatus\000"
 2578      74537461 
 2578      74757300 
 2579              	.LASF118:
 2580 1157 53746174 		.ascii	"StatusPrevious\000"
 2580      75735072 
 2580      6576696F 
 2580      757300
 2581              	.LASF207:
 2582 1166 426C654E 		.ascii	"BleNotifyCalibrationStatus\000"
 2582      6F746966 
 2582      7943616C 
 2582      69627261 
 2582      74696F6E 
 2583              	.LASF36:
 2584 1181 4359424C 		.ascii	"CYBLE_EVT_GAP_AUTH_FAILED\000"
 2584      455F4556 
 2584      545F4741 
 2584      505F4155 
 2584      54485F46 
 2585              	.LASF30:
 2586 119b 4359424C 		.ascii	"CYBLE_EVT_MEMORY_REQUEST\000"
 2586      455F4556 
 2586      545F4D45 
 2586      4D4F5259 
 2586      5F524551 
 2587              	.LASF169:
 2588 11b4 5370616E 		.ascii	"Span_adjust\000"
 2588      5F61646A 
 2588      75737400 
 2589              	.LASF178:
 2590 11c0 52616E67 		.ascii	"Range\000"
 2590      6500
 2591              	.LASF45:
 2592 11c6 4359424C 		.ascii	"CYBLE_EVT_GAP_KEYPRESS_NOTIFICATION\000"
ARM GAS  C:\Users\alexport\AppData\Local\Temp\ccuo1AQK.s 			page 64


 2592      455F4556 
 2592      545F4741 
 2592      505F4B45 
 2592      59505245 
 2593              	.LASF1:
 2594 11ea 756E7369 		.ascii	"unsigned char\000"
 2594      676E6564 
 2594      20636861 
 2594      7200
 2595              	.LASF111:
 2596 11f8 52656164 		.ascii	"ReadingPrevious\000"
 2596      696E6750 
 2596      72657669 
 2596      6F757300 
 2597              	.LASF193:
 2598 1208 426C654E 		.ascii	"BleNotifyStatus\000"
 2598      6F746966 
 2598      79537461 
 2598      74757300 
 2599              	.LASF64:
 2600 1218 4359424C 		.ascii	"CYBLE_EVT_GATTC_READ_RSP\000"
 2600      455F4556 
 2600      545F4741 
 2600      5454435F 
 2600      52454144 
 2601              	.LASF26:
 2602 1231 4359424C 		.ascii	"CYBLE_EVT_TIMEOUT\000"
 2602      455F4556 
 2602      545F5449 
 2602      4D454F55 
 2602      5400
 2603              	.LASF173:
 2604 1243 5761726D 		.ascii	"WarmupTime\000"
 2604      75705469 
 2604      6D6500
 2605              	.LASF104:
 2606 124e 4359424C 		.ascii	"CYBLE_DIS_PNP_ID\000"
 2606      455F4449 
 2606      535F504E 
 2606      505F4944 
 2606      00
 2607              	.LASF119:
 2608 125f 4C696665 		.ascii	"Life\000"
 2608      00
 2609              	.LASF120:
 2610 1264 4C696665 		.ascii	"LifePrevious\000"
 2610      50726576 
 2610      696F7573 
 2610      00
 2611              	.LASF222:
 2612 1271 5379734D 		.ascii	"SysMaWarmup\000"
 2612      61576172 
 2612      6D757000 
 2613              	.LASF54:
 2614 127d 4359424C 		.ascii	"CYBLE_EVT_GAP_SMP_LOC_P256_KEYS_GEN_AND_SET_COMPLET"
 2614      455F4556 
 2614      545F4741 
ARM GAS  C:\Users\alexport\AppData\Local\Temp\ccuo1AQK.s 			page 65


 2614      505F534D 
 2614      505F4C4F 
 2615 12b0 4500     		.ascii	"E\000"
 2616              	.LASF38:
 2617 12b2 4359424C 		.ascii	"CYBLE_EVT_GAP_DEVICE_CONNECTED\000"
 2617      455F4556 
 2617      545F4741 
 2617      505F4445 
 2617      56494345 
 2618              	.LASF217:
 2619 12d1 53656E73 		.ascii	"SensorSnL64\000"
 2619      6F72536E 
 2619      4C363400 
 2620              	.LASF219:
 2621 12dd 5379734D 		.ascii	"SysMa2\000"
 2621      613200
 2622              	.LASF262:
 2623 12e4 626C6543 		.ascii	"bleConnected\000"
 2623      6F6E6E65 
 2623      63746564 
 2623      00
 2624              	.LASF250:
 2625 12f1 54657374 		.ascii	"TestStatusPrevious\000"
 2625      53746174 
 2625      75735072 
 2625      6576696F 
 2625      757300
 2626              	.LASF70:
 2627 1304 4359424C 		.ascii	"CYBLE_EVT_GATTS_PREP_WRITE_REQ\000"
 2627      455F4556 
 2627      545F4741 
 2627      5454535F 
 2627      50524550 
 2628              	.LASF181:
 2629 1323 43624272 		.ascii	"CbBridgeVoltsToll\000"
 2629      69646765 
 2629      566F6C74 
 2629      73546F6C 
 2629      6C00
 2630              	.LASF244:
 2631 1335 43616C43 		.ascii	"CalClearing\000"
 2631      6C656172 
 2631      696E6700 
 2632              	.LASF210:
 2633 1341 41646343 		.ascii	"AdcCounts\000"
 2633      6F756E74 
 2633      7300
 2634              	.LASF51:
 2635 134b 4359424C 		.ascii	"CYBLE_EVT_GAP_CONN_ESTB\000"
 2635      455F4556 
 2635      545F4741 
 2635      505F434F 
 2635      4E4E5F45 
 2636              	.LASF53:
 2637 1363 4359424C 		.ascii	"CYBLE_EVT_GAP_AUTH_REQ_REPLY_ERR\000"
 2637      455F4556 
 2637      545F4741 
ARM GAS  C:\Users\alexport\AppData\Local\Temp\ccuo1AQK.s 			page 66


 2637      505F4155 
 2637      54485F52 
 2638              	.LASF0:
 2639 1384 7369676E 		.ascii	"signed char\000"
 2639      65642063 
 2639      68617200 
 2640              	.LASF5:
 2641 1390 73686F72 		.ascii	"short unsigned int\000"
 2641      7420756E 
 2641      7369676E 
 2641      65642069 
 2641      6E7400
 2642              	.LASF274:
 2643 13a3 6D61696E 		.ascii	"main\000"
 2643      00
 2644              	.LASF214:
 2645 13a8 53797353 		.ascii	"SysSerialNumber\000"
 2645      65726961 
 2645      6C4E756D 
 2645      62657200 
 2646              	.LASF235:
 2647 13b8 43616C69 		.ascii	"CalibrationStatusPrevious\000"
 2647      62726174 
 2647      696F6E53 
 2647      74617475 
 2647      73507265 
 2648              	.LASF149:
 2649 13d2 416C6572 		.ascii	"Alert2Ascending\000"
 2649      74324173 
 2649      63656E64 
 2649      696E6700 
 2650              	.LASF13:
 2651 13e2 75696E74 		.ascii	"uint8\000"
 2651      3800
 2652              	.LASF19:
 2653 13e8 646F7562 		.ascii	"double\000"
 2653      6C6500
 2654              	.LASF247:
 2655 13ef 43616C53 		.ascii	"CalSpanErrorPrevious\000"
 2655      70616E45 
 2655      72726F72 
 2655      50726576 
 2655      696F7573 
 2656              	.LASF138:
 2657 1404 5A65726F 		.ascii	"ZeroCalTollerance\000"
 2657      43616C54 
 2657      6F6C6C65 
 2657      72616E63 
 2657      6500
 2658              	.LASF41:
 2659 1416 4359424C 		.ascii	"CYBLE_EVT_GAP_CONNECTION_UPDATE_COMPLETE\000"
 2659      455F4556 
 2659      545F4741 
 2659      505F434F 
 2659      4E4E4543 
 2660              	.LASF270:
 2661 143f 6E65774D 		.ascii	"newM\000"
ARM GAS  C:\Users\alexport\AppData\Local\Temp\ccuo1AQK.s 			page 67


 2661      00
 2662              	.LASF231:
 2663 1444 43616C41 		.ascii	"CalAsFoundPrevious\000"
 2663      73466F75 
 2663      6E645072 
 2663      6576696F 
 2663      757300
 2664              	.LASF42:
 2665 1457 4359424C 		.ascii	"CYBLE_EVT_GAPC_SCAN_START_STOP\000"
 2665      455F4556 
 2665      545F4741 
 2665      50435F53 
 2665      43414E5F 
 2666              		.ident	"GCC: (GNU Tools for ARM Embedded Processors) 5.4.1 20160609 (release) [ARM/embedded-5-bran
