ARM GAS  C:\Users\alexport\AppData\Local\Temp\cc2gMrRa.s 			page 1


   1              		.syntax unified
   2              		.cpu cortex-m0
   3              		.fpu softvfp
   4              		.eabi_attribute 20, 1
   5              		.eabi_attribute 21, 1
   6              		.eabi_attribute 23, 3
   7              		.eabi_attribute 24, 1
   8              		.eabi_attribute 25, 1
   9              		.eabi_attribute 26, 1
  10              		.eabi_attribute 30, 6
  11              		.eabi_attribute 34, 0
  12              		.eabi_attribute 18, 4
  13              		.thumb
  14              		.syntax unified
  15              		.file	"runtime.c"
  16              		.text
  17              	.Ltext0:
  18              		.cfi_sections	.debug_frame
  19              		.comm	Sensor,264,8
  20              		.comm	System,184,8
  21              		.comm	firmwareVersion,10,4
  22              		.comm	sensor,110,4
  23              		.comm	rs232RxBuffer,8,4
  24              		.global	rs232RequestReceived
  25              		.bss
  26              		.type	rs232RequestReceived, %object
  27              		.size	rs232RequestReceived, 1
  28              	rs232RequestReceived:
  29 0000 00       		.space	1
  30              		.comm	mySlaveAddr,1,1
  31              		.comm	msa,1,1
  32              		.comm	i2cPeriod,2,2
  33              		.comm	sleepPeriod,2,2
  34              		.comm	bytesIn,1,1
  35              		.comm	startI2CRead,1,1
  36              		.comm	startI2CWrite,1,1
  37              		.global	sendCommand
  38              		.type	sendCommand, %object
  39              		.size	sendCommand, 1
  40              	sendCommand:
  41 0001 00       		.space	1
  42              		.comm	deepSleep,1,1
  43              		.comm	sleepEnable,1,1
  44              		.comm	BleControl,1,1
  45              		.comm	slavePersent,2,2
  46              		.comm	sleepCnt,2,2
  47              		.comm	arr,110,4
  48              		.comm	txarr,101,4
  49              		.section	.text.Test_Increment,"ax",%progbits
  50              		.align	2
  51              		.global	Test_Increment
  52              		.code	16
  53              		.thumb_func
  54              		.type	Test_Increment, %function
  55              	Test_Increment:
  56              	.LFB35:
  57              		.file 1 "runtime.c"
ARM GAS  C:\Users\alexport\AppData\Local\Temp\cc2gMrRa.s 			page 2


   1:runtime.c     **** /* ========================================
   2:runtime.c     ****  *
   3:runtime.c     ****  * Copyright YOUR COMPANY, THE YEAR
   4:runtime.c     ****  * All Rights Reserved
   5:runtime.c     ****  * UNPUBLISHED, LICENSED SOFTWARE.
   6:runtime.c     ****  *
   7:runtime.c     ****  * CONFIDENTIAL AND PROPRIETARY INFORMATION
   8:runtime.c     ****  * WHICH IS THE PROPERTY OF your company.
   9:runtime.c     ****  *
  10:runtime.c     ****  * ========================================
  11:runtime.c     **** */
  12:runtime.c     **** 
  13:runtime.c     **** #include "runtime.h"
  14:runtime.c     **** #include "modbus.h"
  15:runtime.c     **** #include "sensor.h"
  16:runtime.c     **** #include "i2c_master.h"
  17:runtime.c     **** 
  18:runtime.c     **** //extern S_Sensor s;
  19:runtime.c     **** char firmwareVersion[10];
  20:runtime.c     **** 
  21:runtime.c     **** uint8_t sensor[DATA_LENGTH];
  22:runtime.c     **** extern uint8_t modbus_rxBuffer[MODBUS_RX_BUFFER_SIZE];
  23:runtime.c     **** extern uint8_t modbus_txBuffer[MODBUS_TX_BUFFER_SIZE];
  24:runtime.c     **** 
  25:runtime.c     **** uint8_t rs232RxBuffer[RS232_RX_BUFFER_SIZE];
  26:runtime.c     **** //uint8_t rs232TxBuffer[MODBUS_TX_BUFFER_SIZE];
  27:runtime.c     **** uint8_t rs232RequestReceived=0;
  28:runtime.c     **** 
  29:runtime.c     **** uint8_t mySlaveAddr,msa;
  30:runtime.c     **** uint16_t i2cPeriod;
  31:runtime.c     **** uint16_t sleepPeriod;
  32:runtime.c     **** 
  33:runtime.c     **** uint8_t bytesIn;;
  34:runtime.c     **** 
  35:runtime.c     **** uint8_t startI2CRead;
  36:runtime.c     **** uint8_t startI2CWrite;
  37:runtime.c     **** 
  38:runtime.c     **** uint8_t sendCommand=0;
  39:runtime.c     **** uint8_t deepSleep;
  40:runtime.c     **** uint8_t sleepEnable;
  41:runtime.c     **** 
  42:runtime.c     **** uint8_t BleControl;
  43:runtime.c     **** 
  44:runtime.c     **** uint16_t slavePersent; 
  45:runtime.c     **** uint16_t sleepCnt; 
  46:runtime.c     **** 
  47:runtime.c     **** uint8  arr[DATA_LENGTH]; // input I2C buffer
  48:runtime.c     **** S_I2C  txarr; // output I2C data structure      
  49:runtime.c     **** 
  50:runtime.c     **** void Test_Increment(uint8 reg , uint8 bytes_to_send){
  58              		.loc 1 50 0
  59              		.cfi_startproc
  60              		@ args = 0, pretend = 0, frame = 16
  61              		@ frame_needed = 1, uses_anonymous_args = 0
  62 0000 80B5     		push	{r7, lr}
  63              		.cfi_def_cfa_offset 8
  64              		.cfi_offset 7, -8
ARM GAS  C:\Users\alexport\AppData\Local\Temp\cc2gMrRa.s 			page 3


  65              		.cfi_offset 14, -4
  66 0002 84B0     		sub	sp, sp, #16
  67              		.cfi_def_cfa_offset 24
  68 0004 00AF     		add	r7, sp, #0
  69              		.cfi_def_cfa_register 7
  70 0006 0200     		movs	r2, r0
  71 0008 FB1D     		adds	r3, r7, #7
  72 000a 1A70     		strb	r2, [r3]
  73 000c BB1D     		adds	r3, r7, #6
  74 000e 0A1C     		adds	r2, r1, #0
  75 0010 1A70     		strb	r2, [r3]
  51:runtime.c     ****     txarr.reg=reg;
  76              		.loc 1 51 0
  77 0012 1B4B     		ldr	r3, .L4
  78 0014 FA1D     		adds	r2, r7, #7
  79 0016 1278     		ldrb	r2, [r2]
  80 0018 1A70     		strb	r2, [r3]
  81              	.LBB2:
  52:runtime.c     ****     for(uint8 i =0 ;i<bytes_to_send;i++ ){
  82              		.loc 1 52 0
  83 001a 0F23     		movs	r3, #15
  84 001c FB18     		adds	r3, r7, r3
  85 001e 0022     		movs	r2, #0
  86 0020 1A70     		strb	r2, [r3]
  87 0022 15E0     		b	.L2
  88              	.L3:
  53:runtime.c     ****          txarr.data[i]+=1;
  89              		.loc 1 53 0 discriminator 3
  90 0024 0F23     		movs	r3, #15
  91 0026 FB18     		adds	r3, r7, r3
  92 0028 1B78     		ldrb	r3, [r3]
  93 002a 0F22     		movs	r2, #15
  94 002c BA18     		adds	r2, r7, r2
  95 002e 1278     		ldrb	r2, [r2]
  96 0030 1349     		ldr	r1, .L4
  97 0032 8A18     		adds	r2, r1, r2
  98 0034 5278     		ldrb	r2, [r2, #1]
  99 0036 0132     		adds	r2, r2, #1
 100 0038 D1B2     		uxtb	r1, r2
 101 003a 114A     		ldr	r2, .L4
 102 003c D318     		adds	r3, r2, r3
 103 003e 0A1C     		adds	r2, r1, #0
 104 0040 5A70     		strb	r2, [r3, #1]
  52:runtime.c     ****     for(uint8 i =0 ;i<bytes_to_send;i++ ){
 105              		.loc 1 52 0 discriminator 3
 106 0042 0F23     		movs	r3, #15
 107 0044 FB18     		adds	r3, r7, r3
 108 0046 1A78     		ldrb	r2, [r3]
 109 0048 0F23     		movs	r3, #15
 110 004a FB18     		adds	r3, r7, r3
 111 004c 0132     		adds	r2, r2, #1
 112 004e 1A70     		strb	r2, [r3]
 113              	.L2:
  52:runtime.c     ****     for(uint8 i =0 ;i<bytes_to_send;i++ ){
 114              		.loc 1 52 0 is_stmt 0 discriminator 1
 115 0050 0F23     		movs	r3, #15
 116 0052 FA18     		adds	r2, r7, r3
ARM GAS  C:\Users\alexport\AppData\Local\Temp\cc2gMrRa.s 			page 4


 117 0054 BB1D     		adds	r3, r7, #6
 118 0056 1278     		ldrb	r2, [r2]
 119 0058 1B78     		ldrb	r3, [r3]
 120 005a 9A42     		cmp	r2, r3
 121 005c E2D3     		bcc	.L3
 122              	.LBE2:
  54:runtime.c     ****     }
  55:runtime.c     ****     CyDelay(1000);
 123              		.loc 1 55 0 is_stmt 1
 124 005e FA23     		movs	r3, #250
 125 0060 9B00     		lsls	r3, r3, #2
 126 0062 1800     		movs	r0, r3
 127 0064 FFF7FEFF 		bl	CyDelay
  56:runtime.c     ****     slave_WriteDataRaw(0, bytes_to_send, &txarr.reg);
 128              		.loc 1 56 0
 129 0068 BB1D     		adds	r3, r7, #6
 130 006a 1B78     		ldrb	r3, [r3]
 131 006c 9BB2     		uxth	r3, r3
 132 006e 044A     		ldr	r2, .L4
 133 0070 1900     		movs	r1, r3
 134 0072 0020     		movs	r0, #0
 135 0074 FFF7FEFF 		bl	slave_WriteDataRaw
  57:runtime.c     **** }
 136              		.loc 1 57 0
 137 0078 C046     		nop
 138 007a BD46     		mov	sp, r7
 139 007c 04B0     		add	sp, sp, #16
 140              		@ sp needed
 141 007e 80BD     		pop	{r7, pc}
 142              	.L5:
 143              		.align	2
 144              	.L4:
 145 0080 00000000 		.word	txarr
 146              		.cfi_endproc
 147              	.LFE35:
 148              		.size	Test_Increment, .-Test_Increment
 149              		.section	.rodata
 150              		.align	2
 151              	.LC7:
 152 0000 30312E30 		.ascii	"01.00.00\000"
 152      302E3030 
 152      00
 153 0009 000000   		.align	2
 154              	.LC13:
 155 000c 53412D32 		.ascii	"SA-200-\000"
 155      30302D00 
 156              		.align	2
 157              	.LC15:
 158 0014 2000     		.ascii	" \000"
 159 0016 0000     		.align	2
 160              	.LC18:
 161 0018 523100   		.ascii	"R1\000"
 162 001b 00       		.align	2
 163              	.LC10:
 164 001c 31313131 		.ascii	"11111111\000"
 164      31313131 
 164      00
ARM GAS  C:\Users\alexport\AppData\Local\Temp\cc2gMrRa.s 			page 5


 165              		.section	.text.InitSystem,"ax",%progbits
 166              		.align	2
 167              		.global	InitSystem
 168              		.code	16
 169              		.thumb_func
 170              		.type	InitSystem, %function
 171              	InitSystem:
 172              	.LFB36:
  58:runtime.c     **** 
  59:runtime.c     **** 
  60:runtime.c     **** 
  61:runtime.c     **** void InitSystem(){
 173              		.loc 1 61 0
 174              		.cfi_startproc
 175              		@ args = 0, pretend = 0, frame = 64
 176              		@ frame_needed = 1, uses_anonymous_args = 0
 177 0000 80B5     		push	{r7, lr}
 178              		.cfi_def_cfa_offset 8
 179              		.cfi_offset 7, -8
 180              		.cfi_offset 14, -4
 181 0002 90B0     		sub	sp, sp, #64
 182              		.cfi_def_cfa_offset 72
 183 0004 00AF     		add	r7, sp, #0
 184              		.cfi_def_cfa_register 7
  62:runtime.c     ****     
  63:runtime.c     ****     
  64:runtime.c     ****     mySlaveAddr = EEPROM_GetMyAddress();
 185              		.loc 1 64 0
 186 0006 FFF7FEFF 		bl	EEPROM_GetMyAddress
 187 000a 0300     		movs	r3, r0
 188 000c 1A00     		movs	r2, r3
 189 000e 554B     		ldr	r3, .L7
 190 0010 1A70     		strb	r2, [r3]
  65:runtime.c     ****     msa = mySlaveAddr;
 191              		.loc 1 65 0
 192 0012 544B     		ldr	r3, .L7
 193 0014 1A78     		ldrb	r2, [r3]
 194 0016 544B     		ldr	r3, .L7+4
 195 0018 1A70     		strb	r2, [r3]
  66:runtime.c     ****     i2cPeriod = EEPROM_GetI2CPeriod();
 196              		.loc 1 66 0
 197 001a FFF7FEFF 		bl	EEPROM_GetI2CPeriod
 198 001e 0300     		movs	r3, r0
 199 0020 1A00     		movs	r2, r3
 200 0022 524B     		ldr	r3, .L7+8
 201 0024 1A80     		strh	r2, [r3]
  67:runtime.c     ****     
  68:runtime.c     ****     
  69:runtime.c     ****     #ifdef DEEPSLEEP
  70:runtime.c     ****     sleepPeriod = EEPROM_GetSleepPeriod();    
 202              		.loc 1 70 0
 203 0026 FFF7FEFF 		bl	EEPROM_GetSleepPeriod
 204 002a 0300     		movs	r3, r0
 205 002c 1A00     		movs	r2, r3
 206 002e 504B     		ldr	r3, .L7+12
 207 0030 1A80     		strh	r2, [r3]
  71:runtime.c     ****     sleepEnable = (sleepPeriod>= MINIMAL_SLEEP_PERIOD)? 1:0;
ARM GAS  C:\Users\alexport\AppData\Local\Temp\cc2gMrRa.s 			page 6


 208              		.loc 1 71 0
 209 0032 4F4B     		ldr	r3, .L7+12
 210 0034 1B88     		ldrh	r3, [r3]
 211 0036 4F4A     		ldr	r2, .L7+16
 212 0038 9A42     		cmp	r2, r3
 213 003a 9B41     		sbcs	r3, r3, r3
 214 003c 5B42     		rsbs	r3, r3, #0
 215 003e DBB2     		uxtb	r3, r3
 216 0040 1A00     		movs	r2, r3
 217 0042 4D4B     		ldr	r3, .L7+20
 218 0044 1A70     		strb	r2, [r3]
  72:runtime.c     ****     BLETimer_Start();
 219              		.loc 1 72 0
 220 0046 FFF7FEFF 		bl	BLETimer_Start
  73:runtime.c     ****     BLETimer_Stop();
 221              		.loc 1 73 0
 222 004a FFF7FEFF 		bl	BLETimer_Stop
  74:runtime.c     ****     SetSleepPeriod(sleepPeriod);
 223              		.loc 1 74 0
 224 004e 484B     		ldr	r3, .L7+12
 225 0050 1B88     		ldrh	r3, [r3]
 226 0052 1800     		movs	r0, r3
 227 0054 FFF7FEFF 		bl	SetSleepPeriod
  75:runtime.c     ****     BLETimer_Start();
 228              		.loc 1 75 0
 229 0058 FFF7FEFF 		bl	BLETimer_Start
  76:runtime.c     ****     #endif
  77:runtime.c     ****     
  78:runtime.c     ****     sensor[DEVTYPEMSB] = 0;
 230              		.loc 1 78 0
 231 005c 474B     		ldr	r3, .L7+24
 232 005e 0022     		movs	r2, #0
 233 0060 9A70     		strb	r2, [r3, #2]
  79:runtime.c     ****     sensor[DEVTYPELSB] = 21;
 234              		.loc 1 79 0
 235 0062 464B     		ldr	r3, .L7+24
 236 0064 1522     		movs	r2, #21
 237 0066 DA70     		strb	r2, [r3, #3]
  80:runtime.c     ****     
  81:runtime.c     ****     strncpy(firmwareVersion, FIRMWARE_VISION, 10);
 238              		.loc 1 81 0
 239 0068 4549     		ldr	r1, .L7+28
 240 006a 464B     		ldr	r3, .L7+32
 241 006c 0A22     		movs	r2, #10
 242 006e 1800     		movs	r0, r3
 243 0070 FFF7FEFF 		bl	strncpy
  82:runtime.c     ****     
  83:runtime.c     ****     char SysSerialNumber[] = "11111111"; 
 244              		.loc 1 83 0
 245 0074 3023     		movs	r3, #48
 246 0076 FB18     		adds	r3, r7, r3
 247 0078 434A     		ldr	r2, .L7+36
 248 007a 03CA     		ldmia	r2!, {r0, r1}
 249 007c 03C3     		stmia	r3!, {r0, r1}
 250 007e 1278     		ldrb	r2, [r2]
 251 0080 1A70     		strb	r2, [r3]
  84:runtime.c     ****     uint32 SensorSerialNumber = 0x123456; 
ARM GAS  C:\Users\alexport\AppData\Local\Temp\cc2gMrRa.s 			page 7


 252              		.loc 1 84 0
 253 0082 424B     		ldr	r3, .L7+40
 254 0084 FB63     		str	r3, [r7, #60]
  85:runtime.c     ****     
  86:runtime.c     ****     char str[12];
  87:runtime.c     ****     memset(str , 0 , sizeof(str));
 255              		.loc 1 87 0
 256 0086 2423     		movs	r3, #36
 257 0088 FB18     		adds	r3, r7, r3
 258 008a 0C22     		movs	r2, #12
 259 008c 0021     		movs	r1, #0
 260 008e 1800     		movs	r0, r3
 261 0090 FFF7FEFF 		bl	memset
  88:runtime.c     ****     remove_trailing_spaces(str, (char*) &sensor[COMPAUND1]);
 262              		.loc 1 88 0
 263 0094 3E4A     		ldr	r2, .L7+44
 264 0096 2423     		movs	r3, #36
 265 0098 FB18     		adds	r3, r7, r3
 266 009a 1100     		movs	r1, r2
 267 009c 1800     		movs	r0, r3
 268 009e FFF7FEFF 		bl	remove_trailing_spaces
  89:runtime.c     ****     
  90:runtime.c     ****     char BleName[30];
  91:runtime.c     ****     memset(BleName, 0 , sizeof(BleName));
 269              		.loc 1 91 0
 270 00a2 3B1D     		adds	r3, r7, #4
 271 00a4 1E22     		movs	r2, #30
 272 00a6 0021     		movs	r1, #0
 273 00a8 1800     		movs	r0, r3
 274 00aa FFF7FEFF 		bl	memset
  92:runtime.c     ****     strcpy( BleName, "SA-200-" );
 275              		.loc 1 92 0
 276 00ae 3B1D     		adds	r3, r7, #4
 277 00b0 384A     		ldr	r2, .L7+48
 278 00b2 03CA     		ldmia	r2!, {r0, r1}
 279 00b4 03C3     		stmia	r3!, {r0, r1}
  93:runtime.c     ****     strncat(BleName, str,strlen(str) );
 280              		.loc 1 93 0
 281 00b6 2423     		movs	r3, #36
 282 00b8 FB18     		adds	r3, r7, r3
 283 00ba 1800     		movs	r0, r3
 284 00bc FFF7FEFF 		bl	strlen
 285 00c0 0200     		movs	r2, r0
 286 00c2 2423     		movs	r3, #36
 287 00c4 F918     		adds	r1, r7, r3
 288 00c6 3B1D     		adds	r3, r7, #4
 289 00c8 1800     		movs	r0, r3
 290 00ca FFF7FEFF 		bl	strncat
  94:runtime.c     ****     strcat(BleName, " ");
 291              		.loc 1 94 0
 292 00ce 3B1D     		adds	r3, r7, #4
 293 00d0 1800     		movs	r0, r3
 294 00d2 FFF7FEFF 		bl	strlen
 295 00d6 0300     		movs	r3, r0
 296 00d8 1A00     		movs	r2, r3
 297 00da 3B1D     		adds	r3, r7, #4
 298 00dc 9A18     		adds	r2, r3, r2
ARM GAS  C:\Users\alexport\AppData\Local\Temp\cc2gMrRa.s 			page 8


 299 00de 2E4B     		ldr	r3, .L7+52
 300 00e0 1000     		movs	r0, r2
 301 00e2 1900     		movs	r1, r3
 302 00e4 0223     		movs	r3, #2
 303 00e6 1A00     		movs	r2, r3
 304 00e8 FFF7FEFF 		bl	memcpy
  95:runtime.c     ****     strncat(BleName, (char*)&sensor[SERIALNUMBER1],6 );
 305              		.loc 1 95 0
 306 00ec 2B49     		ldr	r1, .L7+56
 307 00ee 3B1D     		adds	r3, r7, #4
 308 00f0 0622     		movs	r2, #6
 309 00f2 1800     		movs	r0, r3
 310 00f4 FFF7FEFF 		bl	strncat
  96:runtime.c     ****     
  97:runtime.c     ****     CyBle_GapSetLocalName( BleName );
 311              		.loc 1 97 0
 312 00f8 3B1D     		adds	r3, r7, #4
 313 00fa 1800     		movs	r0, r3
 314 00fc FFF7FEFF 		bl	CyBle_GapSetLocalName
  98:runtime.c     ****     //CyBle_DissSetCharacteristicValue(CYBLE_DIS_SYSTEM_ID, 8, (uint8 *)SysSerialNumber);
  99:runtime.c     ****     memset(str , 0 , sizeof(str));
 315              		.loc 1 99 0
 316 0100 2423     		movs	r3, #36
 317 0102 FB18     		adds	r3, r7, r3
 318 0104 0C22     		movs	r2, #12
 319 0106 0021     		movs	r1, #0
 320 0108 1800     		movs	r0, r3
 321 010a FFF7FEFF 		bl	memset
 100:runtime.c     ****     strncpy(&str[2], (char*)&sensor[SERIALNUMBER1],6);
 322              		.loc 1 100 0
 323 010e 2349     		ldr	r1, .L7+56
 324 0110 2423     		movs	r3, #36
 325 0112 FB18     		adds	r3, r7, r3
 326 0114 0233     		adds	r3, r3, #2
 327 0116 0622     		movs	r2, #6
 328 0118 1800     		movs	r0, r3
 329 011a FFF7FEFF 		bl	strncpy
 101:runtime.c     ****     CyBle_DissSetCharacteristicValue(CYBLE_DIS_SYSTEM_ID, 8, (uint8 *)&str);
 330              		.loc 1 101 0
 331 011e 2423     		movs	r3, #36
 332 0120 FB18     		adds	r3, r7, r3
 333 0122 1A00     		movs	r2, r3
 334 0124 0821     		movs	r1, #8
 335 0126 0620     		movs	r0, #6
 336 0128 FFF7FEFF 		bl	CyBle_DissSetCharacteristicValue
 102:runtime.c     ****     CyBle_DissSetCharacteristicValue(CYBLE_DIS_FIRMWARE_REV, 10, (uint8 *)FIRMWARE_VISION);
 337              		.loc 1 102 0
 338 012c 144B     		ldr	r3, .L7+28
 339 012e 1A00     		movs	r2, r3
 340 0130 0A21     		movs	r1, #10
 341 0132 0420     		movs	r0, #4
 342 0134 FFF7FEFF 		bl	CyBle_DissSetCharacteristicValue
 103:runtime.c     ****     CyBle_DissSetCharacteristicValue(CYBLE_DIS_SOFTWARE_REV, 10, (uint8 *)FIRMWARE_VISION);
 343              		.loc 1 103 0
 344 0138 114B     		ldr	r3, .L7+28
 345 013a 1A00     		movs	r2, r3
 346 013c 0A21     		movs	r1, #10
ARM GAS  C:\Users\alexport\AppData\Local\Temp\cc2gMrRa.s 			page 9


 347 013e 0520     		movs	r0, #5
 348 0140 FFF7FEFF 		bl	CyBle_DissSetCharacteristicValue
 104:runtime.c     ****     CyBle_DissSetCharacteristicValue(CYBLE_DIS_SERIAL_NUMBER, 12, (uint8 *)&sensor[SERIALNUMBER1]);
 349              		.loc 1 104 0
 350 0144 154B     		ldr	r3, .L7+56
 351 0146 1A00     		movs	r2, r3
 352 0148 0C21     		movs	r1, #12
 353 014a 0220     		movs	r0, #2
 354 014c FFF7FEFF 		bl	CyBle_DissSetCharacteristicValue
 105:runtime.c     ****     CyBle_DissSetCharacteristicValue(CYBLE_DIS_HARDWARE_REV, 4, (uint8 *)HARDWARE_VISION);
 355              		.loc 1 105 0
 356 0150 134B     		ldr	r3, .L7+60
 357 0152 1A00     		movs	r2, r3
 358 0154 0421     		movs	r1, #4
 359 0156 0320     		movs	r0, #3
 360 0158 FFF7FEFF 		bl	CyBle_DissSetCharacteristicValue
 106:runtime.c     ****     
 107:runtime.c     ****     
 108:runtime.c     ****     
 109:runtime.c     **** }
 361              		.loc 1 109 0
 362 015c C046     		nop
 363 015e BD46     		mov	sp, r7
 364 0160 10B0     		add	sp, sp, #64
 365              		@ sp needed
 366 0162 80BD     		pop	{r7, pc}
 367              	.L8:
 368              		.align	2
 369              	.L7:
 370 0164 00000000 		.word	mySlaveAddr
 371 0168 00000000 		.word	msa
 372 016c 00000000 		.word	i2cPeriod
 373 0170 00000000 		.word	sleepPeriod
 374 0174 CF070000 		.word	1999
 375 0178 00000000 		.word	sleepEnable
 376 017c 00000000 		.word	sensor
 377 0180 00000000 		.word	.LC7
 378 0184 00000000 		.word	firmwareVersion
 379 0188 1C000000 		.word	.LC10
 380 018c 56341200 		.word	1193046
 381 0190 32000000 		.word	sensor+50
 382 0194 0C000000 		.word	.LC13
 383 0198 14000000 		.word	.LC15
 384 019c 40000000 		.word	sensor+64
 385 01a0 18000000 		.word	.LC18
 386              		.cfi_endproc
 387              	.LFE36:
 388              		.size	InitSystem, .-InitSystem
 389              		.section	.text.EEPROM_GetMyAddress,"ax",%progbits
 390              		.align	2
 391              		.global	EEPROM_GetMyAddress
 392              		.code	16
 393              		.thumb_func
 394              		.type	EEPROM_GetMyAddress, %function
 395              	EEPROM_GetMyAddress:
 396              	.LFB37:
 110:runtime.c     **** 
ARM GAS  C:\Users\alexport\AppData\Local\Temp\cc2gMrRa.s 			page 10


 111:runtime.c     **** uint8_t EEPROM_GetMyAddress(void){
 397              		.loc 1 111 0
 398              		.cfi_startproc
 399              		@ args = 0, pretend = 0, frame = 8
 400              		@ frame_needed = 1, uses_anonymous_args = 0
 401 0000 90B5     		push	{r4, r7, lr}
 402              		.cfi_def_cfa_offset 12
 403              		.cfi_offset 4, -12
 404              		.cfi_offset 7, -8
 405              		.cfi_offset 14, -4
 406 0002 83B0     		sub	sp, sp, #12
 407              		.cfi_def_cfa_offset 24
 408 0004 00AF     		add	r7, sp, #0
 409              		.cfi_def_cfa_register 7
 112:runtime.c     ****     uint8_t myaddr;
 113:runtime.c     ****     myaddr =  i2c_Read_8(EEPROM_I2C_ADDRESS,EEPROM_MY_ADDRESS_REG );
 410              		.loc 1 113 0
 411 0006 FC1D     		adds	r4, r7, #7
 412 0008 0021     		movs	r1, #0
 413 000a 5020     		movs	r0, #80
 414 000c FFF7FEFF 		bl	i2c_Read_8
 415 0010 0300     		movs	r3, r0
 416 0012 2370     		strb	r3, [r4]
 114:runtime.c     ****     CyDelay(50);
 417              		.loc 1 114 0
 418 0014 3220     		movs	r0, #50
 419 0016 FFF7FEFF 		bl	CyDelay
 115:runtime.c     ****     if(myaddr==0xFF)
 420              		.loc 1 115 0
 421 001a FB1D     		adds	r3, r7, #7
 422 001c 1B78     		ldrb	r3, [r3]
 423 001e FF2B     		cmp	r3, #255
 424 0020 02D1     		bne	.L10
 116:runtime.c     ****         myaddr = MODBUS_MY_DEFAULT_ADDRESS;
 425              		.loc 1 116 0
 426 0022 FB1D     		adds	r3, r7, #7
 427 0024 0122     		movs	r2, #1
 428 0026 1A70     		strb	r2, [r3]
 429              	.L10:
 117:runtime.c     ****     return myaddr;
 430              		.loc 1 117 0
 431 0028 FB1D     		adds	r3, r7, #7
 432 002a 1B78     		ldrb	r3, [r3]
 118:runtime.c     **** }
 433              		.loc 1 118 0
 434 002c 1800     		movs	r0, r3
 435 002e BD46     		mov	sp, r7
 436 0030 03B0     		add	sp, sp, #12
 437              		@ sp needed
 438 0032 90BD     		pop	{r4, r7, pc}
 439              		.cfi_endproc
 440              	.LFE37:
 441              		.size	EEPROM_GetMyAddress, .-EEPROM_GetMyAddress
 442              		.section	.text.EEPROM_SetMyAddress,"ax",%progbits
 443              		.align	2
 444              		.global	EEPROM_SetMyAddress
 445              		.code	16
ARM GAS  C:\Users\alexport\AppData\Local\Temp\cc2gMrRa.s 			page 11


 446              		.thumb_func
 447              		.type	EEPROM_SetMyAddress, %function
 448              	EEPROM_SetMyAddress:
 449              	.LFB38:
 119:runtime.c     **** 
 120:runtime.c     **** void EEPROM_SetMyAddress(uint8_t addr){
 450              		.loc 1 120 0
 451              		.cfi_startproc
 452              		@ args = 0, pretend = 0, frame = 8
 453              		@ frame_needed = 1, uses_anonymous_args = 0
 454 0000 80B5     		push	{r7, lr}
 455              		.cfi_def_cfa_offset 8
 456              		.cfi_offset 7, -8
 457              		.cfi_offset 14, -4
 458 0002 82B0     		sub	sp, sp, #8
 459              		.cfi_def_cfa_offset 16
 460 0004 00AF     		add	r7, sp, #0
 461              		.cfi_def_cfa_register 7
 462 0006 0200     		movs	r2, r0
 463 0008 FB1D     		adds	r3, r7, #7
 464 000a 1A70     		strb	r2, [r3]
 121:runtime.c     ****     i2c_write_8(EEPROM_I2C_ADDRESS,EEPROM_MY_ADDRESS_REG,addr);
 465              		.loc 1 121 0
 466 000c FB1D     		adds	r3, r7, #7
 467 000e 1B78     		ldrb	r3, [r3]
 468 0010 1A00     		movs	r2, r3
 469 0012 0021     		movs	r1, #0
 470 0014 5020     		movs	r0, #80
 471 0016 FFF7FEFF 		bl	i2c_write_8
 122:runtime.c     ****     CyDelay(100);
 472              		.loc 1 122 0
 473 001a 6420     		movs	r0, #100
 474 001c FFF7FEFF 		bl	CyDelay
 123:runtime.c     **** }
 475              		.loc 1 123 0
 476 0020 C046     		nop
 477 0022 BD46     		mov	sp, r7
 478 0024 02B0     		add	sp, sp, #8
 479              		@ sp needed
 480 0026 80BD     		pop	{r7, pc}
 481              		.cfi_endproc
 482              	.LFE38:
 483              		.size	EEPROM_SetMyAddress, .-EEPROM_SetMyAddress
 484              		.section	.text.EEPROM_GetI2CPeriod,"ax",%progbits
 485              		.align	2
 486              		.global	EEPROM_GetI2CPeriod
 487              		.code	16
 488              		.thumb_func
 489              		.type	EEPROM_GetI2CPeriod, %function
 490              	EEPROM_GetI2CPeriod:
 491              	.LFB39:
 124:runtime.c     **** 
 125:runtime.c     **** uint16_t EEPROM_GetI2CPeriod(void){
 492              		.loc 1 125 0
 493              		.cfi_startproc
 494              		@ args = 0, pretend = 0, frame = 8
 495              		@ frame_needed = 1, uses_anonymous_args = 0
ARM GAS  C:\Users\alexport\AppData\Local\Temp\cc2gMrRa.s 			page 12


 496 0000 80B5     		push	{r7, lr}
 497              		.cfi_def_cfa_offset 8
 498              		.cfi_offset 7, -8
 499              		.cfi_offset 14, -4
 500 0002 82B0     		sub	sp, sp, #8
 501              		.cfi_def_cfa_offset 16
 502 0004 00AF     		add	r7, sp, #0
 503              		.cfi_def_cfa_register 7
 126:runtime.c     ****     uint16_t i2c_period;
 127:runtime.c     ****     i2c_period =  (i2c_Read_8(EEPROM_I2C_ADDRESS,EEPROM_I2C_PERIOD_MSB_REG ))<<8;
 504              		.loc 1 127 0
 505 0006 0121     		movs	r1, #1
 506 0008 5020     		movs	r0, #80
 507 000a FFF7FEFF 		bl	i2c_Read_8
 508 000e 0300     		movs	r3, r0
 509 0010 9AB2     		uxth	r2, r3
 510 0012 BB1D     		adds	r3, r7, #6
 511 0014 1202     		lsls	r2, r2, #8
 512 0016 1A80     		strh	r2, [r3]
 128:runtime.c     ****     CyDelay(50);
 513              		.loc 1 128 0
 514 0018 3220     		movs	r0, #50
 515 001a FFF7FEFF 		bl	CyDelay
 129:runtime.c     ****     i2c_period +=  i2c_Read_8(EEPROM_I2C_ADDRESS,EEPROM_I2C_PERIOD_LSB_REG );
 516              		.loc 1 129 0
 517 001e 0221     		movs	r1, #2
 518 0020 5020     		movs	r0, #80
 519 0022 FFF7FEFF 		bl	i2c_Read_8
 520 0026 0300     		movs	r3, r0
 521 0028 99B2     		uxth	r1, r3
 522 002a BB1D     		adds	r3, r7, #6
 523 002c BA1D     		adds	r2, r7, #6
 524 002e 1288     		ldrh	r2, [r2]
 525 0030 8A18     		adds	r2, r1, r2
 526 0032 1A80     		strh	r2, [r3]
 130:runtime.c     ****     CyDelay(50);
 527              		.loc 1 130 0
 528 0034 3220     		movs	r0, #50
 529 0036 FFF7FEFF 		bl	CyDelay
 131:runtime.c     ****     if((i2c_period==0xFFFF)||((i2c_period<MINIMAL_DEFAULT_I2C_PERIOD)))
 530              		.loc 1 131 0
 531 003a BB1D     		adds	r3, r7, #6
 532 003c 1B88     		ldrh	r3, [r3]
 533 003e 084A     		ldr	r2, .L17
 534 0040 9342     		cmp	r3, r2
 535 0042 03D0     		beq	.L14
 536              		.loc 1 131 0 is_stmt 0 discriminator 1
 537 0044 BB1D     		adds	r3, r7, #6
 538 0046 1B88     		ldrh	r3, [r3]
 539 0048 F92B     		cmp	r3, #249
 540 004a 02D8     		bhi	.L15
 541              	.L14:
 132:runtime.c     ****         i2c_period = MINIMAL_DEFAULT_I2C_PERIOD;
 542              		.loc 1 132 0 is_stmt 1
 543 004c BB1D     		adds	r3, r7, #6
 544 004e FA22     		movs	r2, #250
 545 0050 1A80     		strh	r2, [r3]
ARM GAS  C:\Users\alexport\AppData\Local\Temp\cc2gMrRa.s 			page 13


 546              	.L15:
 133:runtime.c     ****     return i2c_period;
 547              		.loc 1 133 0
 548 0052 BB1D     		adds	r3, r7, #6
 549 0054 1B88     		ldrh	r3, [r3]
 134:runtime.c     **** }
 550              		.loc 1 134 0
 551 0056 1800     		movs	r0, r3
 552 0058 BD46     		mov	sp, r7
 553 005a 02B0     		add	sp, sp, #8
 554              		@ sp needed
 555 005c 80BD     		pop	{r7, pc}
 556              	.L18:
 557 005e C046     		.align	2
 558              	.L17:
 559 0060 FFFF0000 		.word	65535
 560              		.cfi_endproc
 561              	.LFE39:
 562              		.size	EEPROM_GetI2CPeriod, .-EEPROM_GetI2CPeriod
 563              		.section	.text.EEPROM_SetI2CPeriod,"ax",%progbits
 564              		.align	2
 565              		.global	EEPROM_SetI2CPeriod
 566              		.code	16
 567              		.thumb_func
 568              		.type	EEPROM_SetI2CPeriod, %function
 569              	EEPROM_SetI2CPeriod:
 570              	.LFB40:
 135:runtime.c     **** 
 136:runtime.c     **** void EEPROM_SetI2CPeriod(uint16_t period){
 571              		.loc 1 136 0
 572              		.cfi_startproc
 573              		@ args = 0, pretend = 0, frame = 8
 574              		@ frame_needed = 1, uses_anonymous_args = 0
 575 0000 80B5     		push	{r7, lr}
 576              		.cfi_def_cfa_offset 8
 577              		.cfi_offset 7, -8
 578              		.cfi_offset 14, -4
 579 0002 82B0     		sub	sp, sp, #8
 580              		.cfi_def_cfa_offset 16
 581 0004 00AF     		add	r7, sp, #0
 582              		.cfi_def_cfa_register 7
 583 0006 0200     		movs	r2, r0
 584 0008 BB1D     		adds	r3, r7, #6
 585 000a 1A80     		strh	r2, [r3]
 137:runtime.c     ****     i2c_write_8(EEPROM_I2C_ADDRESS,EEPROM_I2C_PERIOD_MSB_REG,(period>>8)&0xFF);
 586              		.loc 1 137 0
 587 000c BB1D     		adds	r3, r7, #6
 588 000e 1B88     		ldrh	r3, [r3]
 589 0010 1B0A     		lsrs	r3, r3, #8
 590 0012 9BB2     		uxth	r3, r3
 591 0014 DBB2     		uxtb	r3, r3
 592 0016 1A00     		movs	r2, r3
 593 0018 0121     		movs	r1, #1
 594 001a 5020     		movs	r0, #80
 595 001c FFF7FEFF 		bl	i2c_write_8
 138:runtime.c     ****     CyDelay(100);
 596              		.loc 1 138 0
ARM GAS  C:\Users\alexport\AppData\Local\Temp\cc2gMrRa.s 			page 14


 597 0020 6420     		movs	r0, #100
 598 0022 FFF7FEFF 		bl	CyDelay
 139:runtime.c     ****     i2c_write_8(EEPROM_I2C_ADDRESS,EEPROM_I2C_PERIOD_LSB_REG, period & 0xFF );
 599              		.loc 1 139 0
 600 0026 BB1D     		adds	r3, r7, #6
 601 0028 1B88     		ldrh	r3, [r3]
 602 002a DBB2     		uxtb	r3, r3
 603 002c 1A00     		movs	r2, r3
 604 002e 0221     		movs	r1, #2
 605 0030 5020     		movs	r0, #80
 606 0032 FFF7FEFF 		bl	i2c_write_8
 140:runtime.c     ****     CyDelay(100);
 607              		.loc 1 140 0
 608 0036 6420     		movs	r0, #100
 609 0038 FFF7FEFF 		bl	CyDelay
 141:runtime.c     **** }
 610              		.loc 1 141 0
 611 003c C046     		nop
 612 003e BD46     		mov	sp, r7
 613 0040 02B0     		add	sp, sp, #8
 614              		@ sp needed
 615 0042 80BD     		pop	{r7, pc}
 616              		.cfi_endproc
 617              	.LFE40:
 618              		.size	EEPROM_SetI2CPeriod, .-EEPROM_SetI2CPeriod
 619              		.section	.text.EEPROM_GetSleepPeriod,"ax",%progbits
 620              		.align	2
 621              		.global	EEPROM_GetSleepPeriod
 622              		.code	16
 623              		.thumb_func
 624              		.type	EEPROM_GetSleepPeriod, %function
 625              	EEPROM_GetSleepPeriod:
 626              	.LFB41:
 142:runtime.c     **** 
 143:runtime.c     **** 
 144:runtime.c     **** uint16_t EEPROM_GetSleepPeriod(void){
 627              		.loc 1 144 0
 628              		.cfi_startproc
 629              		@ args = 0, pretend = 0, frame = 8
 630              		@ frame_needed = 1, uses_anonymous_args = 0
 631 0000 80B5     		push	{r7, lr}
 632              		.cfi_def_cfa_offset 8
 633              		.cfi_offset 7, -8
 634              		.cfi_offset 14, -4
 635 0002 82B0     		sub	sp, sp, #8
 636              		.cfi_def_cfa_offset 16
 637 0004 00AF     		add	r7, sp, #0
 638              		.cfi_def_cfa_register 7
 145:runtime.c     ****     uint16_t sleep_period;
 146:runtime.c     ****     sleep_period =  (i2c_Read_8(EEPROM_I2C_ADDRESS,EEPROM_SLEEP_PERIOD_MSB_REG ))<<8;
 639              		.loc 1 146 0
 640 0006 0321     		movs	r1, #3
 641 0008 5020     		movs	r0, #80
 642 000a FFF7FEFF 		bl	i2c_Read_8
 643 000e 0300     		movs	r3, r0
 644 0010 9AB2     		uxth	r2, r3
 645 0012 BB1D     		adds	r3, r7, #6
ARM GAS  C:\Users\alexport\AppData\Local\Temp\cc2gMrRa.s 			page 15


 646 0014 1202     		lsls	r2, r2, #8
 647 0016 1A80     		strh	r2, [r3]
 147:runtime.c     ****     CyDelay(50);
 648              		.loc 1 147 0
 649 0018 3220     		movs	r0, #50
 650 001a FFF7FEFF 		bl	CyDelay
 148:runtime.c     ****     sleep_period +=  i2c_Read_8(EEPROM_I2C_ADDRESS,EEPROM_SLEEP_PERIOD_LSB_REG );
 651              		.loc 1 148 0
 652 001e 0421     		movs	r1, #4
 653 0020 5020     		movs	r0, #80
 654 0022 FFF7FEFF 		bl	i2c_Read_8
 655 0026 0300     		movs	r3, r0
 656 0028 99B2     		uxth	r1, r3
 657 002a BB1D     		adds	r3, r7, #6
 658 002c BA1D     		adds	r2, r7, #6
 659 002e 1288     		ldrh	r2, [r2]
 660 0030 8A18     		adds	r2, r1, r2
 661 0032 1A80     		strh	r2, [r3]
 149:runtime.c     ****     CyDelay(50);
 662              		.loc 1 149 0
 663 0034 3220     		movs	r0, #50
 664 0036 FFF7FEFF 		bl	CyDelay
 150:runtime.c     ****     if(sleep_period==0xFFFF)
 665              		.loc 1 150 0
 666 003a BB1D     		adds	r3, r7, #6
 667 003c 1B88     		ldrh	r3, [r3]
 668 003e 064A     		ldr	r2, .L23
 669 0040 9342     		cmp	r3, r2
 670 0042 02D1     		bne	.L21
 151:runtime.c     ****         sleep_period = DEFAULT_SLEEP_PERIOD;
 671              		.loc 1 151 0
 672 0044 BB1D     		adds	r3, r7, #6
 673 0046 054A     		ldr	r2, .L23+4
 674 0048 1A80     		strh	r2, [r3]
 675              	.L21:
 152:runtime.c     ****     return sleep_period;
 676              		.loc 1 152 0
 677 004a BB1D     		adds	r3, r7, #6
 678 004c 1B88     		ldrh	r3, [r3]
 153:runtime.c     **** }
 679              		.loc 1 153 0
 680 004e 1800     		movs	r0, r3
 681 0050 BD46     		mov	sp, r7
 682 0052 02B0     		add	sp, sp, #8
 683              		@ sp needed
 684 0054 80BD     		pop	{r7, pc}
 685              	.L24:
 686 0056 C046     		.align	2
 687              	.L23:
 688 0058 FFFF0000 		.word	65535
 689 005c 204E0000 		.word	20000
 690              		.cfi_endproc
 691              	.LFE41:
 692              		.size	EEPROM_GetSleepPeriod, .-EEPROM_GetSleepPeriod
 693              		.section	.text.EEPROM_SetSleepPeriod,"ax",%progbits
 694              		.align	2
 695              		.global	EEPROM_SetSleepPeriod
ARM GAS  C:\Users\alexport\AppData\Local\Temp\cc2gMrRa.s 			page 16


 696              		.code	16
 697              		.thumb_func
 698              		.type	EEPROM_SetSleepPeriod, %function
 699              	EEPROM_SetSleepPeriod:
 700              	.LFB42:
 154:runtime.c     **** 
 155:runtime.c     **** void EEPROM_SetSleepPeriod(uint16_t period){
 701              		.loc 1 155 0
 702              		.cfi_startproc
 703              		@ args = 0, pretend = 0, frame = 8
 704              		@ frame_needed = 1, uses_anonymous_args = 0
 705 0000 80B5     		push	{r7, lr}
 706              		.cfi_def_cfa_offset 8
 707              		.cfi_offset 7, -8
 708              		.cfi_offset 14, -4
 709 0002 82B0     		sub	sp, sp, #8
 710              		.cfi_def_cfa_offset 16
 711 0004 00AF     		add	r7, sp, #0
 712              		.cfi_def_cfa_register 7
 713 0006 0200     		movs	r2, r0
 714 0008 BB1D     		adds	r3, r7, #6
 715 000a 1A80     		strh	r2, [r3]
 156:runtime.c     ****     i2c_write_8(EEPROM_I2C_ADDRESS,EEPROM_SLEEP_PERIOD_MSB_REG,(period>>8)&0xFF);
 716              		.loc 1 156 0
 717 000c BB1D     		adds	r3, r7, #6
 718 000e 1B88     		ldrh	r3, [r3]
 719 0010 1B0A     		lsrs	r3, r3, #8
 720 0012 9BB2     		uxth	r3, r3
 721 0014 DBB2     		uxtb	r3, r3
 722 0016 1A00     		movs	r2, r3
 723 0018 0321     		movs	r1, #3
 724 001a 5020     		movs	r0, #80
 725 001c FFF7FEFF 		bl	i2c_write_8
 157:runtime.c     ****     CyDelay(100);
 726              		.loc 1 157 0
 727 0020 6420     		movs	r0, #100
 728 0022 FFF7FEFF 		bl	CyDelay
 158:runtime.c     ****     i2c_write_8(EEPROM_I2C_ADDRESS,EEPROM_SLEEP_PERIOD_LSB_REG, period & 0xFF );
 729              		.loc 1 158 0
 730 0026 BB1D     		adds	r3, r7, #6
 731 0028 1B88     		ldrh	r3, [r3]
 732 002a DBB2     		uxtb	r3, r3
 733 002c 1A00     		movs	r2, r3
 734 002e 0421     		movs	r1, #4
 735 0030 5020     		movs	r0, #80
 736 0032 FFF7FEFF 		bl	i2c_write_8
 159:runtime.c     ****     CyDelay(100);
 737              		.loc 1 159 0
 738 0036 6420     		movs	r0, #100
 739 0038 FFF7FEFF 		bl	CyDelay
 160:runtime.c     ****     
 161:runtime.c     **** }
 740              		.loc 1 161 0
 741 003c C046     		nop
 742 003e BD46     		mov	sp, r7
 743 0040 02B0     		add	sp, sp, #8
 744              		@ sp needed
ARM GAS  C:\Users\alexport\AppData\Local\Temp\cc2gMrRa.s 			page 17


 745 0042 80BD     		pop	{r7, pc}
 746              		.cfi_endproc
 747              	.LFE42:
 748              		.size	EEPROM_SetSleepPeriod, .-EEPROM_SetSleepPeriod
 749              		.section	.text.LoadSensorInfo,"ax",%progbits
 750              		.align	2
 751              		.global	LoadSensorInfo
 752              		.code	16
 753              		.thumb_func
 754              		.type	LoadSensorInfo, %function
 755              	LoadSensorInfo:
 756              	.LFB43:
 162:runtime.c     **** 
 163:runtime.c     **** int32_t LoadSensorInfo(void){
 757              		.loc 1 163 0
 758              		.cfi_startproc
 759              		@ args = 0, pretend = 0, frame = 8
 760              		@ frame_needed = 1, uses_anonymous_args = 0
 761 0000 80B5     		push	{r7, lr}
 762              		.cfi_def_cfa_offset 8
 763              		.cfi_offset 7, -8
 764              		.cfi_offset 14, -4
 765 0002 82B0     		sub	sp, sp, #8
 766              		.cfi_def_cfa_offset 16
 767 0004 00AF     		add	r7, sp, #0
 768              		.cfi_def_cfa_register 7
 164:runtime.c     ****     uint32_t status;
 165:runtime.c     ****     status = i2c_status(I2C_SLAVE_ADDR);
 769              		.loc 1 165 0
 770 0006 6120     		movs	r0, #97
 771 0008 FFF7FEFF 		bl	i2c_status
 772 000c 0300     		movs	r3, r0
 773 000e 7B60     		str	r3, [r7, #4]
 166:runtime.c     ****     //memset(sensor, 0 , sizeof(sensor));    
 167:runtime.c     ****     if(status !=I2C_I2C_MSTR_NO_ERROR)
 774              		.loc 1 167 0
 775 0010 7B68     		ldr	r3, [r7, #4]
 776 0012 002B     		cmp	r3, #0
 777 0014 03D0     		beq	.L27
 168:runtime.c     ****         sensor[STATUSLSB]=POLL_SENSOR_STATUS_ABSENT; 
 778              		.loc 1 168 0
 779 0016 094B     		ldr	r3, .L30
 780 0018 0822     		movs	r2, #8
 781 001a 5A72     		strb	r2, [r3, #9]
 782 001c 08E0     		b	.L28
 783              	.L27:
 169:runtime.c     ****     else{
 170:runtime.c     ****         sensor[STATUSLSB]=POLL_SENSOR_STATUS_OK;
 784              		.loc 1 170 0
 785 001e 074B     		ldr	r3, .L30
 786 0020 0022     		movs	r2, #0
 787 0022 5A72     		strb	r2, [r3, #9]
 171:runtime.c     ****         // Here we get all sensor data
 172:runtime.c     ****         slave_ReadDataRaw(0, (DATA_LENGTH) ,&sensor[SYSREADING1] );
 788              		.loc 1 172 0
 789 0024 064B     		ldr	r3, .L30+4
 790 0026 1A00     		movs	r2, r3
ARM GAS  C:\Users\alexport\AppData\Local\Temp\cc2gMrRa.s 			page 18


 791 0028 6E21     		movs	r1, #110
 792 002a 0020     		movs	r0, #0
 793 002c FFF7FEFF 		bl	slave_ReadDataRaw
 794              	.L28:
 173:runtime.c     ****     }
 174:runtime.c     ****     
 175:runtime.c     ****     
 176:runtime.c     ****       
 177:runtime.c     ****     
 178:runtime.c     ****     return status;
 795              		.loc 1 178 0
 796 0030 7B68     		ldr	r3, [r7, #4]
 179:runtime.c     **** }
 797              		.loc 1 179 0
 798 0032 1800     		movs	r0, r3
 799 0034 BD46     		mov	sp, r7
 800 0036 02B0     		add	sp, sp, #8
 801              		@ sp needed
 802 0038 80BD     		pop	{r7, pc}
 803              	.L31:
 804 003a C046     		.align	2
 805              	.L30:
 806 003c 00000000 		.word	sensor
 807 0040 04000000 		.word	sensor+4
 808              		.cfi_endproc
 809              	.LFE43:
 810              		.size	LoadSensorInfo, .-LoadSensorInfo
 811              		.section	.text.runtime_PollSensor,"ax",%progbits
 812              		.align	2
 813              		.global	runtime_PollSensor
 814              		.code	16
 815              		.thumb_func
 816              		.type	runtime_PollSensor, %function
 817              	runtime_PollSensor:
 818              	.LFB44:
 180:runtime.c     **** 
 181:runtime.c     **** 
 182:runtime.c     **** void runtime_PollSensor(void){
 819              		.loc 1 182 0
 820              		.cfi_startproc
 821              		@ args = 0, pretend = 0, frame = 0
 822              		@ frame_needed = 1, uses_anonymous_args = 0
 823 0000 80B5     		push	{r7, lr}
 824              		.cfi_def_cfa_offset 8
 825              		.cfi_offset 7, -8
 826              		.cfi_offset 14, -4
 827 0002 00AF     		add	r7, sp, #0
 828              		.cfi_def_cfa_register 7
 183:runtime.c     ****     
 184:runtime.c     ****     //uint8 data = i2c_Read_8( I2C_SLAVE_ADDR,  I2C_SYS_READING_OFFSET );
 185:runtime.c     ****     slave_ReadDataRaw(0, 20 ,&sensor[SYSREADING1] );
 829              		.loc 1 185 0
 830 0004 044B     		ldr	r3, .L34
 831 0006 1A00     		movs	r2, r3
 832 0008 1421     		movs	r1, #20
 833 000a 0020     		movs	r0, #0
 834 000c FFF7FEFF 		bl	slave_ReadDataRaw
ARM GAS  C:\Users\alexport\AppData\Local\Temp\cc2gMrRa.s 			page 19


 186:runtime.c     ****     return;    
 835              		.loc 1 186 0
 836 0010 C046     		nop
 187:runtime.c     **** }
 837              		.loc 1 187 0
 838 0012 BD46     		mov	sp, r7
 839              		@ sp needed
 840 0014 80BD     		pop	{r7, pc}
 841              	.L35:
 842 0016 C046     		.align	2
 843              	.L34:
 844 0018 04000000 		.word	sensor+4
 845              		.cfi_endproc
 846              	.LFE44:
 847              		.size	runtime_PollSensor, .-runtime_PollSensor
 848              		.section	.text.runtime_CtrlSensor,"ax",%progbits
 849              		.align	2
 850              		.global	runtime_CtrlSensor
 851              		.code	16
 852              		.thumb_func
 853              		.type	runtime_CtrlSensor, %function
 854              	runtime_CtrlSensor:
 855              	.LFB45:
 188:runtime.c     **** 
 189:runtime.c     **** void runtime_CtrlSensor(uint8_t reg, uint16 data){
 856              		.loc 1 189 0
 857              		.cfi_startproc
 858              		@ args = 0, pretend = 0, frame = 8
 859              		@ frame_needed = 1, uses_anonymous_args = 0
 860 0000 80B5     		push	{r7, lr}
 861              		.cfi_def_cfa_offset 8
 862              		.cfi_offset 7, -8
 863              		.cfi_offset 14, -4
 864 0002 82B0     		sub	sp, sp, #8
 865              		.cfi_def_cfa_offset 16
 866 0004 00AF     		add	r7, sp, #0
 867              		.cfi_def_cfa_register 7
 868 0006 0200     		movs	r2, r0
 869 0008 FB1D     		adds	r3, r7, #7
 870 000a 1A70     		strb	r2, [r3]
 871 000c 3B1D     		adds	r3, r7, #4
 872 000e 0A1C     		adds	r2, r1, #0
 873 0010 1A80     		strh	r2, [r3]
 190:runtime.c     ****     //slave_WriteDataRaw(I2C_SLAVE_ADDR, reg , data);
 191:runtime.c     ****     i2c_write_16(I2C_SLAVE_ADDR ,reg ,  data);
 874              		.loc 1 191 0
 875 0012 3B1D     		adds	r3, r7, #4
 876 0014 1A88     		ldrh	r2, [r3]
 877 0016 FB1D     		adds	r3, r7, #7
 878 0018 1B78     		ldrb	r3, [r3]
 879 001a 1900     		movs	r1, r3
 880 001c 6120     		movs	r0, #97
 881 001e FFF7FEFF 		bl	i2c_write_16
 192:runtime.c     ****     return;
 882              		.loc 1 192 0
 883 0022 C046     		nop
 193:runtime.c     **** }
ARM GAS  C:\Users\alexport\AppData\Local\Temp\cc2gMrRa.s 			page 20


 884              		.loc 1 193 0
 885 0024 BD46     		mov	sp, r7
 886 0026 02B0     		add	sp, sp, #8
 887              		@ sp needed
 888 0028 80BD     		pop	{r7, pc}
 889              		.cfi_endproc
 890              	.LFE45:
 891              		.size	runtime_CtrlSensor, .-runtime_CtrlSensor
 892 002a C046     		.section	.text.runtime_ProcessRequest,"ax",%progbits
 893              		.align	2
 894              		.global	runtime_ProcessRequest
 895              		.code	16
 896              		.thumb_func
 897              		.type	runtime_ProcessRequest, %function
 898              	runtime_ProcessRequest:
 899              	.LFB46:
 194:runtime.c     **** 
 195:runtime.c     **** 
 196:runtime.c     **** void runtime_ProcessRequest(void){
 900              		.loc 1 196 0
 901              		.cfi_startproc
 902              		@ args = 0, pretend = 0, frame = 16
 903              		@ frame_needed = 1, uses_anonymous_args = 0
 904 0000 90B5     		push	{r4, r7, lr}
 905              		.cfi_def_cfa_offset 12
 906              		.cfi_offset 4, -12
 907              		.cfi_offset 7, -8
 908              		.cfi_offset 14, -4
 909 0002 85B0     		sub	sp, sp, #20
 910              		.cfi_def_cfa_offset 32
 911 0004 00AF     		add	r7, sp, #0
 912              		.cfi_def_cfa_register 7
 197:runtime.c     ****     uint16_t regsToSend;
 198:runtime.c     ****     uint16_t  startRegister;
 199:runtime.c     ****     uint8_t  modbusCommand;
 200:runtime.c     ****     uint16_t data;
 201:runtime.c     ****     
 202:runtime.c     ****     // Is this my packet?
 203:runtime.c     ****     if( (mySlaveAddr != modbus_rxBuffer[0]) && (modbus_rxBuffer[0]!= MODBUS_BROADCAST_ADDRESS) ) { 
 913              		.loc 1 203 0
 914 0006 E44B     		ldr	r3, .L78
 915 0008 1A78     		ldrb	r2, [r3]
 916 000a E44B     		ldr	r3, .L78+4
 917 000c 1B78     		ldrb	r3, [r3]
 918 000e 9A42     		cmp	r2, r3
 919 0010 04D0     		beq	.L39
 920              		.loc 1 203 0 is_stmt 0 discriminator 1
 921 0012 E14B     		ldr	r3, .L78
 922 0014 1B78     		ldrb	r3, [r3]
 923 0016 FE2B     		cmp	r3, #254
 924 0018 00D0     		beq	.LCB717
 925 001a 9DE2     		b	.L66	@long jump
 926              	.LCB717:
 927              	.L39:
 204:runtime.c     ****         return;
 205:runtime.c     ****     }    
 206:runtime.c     ****     
ARM GAS  C:\Users\alexport\AppData\Local\Temp\cc2gMrRa.s 			page 21


 207:runtime.c     ****     uint16 crc;
 208:runtime.c     ****     uint16 recvdcrc = (modbus_rxBuffer[6]<<8)+modbus_rxBuffer[7];
 928              		.loc 1 208 0 is_stmt 1
 929 001c DE4B     		ldr	r3, .L78
 930 001e 9B79     		ldrb	r3, [r3, #6]
 931 0020 9BB2     		uxth	r3, r3
 932 0022 1B02     		lsls	r3, r3, #8
 933 0024 99B2     		uxth	r1, r3
 934 0026 DC4B     		ldr	r3, .L78
 935 0028 DB79     		ldrb	r3, [r3, #7]
 936 002a 9AB2     		uxth	r2, r3
 937 002c 0823     		movs	r3, #8
 938 002e FB18     		adds	r3, r7, r3
 939 0030 8A18     		adds	r2, r1, r2
 940 0032 1A80     		strh	r2, [r3]
 209:runtime.c     ****     crc = (uint16) modbus_GenerateCRC(modbus_rxBuffer,8);
 941              		.loc 1 209 0
 942 0034 BC1D     		adds	r4, r7, #6
 943 0036 D84B     		ldr	r3, .L78
 944 0038 0821     		movs	r1, #8
 945 003a 1800     		movs	r0, r3
 946 003c FFF7FEFF 		bl	modbus_GenerateCRC
 947 0040 0300     		movs	r3, r0
 948 0042 2380     		strh	r3, [r4]
 210:runtime.c     ****     if(crc!=recvdcrc) return;
 949              		.loc 1 210 0
 950 0044 BA1D     		adds	r2, r7, #6
 951 0046 0823     		movs	r3, #8
 952 0048 FB18     		adds	r3, r7, r3
 953 004a 1288     		ldrh	r2, [r2]
 954 004c 1B88     		ldrh	r3, [r3]
 955 004e 9A42     		cmp	r2, r3
 956 0050 00D0     		beq	.LCB744
 957 0052 83E2     		b	.L67	@long jump
 958              	.LCB744:
 211:runtime.c     ****     
 212:runtime.c     ****     
 213:runtime.c     ****     modbusCommand = modbus_rxBuffer[1];
 959              		.loc 1 213 0
 960 0054 7B1D     		adds	r3, r7, #5
 961 0056 D04A     		ldr	r2, .L78
 962 0058 5278     		ldrb	r2, [r2, #1]
 963 005a 1A70     		strb	r2, [r3]
 214:runtime.c     ****     
 215:runtime.c     ****     // Broadcast request for My Slave Address
 216:runtime.c     ****     if(modbus_rxBuffer[0]==MODBUS_BROADCAST_ADDRESS){
 964              		.loc 1 216 0
 965 005c CE4B     		ldr	r3, .L78
 966 005e 1B78     		ldrb	r3, [r3]
 967 0060 FE2B     		cmp	r3, #254
 968 0062 1CD1     		bne	.L42
 217:runtime.c     ****         if ( MODBUS_READ_CMD == modbusCommand){
 969              		.loc 1 217 0
 970 0064 7B1D     		adds	r3, r7, #5
 971 0066 1B78     		ldrb	r3, [r3]
 972 0068 032B     		cmp	r3, #3
 973 006a 00D0     		beq	.LCB756
ARM GAS  C:\Users\alexport\AppData\Local\Temp\cc2gMrRa.s 			page 22


 974 006c 78E2     		b	.L68	@long jump
 975              	.LCB756:
 218:runtime.c     ****             startRegister = modbus_rxBuffer[3];
 976              		.loc 1 218 0
 977 006e CA4B     		ldr	r3, .L78
 978 0070 DA78     		ldrb	r2, [r3, #3]
 979 0072 BB1C     		adds	r3, r7, #2
 980 0074 1A80     		strh	r2, [r3]
 219:runtime.c     ****             regsToSend = modbus_rxBuffer[5];
 981              		.loc 1 219 0
 982 0076 C84B     		ldr	r3, .L78
 983 0078 5A79     		ldrb	r2, [r3, #5]
 984 007a 3B00     		movs	r3, r7
 985 007c 1A80     		strh	r2, [r3]
 220:runtime.c     ****             modbus_txBuffer[3] = 0;
 986              		.loc 1 220 0
 987 007e C84B     		ldr	r3, .L78+8
 988 0080 0022     		movs	r2, #0
 989 0082 DA70     		strb	r2, [r3, #3]
 221:runtime.c     ****             modbus_txBuffer[4] = mySlaveAddr;
 990              		.loc 1 221 0
 991 0084 C54B     		ldr	r3, .L78+4
 992 0086 1A78     		ldrb	r2, [r3]
 993 0088 C54B     		ldr	r3, .L78+8
 994 008a 1A71     		strb	r2, [r3, #4]
 222:runtime.c     ****             modbusSendBulk(MODBUS_BROADCAST_ADDRESS , modbusCommand , regsToSend);     
 995              		.loc 1 222 0
 996 008c 3B00     		movs	r3, r7
 997 008e 1A88     		ldrh	r2, [r3]
 998 0090 7B1D     		adds	r3, r7, #5
 999 0092 1B78     		ldrb	r3, [r3]
 1000 0094 1900     		movs	r1, r3
 1001 0096 FE20     		movs	r0, #254
 1002 0098 FFF7FEFF 		bl	modbusSendBulk
 223:runtime.c     ****         }
 224:runtime.c     ****         return;
 1003              		.loc 1 224 0
 1004 009c 60E2     		b	.L68
 1005              	.L42:
 225:runtime.c     ****     }
 226:runtime.c     ****     
 227:runtime.c     ****     
 228:runtime.c     ****     
 229:runtime.c     ****     
 230:runtime.c     ****     if ( MODBUS_READ_CMD == modbusCommand){
 1006              		.loc 1 230 0
 1007 009e 7B1D     		adds	r3, r7, #5
 1008 00a0 1B78     		ldrb	r3, [r3]
 1009 00a2 032B     		cmp	r3, #3
 1010 00a4 00D0     		beq	.LCB786
 1011 00a6 BFE1     		b	.L44	@long jump
 1012              	.LCB786:
 1013              	.LBB3:
 231:runtime.c     ****         // Send Read Response to Modbus Master
 232:runtime.c     ****         startRegister = modbus_rxBuffer[3];
 1014              		.loc 1 232 0
 1015 00a8 BB4B     		ldr	r3, .L78
ARM GAS  C:\Users\alexport\AppData\Local\Temp\cc2gMrRa.s 			page 23


 1016 00aa DA78     		ldrb	r2, [r3, #3]
 1017 00ac BB1C     		adds	r3, r7, #2
 1018 00ae 1A80     		strh	r2, [r3]
 233:runtime.c     ****         regsToSend = modbus_rxBuffer[5];
 1019              		.loc 1 233 0
 1020 00b0 B94B     		ldr	r3, .L78
 1021 00b2 5A79     		ldrb	r2, [r3, #5]
 1022 00b4 3B00     		movs	r3, r7
 1023 00b6 1A80     		strh	r2, [r3]
 234:runtime.c     ****         uint8_t idx=3;
 1024              		.loc 1 234 0
 1025 00b8 0D23     		movs	r3, #13
 1026 00ba FB18     		adds	r3, r7, r3
 1027 00bc 0322     		movs	r2, #3
 1028 00be 1A70     		strb	r2, [r3]
 235:runtime.c     ****         uint8_t byteCount = regsToSend;
 1029              		.loc 1 235 0
 1030 00c0 0C23     		movs	r3, #12
 1031 00c2 FB18     		adds	r3, r7, r3
 1032 00c4 3A00     		movs	r2, r7
 1033 00c6 1288     		ldrh	r2, [r2]
 1034 00c8 1A70     		strb	r2, [r3]
 236:runtime.c     ****         if(startRegister>=MODBUS_ADDRESS_REG){
 1035              		.loc 1 236 0
 1036 00ca BB1C     		adds	r3, r7, #2
 1037 00cc 1B88     		ldrh	r3, [r3]
 1038 00ce 632B     		cmp	r3, #99
 1039 00d0 00D8     		bhi	.LCB808
 1040 00d2 7CE1     		b	.L45	@long jump
 1041              	.LCB808:
 237:runtime.c     ****             switch(startRegister){
 1042              		.loc 1 237 0
 1043 00d4 BB1C     		adds	r3, r7, #2
 1044 00d6 1B88     		ldrh	r3, [r3]
 1045 00d8 643B     		subs	r3, r3, #100
 1046 00da 082B     		cmp	r3, #8
 1047 00dc 00D9     		bls	.LCB813
 1048 00de 6CE1     		b	.L46	@long jump
 1049              	.LCB813:
 1050 00e0 9A00     		lsls	r2, r3, #2
 1051 00e2 B04B     		ldr	r3, .L78+12
 1052 00e4 D318     		adds	r3, r2, r3
 1053 00e6 1B68     		ldr	r3, [r3]
 1054 00e8 9F46     		mov	pc, r3
 1055              		.section	.rodata
 1056 0025 000000   		.align	2
 1057              	.L48:
 1058 0028 EA000000 		.word	.L47
 1059 002c 32010000 		.word	.L49
 1060 0030 84010000 		.word	.L50
 1061 0034 D6010000 		.word	.L51
 1062 0038 28020000 		.word	.L52
 1063 003c 72020000 		.word	.L53
 1064 0040 BA020000 		.word	.L54
 1065 0044 02030000 		.word	.L55
 1066 0048 4A030000 		.word	.L56
 1067              		.section	.text.runtime_ProcessRequest
ARM GAS  C:\Users\alexport\AppData\Local\Temp\cc2gMrRa.s 			page 24


 1068              	.L47:
 238:runtime.c     ****                 case MODBUS_ADDRESS_REG:
 239:runtime.c     ****                     modbus_txBuffer[idx++] = 0 ;
 1069              		.loc 1 239 0
 1070 00ea 0D23     		movs	r3, #13
 1071 00ec FB18     		adds	r3, r7, r3
 1072 00ee 1B78     		ldrb	r3, [r3]
 1073 00f0 0D22     		movs	r2, #13
 1074 00f2 BA18     		adds	r2, r7, r2
 1075 00f4 591C     		adds	r1, r3, #1
 1076 00f6 1170     		strb	r1, [r2]
 1077 00f8 1A00     		movs	r2, r3
 1078 00fa A94B     		ldr	r3, .L78+8
 1079 00fc 0021     		movs	r1, #0
 1080 00fe 9954     		strb	r1, [r3, r2]
 240:runtime.c     ****                     modbus_txBuffer[idx++] = mySlaveAddr ;
 1081              		.loc 1 240 0
 1082 0100 0D23     		movs	r3, #13
 1083 0102 FB18     		adds	r3, r7, r3
 1084 0104 1B78     		ldrb	r3, [r3]
 1085 0106 0D22     		movs	r2, #13
 1086 0108 BA18     		adds	r2, r7, r2
 1087 010a 591C     		adds	r1, r3, #1
 1088 010c 1170     		strb	r1, [r2]
 1089 010e 1A00     		movs	r2, r3
 1090 0110 A24B     		ldr	r3, .L78+4
 1091 0112 1978     		ldrb	r1, [r3]
 1092 0114 A24B     		ldr	r3, .L78+8
 1093 0116 9954     		strb	r1, [r3, r2]
 241:runtime.c     ****                     if((--byteCount)==0) break;
 1094              		.loc 1 241 0
 1095 0118 0C23     		movs	r3, #12
 1096 011a FB18     		adds	r3, r7, r3
 1097 011c 0C22     		movs	r2, #12
 1098 011e BA18     		adds	r2, r7, r2
 1099 0120 1278     		ldrb	r2, [r2]
 1100 0122 013A     		subs	r2, r2, #1
 1101 0124 1A70     		strb	r2, [r3]
 1102 0126 0C23     		movs	r3, #12
 1103 0128 FB18     		adds	r3, r7, r3
 1104 012a 1B78     		ldrb	r3, [r3]
 1105 012c 002B     		cmp	r3, #0
 1106 012e 00D1     		bne	.LCB859
 1107 0130 24E1     		b	.L69	@long jump
 1108              	.LCB859:
 1109              	.L49:
 242:runtime.c     ****                     
 243:runtime.c     ****                 case MODBUS_I2C_PERIOD_REG:
 244:runtime.c     ****                     modbus_txBuffer[idx++] = (i2cPeriod>>8)&0xFF;
 1110              		.loc 1 244 0
 1111 0132 0D23     		movs	r3, #13
 1112 0134 FB18     		adds	r3, r7, r3
 1113 0136 1B78     		ldrb	r3, [r3]
 1114 0138 0D22     		movs	r2, #13
 1115 013a BA18     		adds	r2, r7, r2
 1116 013c 591C     		adds	r1, r3, #1
 1117 013e 1170     		strb	r1, [r2]
ARM GAS  C:\Users\alexport\AppData\Local\Temp\cc2gMrRa.s 			page 25


 1118 0140 1A00     		movs	r2, r3
 1119 0142 994B     		ldr	r3, .L78+16
 1120 0144 1B88     		ldrh	r3, [r3]
 1121 0146 1B0A     		lsrs	r3, r3, #8
 1122 0148 9BB2     		uxth	r3, r3
 1123 014a D9B2     		uxtb	r1, r3
 1124 014c 944B     		ldr	r3, .L78+8
 1125 014e 9954     		strb	r1, [r3, r2]
 245:runtime.c     ****                     modbus_txBuffer[idx++] = i2cPeriod&0xFF;
 1126              		.loc 1 245 0
 1127 0150 0D23     		movs	r3, #13
 1128 0152 FB18     		adds	r3, r7, r3
 1129 0154 1B78     		ldrb	r3, [r3]
 1130 0156 0D22     		movs	r2, #13
 1131 0158 BA18     		adds	r2, r7, r2
 1132 015a 591C     		adds	r1, r3, #1
 1133 015c 1170     		strb	r1, [r2]
 1134 015e 1A00     		movs	r2, r3
 1135 0160 914B     		ldr	r3, .L78+16
 1136 0162 1B88     		ldrh	r3, [r3]
 1137 0164 D9B2     		uxtb	r1, r3
 1138 0166 8E4B     		ldr	r3, .L78+8
 1139 0168 9954     		strb	r1, [r3, r2]
 246:runtime.c     ****                     if((--byteCount)==0) break;
 1140              		.loc 1 246 0
 1141 016a 0C23     		movs	r3, #12
 1142 016c FB18     		adds	r3, r7, r3
 1143 016e 0C22     		movs	r2, #12
 1144 0170 BA18     		adds	r2, r7, r2
 1145 0172 1278     		ldrb	r2, [r2]
 1146 0174 013A     		subs	r2, r2, #1
 1147 0176 1A70     		strb	r2, [r3]
 1148 0178 0C23     		movs	r3, #12
 1149 017a FB18     		adds	r3, r7, r3
 1150 017c 1B78     		ldrb	r3, [r3]
 1151 017e 002B     		cmp	r3, #0
 1152 0180 00D1     		bne	.LCB900
 1153 0182 FDE0     		b	.L70	@long jump
 1154              	.LCB900:
 1155              	.L50:
 247:runtime.c     ****                 case MODBUS_SLEEP_PERIOD_REG:
 248:runtime.c     ****                     modbus_txBuffer[idx++] = (sleepPeriod>>8)&0xFF;
 1156              		.loc 1 248 0
 1157 0184 0D23     		movs	r3, #13
 1158 0186 FB18     		adds	r3, r7, r3
 1159 0188 1B78     		ldrb	r3, [r3]
 1160 018a 0D22     		movs	r2, #13
 1161 018c BA18     		adds	r2, r7, r2
 1162 018e 591C     		adds	r1, r3, #1
 1163 0190 1170     		strb	r1, [r2]
 1164 0192 1A00     		movs	r2, r3
 1165 0194 854B     		ldr	r3, .L78+20
 1166 0196 1B88     		ldrh	r3, [r3]
 1167 0198 1B0A     		lsrs	r3, r3, #8
 1168 019a 9BB2     		uxth	r3, r3
 1169 019c D9B2     		uxtb	r1, r3
 1170 019e 804B     		ldr	r3, .L78+8
ARM GAS  C:\Users\alexport\AppData\Local\Temp\cc2gMrRa.s 			page 26


 1171 01a0 9954     		strb	r1, [r3, r2]
 249:runtime.c     ****                     modbus_txBuffer[idx++] = sleepPeriod&0xFF;
 1172              		.loc 1 249 0
 1173 01a2 0D23     		movs	r3, #13
 1174 01a4 FB18     		adds	r3, r7, r3
 1175 01a6 1B78     		ldrb	r3, [r3]
 1176 01a8 0D22     		movs	r2, #13
 1177 01aa BA18     		adds	r2, r7, r2
 1178 01ac 591C     		adds	r1, r3, #1
 1179 01ae 1170     		strb	r1, [r2]
 1180 01b0 1A00     		movs	r2, r3
 1181 01b2 7E4B     		ldr	r3, .L78+20
 1182 01b4 1B88     		ldrh	r3, [r3]
 1183 01b6 D9B2     		uxtb	r1, r3
 1184 01b8 794B     		ldr	r3, .L78+8
 1185 01ba 9954     		strb	r1, [r3, r2]
 250:runtime.c     ****                     if((--byteCount)==0) break;
 1186              		.loc 1 250 0
 1187 01bc 0C23     		movs	r3, #12
 1188 01be FB18     		adds	r3, r7, r3
 1189 01c0 0C22     		movs	r2, #12
 1190 01c2 BA18     		adds	r2, r7, r2
 1191 01c4 1278     		ldrb	r2, [r2]
 1192 01c6 013A     		subs	r2, r2, #1
 1193 01c8 1A70     		strb	r2, [r3]
 1194 01ca 0C23     		movs	r3, #12
 1195 01cc FB18     		adds	r3, r7, r3
 1196 01ce 1B78     		ldrb	r3, [r3]
 1197 01d0 002B     		cmp	r3, #0
 1198 01d2 00D1     		bne	.LCB941
 1199 01d4 D6E0     		b	.L71	@long jump
 1200              	.LCB941:
 1201              	.L51:
 251:runtime.c     ****                 case MODBUS_DEBUG_REG:    
 252:runtime.c     ****                     modbus_txBuffer[idx++] = (slavePersent>>8)&0xFF;
 1202              		.loc 1 252 0
 1203 01d6 0D23     		movs	r3, #13
 1204 01d8 FB18     		adds	r3, r7, r3
 1205 01da 1B78     		ldrb	r3, [r3]
 1206 01dc 0D22     		movs	r2, #13
 1207 01de BA18     		adds	r2, r7, r2
 1208 01e0 591C     		adds	r1, r3, #1
 1209 01e2 1170     		strb	r1, [r2]
 1210 01e4 1A00     		movs	r2, r3
 1211 01e6 724B     		ldr	r3, .L78+24
 1212 01e8 1B88     		ldrh	r3, [r3]
 1213 01ea 1B0A     		lsrs	r3, r3, #8
 1214 01ec 9BB2     		uxth	r3, r3
 1215 01ee D9B2     		uxtb	r1, r3
 1216 01f0 6B4B     		ldr	r3, .L78+8
 1217 01f2 9954     		strb	r1, [r3, r2]
 253:runtime.c     ****                     modbus_txBuffer[idx++] = slavePersent&0xFF;
 1218              		.loc 1 253 0
 1219 01f4 0D23     		movs	r3, #13
 1220 01f6 FB18     		adds	r3, r7, r3
 1221 01f8 1B78     		ldrb	r3, [r3]
 1222 01fa 0D22     		movs	r2, #13
ARM GAS  C:\Users\alexport\AppData\Local\Temp\cc2gMrRa.s 			page 27


 1223 01fc BA18     		adds	r2, r7, r2
 1224 01fe 591C     		adds	r1, r3, #1
 1225 0200 1170     		strb	r1, [r2]
 1226 0202 1A00     		movs	r2, r3
 1227 0204 6A4B     		ldr	r3, .L78+24
 1228 0206 1B88     		ldrh	r3, [r3]
 1229 0208 D9B2     		uxtb	r1, r3
 1230 020a 654B     		ldr	r3, .L78+8
 1231 020c 9954     		strb	r1, [r3, r2]
 254:runtime.c     ****                     if((--byteCount)==0)break;
 1232              		.loc 1 254 0
 1233 020e 0C23     		movs	r3, #12
 1234 0210 FB18     		adds	r3, r7, r3
 1235 0212 0C22     		movs	r2, #12
 1236 0214 BA18     		adds	r2, r7, r2
 1237 0216 1278     		ldrb	r2, [r2]
 1238 0218 013A     		subs	r2, r2, #1
 1239 021a 1A70     		strb	r2, [r3]
 1240 021c 0C23     		movs	r3, #12
 1241 021e FB18     		adds	r3, r7, r3
 1242 0220 1B78     		ldrb	r3, [r3]
 1243 0222 002B     		cmp	r3, #0
 1244 0224 00D1     		bne	.LCB982
 1245 0226 AFE0     		b	.L72	@long jump
 1246              	.LCB982:
 1247              	.L52:
 255:runtime.c     ****                     
 256:runtime.c     ****                 case MODBUS_FM_VERSION_REG:    
 257:runtime.c     ****                     modbus_txBuffer[idx++] = firmwareVersion[0];
 1248              		.loc 1 257 0
 1249 0228 0D23     		movs	r3, #13
 1250 022a FB18     		adds	r3, r7, r3
 1251 022c 1B78     		ldrb	r3, [r3]
 1252 022e 0D22     		movs	r2, #13
 1253 0230 BA18     		adds	r2, r7, r2
 1254 0232 591C     		adds	r1, r3, #1
 1255 0234 1170     		strb	r1, [r2]
 1256 0236 1A00     		movs	r2, r3
 1257 0238 5E4B     		ldr	r3, .L78+28
 1258 023a 1978     		ldrb	r1, [r3]
 1259 023c 584B     		ldr	r3, .L78+8
 1260 023e 9954     		strb	r1, [r3, r2]
 258:runtime.c     ****                     modbus_txBuffer[idx++] = firmwareVersion[1];
 1261              		.loc 1 258 0
 1262 0240 0D23     		movs	r3, #13
 1263 0242 FB18     		adds	r3, r7, r3
 1264 0244 1B78     		ldrb	r3, [r3]
 1265 0246 0D22     		movs	r2, #13
 1266 0248 BA18     		adds	r2, r7, r2
 1267 024a 591C     		adds	r1, r3, #1
 1268 024c 1170     		strb	r1, [r2]
 1269 024e 1A00     		movs	r2, r3
 1270 0250 584B     		ldr	r3, .L78+28
 1271 0252 5978     		ldrb	r1, [r3, #1]
 1272 0254 524B     		ldr	r3, .L78+8
 1273 0256 9954     		strb	r1, [r3, r2]
 259:runtime.c     ****                     if((--byteCount)==0)break;
ARM GAS  C:\Users\alexport\AppData\Local\Temp\cc2gMrRa.s 			page 28


 1274              		.loc 1 259 0
 1275 0258 0C23     		movs	r3, #12
 1276 025a FB18     		adds	r3, r7, r3
 1277 025c 0C22     		movs	r2, #12
 1278 025e BA18     		adds	r2, r7, r2
 1279 0260 1278     		ldrb	r2, [r2]
 1280 0262 013A     		subs	r2, r2, #1
 1281 0264 1A70     		strb	r2, [r3]
 1282 0266 0C23     		movs	r3, #12
 1283 0268 FB18     		adds	r3, r7, r3
 1284 026a 1B78     		ldrb	r3, [r3]
 1285 026c 002B     		cmp	r3, #0
 1286 026e 00D1     		bne	.LCB1019
 1287 0270 8CE0     		b	.L73	@long jump
 1288              	.LCB1019:
 1289              	.L53:
 260:runtime.c     ****                 case MODBUS_FM_VERSION_REG+1:    
 261:runtime.c     ****                     modbus_txBuffer[idx++] = firmwareVersion[2];
 1290              		.loc 1 261 0
 1291 0272 0D23     		movs	r3, #13
 1292 0274 FB18     		adds	r3, r7, r3
 1293 0276 1B78     		ldrb	r3, [r3]
 1294 0278 0D22     		movs	r2, #13
 1295 027a BA18     		adds	r2, r7, r2
 1296 027c 591C     		adds	r1, r3, #1
 1297 027e 1170     		strb	r1, [r2]
 1298 0280 1A00     		movs	r2, r3
 1299 0282 4C4B     		ldr	r3, .L78+28
 1300 0284 9978     		ldrb	r1, [r3, #2]
 1301 0286 464B     		ldr	r3, .L78+8
 1302 0288 9954     		strb	r1, [r3, r2]
 262:runtime.c     ****                     modbus_txBuffer[idx++] = firmwareVersion[3];
 1303              		.loc 1 262 0
 1304 028a 0D23     		movs	r3, #13
 1305 028c FB18     		adds	r3, r7, r3
 1306 028e 1B78     		ldrb	r3, [r3]
 1307 0290 0D22     		movs	r2, #13
 1308 0292 BA18     		adds	r2, r7, r2
 1309 0294 591C     		adds	r1, r3, #1
 1310 0296 1170     		strb	r1, [r2]
 1311 0298 1A00     		movs	r2, r3
 1312 029a 464B     		ldr	r3, .L78+28
 1313 029c D978     		ldrb	r1, [r3, #3]
 1314 029e 404B     		ldr	r3, .L78+8
 1315 02a0 9954     		strb	r1, [r3, r2]
 263:runtime.c     ****                     if((--byteCount)==0)break; 
 1316              		.loc 1 263 0
 1317 02a2 0C23     		movs	r3, #12
 1318 02a4 FB18     		adds	r3, r7, r3
 1319 02a6 0C22     		movs	r2, #12
 1320 02a8 BA18     		adds	r2, r7, r2
 1321 02aa 1278     		ldrb	r2, [r2]
 1322 02ac 013A     		subs	r2, r2, #1
 1323 02ae 1A70     		strb	r2, [r3]
 1324 02b0 0C23     		movs	r3, #12
 1325 02b2 FB18     		adds	r3, r7, r3
 1326 02b4 1B78     		ldrb	r3, [r3]
ARM GAS  C:\Users\alexport\AppData\Local\Temp\cc2gMrRa.s 			page 29


 1327 02b6 002B     		cmp	r3, #0
 1328 02b8 6AD0     		beq	.L74
 1329              	.L54:
 264:runtime.c     ****                 case MODBUS_FM_VERSION_REG+2:    
 265:runtime.c     ****                     modbus_txBuffer[idx++] = firmwareVersion[4];
 1330              		.loc 1 265 0
 1331 02ba 0D23     		movs	r3, #13
 1332 02bc FB18     		adds	r3, r7, r3
 1333 02be 1B78     		ldrb	r3, [r3]
 1334 02c0 0D22     		movs	r2, #13
 1335 02c2 BA18     		adds	r2, r7, r2
 1336 02c4 591C     		adds	r1, r3, #1
 1337 02c6 1170     		strb	r1, [r2]
 1338 02c8 1A00     		movs	r2, r3
 1339 02ca 3A4B     		ldr	r3, .L78+28
 1340 02cc 1979     		ldrb	r1, [r3, #4]
 1341 02ce 344B     		ldr	r3, .L78+8
 1342 02d0 9954     		strb	r1, [r3, r2]
 266:runtime.c     ****                     modbus_txBuffer[idx++] = firmwareVersion[5];
 1343              		.loc 1 266 0
 1344 02d2 0D23     		movs	r3, #13
 1345 02d4 FB18     		adds	r3, r7, r3
 1346 02d6 1B78     		ldrb	r3, [r3]
 1347 02d8 0D22     		movs	r2, #13
 1348 02da BA18     		adds	r2, r7, r2
 1349 02dc 591C     		adds	r1, r3, #1
 1350 02de 1170     		strb	r1, [r2]
 1351 02e0 1A00     		movs	r2, r3
 1352 02e2 344B     		ldr	r3, .L78+28
 1353 02e4 5979     		ldrb	r1, [r3, #5]
 1354 02e6 2E4B     		ldr	r3, .L78+8
 1355 02e8 9954     		strb	r1, [r3, r2]
 267:runtime.c     ****                     if((--byteCount)==0)break;
 1356              		.loc 1 267 0
 1357 02ea 0C23     		movs	r3, #12
 1358 02ec FB18     		adds	r3, r7, r3
 1359 02ee 0C22     		movs	r2, #12
 1360 02f0 BA18     		adds	r2, r7, r2
 1361 02f2 1278     		ldrb	r2, [r2]
 1362 02f4 013A     		subs	r2, r2, #1
 1363 02f6 1A70     		strb	r2, [r3]
 1364 02f8 0C23     		movs	r3, #12
 1365 02fa FB18     		adds	r3, r7, r3
 1366 02fc 1B78     		ldrb	r3, [r3]
 1367 02fe 002B     		cmp	r3, #0
 1368 0300 48D0     		beq	.L75
 1369              	.L55:
 268:runtime.c     ****                 case MODBUS_FM_VERSION_REG+3:    
 269:runtime.c     ****                     modbus_txBuffer[idx++] = firmwareVersion[6];
 1370              		.loc 1 269 0
 1371 0302 0D23     		movs	r3, #13
 1372 0304 FB18     		adds	r3, r7, r3
 1373 0306 1B78     		ldrb	r3, [r3]
 1374 0308 0D22     		movs	r2, #13
 1375 030a BA18     		adds	r2, r7, r2
 1376 030c 591C     		adds	r1, r3, #1
 1377 030e 1170     		strb	r1, [r2]
ARM GAS  C:\Users\alexport\AppData\Local\Temp\cc2gMrRa.s 			page 30


 1378 0310 1A00     		movs	r2, r3
 1379 0312 284B     		ldr	r3, .L78+28
 1380 0314 9979     		ldrb	r1, [r3, #6]
 1381 0316 224B     		ldr	r3, .L78+8
 1382 0318 9954     		strb	r1, [r3, r2]
 270:runtime.c     ****                     modbus_txBuffer[idx++] = firmwareVersion[7];
 1383              		.loc 1 270 0
 1384 031a 0D23     		movs	r3, #13
 1385 031c FB18     		adds	r3, r7, r3
 1386 031e 1B78     		ldrb	r3, [r3]
 1387 0320 0D22     		movs	r2, #13
 1388 0322 BA18     		adds	r2, r7, r2
 1389 0324 591C     		adds	r1, r3, #1
 1390 0326 1170     		strb	r1, [r2]
 1391 0328 1A00     		movs	r2, r3
 1392 032a 224B     		ldr	r3, .L78+28
 1393 032c D979     		ldrb	r1, [r3, #7]
 1394 032e 1C4B     		ldr	r3, .L78+8
 1395 0330 9954     		strb	r1, [r3, r2]
 271:runtime.c     ****                     if((--byteCount)==0)break;  
 1396              		.loc 1 271 0
 1397 0332 0C23     		movs	r3, #12
 1398 0334 FB18     		adds	r3, r7, r3
 1399 0336 0C22     		movs	r2, #12
 1400 0338 BA18     		adds	r2, r7, r2
 1401 033a 1278     		ldrb	r2, [r2]
 1402 033c 013A     		subs	r2, r2, #1
 1403 033e 1A70     		strb	r2, [r3]
 1404 0340 0C23     		movs	r3, #12
 1405 0342 FB18     		adds	r3, r7, r3
 1406 0344 1B78     		ldrb	r3, [r3]
 1407 0346 002B     		cmp	r3, #0
 1408 0348 36D0     		beq	.L76
 1409              	.L56:
 272:runtime.c     ****                 case MODBUS_FM_VERSION_REG+4:    
 273:runtime.c     ****                     modbus_txBuffer[idx++] = firmwareVersion[8];
 1410              		.loc 1 273 0
 1411 034a 0D23     		movs	r3, #13
 1412 034c FB18     		adds	r3, r7, r3
 1413 034e 1B78     		ldrb	r3, [r3]
 1414 0350 0D22     		movs	r2, #13
 1415 0352 BA18     		adds	r2, r7, r2
 1416 0354 591C     		adds	r1, r3, #1
 1417 0356 1170     		strb	r1, [r2]
 1418 0358 1A00     		movs	r2, r3
 1419 035a 164B     		ldr	r3, .L78+28
 1420 035c 197A     		ldrb	r1, [r3, #8]
 1421 035e 104B     		ldr	r3, .L78+8
 1422 0360 9954     		strb	r1, [r3, r2]
 274:runtime.c     ****                     modbus_txBuffer[idx++] = firmwareVersion[9];
 1423              		.loc 1 274 0
 1424 0362 0D23     		movs	r3, #13
 1425 0364 FB18     		adds	r3, r7, r3
 1426 0366 1B78     		ldrb	r3, [r3]
 1427 0368 0D22     		movs	r2, #13
 1428 036a BA18     		adds	r2, r7, r2
 1429 036c 591C     		adds	r1, r3, #1
ARM GAS  C:\Users\alexport\AppData\Local\Temp\cc2gMrRa.s 			page 31


 1430 036e 1170     		strb	r1, [r2]
 1431 0370 1A00     		movs	r2, r3
 1432 0372 104B     		ldr	r3, .L78+28
 1433 0374 597A     		ldrb	r1, [r3, #9]
 1434 0376 0A4B     		ldr	r3, .L78+8
 1435 0378 9954     		strb	r1, [r3, r2]
 275:runtime.c     ****                     break;    
 1436              		.loc 1 275 0
 1437 037a 1EE0     		b	.L46
 1438              	.L69:
 241:runtime.c     ****                     
 1439              		.loc 1 241 0
 1440 037c C046     		nop
 1441 037e 1CE0     		b	.L46
 1442              	.L70:
 246:runtime.c     ****                 case MODBUS_SLEEP_PERIOD_REG:
 1443              		.loc 1 246 0
 1444 0380 C046     		nop
 1445 0382 1AE0     		b	.L46
 1446              	.L71:
 250:runtime.c     ****                 case MODBUS_DEBUG_REG:    
 1447              		.loc 1 250 0
 1448 0384 C046     		nop
 1449 0386 18E0     		b	.L46
 1450              	.L72:
 254:runtime.c     ****                     
 1451              		.loc 1 254 0
 1452 0388 C046     		nop
 1453 038a 16E0     		b	.L46
 1454              	.L73:
 259:runtime.c     ****                 case MODBUS_FM_VERSION_REG+1:    
 1455              		.loc 1 259 0
 1456 038c C046     		nop
 1457 038e 14E0     		b	.L46
 1458              	.L74:
 263:runtime.c     ****                 case MODBUS_FM_VERSION_REG+2:    
 1459              		.loc 1 263 0
 1460 0390 C046     		nop
 1461 0392 12E0     		b	.L46
 1462              	.L75:
 267:runtime.c     ****                 case MODBUS_FM_VERSION_REG+3:    
 1463              		.loc 1 267 0
 1464 0394 C046     		nop
 1465 0396 10E0     		b	.L46
 1466              	.L79:
 1467              		.align	2
 1468              	.L78:
 1469 0398 00000000 		.word	modbus_rxBuffer
 1470 039c 00000000 		.word	mySlaveAddr
 1471 03a0 00000000 		.word	modbus_txBuffer
 1472 03a4 28000000 		.word	.L48
 1473 03a8 00000000 		.word	i2cPeriod
 1474 03ac 00000000 		.word	sleepPeriod
 1475 03b0 00000000 		.word	slavePersent
 1476 03b4 00000000 		.word	firmwareVersion
 1477              	.L76:
 271:runtime.c     ****                 case MODBUS_FM_VERSION_REG+4:    
ARM GAS  C:\Users\alexport\AppData\Local\Temp\cc2gMrRa.s 			page 32


 1478              		.loc 1 271 0
 1479 03b8 C046     		nop
 1480              	.L46:
 276:runtime.c     ****                     
 277:runtime.c     ****                     
 278:runtime.c     ****             }
 279:runtime.c     ****             modbusSendBulk(mySlaveAddr , modbusCommand , regsToSend); 
 1481              		.loc 1 279 0
 1482 03ba 6C4B     		ldr	r3, .L80
 1483 03bc 1878     		ldrb	r0, [r3]
 1484 03be 3B00     		movs	r3, r7
 1485 03c0 1A88     		ldrh	r2, [r3]
 1486 03c2 7B1D     		adds	r3, r7, #5
 1487 03c4 1B78     		ldrb	r3, [r3]
 1488 03c6 1900     		movs	r1, r3
 1489 03c8 FFF7FEFF 		bl	modbusSendBulk
 1490 03cc 2CE0     		b	.L44
 1491              	.L45:
 1492              	.LBB4:
 280:runtime.c     ****         }
 281:runtime.c     ****         else{
 282:runtime.c     ****             for(uint16 i=0;i<regsToSend*2;i++){
 1493              		.loc 1 282 0
 1494 03ce 0A23     		movs	r3, #10
 1495 03d0 FB18     		adds	r3, r7, r3
 1496 03d2 0022     		movs	r2, #0
 1497 03d4 1A80     		strh	r2, [r3]
 1498 03d6 16E0     		b	.L57
 1499              	.L58:
 283:runtime.c     ****                 modbus_txBuffer[3+i] = sensor[startRegister*2+2+i];
 1500              		.loc 1 283 0 discriminator 3
 1501 03d8 0A23     		movs	r3, #10
 1502 03da FB18     		adds	r3, r7, r3
 1503 03dc 1B88     		ldrh	r3, [r3]
 1504 03de 0333     		adds	r3, r3, #3
 1505 03e0 BA1C     		adds	r2, r7, #2
 1506 03e2 1288     		ldrh	r2, [r2]
 1507 03e4 0132     		adds	r2, r2, #1
 1508 03e6 5100     		lsls	r1, r2, #1
 1509 03e8 0A22     		movs	r2, #10
 1510 03ea BA18     		adds	r2, r7, r2
 1511 03ec 1288     		ldrh	r2, [r2]
 1512 03ee 8A18     		adds	r2, r1, r2
 1513 03f0 5F49     		ldr	r1, .L80+4
 1514 03f2 895C     		ldrb	r1, [r1, r2]
 1515 03f4 5F4A     		ldr	r2, .L80+8
 1516 03f6 D154     		strb	r1, [r2, r3]
 282:runtime.c     ****                 modbus_txBuffer[3+i] = sensor[startRegister*2+2+i];
 1517              		.loc 1 282 0 discriminator 3
 1518 03f8 0A23     		movs	r3, #10
 1519 03fa FB18     		adds	r3, r7, r3
 1520 03fc 1A88     		ldrh	r2, [r3]
 1521 03fe 0A23     		movs	r3, #10
 1522 0400 FB18     		adds	r3, r7, r3
 1523 0402 0132     		adds	r2, r2, #1
 1524 0404 1A80     		strh	r2, [r3]
 1525              	.L57:
ARM GAS  C:\Users\alexport\AppData\Local\Temp\cc2gMrRa.s 			page 33


 282:runtime.c     ****                 modbus_txBuffer[3+i] = sensor[startRegister*2+2+i];
 1526              		.loc 1 282 0 is_stmt 0 discriminator 1
 1527 0406 0A23     		movs	r3, #10
 1528 0408 FB18     		adds	r3, r7, r3
 1529 040a 1A88     		ldrh	r2, [r3]
 1530 040c 3B00     		movs	r3, r7
 1531 040e 1B88     		ldrh	r3, [r3]
 1532 0410 5B00     		lsls	r3, r3, #1
 1533 0412 9A42     		cmp	r2, r3
 1534 0414 E0DB     		blt	.L58
 1535              	.LBE4:
 284:runtime.c     ****             }
 285:runtime.c     ****             //memcpy(&modbus_txBuffer[3], &sensor[startRegister*2+2], regsToSend*2);
 286:runtime.c     ****             modbusSendBulk(mySlaveAddr , modbusCommand , regsToSend); 
 1536              		.loc 1 286 0 is_stmt 1
 1537 0416 554B     		ldr	r3, .L80
 1538 0418 1878     		ldrb	r0, [r3]
 1539 041a 3B00     		movs	r3, r7
 1540 041c 1A88     		ldrh	r2, [r3]
 1541 041e 7B1D     		adds	r3, r7, #5
 1542 0420 1B78     		ldrb	r3, [r3]
 1543 0422 1900     		movs	r1, r3
 1544 0424 FFF7FEFF 		bl	modbusSendBulk
 1545              	.L44:
 1546              	.LBE3:
 287:runtime.c     ****             //Test_Increment(startRegister , regsToSend);
 288:runtime.c     ****         } 
 289:runtime.c     ****     }
 290:runtime.c     ****     
 291:runtime.c     ****     
 292:runtime.c     ****     
 293:runtime.c     ****     
 294:runtime.c     ****     
 295:runtime.c     ****     if ( MODBUS_WRITE_CMD == modbusCommand){
 1547              		.loc 1 295 0
 1548 0428 7B1D     		adds	r3, r7, #5
 1549 042a 1B78     		ldrb	r3, [r3]
 1550 042c 062B     		cmp	r3, #6
 1551 042e 00D0     		beq	.LCB1280
 1552 0430 98E0     		b	.L77	@long jump
 1553              	.LCB1280:
 296:runtime.c     ****         // send Write response
 297:runtime.c     ****         startRegister = modbus_rxBuffer[2];  // register address high byte 
 1554              		.loc 1 297 0
 1555 0432 514B     		ldr	r3, .L80+12
 1556 0434 9A78     		ldrb	r2, [r3, #2]
 1557 0436 BB1C     		adds	r3, r7, #2
 1558 0438 1A80     		strh	r2, [r3]
 298:runtime.c     ****         startRegister = (startRegister<<8) +modbus_rxBuffer[3]; // register address low byte
 1559              		.loc 1 298 0
 1560 043a BB1C     		adds	r3, r7, #2
 1561 043c 1B88     		ldrh	r3, [r3]
 1562 043e 1B02     		lsls	r3, r3, #8
 1563 0440 99B2     		uxth	r1, r3
 1564 0442 4D4B     		ldr	r3, .L80+12
 1565 0444 DB78     		ldrb	r3, [r3, #3]
 1566 0446 9AB2     		uxth	r2, r3
ARM GAS  C:\Users\alexport\AppData\Local\Temp\cc2gMrRa.s 			page 34


 1567 0448 BB1C     		adds	r3, r7, #2
 1568 044a 8A18     		adds	r2, r1, r2
 1569 044c 1A80     		strh	r2, [r3]
 299:runtime.c     ****         data = modbus_rxBuffer[4];   // high byte to write
 1570              		.loc 1 299 0
 1571 044e 4A4B     		ldr	r3, .L80+12
 1572 0450 1A79     		ldrb	r2, [r3, #4]
 1573 0452 0E23     		movs	r3, #14
 1574 0454 FB18     		adds	r3, r7, r3
 1575 0456 1A80     		strh	r2, [r3]
 300:runtime.c     ****         data = (data << 8)+ modbus_rxBuffer[5]; // low byte to write
 1576              		.loc 1 300 0
 1577 0458 0E23     		movs	r3, #14
 1578 045a FB18     		adds	r3, r7, r3
 1579 045c 1B88     		ldrh	r3, [r3]
 1580 045e 1B02     		lsls	r3, r3, #8
 1581 0460 99B2     		uxth	r1, r3
 1582 0462 454B     		ldr	r3, .L80+12
 1583 0464 5B79     		ldrb	r3, [r3, #5]
 1584 0466 9AB2     		uxth	r2, r3
 1585 0468 0E23     		movs	r3, #14
 1586 046a FB18     		adds	r3, r7, r3
 1587 046c 8A18     		adds	r2, r1, r2
 1588 046e 1A80     		strh	r2, [r3]
 301:runtime.c     ****         
 302:runtime.c     ****         if(startRegister ==MODBUS_ADDRESS_REG){
 1589              		.loc 1 302 0
 1590 0470 BB1C     		adds	r3, r7, #2
 1591 0472 1B88     		ldrh	r3, [r3]
 1592 0474 642B     		cmp	r3, #100
 1593 0476 0DD1     		bne	.L60
 303:runtime.c     ****             // Setting My Modbus address
 304:runtime.c     ****             mySlaveAddr = data;
 1594              		.loc 1 304 0
 1595 0478 0E23     		movs	r3, #14
 1596 047a FB18     		adds	r3, r7, r3
 1597 047c 1B88     		ldrh	r3, [r3]
 1598 047e DAB2     		uxtb	r2, r3
 1599 0480 3A4B     		ldr	r3, .L80
 1600 0482 1A70     		strb	r2, [r3]
 305:runtime.c     ****             EEPROM_SetMyAddress(data);
 1601              		.loc 1 305 0
 1602 0484 0E23     		movs	r3, #14
 1603 0486 FB18     		adds	r3, r7, r3
 1604 0488 1B88     		ldrh	r3, [r3]
 1605 048a DBB2     		uxtb	r3, r3
 1606 048c 1800     		movs	r0, r3
 1607 048e FFF7FEFF 		bl	EEPROM_SetMyAddress
 1608 0492 53E0     		b	.L61
 1609              	.L60:
 306:runtime.c     ****         }else if (startRegister ==MODBUS_I2C_PERIOD_REG){
 1610              		.loc 1 306 0
 1611 0494 BB1C     		adds	r3, r7, #2
 1612 0496 1B88     		ldrh	r3, [r3]
 1613 0498 652B     		cmp	r3, #101
 1614 049a 14D1     		bne	.L62
 307:runtime.c     ****             // Setting I2C Period
ARM GAS  C:\Users\alexport\AppData\Local\Temp\cc2gMrRa.s 			page 35


 308:runtime.c     ****             if(data<MINIMAL_DEFAULT_I2C_PERIOD)
 1615              		.loc 1 308 0
 1616 049c 0E23     		movs	r3, #14
 1617 049e FB18     		adds	r3, r7, r3
 1618 04a0 1B88     		ldrh	r3, [r3]
 1619 04a2 F92B     		cmp	r3, #249
 1620 04a4 03D8     		bhi	.L63
 309:runtime.c     ****                 data = MINIMAL_DEFAULT_I2C_PERIOD;
 1621              		.loc 1 309 0
 1622 04a6 0E23     		movs	r3, #14
 1623 04a8 FB18     		adds	r3, r7, r3
 1624 04aa FA22     		movs	r2, #250
 1625 04ac 1A80     		strh	r2, [r3]
 1626              	.L63:
 310:runtime.c     ****             i2cPeriod = data;
 1627              		.loc 1 310 0
 1628 04ae 334B     		ldr	r3, .L80+16
 1629 04b0 0E22     		movs	r2, #14
 1630 04b2 BA18     		adds	r2, r7, r2
 1631 04b4 1288     		ldrh	r2, [r2]
 1632 04b6 1A80     		strh	r2, [r3]
 311:runtime.c     ****             EEPROM_SetI2CPeriod(data);
 1633              		.loc 1 311 0
 1634 04b8 0E23     		movs	r3, #14
 1635 04ba FB18     		adds	r3, r7, r3
 1636 04bc 1B88     		ldrh	r3, [r3]
 1637 04be 1800     		movs	r0, r3
 1638 04c0 FFF7FEFF 		bl	EEPROM_SetI2CPeriod
 1639 04c4 3AE0     		b	.L61
 1640              	.L62:
 312:runtime.c     ****         }
 313:runtime.c     ****         else if (startRegister ==MODBUS_SLEEP_PERIOD_REG){
 1641              		.loc 1 313 0
 1642 04c6 BB1C     		adds	r3, r7, #2
 1643 04c8 1B88     		ldrh	r3, [r3]
 1644 04ca 662B     		cmp	r3, #102
 1645 04cc 25D1     		bne	.L64
 314:runtime.c     ****             // Setting I2C Period
 315:runtime.c     ****             if(data<MINIMAL_SLEEP_PERIOD)
 1646              		.loc 1 315 0
 1647 04ce 0E23     		movs	r3, #14
 1648 04d0 FB18     		adds	r3, r7, r3
 1649 04d2 1B88     		ldrh	r3, [r3]
 1650 04d4 2A4A     		ldr	r2, .L80+20
 1651 04d6 9342     		cmp	r3, r2
 1652 04d8 03D8     		bhi	.L65
 316:runtime.c     ****                 data = 0;
 1653              		.loc 1 316 0
 1654 04da 0E23     		movs	r3, #14
 1655 04dc FB18     		adds	r3, r7, r3
 1656 04de 0022     		movs	r2, #0
 1657 04e0 1A80     		strh	r2, [r3]
 1658              	.L65:
 317:runtime.c     ****             sleepPeriod = data;
 1659              		.loc 1 317 0
 1660 04e2 284B     		ldr	r3, .L80+24
 1661 04e4 0E22     		movs	r2, #14
ARM GAS  C:\Users\alexport\AppData\Local\Temp\cc2gMrRa.s 			page 36


 1662 04e6 BA18     		adds	r2, r7, r2
 1663 04e8 1288     		ldrh	r2, [r2]
 1664 04ea 1A80     		strh	r2, [r3]
 318:runtime.c     ****             sleepEnable = (sleepPeriod>= MINIMAL_SLEEP_PERIOD)? 1:0;
 1665              		.loc 1 318 0
 1666 04ec 254B     		ldr	r3, .L80+24
 1667 04ee 1B88     		ldrh	r3, [r3]
 1668 04f0 234A     		ldr	r2, .L80+20
 1669 04f2 9A42     		cmp	r2, r3
 1670 04f4 9B41     		sbcs	r3, r3, r3
 1671 04f6 5B42     		rsbs	r3, r3, #0
 1672 04f8 DBB2     		uxtb	r3, r3
 1673 04fa 1A00     		movs	r2, r3
 1674 04fc 224B     		ldr	r3, .L80+28
 1675 04fe 1A70     		strb	r2, [r3]
 319:runtime.c     ****             EEPROM_SetSleepPeriod(data);
 1676              		.loc 1 319 0
 1677 0500 0E23     		movs	r3, #14
 1678 0502 FB18     		adds	r3, r7, r3
 1679 0504 1B88     		ldrh	r3, [r3]
 1680 0506 1800     		movs	r0, r3
 1681 0508 FFF7FEFF 		bl	EEPROM_SetSleepPeriod
 320:runtime.c     ****             SetSleepPeriod(data);
 1682              		.loc 1 320 0
 1683 050c 0E23     		movs	r3, #14
 1684 050e FB18     		adds	r3, r7, r3
 1685 0510 1B88     		ldrh	r3, [r3]
 1686 0512 1800     		movs	r0, r3
 1687 0514 FFF7FEFF 		bl	SetSleepPeriod
 1688 0518 10E0     		b	.L61
 1689              	.L64:
 321:runtime.c     ****         }
 322:runtime.c     ****         else if(startRegister>2){
 1690              		.loc 1 322 0
 1691 051a BB1C     		adds	r3, r7, #2
 1692 051c 1B88     		ldrh	r3, [r3]
 1693 051e 022B     		cmp	r3, #2
 1694 0520 0CD9     		bls	.L61
 323:runtime.c     ****             //Send Command to Sensor
 324:runtime.c     ****             runtime_CtrlSensor( (startRegister-1)*2 , data);
 1695              		.loc 1 324 0
 1696 0522 BB1C     		adds	r3, r7, #2
 1697 0524 1B88     		ldrh	r3, [r3]
 1698 0526 013B     		subs	r3, r3, #1
 1699 0528 DBB2     		uxtb	r3, r3
 1700 052a DB18     		adds	r3, r3, r3
 1701 052c DAB2     		uxtb	r2, r3
 1702 052e 0E23     		movs	r3, #14
 1703 0530 FB18     		adds	r3, r7, r3
 1704 0532 1B88     		ldrh	r3, [r3]
 1705 0534 1900     		movs	r1, r3
 1706 0536 1000     		movs	r0, r2
 1707 0538 FFF7FEFF 		bl	runtime_CtrlSensor
 1708              	.L61:
 325:runtime.c     ****         }
 326:runtime.c     ****         // Send Response to Modbus Master
 327:runtime.c     ****         modbusWriteResponse(mySlaveAddr, modbusCommand , startRegister, data);
ARM GAS  C:\Users\alexport\AppData\Local\Temp\cc2gMrRa.s 			page 37


 1709              		.loc 1 327 0
 1710 053c 0B4B     		ldr	r3, .L80
 1711 053e 1878     		ldrb	r0, [r3]
 1712 0540 0E23     		movs	r3, #14
 1713 0542 FB18     		adds	r3, r7, r3
 1714 0544 1C88     		ldrh	r4, [r3]
 1715 0546 BB1C     		adds	r3, r7, #2
 1716 0548 1A88     		ldrh	r2, [r3]
 1717 054a 7B1D     		adds	r3, r7, #5
 1718 054c 1978     		ldrb	r1, [r3]
 1719 054e 2300     		movs	r3, r4
 1720 0550 FFF7FEFF 		bl	modbusWriteResponse
 328:runtime.c     ****     }
 329:runtime.c     ****     return;    
 1721              		.loc 1 329 0
 1722 0554 C046     		nop
 1723 0556 05E0     		b	.L77
 1724              	.L66:
 204:runtime.c     ****     }    
 1725              		.loc 1 204 0
 1726 0558 C046     		nop
 1727 055a 04E0     		b	.L38
 1728              	.L67:
 210:runtime.c     ****     
 1729              		.loc 1 210 0
 1730 055c C046     		nop
 1731 055e 02E0     		b	.L38
 1732              	.L68:
 224:runtime.c     ****     }
 1733              		.loc 1 224 0
 1734 0560 C046     		nop
 1735 0562 00E0     		b	.L38
 1736              	.L77:
 1737              		.loc 1 329 0
 1738 0564 C046     		nop
 1739              	.L38:
 330:runtime.c     **** }
 1740              		.loc 1 330 0
 1741 0566 BD46     		mov	sp, r7
 1742 0568 05B0     		add	sp, sp, #20
 1743              		@ sp needed
 1744 056a 90BD     		pop	{r4, r7, pc}
 1745              	.L81:
 1746              		.align	2
 1747              	.L80:
 1748 056c 00000000 		.word	mySlaveAddr
 1749 0570 00000000 		.word	sensor
 1750 0574 00000000 		.word	modbus_txBuffer
 1751 0578 00000000 		.word	modbus_rxBuffer
 1752 057c 00000000 		.word	i2cPeriod
 1753 0580 CF070000 		.word	1999
 1754 0584 00000000 		.word	sleepPeriod
 1755 0588 00000000 		.word	sleepEnable
 1756              		.cfi_endproc
 1757              	.LFE46:
 1758              		.size	runtime_ProcessRequest, .-runtime_ProcessRequest
 1759              		.section	.text.GoToSleep,"ax",%progbits
ARM GAS  C:\Users\alexport\AppData\Local\Temp\cc2gMrRa.s 			page 38


 1760              		.align	2
 1761              		.global	GoToSleep
 1762              		.code	16
 1763              		.thumb_func
 1764              		.type	GoToSleep, %function
 1765              	GoToSleep:
 1766              	.LFB47:
 331:runtime.c     **** 
 332:runtime.c     **** 
 333:runtime.c     **** //void runtime_RS232ProcessRequest(void){
 334:runtime.c     **** //    uint16_t regsToSend;
 335:runtime.c     **** //    uint8_t  startRegister;
 336:runtime.c     **** //    uint8_t  modbusCommand;
 337:runtime.c     **** //    uint16_t data;
 338:runtime.c     **** //    
 339:runtime.c     **** //    // Is this my packet?
 340:runtime.c     **** //    if( (mySlaveAddr != rs232RxBuffer[0]) && (rs232RxBuffer[0]!= MODBUS_BROADCAST_ADDRESS) ) {   
 341:runtime.c     **** //        memset(&modbus_txBuffer[0] , 0 , sizeof(modbus_txBuffer));
 342:runtime.c     **** //        memcpy(&modbus_txBuffer[0] , rs232RxBuffer , 10);
 343:runtime.c     **** //        return;
 344:runtime.c     **** //    }    
 345:runtime.c     **** //    
 346:runtime.c     **** //    modbusCommand = rs232RxBuffer[1];
 347:runtime.c     **** //    
 348:runtime.c     **** //    // Broadcast request for My Slave Address
 349:runtime.c     **** //    if(rs232RxBuffer[0]==MODBUS_BROADCAST_ADDRESS){
 350:runtime.c     **** //        if ( MODBUS_READ_CMD == modbusCommand){
 351:runtime.c     **** //            startRegister = rs232RxBuffer[3];
 352:runtime.c     **** //            regsToSend = rs232RxBuffer[5];
 353:runtime.c     **** //            modbus_txBuffer[3] = 0;
 354:runtime.c     **** //            modbus_txBuffer[4] = mySlaveAddr;
 355:runtime.c     **** //            rs232SendBulk(MODBUS_BROADCAST_ADDRESS , modbusCommand , regsToSend);     
 356:runtime.c     **** //        }
 357:runtime.c     **** //        return;
 358:runtime.c     **** //    }
 359:runtime.c     **** //    
 360:runtime.c     **** //    
 361:runtime.c     **** //    if ( MODBUS_READ_CMD == modbusCommand){
 362:runtime.c     **** //        // Send Read Response to Modbus Master
 363:runtime.c     **** //        startRegister = rs232RxBuffer[3];
 364:runtime.c     **** //        regsToSend = rs232RxBuffer[5];
 365:runtime.c     **** //        uint8_t idx=3;
 366:runtime.c     **** //        uint8_t byteCount = regsToSend;
 367:runtime.c     **** //        if(startRegister>=MODBUS_ADDRESS_REG){
 368:runtime.c     **** //            switch(startRegister){
 369:runtime.c     **** //                case MODBUS_ADDRESS_REG:
 370:runtime.c     **** //                    modbus_txBuffer[idx++] = 0 ;
 371:runtime.c     **** //                    modbus_txBuffer[idx++] = mySlaveAddr ;
 372:runtime.c     **** //                    if((--byteCount)==0) break;
 373:runtime.c     **** //                    
 374:runtime.c     **** //                case MODBUS_I2C_PERIOD_REG:
 375:runtime.c     **** //                    modbus_txBuffer[idx++] = (i2cPeriod>>8)&0xFF;
 376:runtime.c     **** //                    modbus_txBuffer[idx++] = i2cPeriod&0xFF;
 377:runtime.c     **** //                    if((--byteCount)==0) break;
 378:runtime.c     **** //                case MODBUS_SLEEP_PERIOD_REG:
 379:runtime.c     **** //                    modbus_txBuffer[idx++] = (sleepPeriod>>8)&0xFF;
 380:runtime.c     **** //                    modbus_txBuffer[idx++] = sleepPeriod&0xFF;
ARM GAS  C:\Users\alexport\AppData\Local\Temp\cc2gMrRa.s 			page 39


 381:runtime.c     **** //                    break;  
 382:runtime.c     **** //            }
 383:runtime.c     **** //            rs232SendBulk(mySlaveAddr , modbusCommand , regsToSend); 
 384:runtime.c     **** //        }
 385:runtime.c     **** //        else{
 386:runtime.c     **** //            memcpy(&modbus_txBuffer[3], &sensor[startRegister*2+2], regsToSend*2);
 387:runtime.c     **** //            rs232SendBulk(mySlaveAddr , modbusCommand , regsToSend); 
 388:runtime.c     **** //            //Test_Increment(startRegister , regsToSend);
 389:runtime.c     **** //        } 
 390:runtime.c     **** //    }
 391:runtime.c     **** //    
 392:runtime.c     **** //    if ( MODBUS_WRITE_CMD == modbusCommand){
 393:runtime.c     **** //        // send Write response
 394:runtime.c     **** //        startRegister = rs232RxBuffer[2];  // register address high byte 
 395:runtime.c     **** //        startRegister = (startRegister<<8) +rs232RxBuffer[3]; // register address low byte
 396:runtime.c     **** //        data = rs232RxBuffer[4];   // high byte to write
 397:runtime.c     **** //        data = (data << 8)+ rs232RxBuffer[5]; // low byte to write
 398:runtime.c     **** //        
 399:runtime.c     **** //        if(startRegister ==MODBUS_ADDRESS_REG){
 400:runtime.c     **** //            // Setting My Modbus address
 401:runtime.c     **** //            mySlaveAddr = data;
 402:runtime.c     **** //            EEPROM_SetMyAddress(data);
 403:runtime.c     **** //        }else if (startRegister ==MODBUS_I2C_PERIOD_REG){
 404:runtime.c     **** //            // Setting I2C Period
 405:runtime.c     **** //            i2cPeriod = data;
 406:runtime.c     **** //            EEPROM_SetI2CPeriod(data);
 407:runtime.c     **** //        }
 408:runtime.c     **** //        else if (startRegister ==MODBUS_SLEEP_PERIOD_REG){
 409:runtime.c     **** //            // Setting I2C Period
 410:runtime.c     **** //            sleepPeriod = data;
 411:runtime.c     **** //            EEPROM_SetSleepPeriod(data);
 412:runtime.c     **** //            SetSleepPeriod(data);
 413:runtime.c     **** //        }
 414:runtime.c     **** //        else if(startRegister>2){
 415:runtime.c     **** //            //Send Command to Sensor
 416:runtime.c     **** //            runtime_CtrlSensor( (startRegister-1)*2 , data);
 417:runtime.c     **** //        }
 418:runtime.c     **** //        // Send Response to Modbus Master
 419:runtime.c     **** //        rs232WriteResponse(mySlaveAddr, modbusCommand , startRegister, data);
 420:runtime.c     **** //    }
 421:runtime.c     **** //    return;    
 422:runtime.c     **** //}
 423:runtime.c     **** 
 424:runtime.c     **** 
 425:runtime.c     **** 
 426:runtime.c     **** void GoToSleep(){
 1767              		.loc 1 426 0
 1768              		.cfi_startproc
 1769              		@ args = 0, pretend = 0, frame = 0
 1770              		@ frame_needed = 1, uses_anonymous_args = 0
 1771 0000 80B5     		push	{r7, lr}
 1772              		.cfi_def_cfa_offset 8
 1773              		.cfi_offset 7, -8
 1774              		.cfi_offset 14, -4
 1775 0002 00AF     		add	r7, sp, #0
 1776              		.cfi_def_cfa_register 7
 427:runtime.c     ****     bytesIn=0;
ARM GAS  C:\Users\alexport\AppData\Local\Temp\cc2gMrRa.s 			page 40


 1777              		.loc 1 427 0
 1778 0004 084B     		ldr	r3, .L83
 1779 0006 0022     		movs	r2, #0
 1780 0008 1A70     		strb	r2, [r3]
 428:runtime.c     ****     deepSleep=1;
 1781              		.loc 1 428 0
 1782 000a 084B     		ldr	r3, .L83+4
 1783 000c 0122     		movs	r2, #1
 1784 000e 1A70     		strb	r2, [r3]
 429:runtime.c     ****     LED_Write(0);
 1785              		.loc 1 429 0
 1786 0010 0020     		movs	r0, #0
 1787 0012 FFF7FEFF 		bl	LED_Write
 430:runtime.c     ****     ModbusUART_Sleep();
 1788              		.loc 1 430 0
 1789 0016 FFF7FEFF 		bl	ModbusUART_Sleep
 431:runtime.c     ****     
 432:runtime.c     ****     
 433:runtime.c     ****     
 434:runtime.c     ****     
 435:runtime.c     ****     CySysPmDeepSleep();
 1790              		.loc 1 435 0
 1791 001a FFF7FEFF 		bl	CySysPmDeepSleep
 436:runtime.c     ****     ModbusUART_Wakeup();
 1792              		.loc 1 436 0
 1793 001e FFF7FEFF 		bl	ModbusUART_Wakeup
 437:runtime.c     ****     
 438:runtime.c     ****     //RS232UART_RestoreConfig() ;
 439:runtime.c     ****     //RS232UART_Wakeup();
 440:runtime.c     ****     
 441:runtime.c     **** }
 1794              		.loc 1 441 0
 1795 0022 C046     		nop
 1796 0024 BD46     		mov	sp, r7
 1797              		@ sp needed
 1798 0026 80BD     		pop	{r7, pc}
 1799              	.L84:
 1800              		.align	2
 1801              	.L83:
 1802 0028 00000000 		.word	bytesIn
 1803 002c 00000000 		.word	deepSleep
 1804              		.cfi_endproc
 1805              	.LFE47:
 1806              		.size	GoToSleep, .-GoToSleep
 1807              		.section	.text.LEDShow,"ax",%progbits
 1808              		.align	2
 1809              		.global	LEDShow
 1810              		.code	16
 1811              		.thumb_func
 1812              		.type	LEDShow, %function
 1813              	LEDShow:
 1814              	.LFB48:
 442:runtime.c     **** 
 443:runtime.c     **** void LEDShow(void){
 1815              		.loc 1 443 0
 1816              		.cfi_startproc
 1817              		@ args = 0, pretend = 0, frame = 0
ARM GAS  C:\Users\alexport\AppData\Local\Temp\cc2gMrRa.s 			page 41


 1818              		@ frame_needed = 1, uses_anonymous_args = 0
 1819 0000 80B5     		push	{r7, lr}
 1820              		.cfi_def_cfa_offset 8
 1821              		.cfi_offset 7, -8
 1822              		.cfi_offset 14, -4
 1823 0002 00AF     		add	r7, sp, #0
 1824              		.cfi_def_cfa_register 7
 444:runtime.c     ****     LED_Write(deepSleep);
 1825              		.loc 1 444 0
 1826 0004 034B     		ldr	r3, .L86
 1827 0006 1B78     		ldrb	r3, [r3]
 1828 0008 1800     		movs	r0, r3
 1829 000a FFF7FEFF 		bl	LED_Write
 445:runtime.c     **** }
 1830              		.loc 1 445 0
 1831 000e C046     		nop
 1832 0010 BD46     		mov	sp, r7
 1833              		@ sp needed
 1834 0012 80BD     		pop	{r7, pc}
 1835              	.L87:
 1836              		.align	2
 1837              	.L86:
 1838 0014 00000000 		.word	deepSleep
 1839              		.cfi_endproc
 1840              	.LFE48:
 1841              		.size	LEDShow, .-LEDShow
 1842              		.section	.text.BLE_Start,"ax",%progbits
 1843              		.align	2
 1844              		.global	BLE_Start
 1845              		.code	16
 1846              		.thumb_func
 1847              		.type	BLE_Start, %function
 1848              	BLE_Start:
 1849              	.LFB49:
 446:runtime.c     **** 
 447:runtime.c     **** 
 448:runtime.c     **** //uint8 BleNotifyReading;
 449:runtime.c     **** 
 450:runtime.c     **** void BLE_Start(){
 1850              		.loc 1 450 0
 1851              		.cfi_startproc
 1852              		@ args = 0, pretend = 0, frame = 0
 1853              		@ frame_needed = 1, uses_anonymous_args = 0
 1854 0000 80B5     		push	{r7, lr}
 1855              		.cfi_def_cfa_offset 8
 1856              		.cfi_offset 7, -8
 1857              		.cfi_offset 14, -4
 1858 0002 00AF     		add	r7, sp, #0
 1859              		.cfi_def_cfa_register 7
 451:runtime.c     ****     CyBle_Start(Stack_Handler);
 1860              		.loc 1 451 0
 1861 0004 034B     		ldr	r3, .L89
 1862 0006 1800     		movs	r0, r3
 1863 0008 FFF7FEFF 		bl	CyBle_Start
 452:runtime.c     **** }
 1864              		.loc 1 452 0
 1865 000c C046     		nop
ARM GAS  C:\Users\alexport\AppData\Local\Temp\cc2gMrRa.s 			page 42


 1866 000e BD46     		mov	sp, r7
 1867              		@ sp needed
 1868 0010 80BD     		pop	{r7, pc}
 1869              	.L90:
 1870 0012 C046     		.align	2
 1871              	.L89:
 1872 0014 00000000 		.word	Stack_Handler
 1873              		.cfi_endproc
 1874              	.LFE49:
 1875              		.size	BLE_Start, .-BLE_Start
 1876              		.section	.text.updateData,"ax",%progbits
 1877              		.align	2
 1878              		.global	updateData
 1879              		.code	16
 1880              		.thumb_func
 1881              		.type	updateData, %function
 1882              	updateData:
 1883              	.LFB50:
 453:runtime.c     **** 
 454:runtime.c     **** 
 455:runtime.c     **** void updateData(void){
 1884              		.loc 1 455 0
 1885              		.cfi_startproc
 1886              		@ args = 0, pretend = 0, frame = 16
 1887              		@ frame_needed = 1, uses_anonymous_args = 0
 1888 0000 80B5     		push	{r7, lr}
 1889              		.cfi_def_cfa_offset 8
 1890              		.cfi_offset 7, -8
 1891              		.cfi_offset 14, -4
 1892 0002 84B0     		sub	sp, sp, #16
 1893              		.cfi_def_cfa_offset 24
 1894 0004 00AF     		add	r7, sp, #0
 1895              		.cfi_def_cfa_register 7
 456:runtime.c     ****     uint8_t sys[4];
 457:runtime.c     ****     
 458:runtime.c     ****     
 459:runtime.c     ****     CYBLE_GATTS_HANDLE_VALUE_NTF_T tempHandle;
 460:runtime.c     ****     
 461:runtime.c     ****     if( CyBle_GetState() != CYBLE_STATE_CONNECTED ) return;
 1896              		.loc 1 461 0
 1897 0006 5B4B     		ldr	r3, .L98
 1898 0008 1B78     		ldrb	r3, [r3]
 1899 000a 022B     		cmp	r3, #2
 1900 000c 00D0     		beq	.LCB1586
 1901 000e ACE0     		b	.L97	@long jump
 1902              	.LCB1586:
 462:runtime.c     ****     
 463:runtime.c     ****     /* Update sys gas reading value */
 464:runtime.c     ****     sys[0] =  sensor[SYSREADING1];
 1903              		.loc 1 464 0
 1904 0010 594B     		ldr	r3, .L98+4
 1905 0012 1A79     		ldrb	r2, [r3, #4]
 1906 0014 0C23     		movs	r3, #12
 1907 0016 FB18     		adds	r3, r7, r3
 1908 0018 1A70     		strb	r2, [r3]
 465:runtime.c     ****     sys[1] =  sensor[SYSREADING2];
 1909              		.loc 1 465 0
ARM GAS  C:\Users\alexport\AppData\Local\Temp\cc2gMrRa.s 			page 43


 1910 001a 574B     		ldr	r3, .L98+4
 1911 001c 5A79     		ldrb	r2, [r3, #5]
 1912 001e 0C23     		movs	r3, #12
 1913 0020 FB18     		adds	r3, r7, r3
 1914 0022 5A70     		strb	r2, [r3, #1]
 466:runtime.c     ****     sys[2] =  sensor[SYSREADING3];
 1915              		.loc 1 466 0
 1916 0024 544B     		ldr	r3, .L98+4
 1917 0026 9A79     		ldrb	r2, [r3, #6]
 1918 0028 0C23     		movs	r3, #12
 1919 002a FB18     		adds	r3, r7, r3
 1920 002c 9A70     		strb	r2, [r3, #2]
 467:runtime.c     ****     sys[3] =  sensor[SYSREADING4];
 1921              		.loc 1 467 0
 1922 002e 524B     		ldr	r3, .L98+4
 1923 0030 DA79     		ldrb	r2, [r3, #7]
 1924 0032 0C23     		movs	r3, #12
 1925 0034 FB18     		adds	r3, r7, r3
 1926 0036 DA70     		strb	r2, [r3, #3]
 468:runtime.c     ****     
 469:runtime.c     ****     
 470:runtime.c     ****     
 471:runtime.c     ****     
 472:runtime.c     ****     /* Update sys remote control value */
 473:runtime.c     ****     tempHandle.attrHandle = CYBLE_SGA1_SYS_REMOTE_CHAR_HANDLE;
 1927              		.loc 1 473 0
 1928 0038 3B00     		movs	r3, r7
 1929 003a 1222     		movs	r2, #18
 1930 003c 1A81     		strh	r2, [r3, #8]
 474:runtime.c     ****     tempHandle.value.val = (uint8*)&System.BleControl;
 1931              		.loc 1 474 0
 1932 003e 3B00     		movs	r3, r7
 1933 0040 4E4A     		ldr	r2, .L98+8
 1934 0042 1A60     		str	r2, [r3]
 475:runtime.c     ****     tempHandle.value.len = 1;
 1935              		.loc 1 475 0
 1936 0044 3B00     		movs	r3, r7
 1937 0046 0122     		movs	r2, #1
 1938 0048 9A80     		strh	r2, [r3, #4]
 476:runtime.c     ****     CyBle_GattsWriteAttributeValue(&tempHandle,0,&cyBle_connHandle,0);
 1939              		.loc 1 476 0
 1940 004a 4D4A     		ldr	r2, .L98+12
 1941 004c 3800     		movs	r0, r7
 1942 004e 0023     		movs	r3, #0
 1943 0050 0021     		movs	r1, #0
 1944 0052 FFF7FEFF 		bl	CyBle_GattsWriteAttributeValue
 477:runtime.c     ****     /* If notifications have been requested for remote control value */
 478:runtime.c     ****     if( System.BleNotifyControl && ( System.BleControl != System.BleControlPrevious ) )
 1945              		.loc 1 478 0
 1946 0056 494B     		ldr	r3, .L98+8
 1947 0058 5B79     		ldrb	r3, [r3, #5]
 1948 005a 002B     		cmp	r3, #0
 1949 005c 18D0     		beq	.L94
 1950              		.loc 1 478 0 is_stmt 0 discriminator 1
 1951 005e 474B     		ldr	r3, .L98+8
 1952 0060 1A78     		ldrb	r2, [r3]
 1953 0062 464B     		ldr	r3, .L98+8
ARM GAS  C:\Users\alexport\AppData\Local\Temp\cc2gMrRa.s 			page 44


 1954 0064 5B78     		ldrb	r3, [r3, #1]
 1955 0066 9A42     		cmp	r2, r3
 1956 0068 12D0     		beq	.L94
 479:runtime.c     ****     {
 480:runtime.c     ****         CyBle_GattsNotification( cyBle_connHandle, &tempHandle );               /* Notify the clien
 1957              		.loc 1 480 0 is_stmt 1
 1958 006a 3900     		movs	r1, r7
 1959 006c 444B     		ldr	r3, .L98+12
 1960 006e 1A78     		ldrb	r2, [r3]
 1961 0070 5B78     		ldrb	r3, [r3, #1]
 1962 0072 1B02     		lsls	r3, r3, #8
 1963 0074 1A43     		orrs	r2, r3
 1964 0076 0023     		movs	r3, #0
 1965 0078 1204     		lsls	r2, r2, #16
 1966 007a 120C     		lsrs	r2, r2, #16
 1967 007c 1B0C     		lsrs	r3, r3, #16
 1968 007e 1B04     		lsls	r3, r3, #16
 1969 0080 1343     		orrs	r3, r2
 1970 0082 1800     		movs	r0, r3
 1971 0084 FFF7FEFF 		bl	CyBle_GattsNotification
 481:runtime.c     ****         System.BleControlPrevious = System.BleControl;
 1972              		.loc 1 481 0
 1973 0088 3C4B     		ldr	r3, .L98+8
 1974 008a 1A78     		ldrb	r2, [r3]
 1975 008c 3B4B     		ldr	r3, .L98+8
 1976 008e 5A70     		strb	r2, [r3, #1]
 1977              	.L94:
 482:runtime.c     ****     }
 483:runtime.c     ****     
 484:runtime.c     ****     
 485:runtime.c     ****     
 486:runtime.c     ****     tempHandle.attrHandle = CYBLE_SGA1_SYS_READING_CHAR_HANDLE;
 1978              		.loc 1 486 0
 1979 0090 3B00     		movs	r3, r7
 1980 0092 1622     		movs	r2, #22
 1981 0094 1A81     		strh	r2, [r3, #8]
 487:runtime.c     ****     tempHandle.value.val= (uint8* )&sys;
 1982              		.loc 1 487 0
 1983 0096 3B00     		movs	r3, r7
 1984 0098 0C22     		movs	r2, #12
 1985 009a BA18     		adds	r2, r7, r2
 1986 009c 1A60     		str	r2, [r3]
 488:runtime.c     ****     tempHandle.value.len = 4;
 1987              		.loc 1 488 0
 1988 009e 3B00     		movs	r3, r7
 1989 00a0 0422     		movs	r2, #4
 1990 00a2 9A80     		strh	r2, [r3, #4]
 489:runtime.c     ****     CyBle_GattsWriteAttributeValue(&tempHandle,0,&cyBle_connHandle,0);
 1991              		.loc 1 489 0
 1992 00a4 364A     		ldr	r2, .L98+12
 1993 00a6 3800     		movs	r0, r7
 1994 00a8 0023     		movs	r3, #0
 1995 00aa 0021     		movs	r1, #0
 1996 00ac FFF7FEFF 		bl	CyBle_GattsWriteAttributeValue
 490:runtime.c     ****     if(System.BleNotifyReading){
 1997              		.loc 1 490 0
 1998 00b0 324B     		ldr	r3, .L98+8
ARM GAS  C:\Users\alexport\AppData\Local\Temp\cc2gMrRa.s 			page 45


 1999 00b2 9B78     		ldrb	r3, [r3, #2]
 2000 00b4 002B     		cmp	r3, #0
 2001 00b6 13D0     		beq	.L95
 491:runtime.c     ****         CyBle_GattsNotification( cyBle_connHandle, &tempHandle );               /* Notify the clien
 2002              		.loc 1 491 0
 2003 00b8 3900     		movs	r1, r7
 2004 00ba 314B     		ldr	r3, .L98+12
 2005 00bc 1A78     		ldrb	r2, [r3]
 2006 00be 5B78     		ldrb	r3, [r3, #1]
 2007 00c0 1B02     		lsls	r3, r3, #8
 2008 00c2 1A43     		orrs	r2, r3
 2009 00c4 0023     		movs	r3, #0
 2010 00c6 1204     		lsls	r2, r2, #16
 2011 00c8 120C     		lsrs	r2, r2, #16
 2012 00ca 1B0C     		lsrs	r3, r3, #16
 2013 00cc 1B04     		lsls	r3, r3, #16
 2014 00ce 1343     		orrs	r3, r2
 2015 00d0 1800     		movs	r0, r3
 2016 00d2 FFF7FEFF 		bl	CyBle_GattsNotification
 492:runtime.c     ****         Sensor.ReadingPrevious = Sensor.Reading;
 2017              		.loc 1 492 0
 2018 00d6 2B4B     		ldr	r3, .L98+16
 2019 00d8 1022     		movs	r2, #16
 2020 00da 9A5E     		ldrsh	r2, [r3, r2]
 2021 00dc 294B     		ldr	r3, .L98+16
 2022 00de 5A82     		strh	r2, [r3, #18]
 2023              	.L95:
 493:runtime.c     ****     }
 494:runtime.c     ****     
 495:runtime.c     ****     /* Update SENSOR_STATUS value */
 496:runtime.c     ****     tempHandle.attrHandle = CYBLE_SGA1_SYS_STATUS_CHAR_HANDLE;
 2024              		.loc 1 496 0
 2025 00e0 3B00     		movs	r3, r7
 2026 00e2 1A22     		movs	r2, #26
 2027 00e4 1A81     		strh	r2, [r3, #8]
 497:runtime.c     ****     tempHandle.value.val=(uint8*)&sensor[CALSTATUSMSB];
 2028              		.loc 1 497 0
 2029 00e6 3B00     		movs	r3, r7
 2030 00e8 274A     		ldr	r2, .L98+20
 2031 00ea 1A60     		str	r2, [r3]
 498:runtime.c     ****     tempHandle.value.len = 2;
 2032              		.loc 1 498 0
 2033 00ec 3B00     		movs	r3, r7
 2034 00ee 0222     		movs	r2, #2
 2035 00f0 9A80     		strh	r2, [r3, #4]
 499:runtime.c     ****     CyBle_GattsWriteAttributeValue(&tempHandle,0,&cyBle_connHandle,0);
 2036              		.loc 1 499 0
 2037 00f2 234A     		ldr	r2, .L98+12
 2038 00f4 3800     		movs	r0, r7
 2039 00f6 0023     		movs	r3, #0
 2040 00f8 0021     		movs	r1, #0
 2041 00fa FFF7FEFF 		bl	CyBle_GattsWriteAttributeValue
 500:runtime.c     ****     if(System.BleNotifyReading){
 2042              		.loc 1 500 0
 2043 00fe 1F4B     		ldr	r3, .L98+8
 2044 0100 9B78     		ldrb	r3, [r3, #2]
 2045 0102 002B     		cmp	r3, #0
ARM GAS  C:\Users\alexport\AppData\Local\Temp\cc2gMrRa.s 			page 46


 2046 0104 12D0     		beq	.L96
 501:runtime.c     ****         CyBle_GattsNotification( cyBle_connHandle, &tempHandle );               /* Notify the clien
 2047              		.loc 1 501 0
 2048 0106 3900     		movs	r1, r7
 2049 0108 1D4B     		ldr	r3, .L98+12
 2050 010a 1A78     		ldrb	r2, [r3]
 2051 010c 5B78     		ldrb	r3, [r3, #1]
 2052 010e 1B02     		lsls	r3, r3, #8
 2053 0110 1A43     		orrs	r2, r3
 2054 0112 0023     		movs	r3, #0
 2055 0114 1204     		lsls	r2, r2, #16
 2056 0116 120C     		lsrs	r2, r2, #16
 2057 0118 1B0C     		lsrs	r3, r3, #16
 2058 011a 1B04     		lsls	r3, r3, #16
 2059 011c 1343     		orrs	r3, r2
 2060 011e 1800     		movs	r0, r3
 2061 0120 FFF7FEFF 		bl	CyBle_GattsNotification
 502:runtime.c     ****         Sensor.StatusPrevious = Sensor.Status;
 2062              		.loc 1 502 0
 2063 0124 174B     		ldr	r3, .L98+16
 2064 0126 1A8D     		ldrh	r2, [r3, #40]
 2065 0128 164B     		ldr	r3, .L98+16
 2066 012a 5A85     		strh	r2, [r3, #42]
 2067              	.L96:
 503:runtime.c     ****     }
 504:runtime.c     ****     
 505:runtime.c     ****     
 506:runtime.c     ****     /* Update SENSOR_NOTE value */
 507:runtime.c     ****     tempHandle.attrHandle = CYBLE_SGA2_SENSOR_GAS_NOTE_CHAR_HANDLE;
 2068              		.loc 1 507 0
 2069 012c 3B00     		movs	r3, r7
 2070 012e 5722     		movs	r2, #87
 2071 0130 1A81     		strh	r2, [r3, #8]
 508:runtime.c     ****     tempHandle.value.val = (uint8*)&sensor[COMPAUND1];
 2072              		.loc 1 508 0
 2073 0132 3B00     		movs	r3, r7
 2074 0134 154A     		ldr	r2, .L98+24
 2075 0136 1A60     		str	r2, [r3]
 509:runtime.c     ****     tempHandle.value.len = 10;
 2076              		.loc 1 509 0
 2077 0138 3B00     		movs	r3, r7
 2078 013a 0A22     		movs	r2, #10
 2079 013c 9A80     		strh	r2, [r3, #4]
 510:runtime.c     ****     CyBle_GattsWriteAttributeValue(&tempHandle,0,&cyBle_connHandle,0);
 2080              		.loc 1 510 0
 2081 013e 104A     		ldr	r2, .L98+12
 2082 0140 3800     		movs	r0, r7
 2083 0142 0023     		movs	r3, #0
 2084 0144 0021     		movs	r1, #0
 2085 0146 FFF7FEFF 		bl	CyBle_GattsWriteAttributeValue
 511:runtime.c     ****     
 512:runtime.c     ****     /* Update SENSOR_PIN value */
 513:runtime.c     ****     tempHandle.attrHandle = CYBLE_SGA2_PIN_CHAR_HANDLE;
 2086              		.loc 1 513 0
 2087 014a 3B00     		movs	r3, r7
 2088 014c 4E22     		movs	r2, #78
 2089 014e 1A81     		strh	r2, [r3, #8]
ARM GAS  C:\Users\alexport\AppData\Local\Temp\cc2gMrRa.s 			page 47


 514:runtime.c     ****     tempHandle.value.val = (uint8*)&sensor[UNIT1];
 2090              		.loc 1 514 0
 2091 0150 3B00     		movs	r3, r7
 2092 0152 0F4A     		ldr	r2, .L98+28
 2093 0154 1A60     		str	r2, [r3]
 515:runtime.c     ****     tempHandle.value.len = 4;
 2094              		.loc 1 515 0
 2095 0156 3B00     		movs	r3, r7
 2096 0158 0422     		movs	r2, #4
 2097 015a 9A80     		strh	r2, [r3, #4]
 516:runtime.c     ****     CyBle_GattsWriteAttributeValue(&tempHandle,0,&cyBle_connHandle,0);
 2098              		.loc 1 516 0
 2099 015c 084A     		ldr	r2, .L98+12
 2100 015e 3800     		movs	r0, r7
 2101 0160 0023     		movs	r3, #0
 2102 0162 0021     		movs	r1, #0
 2103 0164 FFF7FEFF 		bl	CyBle_GattsWriteAttributeValue
 2104 0168 00E0     		b	.L91
 2105              	.L97:
 461:runtime.c     ****     
 2106              		.loc 1 461 0
 2107 016a C046     		nop
 2108              	.L91:
 517:runtime.c     ****     // Indication of SYS REMOTE control
 518:runtime.c     **** //    switch(BleControl){
 519:runtime.c     **** //    case 10: LED_Write(0); LED3_Write(0); break;
 520:runtime.c     **** //    case 20: LED_Write(0); LED3_Write(1); break;
 521:runtime.c     **** //    default: LED_Write(1); LED3_Write(1); break;    
 522:runtime.c     **** //    }
 523:runtime.c     ****     
 524:runtime.c     **** }
 2109              		.loc 1 524 0
 2110 016c BD46     		mov	sp, r7
 2111 016e 04B0     		add	sp, sp, #16
 2112              		@ sp needed
 2113 0170 80BD     		pop	{r7, pc}
 2114              	.L99:
 2115 0172 C046     		.align	2
 2116              	.L98:
 2117 0174 00000000 		.word	cyBle_state
 2118 0178 00000000 		.word	sensor
 2119 017c 00000000 		.word	System
 2120 0180 00000000 		.word	cyBle_connHandle
 2121 0184 00000000 		.word	Sensor
 2122 0188 1A000000 		.word	sensor+26
 2123 018c 32000000 		.word	sensor+50
 2124 0190 3C000000 		.word	sensor+60
 2125              		.cfi_endproc
 2126              	.LFE50:
 2127              		.size	updateData, .-updateData
 2128              		.section	.text.updateOurBleData,"ax",%progbits
 2129              		.align	2
 2130              		.global	updateOurBleData
 2131              		.code	16
 2132              		.thumb_func
 2133              		.type	updateOurBleData, %function
 2134              	updateOurBleData:
ARM GAS  C:\Users\alexport\AppData\Local\Temp\cc2gMrRa.s 			page 48


 2135              	.LFB51:
 525:runtime.c     **** 
 526:runtime.c     **** 
 527:runtime.c     **** 
 528:runtime.c     **** void updateOurBleData()
 529:runtime.c     **** {
 2136              		.loc 1 529 0
 2137              		.cfi_startproc
 2138              		@ args = 0, pretend = 0, frame = 48
 2139              		@ frame_needed = 1, uses_anonymous_args = 0
 2140 0000 80B5     		push	{r7, lr}
 2141              		.cfi_def_cfa_offset 8
 2142              		.cfi_offset 7, -8
 2143              		.cfi_offset 14, -4
 2144 0002 8CB0     		sub	sp, sp, #48
 2145              		.cfi_def_cfa_offset 56
 2146 0004 00AF     		add	r7, sp, #0
 2147              		.cfi_def_cfa_register 7
 530:runtime.c     ****     uint8 testVal8 = 0;
 2148              		.loc 1 530 0
 2149 0006 2723     		movs	r3, #39
 2150 0008 FB18     		adds	r3, r7, r3
 2151 000a 0022     		movs	r2, #0
 2152 000c 1A70     		strb	r2, [r3]
 531:runtime.c     ****     uint16 testVal16 = 0;
 2153              		.loc 1 531 0
 2154 000e 2E23     		movs	r3, #46
 2155 0010 FB18     		adds	r3, r7, r3
 2156 0012 0022     		movs	r2, #0
 2157 0014 1A80     		strh	r2, [r3]
 532:runtime.c     ****     uint32 testVal32 = 0;
 2158              		.loc 1 532 0
 2159 0016 0023     		movs	r3, #0
 2160 0018 BB62     		str	r3, [r7, #40]
 533:runtime.c     ****     
 534:runtime.c     ****     CYBLE_GATTS_HANDLE_VALUE_NTF_T tempHandle;
 535:runtime.c     ****     
 536:runtime.c     ****     /* Update sys gas reading value */
 537:runtime.c     ****     uint8_t sys[4];
 538:runtime.c     ****     sys[0] =  sensor[SYSREADING1];
 2161              		.loc 1 538 0
 2162 001a F54B     		ldr	r3, .L117
 2163 001c 1A79     		ldrb	r2, [r3, #4]
 2164 001e 1423     		movs	r3, #20
 2165 0020 FB18     		adds	r3, r7, r3
 2166 0022 1A70     		strb	r2, [r3]
 539:runtime.c     ****     sys[1] =  sensor[SYSREADING2];
 2167              		.loc 1 539 0
 2168 0024 F24B     		ldr	r3, .L117
 2169 0026 5A79     		ldrb	r2, [r3, #5]
 2170 0028 1423     		movs	r3, #20
 2171 002a FB18     		adds	r3, r7, r3
 2172 002c 5A70     		strb	r2, [r3, #1]
 540:runtime.c     ****     sys[2] =  sensor[SYSREADING3];
 2173              		.loc 1 540 0
 2174 002e F04B     		ldr	r3, .L117
 2175 0030 9A79     		ldrb	r2, [r3, #6]
ARM GAS  C:\Users\alexport\AppData\Local\Temp\cc2gMrRa.s 			page 49


 2176 0032 1423     		movs	r3, #20
 2177 0034 FB18     		adds	r3, r7, r3
 2178 0036 9A70     		strb	r2, [r3, #2]
 541:runtime.c     ****     sys[3] =  sensor[SYSREADING4];
 2179              		.loc 1 541 0
 2180 0038 ED4B     		ldr	r3, .L117
 2181 003a DA79     		ldrb	r2, [r3, #7]
 2182 003c 1423     		movs	r3, #20
 2183 003e FB18     		adds	r3, r7, r3
 2184 0040 DA70     		strb	r2, [r3, #3]
 542:runtime.c     ****     
 543:runtime.c     ****     
 544:runtime.c     ****     if( CyBle_GetState() != CYBLE_STATE_CONNECTED ) return;
 2185              		.loc 1 544 0
 2186 0042 EC4B     		ldr	r3, .L117+4
 2187 0044 1B78     		ldrb	r3, [r3]
 2188 0046 022B     		cmp	r3, #2
 2189 0048 01D0     		beq	.LCB1830
 2190 004a 00F026FC 		bl	.L116	@far jump
 2191              	.LCB1830:
 545:runtime.c     **** 
 546:runtime.c     ****     /* Update sys remote control value */
 547:runtime.c     ****     tempHandle.attrHandle = CYBLE_SGA1_SYS_REMOTE_CHAR_HANDLE;
 2192              		.loc 1 547 0
 2193 004e 1823     		movs	r3, #24
 2194 0050 FB18     		adds	r3, r7, r3
 2195 0052 1222     		movs	r2, #18
 2196 0054 1A81     		strh	r2, [r3, #8]
 548:runtime.c     ****     tempHandle.value.val = (uint8*)&sensor[SYSREMOTEMSB];//&System.BleControl;
 2197              		.loc 1 548 0
 2198 0056 1823     		movs	r3, #24
 2199 0058 FB18     		adds	r3, r7, r3
 2200 005a E74A     		ldr	r2, .L117+8
 2201 005c 1A60     		str	r2, [r3]
 549:runtime.c     ****     tempHandle.value.len = 1;
 2202              		.loc 1 549 0
 2203 005e 1823     		movs	r3, #24
 2204 0060 FB18     		adds	r3, r7, r3
 2205 0062 0122     		movs	r2, #1
 2206 0064 9A80     		strh	r2, [r3, #4]
 550:runtime.c     ****     CyBle_GattsWriteAttributeValue(&tempHandle,0,&cyBle_connHandle,0);
 2207              		.loc 1 550 0
 2208 0066 E54A     		ldr	r2, .L117+12
 2209 0068 1823     		movs	r3, #24
 2210 006a F818     		adds	r0, r7, r3
 2211 006c 0023     		movs	r3, #0
 2212 006e 0021     		movs	r1, #0
 2213 0070 FFF7FEFF 		bl	CyBle_GattsWriteAttributeValue
 551:runtime.c     ****     /* If notifications have been requested for remote control value */
 552:runtime.c     ****     if( System.BleNotifyControl && ( System.BleControl != System.BleControlPrevious ) )
 2214              		.loc 1 552 0
 2215 0074 E24B     		ldr	r3, .L117+16
 2216 0076 5B79     		ldrb	r3, [r3, #5]
 2217 0078 002B     		cmp	r3, #0
 2218 007a 19D0     		beq	.L103
 2219              		.loc 1 552 0 is_stmt 0 discriminator 1
 2220 007c E04B     		ldr	r3, .L117+16
ARM GAS  C:\Users\alexport\AppData\Local\Temp\cc2gMrRa.s 			page 50


 2221 007e 1A78     		ldrb	r2, [r3]
 2222 0080 DF4B     		ldr	r3, .L117+16
 2223 0082 5B78     		ldrb	r3, [r3, #1]
 2224 0084 9A42     		cmp	r2, r3
 2225 0086 13D0     		beq	.L103
 553:runtime.c     ****     {
 554:runtime.c     ****         CyBle_GattsNotification( cyBle_connHandle, &tempHandle );               /* Notify the clien
 2226              		.loc 1 554 0 is_stmt 1
 2227 0088 1823     		movs	r3, #24
 2228 008a F918     		adds	r1, r7, r3
 2229 008c DB4B     		ldr	r3, .L117+12
 2230 008e 1A78     		ldrb	r2, [r3]
 2231 0090 5B78     		ldrb	r3, [r3, #1]
 2232 0092 1B02     		lsls	r3, r3, #8
 2233 0094 1A43     		orrs	r2, r3
 2234 0096 0023     		movs	r3, #0
 2235 0098 1204     		lsls	r2, r2, #16
 2236 009a 120C     		lsrs	r2, r2, #16
 2237 009c 1B0C     		lsrs	r3, r3, #16
 2238 009e 1B04     		lsls	r3, r3, #16
 2239 00a0 1343     		orrs	r3, r2
 2240 00a2 1800     		movs	r0, r3
 2241 00a4 FFF7FEFF 		bl	CyBle_GattsNotification
 555:runtime.c     ****         System.BleControlPrevious = System.BleControl;
 2242              		.loc 1 555 0
 2243 00a8 D54B     		ldr	r3, .L117+16
 2244 00aa 1A78     		ldrb	r2, [r3]
 2245 00ac D44B     		ldr	r3, .L117+16
 2246 00ae 5A70     		strb	r2, [r3, #1]
 2247              	.L103:
 556:runtime.c     ****     }
 557:runtime.c     **** 
 558:runtime.c     ****     /* Update sys gas reading value */
 559:runtime.c     ****     tempHandle.attrHandle = CYBLE_SGA1_SYS_READING_CHAR_HANDLE;
 2248              		.loc 1 559 0
 2249 00b0 1823     		movs	r3, #24
 2250 00b2 FB18     		adds	r3, r7, r3
 2251 00b4 1622     		movs	r2, #22
 2252 00b6 1A81     		strh	r2, [r3, #8]
 560:runtime.c     ****     tempHandle.value.val = (uint8*)&sys;//&testVal8;
 2253              		.loc 1 560 0
 2254 00b8 1823     		movs	r3, #24
 2255 00ba FB18     		adds	r3, r7, r3
 2256 00bc 1422     		movs	r2, #20
 2257 00be BA18     		adds	r2, r7, r2
 2258 00c0 1A60     		str	r2, [r3]
 561:runtime.c     ****     tempHandle.value.len = 4;
 2259              		.loc 1 561 0
 2260 00c2 1823     		movs	r3, #24
 2261 00c4 FB18     		adds	r3, r7, r3
 2262 00c6 0422     		movs	r2, #4
 2263 00c8 9A80     		strh	r2, [r3, #4]
 562:runtime.c     ****     CyBle_GattsWriteAttributeValue(&tempHandle,0,&cyBle_connHandle,0);
 2264              		.loc 1 562 0
 2265 00ca CC4A     		ldr	r2, .L117+12
 2266 00cc 1823     		movs	r3, #24
 2267 00ce F818     		adds	r0, r7, r3
ARM GAS  C:\Users\alexport\AppData\Local\Temp\cc2gMrRa.s 			page 51


 2268 00d0 0023     		movs	r3, #0
 2269 00d2 0021     		movs	r1, #0
 2270 00d4 FFF7FEFF 		bl	CyBle_GattsWriteAttributeValue
 563:runtime.c     ****     /* If notifications have been requested for Sensor Reading */
 564:runtime.c     ****     if( System.BleNotifyReading)// && ( Sensor.Reading != Sensor.ReadingPrevious ) )
 2271              		.loc 1 564 0
 2272 00d8 C94B     		ldr	r3, .L117+16
 2273 00da 9B78     		ldrb	r3, [r3, #2]
 2274 00dc 002B     		cmp	r3, #0
 2275 00de 14D0     		beq	.L104
 565:runtime.c     ****     {
 566:runtime.c     ****         CyBle_GattsNotification( cyBle_connHandle, &tempHandle );               /* Notify the clien
 2276              		.loc 1 566 0
 2277 00e0 1823     		movs	r3, #24
 2278 00e2 F918     		adds	r1, r7, r3
 2279 00e4 C54B     		ldr	r3, .L117+12
 2280 00e6 1A78     		ldrb	r2, [r3]
 2281 00e8 5B78     		ldrb	r3, [r3, #1]
 2282 00ea 1B02     		lsls	r3, r3, #8
 2283 00ec 1A43     		orrs	r2, r3
 2284 00ee 0023     		movs	r3, #0
 2285 00f0 1204     		lsls	r2, r2, #16
 2286 00f2 120C     		lsrs	r2, r2, #16
 2287 00f4 1B0C     		lsrs	r3, r3, #16
 2288 00f6 1B04     		lsls	r3, r3, #16
 2289 00f8 1343     		orrs	r3, r2
 2290 00fa 1800     		movs	r0, r3
 2291 00fc FFF7FEFF 		bl	CyBle_GattsNotification
 567:runtime.c     ****         Sensor.ReadingPrevious = Sensor.Reading;
 2292              		.loc 1 567 0
 2293 0100 C04B     		ldr	r3, .L117+20
 2294 0102 1022     		movs	r2, #16
 2295 0104 9A5E     		ldrsh	r2, [r3, r2]
 2296 0106 BF4B     		ldr	r3, .L117+20
 2297 0108 5A82     		strh	r2, [r3, #18]
 2298              	.L104:
 568:runtime.c     ****     }
 569:runtime.c     **** 
 570:runtime.c     ****     /* Update sys remote status value */
 571:runtime.c     ****     tempHandle.attrHandle = CYBLE_SGA1_SYS_STATUS_CHAR_HANDLE;
 2299              		.loc 1 571 0
 2300 010a 1823     		movs	r3, #24
 2301 010c FB18     		adds	r3, r7, r3
 2302 010e 1A22     		movs	r2, #26
 2303 0110 1A81     		strh	r2, [r3, #8]
 572:runtime.c     ****     tempHandle.value.val = (uint8*)&sensor[STATUSMSB];//&System.Status;
 2304              		.loc 1 572 0
 2305 0112 1823     		movs	r3, #24
 2306 0114 FB18     		adds	r3, r7, r3
 2307 0116 BC4A     		ldr	r2, .L117+24
 2308 0118 1A60     		str	r2, [r3]
 573:runtime.c     ****     tempHandle.value.len = 2;
 2309              		.loc 1 573 0
 2310 011a 1823     		movs	r3, #24
 2311 011c FB18     		adds	r3, r7, r3
 2312 011e 0222     		movs	r2, #2
 2313 0120 9A80     		strh	r2, [r3, #4]
ARM GAS  C:\Users\alexport\AppData\Local\Temp\cc2gMrRa.s 			page 52


 574:runtime.c     ****     CyBle_GattsWriteAttributeValue(&tempHandle,0,&cyBle_connHandle,0);
 2314              		.loc 1 574 0
 2315 0122 B64A     		ldr	r2, .L117+12
 2316 0124 1823     		movs	r3, #24
 2317 0126 F818     		adds	r0, r7, r3
 2318 0128 0023     		movs	r3, #0
 2319 012a 0021     		movs	r1, #0
 2320 012c FFF7FEFF 		bl	CyBle_GattsWriteAttributeValue
 575:runtime.c     ****     /* If notifications have been requested for Sensor Status */
 576:runtime.c     ****     if( System.BleNotifyStatus)// && ( System.Status != System.StatusPrevious ) )
 2321              		.loc 1 576 0
 2322 0130 B34B     		ldr	r3, .L117+16
 2323 0132 DB78     		ldrb	r3, [r3, #3]
 2324 0134 002B     		cmp	r3, #0
 2325 0136 13D0     		beq	.L105
 577:runtime.c     ****     {
 578:runtime.c     ****         CyBle_GattsNotification( cyBle_connHandle, &tempHandle );               /* Notify the clien
 2326              		.loc 1 578 0
 2327 0138 1823     		movs	r3, #24
 2328 013a F918     		adds	r1, r7, r3
 2329 013c AF4B     		ldr	r3, .L117+12
 2330 013e 1A78     		ldrb	r2, [r3]
 2331 0140 5B78     		ldrb	r3, [r3, #1]
 2332 0142 1B02     		lsls	r3, r3, #8
 2333 0144 1A43     		orrs	r2, r3
 2334 0146 0023     		movs	r3, #0
 2335 0148 1204     		lsls	r2, r2, #16
 2336 014a 120C     		lsrs	r2, r2, #16
 2337 014c 1B0C     		lsrs	r3, r3, #16
 2338 014e 1B04     		lsls	r3, r3, #16
 2339 0150 1343     		orrs	r3, r2
 2340 0152 1800     		movs	r0, r3
 2341 0154 FFF7FEFF 		bl	CyBle_GattsNotification
 579:runtime.c     ****         System.StatusPrevious = System.Status;
 2342              		.loc 1 579 0
 2343 0158 A94B     		ldr	r3, .L117+16
 2344 015a 5A8B     		ldrh	r2, [r3, #26]
 2345 015c A84B     		ldr	r3, .L117+16
 2346 015e 9A83     		strh	r2, [r3, #28]
 2347              	.L105:
 580:runtime.c     ****     }
 581:runtime.c     **** 
 582:runtime.c     ****     /* Update CAN Channel value */
 583:runtime.c     ****     tempHandle.attrHandle = CYBLE_SGA1_SYS_CAN_CHAN_CHAR_HANDLE;
 2348              		.loc 1 583 0
 2349 0160 1823     		movs	r3, #24
 2350 0162 FB18     		adds	r3, r7, r3
 2351 0164 1E22     		movs	r2, #30
 2352 0166 1A81     		strh	r2, [r3, #8]
 584:runtime.c     ****     tempHandle.value.val = (uint8*)&System.CanChannel;//&Sensor.CountsHalfScale;
 2353              		.loc 1 584 0
 2354 0168 1823     		movs	r3, #24
 2355 016a FB18     		adds	r3, r7, r3
 2356 016c A74A     		ldr	r2, .L117+28
 2357 016e 1A60     		str	r2, [r3]
 585:runtime.c     ****     tempHandle.value.len = 1;
 2358              		.loc 1 585 0
ARM GAS  C:\Users\alexport\AppData\Local\Temp\cc2gMrRa.s 			page 53


 2359 0170 1823     		movs	r3, #24
 2360 0172 FB18     		adds	r3, r7, r3
 2361 0174 0122     		movs	r2, #1
 2362 0176 9A80     		strh	r2, [r3, #4]
 586:runtime.c     ****     CyBle_GattsWriteAttributeValue(&tempHandle,0,&cyBle_connHandle,0);
 2363              		.loc 1 586 0
 2364 0178 A04A     		ldr	r2, .L117+12
 2365 017a 1823     		movs	r3, #24
 2366 017c F818     		adds	r0, r7, r3
 2367 017e 0023     		movs	r3, #0
 2368 0180 0021     		movs	r1, #0
 2369 0182 FFF7FEFF 		bl	CyBle_GattsWriteAttributeValue
 587:runtime.c     **** 
 588:runtime.c     ****     /* Update CAN Node ID value */
 589:runtime.c     ****     tempHandle.attrHandle = CYBLE_SGA1_SYS_CAN_ID_CHAR_HANDLE;
 2370              		.loc 1 589 0
 2371 0186 1823     		movs	r3, #24
 2372 0188 FB18     		adds	r3, r7, r3
 2373 018a 2122     		movs	r2, #33
 2374 018c 1A81     		strh	r2, [r3, #8]
 590:runtime.c     ****     tempHandle.value.val = (uint8*)&mySlaveAddr;//&System.CanNodeId;
 2375              		.loc 1 590 0
 2376 018e 1823     		movs	r3, #24
 2377 0190 FB18     		adds	r3, r7, r3
 2378 0192 9F4A     		ldr	r2, .L117+32
 2379 0194 1A60     		str	r2, [r3]
 591:runtime.c     ****     tempHandle.value.len = 1;
 2380              		.loc 1 591 0
 2381 0196 1823     		movs	r3, #24
 2382 0198 FB18     		adds	r3, r7, r3
 2383 019a 0122     		movs	r2, #1
 2384 019c 9A80     		strh	r2, [r3, #4]
 592:runtime.c     ****     CyBle_GattsWriteAttributeValue(&tempHandle,0,&cyBle_connHandle,0);
 2385              		.loc 1 592 0
 2386 019e 974A     		ldr	r2, .L117+12
 2387 01a0 1823     		movs	r3, #24
 2388 01a2 F818     		adds	r0, r7, r3
 2389 01a4 0023     		movs	r3, #0
 2390 01a6 0021     		movs	r1, #0
 2391 01a8 FFF7FEFF 		bl	CyBle_GattsWriteAttributeValue
 593:runtime.c     **** 
 594:runtime.c     ****     /* Update SYS_CAL_LOOP value */
 595:runtime.c     ****     tempHandle.attrHandle = CYBLE_SGA1_SYS_CAL_LOOP_CHAR_HANDLE;
 2392              		.loc 1 595 0
 2393 01ac 1823     		movs	r3, #24
 2394 01ae FB18     		adds	r3, r7, r3
 2395 01b0 2422     		movs	r2, #36
 2396 01b2 1A81     		strh	r2, [r3, #8]
 596:runtime.c     ****     tempHandle.value.val = (uint8*)&System.BleCalLoop;
 2397              		.loc 1 596 0
 2398 01b4 1823     		movs	r3, #24
 2399 01b6 FB18     		adds	r3, r7, r3
 2400 01b8 964A     		ldr	r2, .L117+36
 2401 01ba 1A60     		str	r2, [r3]
 597:runtime.c     ****     tempHandle.value.len = 2;
 2402              		.loc 1 597 0
 2403 01bc 1823     		movs	r3, #24
ARM GAS  C:\Users\alexport\AppData\Local\Temp\cc2gMrRa.s 			page 54


 2404 01be FB18     		adds	r3, r7, r3
 2405 01c0 0222     		movs	r2, #2
 2406 01c2 9A80     		strh	r2, [r3, #4]
 598:runtime.c     ****     CyBle_GattsWriteAttributeValue(&tempHandle,0,&cyBle_connHandle,0);
 2407              		.loc 1 598 0
 2408 01c4 8D4A     		ldr	r2, .L117+12
 2409 01c6 1823     		movs	r3, #24
 2410 01c8 F818     		adds	r0, r7, r3
 2411 01ca 0023     		movs	r3, #0
 2412 01cc 0021     		movs	r1, #0
 2413 01ce FFF7FEFF 		bl	CyBle_GattsWriteAttributeValue
 599:runtime.c     **** 
 600:runtime.c     ****     /* Update SYS_ADC value */
 601:runtime.c     ****     tempHandle.attrHandle = CYBLE_SGA1_SYS_ADC_CHAR_HANDLE;
 2414              		.loc 1 601 0
 2415 01d2 1823     		movs	r3, #24
 2416 01d4 FB18     		adds	r3, r7, r3
 2417 01d6 2722     		movs	r2, #39
 2418 01d8 1A81     		strh	r2, [r3, #8]
 602:runtime.c     ****     tempHandle.value.val = (uint8*)&System.AdcCounts;
 2419              		.loc 1 602 0
 2420 01da 1823     		movs	r3, #24
 2421 01dc FB18     		adds	r3, r7, r3
 2422 01de 8E4A     		ldr	r2, .L117+40
 2423 01e0 1A60     		str	r2, [r3]
 603:runtime.c     ****     tempHandle.value.len = 2;
 2424              		.loc 1 603 0
 2425 01e2 1823     		movs	r3, #24
 2426 01e4 FB18     		adds	r3, r7, r3
 2427 01e6 0222     		movs	r2, #2
 2428 01e8 9A80     		strh	r2, [r3, #4]
 604:runtime.c     ****     CyBle_GattsWriteAttributeValue(&tempHandle,0,&cyBle_connHandle,0);
 2429              		.loc 1 604 0
 2430 01ea 844A     		ldr	r2, .L117+12
 2431 01ec 1823     		movs	r3, #24
 2432 01ee F818     		adds	r0, r7, r3
 2433 01f0 0023     		movs	r3, #0
 2434 01f2 0021     		movs	r1, #0
 2435 01f4 FFF7FEFF 		bl	CyBle_GattsWriteAttributeValue
 605:runtime.c     ****     /* If notifications have been requested for AdcCounts */
 606:runtime.c     ****     if( System.BleNotifyAdcCounts && ( System.AdcCounts != System.AdcCountsPrevious ) )
 2436              		.loc 1 606 0
 2437 01f8 814B     		ldr	r3, .L117+16
 2438 01fa 9B7C     		ldrb	r3, [r3, #18]
 2439 01fc 002B     		cmp	r3, #0
 2440 01fe 19D0     		beq	.L106
 2441              		.loc 1 606 0 is_stmt 0 discriminator 1
 2442 0200 7F4B     		ldr	r3, .L117+16
 2443 0202 DA8A     		ldrh	r2, [r3, #22]
 2444 0204 7E4B     		ldr	r3, .L117+16
 2445 0206 1B8B     		ldrh	r3, [r3, #24]
 2446 0208 9A42     		cmp	r2, r3
 2447 020a 13D0     		beq	.L106
 607:runtime.c     ****     {
 608:runtime.c     ****         CyBle_GattsNotification( cyBle_connHandle, &tempHandle );               /* Notify the clien
 2448              		.loc 1 608 0 is_stmt 1
 2449 020c 1823     		movs	r3, #24
ARM GAS  C:\Users\alexport\AppData\Local\Temp\cc2gMrRa.s 			page 55


 2450 020e F918     		adds	r1, r7, r3
 2451 0210 7A4B     		ldr	r3, .L117+12
 2452 0212 1A78     		ldrb	r2, [r3]
 2453 0214 5B78     		ldrb	r3, [r3, #1]
 2454 0216 1B02     		lsls	r3, r3, #8
 2455 0218 1A43     		orrs	r2, r3
 2456 021a 0023     		movs	r3, #0
 2457 021c 1204     		lsls	r2, r2, #16
 2458 021e 120C     		lsrs	r2, r2, #16
 2459 0220 1B0C     		lsrs	r3, r3, #16
 2460 0222 1B04     		lsls	r3, r3, #16
 2461 0224 1343     		orrs	r3, r2
 2462 0226 1800     		movs	r0, r3
 2463 0228 FFF7FEFF 		bl	CyBle_GattsNotification
 609:runtime.c     ****         System.AdcCountsPrevious = System.AdcCounts;
 2464              		.loc 1 609 0
 2465 022c 744B     		ldr	r3, .L117+16
 2466 022e DA8A     		ldrh	r2, [r3, #22]
 2467 0230 734B     		ldr	r3, .L117+16
 2468 0232 1A83     		strh	r2, [r3, #24]
 2469              	.L106:
 610:runtime.c     ****     }
 611:runtime.c     **** 
 612:runtime.c     ****     /* Update SYS_ALERT_1 value */
 613:runtime.c     ****     tempHandle.attrHandle = CYBLE_SGA1_SYS_ALERT_1_CHAR_HANDLE;
 2470              		.loc 1 613 0
 2471 0234 1823     		movs	r3, #24
 2472 0236 FB18     		adds	r3, r7, r3
 2473 0238 2B22     		movs	r2, #43
 2474 023a 1A81     		strh	r2, [r3, #8]
 614:runtime.c     ****     tempHandle.value.val = (uint8*)&testVal8;
 2475              		.loc 1 614 0
 2476 023c 1823     		movs	r3, #24
 2477 023e FB18     		adds	r3, r7, r3
 2478 0240 2722     		movs	r2, #39
 2479 0242 BA18     		adds	r2, r7, r2
 2480 0244 1A60     		str	r2, [r3]
 615:runtime.c     ****     tempHandle.value.len = 2;
 2481              		.loc 1 615 0
 2482 0246 1823     		movs	r3, #24
 2483 0248 FB18     		adds	r3, r7, r3
 2484 024a 0222     		movs	r2, #2
 2485 024c 9A80     		strh	r2, [r3, #4]
 616:runtime.c     ****     CyBle_GattsWriteAttributeValue(&tempHandle,0,&cyBle_connHandle,0);
 2486              		.loc 1 616 0
 2487 024e 6B4A     		ldr	r2, .L117+12
 2488 0250 1823     		movs	r3, #24
 2489 0252 F818     		adds	r0, r7, r3
 2490 0254 0023     		movs	r3, #0
 2491 0256 0021     		movs	r1, #0
 2492 0258 FFF7FEFF 		bl	CyBle_GattsWriteAttributeValue
 617:runtime.c     **** 
 618:runtime.c     ****     /* Update SYS_ALERT_2 value */
 619:runtime.c     ****     tempHandle.attrHandle = CYBLE_SGA1_SYS_ALERT_2_CHAR_HANDLE;
 2493              		.loc 1 619 0
 2494 025c 1823     		movs	r3, #24
 2495 025e FB18     		adds	r3, r7, r3
ARM GAS  C:\Users\alexport\AppData\Local\Temp\cc2gMrRa.s 			page 56


 2496 0260 2E22     		movs	r2, #46
 2497 0262 1A81     		strh	r2, [r3, #8]
 620:runtime.c     ****     tempHandle.value.val = (uint8*)&testVal8;
 2498              		.loc 1 620 0
 2499 0264 1823     		movs	r3, #24
 2500 0266 FB18     		adds	r3, r7, r3
 2501 0268 2722     		movs	r2, #39
 2502 026a BA18     		adds	r2, r7, r2
 2503 026c 1A60     		str	r2, [r3]
 621:runtime.c     ****     tempHandle.value.len = 2;
 2504              		.loc 1 621 0
 2505 026e 1823     		movs	r3, #24
 2506 0270 FB18     		adds	r3, r7, r3
 2507 0272 0222     		movs	r2, #2
 2508 0274 9A80     		strh	r2, [r3, #4]
 622:runtime.c     ****     CyBle_GattsWriteAttributeValue(&tempHandle,0,&cyBle_connHandle,0);
 2509              		.loc 1 622 0
 2510 0276 614A     		ldr	r2, .L117+12
 2511 0278 1823     		movs	r3, #24
 2512 027a F818     		adds	r0, r7, r3
 2513 027c 0023     		movs	r3, #0
 2514 027e 0021     		movs	r1, #0
 2515 0280 FFF7FEFF 		bl	CyBle_GattsWriteAttributeValue
 623:runtime.c     **** 
 624:runtime.c     ****     /* Update PIN value */
 625:runtime.c     ****     tempHandle.attrHandle = CYBLE_SGA2_PIN_CHAR_HANDLE;
 2516              		.loc 1 625 0
 2517 0284 1823     		movs	r3, #24
 2518 0286 FB18     		adds	r3, r7, r3
 2519 0288 4E22     		movs	r2, #78
 2520 028a 1A81     		strh	r2, [r3, #8]
 626:runtime.c     ****     tempHandle.value.val = (uint8*)&System.Pin;
 2521              		.loc 1 626 0
 2522 028c 1823     		movs	r3, #24
 2523 028e FB18     		adds	r3, r7, r3
 2524 0290 624A     		ldr	r2, .L117+44
 2525 0292 1A60     		str	r2, [r3]
 627:runtime.c     ****     tempHandle.value.len = 4;
 2526              		.loc 1 627 0
 2527 0294 1823     		movs	r3, #24
 2528 0296 FB18     		adds	r3, r7, r3
 2529 0298 0422     		movs	r2, #4
 2530 029a 9A80     		strh	r2, [r3, #4]
 628:runtime.c     ****     CyBle_GattsWriteAttributeValue(&tempHandle,0,&cyBle_connHandle,0);
 2531              		.loc 1 628 0
 2532 029c 574A     		ldr	r2, .L117+12
 2533 029e 1823     		movs	r3, #24
 2534 02a0 F818     		adds	r0, r7, r3
 2535 02a2 0023     		movs	r3, #0
 2536 02a4 0021     		movs	r1, #0
 2537 02a6 FFF7FEFF 		bl	CyBle_GattsWriteAttributeValue
 629:runtime.c     **** 
 630:runtime.c     ****     /* Update SENSOR_TYPE value ( This is actually mfg ) */
 631:runtime.c     ****     tempHandle.attrHandle = CYBLE_SGA2_SENSOR_TYPE_CHAR_HANDLE;
 2538              		.loc 1 631 0
 2539 02aa 1823     		movs	r3, #24
 2540 02ac FB18     		adds	r3, r7, r3
ARM GAS  C:\Users\alexport\AppData\Local\Temp\cc2gMrRa.s 			page 57


 2541 02ae 5122     		movs	r2, #81
 2542 02b0 1A81     		strh	r2, [r3, #8]
 632:runtime.c     ****     tempHandle.value.val = (uint8*)&testVal8;
 2543              		.loc 1 632 0
 2544 02b2 1823     		movs	r3, #24
 2545 02b4 FB18     		adds	r3, r7, r3
 2546 02b6 2722     		movs	r2, #39
 2547 02b8 BA18     		adds	r2, r7, r2
 2548 02ba 1A60     		str	r2, [r3]
 633:runtime.c     ****     tempHandle.value.len = 1;
 2549              		.loc 1 633 0
 2550 02bc 1823     		movs	r3, #24
 2551 02be FB18     		adds	r3, r7, r3
 2552 02c0 0122     		movs	r2, #1
 2553 02c2 9A80     		strh	r2, [r3, #4]
 634:runtime.c     ****     CyBle_GattsWriteAttributeValue(&tempHandle,0,&cyBle_connHandle,0);
 2554              		.loc 1 634 0
 2555 02c4 4D4A     		ldr	r2, .L117+12
 2556 02c6 1823     		movs	r3, #24
 2557 02c8 F818     		adds	r0, r7, r3
 2558 02ca 0023     		movs	r3, #0
 2559 02cc 0021     		movs	r1, #0
 2560 02ce FFF7FEFF 		bl	CyBle_GattsWriteAttributeValue
 635:runtime.c     **** 
 636:runtime.c     ****     /* Update gas range value */
 637:runtime.c     ****     uint8_t rangeLE[2];
 638:runtime.c     ****     rangeLE[0] = sensor[FULLSCALERANGE4];
 2561              		.loc 1 638 0
 2562 02d2 474B     		ldr	r3, .L117
 2563 02d4 3122     		movs	r2, #49
 2564 02d6 9A5C     		ldrb	r2, [r3, r2]
 2565 02d8 1023     		movs	r3, #16
 2566 02da FB18     		adds	r3, r7, r3
 2567 02dc 1A70     		strb	r2, [r3]
 639:runtime.c     ****     rangeLE[1] = sensor[FULLSCALERANGE3];
 2568              		.loc 1 639 0
 2569 02de 444B     		ldr	r3, .L117
 2570 02e0 3022     		movs	r2, #48
 2571 02e2 9A5C     		ldrb	r2, [r3, r2]
 2572 02e4 1023     		movs	r3, #16
 2573 02e6 FB18     		adds	r3, r7, r3
 2574 02e8 5A70     		strb	r2, [r3, #1]
 640:runtime.c     ****     tempHandle.attrHandle = CYBLE_SGA2_SENSOR_RANGE_CHAR_HANDLE;
 2575              		.loc 1 640 0
 2576 02ea 1823     		movs	r3, #24
 2577 02ec FB18     		adds	r3, r7, r3
 2578 02ee 5422     		movs	r2, #84
 2579 02f0 1A81     		strh	r2, [r3, #8]
 641:runtime.c     ****     tempHandle.value.val = (uint8*)&rangeLE[0]; //&sensor[FULLSCALERANGE3];//&testVal8;  
 2580              		.loc 1 641 0
 2581 02f2 1823     		movs	r3, #24
 2582 02f4 FB18     		adds	r3, r7, r3
 2583 02f6 1022     		movs	r2, #16
 2584 02f8 BA18     		adds	r2, r7, r2
 2585 02fa 1A60     		str	r2, [r3]
 642:runtime.c     ****     tempHandle.value.len = 2;
 2586              		.loc 1 642 0
ARM GAS  C:\Users\alexport\AppData\Local\Temp\cc2gMrRa.s 			page 58


 2587 02fc 1823     		movs	r3, #24
 2588 02fe FB18     		adds	r3, r7, r3
 2589 0300 0222     		movs	r2, #2
 2590 0302 9A80     		strh	r2, [r3, #4]
 643:runtime.c     ****     CyBle_GattsWriteAttributeValue(&tempHandle,0,&cyBle_connHandle,0);
 2591              		.loc 1 643 0
 2592 0304 3D4A     		ldr	r2, .L117+12
 2593 0306 1823     		movs	r3, #24
 2594 0308 F818     		adds	r0, r7, r3
 2595 030a 0023     		movs	r3, #0
 2596 030c 0021     		movs	r1, #0
 2597 030e FFF7FEFF 		bl	CyBle_GattsWriteAttributeValue
 644:runtime.c     **** 
 645:runtime.c     ****     /* Update SENSOR_NOTE value */
 646:runtime.c     ****     tempHandle.attrHandle = CYBLE_SGA2_SENSOR_GAS_NOTE_CHAR_HANDLE;
 2598              		.loc 1 646 0
 2599 0312 1823     		movs	r3, #24
 2600 0314 FB18     		adds	r3, r7, r3
 2601 0316 5722     		movs	r2, #87
 2602 0318 1A81     		strh	r2, [r3, #8]
 647:runtime.c     ****     char str[12];
 648:runtime.c     ****     remove_trailing_spaces(str, (char*)&sensor[COMPAUND1]);
 2603              		.loc 1 648 0
 2604 031a 414A     		ldr	r2, .L117+48
 2605 031c 3B1D     		adds	r3, r7, #4
 2606 031e 1100     		movs	r1, r2
 2607 0320 1800     		movs	r0, r3
 2608 0322 FFF7FEFF 		bl	remove_trailing_spaces
 649:runtime.c     ****     strcat(str, " ");
 2609              		.loc 1 649 0
 2610 0326 3B1D     		adds	r3, r7, #4
 2611 0328 1800     		movs	r0, r3
 2612 032a FFF7FEFF 		bl	strlen
 2613 032e 0300     		movs	r3, r0
 2614 0330 1A00     		movs	r2, r3
 2615 0332 3B1D     		adds	r3, r7, #4
 2616 0334 9A18     		adds	r2, r3, r2
 2617 0336 3B4B     		ldr	r3, .L117+52
 2618 0338 1000     		movs	r0, r2
 2619 033a 1900     		movs	r1, r3
 2620 033c 0223     		movs	r3, #2
 2621 033e 1A00     		movs	r2, r3
 2622 0340 FFF7FEFF 		bl	memcpy
 650:runtime.c     ****     strncat(str ,(char*)&sensor[UNIT1], 4 );
 2623              		.loc 1 650 0
 2624 0344 3849     		ldr	r1, .L117+56
 2625 0346 3B1D     		adds	r3, r7, #4
 2626 0348 0422     		movs	r2, #4
 2627 034a 1800     		movs	r0, r3
 2628 034c FFF7FEFF 		bl	strncat
 651:runtime.c     ****     tempHandle.value.val = (uint8*)str;
 2629              		.loc 1 651 0
 2630 0350 1823     		movs	r3, #24
 2631 0352 FB18     		adds	r3, r7, r3
 2632 0354 3A1D     		adds	r2, r7, #4
 2633 0356 1A60     		str	r2, [r3]
 652:runtime.c     ****     tempHandle.value.len = 10;
ARM GAS  C:\Users\alexport\AppData\Local\Temp\cc2gMrRa.s 			page 59


 2634              		.loc 1 652 0
 2635 0358 1823     		movs	r3, #24
 2636 035a FB18     		adds	r3, r7, r3
 2637 035c 0A22     		movs	r2, #10
 2638 035e 9A80     		strh	r2, [r3, #4]
 653:runtime.c     ****     CyBle_GattsWriteAttributeValue(&tempHandle,0,&cyBle_connHandle,0);
 2639              		.loc 1 653 0
 2640 0360 264A     		ldr	r2, .L117+12
 2641 0362 1823     		movs	r3, #24
 2642 0364 F818     		adds	r0, r7, r3
 2643 0366 0023     		movs	r3, #0
 2644 0368 0021     		movs	r1, #0
 2645 036a FFF7FEFF 		bl	CyBle_GattsWriteAttributeValue
 654:runtime.c     **** 
 655:runtime.c     ****     /* Update SENSOR_TAG value */
 656:runtime.c     ****     tempHandle.attrHandle = CYBLE_SGA2_SENSOR_TAG_CHAR_HANDLE;
 2646              		.loc 1 656 0
 2647 036e 1823     		movs	r3, #24
 2648 0370 FB18     		adds	r3, r7, r3
 2649 0372 5A22     		movs	r2, #90
 2650 0374 1A81     		strh	r2, [r3, #8]
 657:runtime.c     ****     tempHandle.value.val = (uint8*)&System.SensorTag;
 2651              		.loc 1 657 0
 2652 0376 1823     		movs	r3, #24
 2653 0378 FB18     		adds	r3, r7, r3
 2654 037a 2C4A     		ldr	r2, .L117+60
 2655 037c 1A60     		str	r2, [r3]
 658:runtime.c     ****     tempHandle.value.len = SENSOR_TAG_LENGTH;
 2656              		.loc 1 658 0
 2657 037e 1823     		movs	r3, #24
 2658 0380 FB18     		adds	r3, r7, r3
 2659 0382 1422     		movs	r2, #20
 2660 0384 9A80     		strh	r2, [r3, #4]
 659:runtime.c     ****     CyBle_GattsWriteAttributeValue(&tempHandle,0,&cyBle_connHandle,0);
 2661              		.loc 1 659 0
 2662 0386 1D4A     		ldr	r2, .L117+12
 2663 0388 1823     		movs	r3, #24
 2664 038a F818     		adds	r0, r7, r3
 2665 038c 0023     		movs	r3, #0
 2666 038e 0021     		movs	r1, #0
 2667 0390 FFF7FEFF 		bl	CyBle_GattsWriteAttributeValue
 660:runtime.c     **** 
 661:runtime.c     ****     /* Update temperature */
 662:runtime.c     ****     tempHandle.attrHandle = CYBLE_SGA2_SENSOR_TEMPERATURE_CHAR_HANDLE;
 2668              		.loc 1 662 0
 2669 0394 1823     		movs	r3, #24
 2670 0396 FB18     		adds	r3, r7, r3
 2671 0398 5D22     		movs	r2, #93
 2672 039a 1A81     		strh	r2, [r3, #8]
 663:runtime.c     ****     tempHandle.value.val = (uint8*)&sensor[TEMPERATURELSB];//&testVal8;
 2673              		.loc 1 663 0
 2674 039c 1823     		movs	r3, #24
 2675 039e FB18     		adds	r3, r7, r3
 2676 03a0 234A     		ldr	r2, .L117+64
 2677 03a2 1A60     		str	r2, [r3]
 664:runtime.c     ****     tempHandle.value.len = 1;
 2678              		.loc 1 664 0
ARM GAS  C:\Users\alexport\AppData\Local\Temp\cc2gMrRa.s 			page 60


 2679 03a4 1823     		movs	r3, #24
 2680 03a6 FB18     		adds	r3, r7, r3
 2681 03a8 0122     		movs	r2, #1
 2682 03aa 9A80     		strh	r2, [r3, #4]
 665:runtime.c     ****     CyBle_GattsWriteAttributeValue(&tempHandle,0,&cyBle_connHandle,0);
 2683              		.loc 1 665 0
 2684 03ac 134A     		ldr	r2, .L117+12
 2685 03ae 1823     		movs	r3, #24
 2686 03b0 F818     		adds	r0, r7, r3
 2687 03b2 0023     		movs	r3, #0
 2688 03b4 0021     		movs	r1, #0
 2689 03b6 FFF7FEFF 		bl	CyBle_GattsWriteAttributeValue
 666:runtime.c     ****     /* If notifications have been requested for Sensor CalLevel */
 667:runtime.c     **** //    if( System.BleNotifyTemperature && ( Sensor.Temperature != Sensor.TemperaturePrevious ) )
 668:runtime.c     **** //    {
 669:runtime.c     **** //        CyBle_GattsNotification( cyBle_connHandle, &tempHandle );               /* Notify the cli
 670:runtime.c     **** //        Sensor.TemperaturePrevious = Sensor.Temperature;
 671:runtime.c     **** //    }
 672:runtime.c     **** 
 673:runtime.c     ****     /* Update SENSOR_CAL_LEVEL value */
 674:runtime.c     ****     tempHandle.attrHandle = CYBLE_SGA2_SENSOR_CAL_LEVEL_CHAR_HANDLE;
 2690              		.loc 1 674 0
 2691 03ba 1823     		movs	r3, #24
 2692 03bc FB18     		adds	r3, r7, r3
 2693 03be 6122     		movs	r2, #97
 2694 03c0 1A81     		strh	r2, [r3, #8]
 675:runtime.c     ****     tempHandle.value.val = (uint8*)&testVal8;
 2695              		.loc 1 675 0
 2696 03c2 1823     		movs	r3, #24
 2697 03c4 FB18     		adds	r3, r7, r3
 2698 03c6 2722     		movs	r2, #39
 2699 03c8 BA18     		adds	r2, r7, r2
 2700 03ca 1A60     		str	r2, [r3]
 676:runtime.c     ****     tempHandle.value.len = 2;
 2701              		.loc 1 676 0
 2702 03cc 1823     		movs	r3, #24
 2703 03ce FB18     		adds	r3, r7, r3
 2704 03d0 0222     		movs	r2, #2
 2705 03d2 9A80     		strh	r2, [r3, #4]
 677:runtime.c     ****     CyBle_GattsWriteAttributeValue(&tempHandle,0,&cyBle_connHandle,0);
 2706              		.loc 1 677 0
 2707 03d4 094A     		ldr	r2, .L117+12
 2708 03d6 1823     		movs	r3, #24
 2709 03d8 F818     		adds	r0, r7, r3
 2710 03da 0023     		movs	r3, #0
 2711 03dc 0021     		movs	r1, #0
 2712 03de FFF7FEFF 		bl	CyBle_GattsWriteAttributeValue
 678:runtime.c     ****     /* If notifications have been requested for Sensor CalLevel */
 679:runtime.c     **** //    if( System.BleNotifyCalLevel && ( Sensor.CalLevel != Sensor.CalLevelPrevious ) )
 680:runtime.c     **** //    {
 681:runtime.c     **** //        CyBle_GattsNotification( cyBle_connHandle, &tempHandle );               /* Notify the cli
 682:runtime.c     **** //        Sensor.CalLevelPrevious = Sensor.CalLevel;
 683:runtime.c     **** //    }
 684:runtime.c     **** 
 685:runtime.c     ****     /* Update CAL_Z_COUNTS value */
 686:runtime.c     ****     tempHandle.attrHandle = CYBLE_SGA2_CAL_Z_COUNTS_CHAR_HANDLE;
 2713              		.loc 1 686 0
ARM GAS  C:\Users\alexport\AppData\Local\Temp\cc2gMrRa.s 			page 61


 2714 03e2 1823     		movs	r3, #24
 2715 03e4 FB18     		adds	r3, r7, r3
 2716 03e6 6522     		movs	r2, #101
 2717 03e8 1A81     		strh	r2, [r3, #8]
 687:runtime.c     ****     tempHandle.value.val = (uint8*)&System.CalZCounts;
 2718              		.loc 1 687 0
 2719 03ea 1823     		movs	r3, #24
 2720 03ec FB18     		adds	r3, r7, r3
 2721 03ee 21E0     		b	.L118
 2722              	.L119:
 2723              		.align	2
 2724              	.L117:
 2725 03f0 00000000 		.word	sensor
 2726 03f4 00000000 		.word	cyBle_state
 2727 03f8 18000000 		.word	sensor+24
 2728 03fc 00000000 		.word	cyBle_connHandle
 2729 0400 00000000 		.word	System
 2730 0404 00000000 		.word	Sensor
 2731 0408 08000000 		.word	sensor+8
 2732 040c 79000000 		.word	System+121
 2733 0410 00000000 		.word	mySlaveAddr
 2734 0414 7C000000 		.word	System+124
 2735 0418 16000000 		.word	System+22
 2736 041c AA000000 		.word	System+170
 2737 0420 32000000 		.word	sensor+50
 2738 0424 14000000 		.word	.LC15
 2739 0428 3C000000 		.word	sensor+60
 2740 042c 7E000000 		.word	System+126
 2741 0430 0B000000 		.word	sensor+11
 2742              	.L118:
 2743 0434 E84A     		ldr	r2, .L120
 2744 0436 1A60     		str	r2, [r3]
 688:runtime.c     ****     tempHandle.value.len = 2;
 2745              		.loc 1 688 0
 2746 0438 1823     		movs	r3, #24
 2747 043a FB18     		adds	r3, r7, r3
 2748 043c 0222     		movs	r2, #2
 2749 043e 9A80     		strh	r2, [r3, #4]
 689:runtime.c     ****     CyBle_GattsWriteAttributeValue(&tempHandle,0,&cyBle_connHandle,0);
 2750              		.loc 1 689 0
 2751 0440 E64A     		ldr	r2, .L120+4
 2752 0442 1823     		movs	r3, #24
 2753 0444 F818     		adds	r0, r7, r3
 2754 0446 0023     		movs	r3, #0
 2755 0448 0021     		movs	r1, #0
 2756 044a FFF7FEFF 		bl	CyBle_GattsWriteAttributeValue
 690:runtime.c     **** 
 691:runtime.c     ****     /* Update CAL_ZERO_ERROR value */
 692:runtime.c     ****     tempHandle.attrHandle = CYBLE_SGA2_CAL_ZERO_ERROR_CHAR_HANDLE;
 2757              		.loc 1 692 0
 2758 044e 1823     		movs	r3, #24
 2759 0450 FB18     		adds	r3, r7, r3
 2760 0452 6C22     		movs	r2, #108
 2761 0454 1A81     		strh	r2, [r3, #8]
 693:runtime.c     ****     tempHandle.value.val = (uint8*)&System.CalZeroError;
 2762              		.loc 1 693 0
 2763 0456 1823     		movs	r3, #24
ARM GAS  C:\Users\alexport\AppData\Local\Temp\cc2gMrRa.s 			page 62


 2764 0458 FB18     		adds	r3, r7, r3
 2765 045a E14A     		ldr	r2, .L120+8
 2766 045c 1A60     		str	r2, [r3]
 694:runtime.c     ****     tempHandle.value.len = 1;
 2767              		.loc 1 694 0
 2768 045e 1823     		movs	r3, #24
 2769 0460 FB18     		adds	r3, r7, r3
 2770 0462 0122     		movs	r2, #1
 2771 0464 9A80     		strh	r2, [r3, #4]
 695:runtime.c     ****     CyBle_GattsWriteAttributeValue(&tempHandle,0,&cyBle_connHandle,0);
 2772              		.loc 1 695 0
 2773 0466 DD4A     		ldr	r2, .L120+4
 2774 0468 1823     		movs	r3, #24
 2775 046a F818     		adds	r0, r7, r3
 2776 046c 0023     		movs	r3, #0
 2777 046e 0021     		movs	r1, #0
 2778 0470 FFF7FEFF 		bl	CyBle_GattsWriteAttributeValue
 696:runtime.c     ****     /* If notifications have been requested for System.CalZeroError */
 697:runtime.c     ****     if( System.BleNotifyCalZeroError && ( System.CalZeroError != System.CalZeroErrorPrevious ) )
 2779              		.loc 1 697 0
 2780 0474 DB4B     		ldr	r3, .L120+12
 2781 0476 DB7A     		ldrb	r3, [r3, #11]
 2782 0478 002B     		cmp	r3, #0
 2783 047a 1DD0     		beq	.L107
 2784              		.loc 1 697 0 is_stmt 0 discriminator 1
 2785 047c D94B     		ldr	r3, .L120+12
 2786 047e 9A22     		movs	r2, #154
 2787 0480 9A5C     		ldrb	r2, [r3, r2]
 2788 0482 D84B     		ldr	r3, .L120+12
 2789 0484 9B21     		movs	r1, #155
 2790 0486 5B5C     		ldrb	r3, [r3, r1]
 2791 0488 9A42     		cmp	r2, r3
 2792 048a 15D0     		beq	.L107
 698:runtime.c     ****     {
 699:runtime.c     ****         CyBle_GattsNotification( cyBle_connHandle, &tempHandle );               /* Notify the clien
 2793              		.loc 1 699 0 is_stmt 1
 2794 048c 1823     		movs	r3, #24
 2795 048e F918     		adds	r1, r7, r3
 2796 0490 D24B     		ldr	r3, .L120+4
 2797 0492 1A78     		ldrb	r2, [r3]
 2798 0494 5B78     		ldrb	r3, [r3, #1]
 2799 0496 1B02     		lsls	r3, r3, #8
 2800 0498 1A43     		orrs	r2, r3
 2801 049a 0023     		movs	r3, #0
 2802 049c 1204     		lsls	r2, r2, #16
 2803 049e 120C     		lsrs	r2, r2, #16
 2804 04a0 1B0C     		lsrs	r3, r3, #16
 2805 04a2 1B04     		lsls	r3, r3, #16
 2806 04a4 1343     		orrs	r3, r2
 2807 04a6 1800     		movs	r0, r3
 2808 04a8 FFF7FEFF 		bl	CyBle_GattsNotification
 700:runtime.c     ****         System.CalZeroErrorPrevious = System.CalZeroError;
 2809              		.loc 1 700 0
 2810 04ac CD4B     		ldr	r3, .L120+12
 2811 04ae 9A22     		movs	r2, #154
 2812 04b0 995C     		ldrb	r1, [r3, r2]
 2813 04b2 CC4B     		ldr	r3, .L120+12
ARM GAS  C:\Users\alexport\AppData\Local\Temp\cc2gMrRa.s 			page 63


 2814 04b4 9B22     		movs	r2, #155
 2815 04b6 9954     		strb	r1, [r3, r2]
 2816              	.L107:
 701:runtime.c     ****     }
 702:runtime.c     **** 
 703:runtime.c     ****     /* Update CAL_STEP value */
 704:runtime.c     ****     tempHandle.attrHandle = CYBLE_SGA2_CAL_STEP_CHAR_HANDLE;
 2817              		.loc 1 704 0
 2818 04b8 1823     		movs	r3, #24
 2819 04ba FB18     		adds	r3, r7, r3
 2820 04bc 7022     		movs	r2, #112
 2821 04be 1A81     		strh	r2, [r3, #8]
 705:runtime.c     ****     tempHandle.value.val = (uint8*)&System.CalStep;
 2822              		.loc 1 705 0
 2823 04c0 1823     		movs	r3, #24
 2824 04c2 FB18     		adds	r3, r7, r3
 2825 04c4 C84A     		ldr	r2, .L120+16
 2826 04c6 1A60     		str	r2, [r3]
 706:runtime.c     ****     tempHandle.value.len = 1;
 2827              		.loc 1 706 0
 2828 04c8 1823     		movs	r3, #24
 2829 04ca FB18     		adds	r3, r7, r3
 2830 04cc 0122     		movs	r2, #1
 2831 04ce 9A80     		strh	r2, [r3, #4]
 707:runtime.c     ****     CyBle_GattsWriteAttributeValue(&tempHandle,0,&cyBle_connHandle,0);
 2832              		.loc 1 707 0
 2833 04d0 C24A     		ldr	r2, .L120+4
 2834 04d2 1823     		movs	r3, #24
 2835 04d4 F818     		adds	r0, r7, r3
 2836 04d6 0023     		movs	r3, #0
 2837 04d8 0021     		movs	r1, #0
 2838 04da FFF7FEFF 		bl	CyBle_GattsWriteAttributeValue
 708:runtime.c     ****     /* If notifications have been requested for Sensor Life */
 709:runtime.c     ****     if( System.BleNotifyCalStep && ( System.CalStep != System.CalStepPrevious ) )
 2839              		.loc 1 709 0
 2840 04de C14B     		ldr	r3, .L120+12
 2841 04e0 1B7B     		ldrb	r3, [r3, #12]
 2842 04e2 002B     		cmp	r3, #0
 2843 04e4 1DD0     		beq	.L108
 2844              		.loc 1 709 0 is_stmt 0 discriminator 1
 2845 04e6 BF4B     		ldr	r3, .L120+12
 2846 04e8 9C22     		movs	r2, #156
 2847 04ea 9A5C     		ldrb	r2, [r3, r2]
 2848 04ec BD4B     		ldr	r3, .L120+12
 2849 04ee 9D21     		movs	r1, #157
 2850 04f0 5B5C     		ldrb	r3, [r3, r1]
 2851 04f2 9A42     		cmp	r2, r3
 2852 04f4 15D0     		beq	.L108
 710:runtime.c     ****     {
 711:runtime.c     ****         CyBle_GattsNotification( cyBle_connHandle, &tempHandle );               /* Notify the clien
 2853              		.loc 1 711 0 is_stmt 1
 2854 04f6 1823     		movs	r3, #24
 2855 04f8 F918     		adds	r1, r7, r3
 2856 04fa B84B     		ldr	r3, .L120+4
 2857 04fc 1A78     		ldrb	r2, [r3]
 2858 04fe 5B78     		ldrb	r3, [r3, #1]
 2859 0500 1B02     		lsls	r3, r3, #8
ARM GAS  C:\Users\alexport\AppData\Local\Temp\cc2gMrRa.s 			page 64


 2860 0502 1A43     		orrs	r2, r3
 2861 0504 0023     		movs	r3, #0
 2862 0506 1204     		lsls	r2, r2, #16
 2863 0508 120C     		lsrs	r2, r2, #16
 2864 050a 1B0C     		lsrs	r3, r3, #16
 2865 050c 1B04     		lsls	r3, r3, #16
 2866 050e 1343     		orrs	r3, r2
 2867 0510 1800     		movs	r0, r3
 2868 0512 FFF7FEFF 		bl	CyBle_GattsNotification
 712:runtime.c     ****         System.CalStepPrevious = System.CalStep;
 2869              		.loc 1 712 0
 2870 0516 B34B     		ldr	r3, .L120+12
 2871 0518 9C22     		movs	r2, #156
 2872 051a 995C     		ldrb	r1, [r3, r2]
 2873 051c B14B     		ldr	r3, .L120+12
 2874 051e 9D22     		movs	r2, #157
 2875 0520 9954     		strb	r1, [r3, r2]
 2876              	.L108:
 713:runtime.c     ****     }
 714:runtime.c     **** 
 715:runtime.c     ****     /* Update CAL_SPEED value */
 716:runtime.c     ****     tempHandle.attrHandle = CYBLE_SGA2_CAL_SPEED_CHAR_HANDLE;
 2877              		.loc 1 716 0
 2878 0522 1823     		movs	r3, #24
 2879 0524 FB18     		adds	r3, r7, r3
 2880 0526 7422     		movs	r2, #116
 2881 0528 1A81     		strh	r2, [r3, #8]
 717:runtime.c     ****     tempHandle.value.val = (uint8*)&System.CalSpeed;
 2882              		.loc 1 717 0
 2883 052a 1823     		movs	r3, #24
 2884 052c FB18     		adds	r3, r7, r3
 2885 052e AF4A     		ldr	r2, .L120+20
 2886 0530 1A60     		str	r2, [r3]
 718:runtime.c     ****     tempHandle.value.len = 2;
 2887              		.loc 1 718 0
 2888 0532 1823     		movs	r3, #24
 2889 0534 FB18     		adds	r3, r7, r3
 2890 0536 0222     		movs	r2, #2
 2891 0538 9A80     		strh	r2, [r3, #4]
 719:runtime.c     ****     CyBle_GattsWriteAttributeValue(&tempHandle,0,&cyBle_connHandle,0);
 2892              		.loc 1 719 0
 2893 053a A84A     		ldr	r2, .L120+4
 2894 053c 1823     		movs	r3, #24
 2895 053e F818     		adds	r0, r7, r3
 2896 0540 0023     		movs	r3, #0
 2897 0542 0021     		movs	r1, #0
 2898 0544 FFF7FEFF 		bl	CyBle_GattsWriteAttributeValue
 720:runtime.c     ****     /* If notifications have been requested for System.CalSpeed */
 721:runtime.c     ****     if( System.BleNotifyCalSpeed && ( System.CalSpeed != System.CalSpeedPrevious ) )
 2899              		.loc 1 721 0
 2900 0548 A64B     		ldr	r3, .L120+12
 2901 054a 5B7B     		ldrb	r3, [r3, #13]
 2902 054c 002B     		cmp	r3, #0
 2903 054e 1DD0     		beq	.L109
 2904              		.loc 1 721 0 is_stmt 0 discriminator 1
 2905 0550 A44B     		ldr	r3, .L120+12
 2906 0552 9E22     		movs	r2, #158
ARM GAS  C:\Users\alexport\AppData\Local\Temp\cc2gMrRa.s 			page 65


 2907 0554 9A5A     		ldrh	r2, [r3, r2]
 2908 0556 A34B     		ldr	r3, .L120+12
 2909 0558 A021     		movs	r1, #160
 2910 055a 5B5A     		ldrh	r3, [r3, r1]
 2911 055c 9A42     		cmp	r2, r3
 2912 055e 15D0     		beq	.L109
 722:runtime.c     ****     {
 723:runtime.c     ****         CyBle_GattsNotification( cyBle_connHandle, &tempHandle );               /* Notify the clien
 2913              		.loc 1 723 0 is_stmt 1
 2914 0560 1823     		movs	r3, #24
 2915 0562 F918     		adds	r1, r7, r3
 2916 0564 9D4B     		ldr	r3, .L120+4
 2917 0566 1A78     		ldrb	r2, [r3]
 2918 0568 5B78     		ldrb	r3, [r3, #1]
 2919 056a 1B02     		lsls	r3, r3, #8
 2920 056c 1A43     		orrs	r2, r3
 2921 056e 0023     		movs	r3, #0
 2922 0570 1204     		lsls	r2, r2, #16
 2923 0572 120C     		lsrs	r2, r2, #16
 2924 0574 1B0C     		lsrs	r3, r3, #16
 2925 0576 1B04     		lsls	r3, r3, #16
 2926 0578 1343     		orrs	r3, r2
 2927 057a 1800     		movs	r0, r3
 2928 057c FFF7FEFF 		bl	CyBle_GattsNotification
 724:runtime.c     ****         System.CalSpeedPrevious = System.CalSpeed;
 2929              		.loc 1 724 0
 2930 0580 984B     		ldr	r3, .L120+12
 2931 0582 9E22     		movs	r2, #158
 2932 0584 995A     		ldrh	r1, [r3, r2]
 2933 0586 974B     		ldr	r3, .L120+12
 2934 0588 A022     		movs	r2, #160
 2935 058a 9952     		strh	r1, [r3, r2]
 2936              	.L109:
 725:runtime.c     ****     }
 726:runtime.c     **** 
 727:runtime.c     ****     /* Update CAL_AS_FOUND value */
 728:runtime.c     ****     tempHandle.attrHandle = CYBLE_SGA2_CAL_AS_FOUND_CHAR_HANDLE;
 2937              		.loc 1 728 0
 2938 058c 1823     		movs	r3, #24
 2939 058e FB18     		adds	r3, r7, r3
 2940 0590 7822     		movs	r2, #120
 2941 0592 1A81     		strh	r2, [r3, #8]
 729:runtime.c     ****     tempHandle.value.val = (uint8*)&System.CalAsFound;
 2942              		.loc 1 729 0
 2943 0594 1823     		movs	r3, #24
 2944 0596 FB18     		adds	r3, r7, r3
 2945 0598 954A     		ldr	r2, .L120+24
 2946 059a 1A60     		str	r2, [r3]
 730:runtime.c     ****     tempHandle.value.len = 1;
 2947              		.loc 1 730 0
 2948 059c 1823     		movs	r3, #24
 2949 059e FB18     		adds	r3, r7, r3
 2950 05a0 0122     		movs	r2, #1
 2951 05a2 9A80     		strh	r2, [r3, #4]
 731:runtime.c     ****     CyBle_GattsWriteAttributeValue(&tempHandle,0,&cyBle_connHandle,0);
 2952              		.loc 1 731 0
 2953 05a4 8D4A     		ldr	r2, .L120+4
ARM GAS  C:\Users\alexport\AppData\Local\Temp\cc2gMrRa.s 			page 66


 2954 05a6 1823     		movs	r3, #24
 2955 05a8 F818     		adds	r0, r7, r3
 2956 05aa 0023     		movs	r3, #0
 2957 05ac 0021     		movs	r1, #0
 2958 05ae FFF7FEFF 		bl	CyBle_GattsWriteAttributeValue
 732:runtime.c     ****     /* If notifications have been requested for System.CalAsFound */
 733:runtime.c     ****     if( System.BleNotifyCalAsFound && ( System.CalAsFound != System.CalAsFoundPrevious ) )
 2959              		.loc 1 733 0
 2960 05b2 8C4B     		ldr	r3, .L120+12
 2961 05b4 5B7A     		ldrb	r3, [r3, #9]
 2962 05b6 002B     		cmp	r3, #0
 2963 05b8 1DD0     		beq	.L110
 2964              		.loc 1 733 0 is_stmt 0 discriminator 1
 2965 05ba 8A4B     		ldr	r3, .L120+12
 2966 05bc 9222     		movs	r2, #146
 2967 05be 9A56     		ldrsb	r2, [r3, r2]
 2968 05c0 884B     		ldr	r3, .L120+12
 2969 05c2 9321     		movs	r1, #147
 2970 05c4 5B56     		ldrsb	r3, [r3, r1]
 2971 05c6 9A42     		cmp	r2, r3
 2972 05c8 15D0     		beq	.L110
 734:runtime.c     ****     {
 735:runtime.c     ****         CyBle_GattsNotification( cyBle_connHandle, &tempHandle );               /* Notify the clien
 2973              		.loc 1 735 0 is_stmt 1
 2974 05ca 1823     		movs	r3, #24
 2975 05cc F918     		adds	r1, r7, r3
 2976 05ce 834B     		ldr	r3, .L120+4
 2977 05d0 1A78     		ldrb	r2, [r3]
 2978 05d2 5B78     		ldrb	r3, [r3, #1]
 2979 05d4 1B02     		lsls	r3, r3, #8
 2980 05d6 1A43     		orrs	r2, r3
 2981 05d8 0023     		movs	r3, #0
 2982 05da 1204     		lsls	r2, r2, #16
 2983 05dc 120C     		lsrs	r2, r2, #16
 2984 05de 1B0C     		lsrs	r3, r3, #16
 2985 05e0 1B04     		lsls	r3, r3, #16
 2986 05e2 1343     		orrs	r3, r2
 2987 05e4 1800     		movs	r0, r3
 2988 05e6 FFF7FEFF 		bl	CyBle_GattsNotification
 736:runtime.c     ****         System.CalAsFoundPrevious = System.CalAsFound;
 2989              		.loc 1 736 0
 2990 05ea 7E4B     		ldr	r3, .L120+12
 2991 05ec 9222     		movs	r2, #146
 2992 05ee 9956     		ldrsb	r1, [r3, r2]
 2993 05f0 7C4B     		ldr	r3, .L120+12
 2994 05f2 9322     		movs	r2, #147
 2995 05f4 9954     		strb	r1, [r3, r2]
 2996              	.L110:
 737:runtime.c     ****     }
 738:runtime.c     **** 
 739:runtime.c     ****     /* Update CAL_ADJUSTED value */
 740:runtime.c     ****     tempHandle.attrHandle = CYBLE_SGA2_CAL_ADJUSTED_CHAR_HANDLE;
 2997              		.loc 1 740 0
 2998 05f6 1823     		movs	r3, #24
 2999 05f8 FB18     		adds	r3, r7, r3
 3000 05fa 7C22     		movs	r2, #124
 3001 05fc 1A81     		strh	r2, [r3, #8]
ARM GAS  C:\Users\alexport\AppData\Local\Temp\cc2gMrRa.s 			page 67


 741:runtime.c     ****     tempHandle.value.val = (uint8*)&System.CalAdjusted;
 3002              		.loc 1 741 0
 3003 05fe 1823     		movs	r3, #24
 3004 0600 FB18     		adds	r3, r7, r3
 3005 0602 7C4A     		ldr	r2, .L120+28
 3006 0604 1A60     		str	r2, [r3]
 742:runtime.c     ****     tempHandle.value.len = 1;
 3007              		.loc 1 742 0
 3008 0606 1823     		movs	r3, #24
 3009 0608 FB18     		adds	r3, r7, r3
 3010 060a 0122     		movs	r2, #1
 3011 060c 9A80     		strh	r2, [r3, #4]
 743:runtime.c     ****     CyBle_GattsWriteAttributeValue(&tempHandle,0,&cyBle_connHandle,0);
 3012              		.loc 1 743 0
 3013 060e 734A     		ldr	r2, .L120+4
 3014 0610 1823     		movs	r3, #24
 3015 0612 F818     		adds	r0, r7, r3
 3016 0614 0023     		movs	r3, #0
 3017 0616 0021     		movs	r1, #0
 3018 0618 FFF7FEFF 		bl	CyBle_GattsWriteAttributeValue
 744:runtime.c     ****     /* If notifications have been requested for System.CalAsFound */
 745:runtime.c     ****     if( System.BleNotifyCalAdjusted && ( System.CalAdjusted != System.CalAdjustedPrevious ) )
 3019              		.loc 1 745 0
 3020 061c 714B     		ldr	r3, .L120+12
 3021 061e 9B7A     		ldrb	r3, [r3, #10]
 3022 0620 002B     		cmp	r3, #0
 3023 0622 1DD0     		beq	.L111
 3024              		.loc 1 745 0 is_stmt 0 discriminator 1
 3025 0624 6F4B     		ldr	r3, .L120+12
 3026 0626 9422     		movs	r2, #148
 3027 0628 9A56     		ldrsb	r2, [r3, r2]
 3028 062a 6E4B     		ldr	r3, .L120+12
 3029 062c 9521     		movs	r1, #149
 3030 062e 5B56     		ldrsb	r3, [r3, r1]
 3031 0630 9A42     		cmp	r2, r3
 3032 0632 15D0     		beq	.L111
 746:runtime.c     ****     {
 747:runtime.c     ****         CyBle_GattsNotification( cyBle_connHandle, &tempHandle );               /* Notify the clien
 3033              		.loc 1 747 0 is_stmt 1
 3034 0634 1823     		movs	r3, #24
 3035 0636 F918     		adds	r1, r7, r3
 3036 0638 684B     		ldr	r3, .L120+4
 3037 063a 1A78     		ldrb	r2, [r3]
 3038 063c 5B78     		ldrb	r3, [r3, #1]
 3039 063e 1B02     		lsls	r3, r3, #8
 3040 0640 1A43     		orrs	r2, r3
 3041 0642 0023     		movs	r3, #0
 3042 0644 1204     		lsls	r2, r2, #16
 3043 0646 120C     		lsrs	r2, r2, #16
 3044 0648 1B0C     		lsrs	r3, r3, #16
 3045 064a 1B04     		lsls	r3, r3, #16
 3046 064c 1343     		orrs	r3, r2
 3047 064e 1800     		movs	r0, r3
 3048 0650 FFF7FEFF 		bl	CyBle_GattsNotification
 748:runtime.c     ****         System.CalAdjustedPrevious = System.CalAdjusted;
 3049              		.loc 1 748 0
 3050 0654 634B     		ldr	r3, .L120+12
ARM GAS  C:\Users\alexport\AppData\Local\Temp\cc2gMrRa.s 			page 68


 3051 0656 9422     		movs	r2, #148
 3052 0658 9956     		ldrsb	r1, [r3, r2]
 3053 065a 624B     		ldr	r3, .L120+12
 3054 065c 9522     		movs	r2, #149
 3055 065e 9954     		strb	r1, [r3, r2]
 3056              	.L111:
 749:runtime.c     ****     }
 750:runtime.c     **** 
 751:runtime.c     ****     /* Update CAL_COUNTS value */
 752:runtime.c     ****     tempHandle.attrHandle = CYBLE_SGA2_CAL_COUNTS_CHAR_HANDLE;
 3057              		.loc 1 752 0
 3058 0660 1823     		movs	r3, #24
 3059 0662 FB18     		adds	r3, r7, r3
 3060 0664 8022     		movs	r2, #128
 3061 0666 1A81     		strh	r2, [r3, #8]
 753:runtime.c     ****     tempHandle.value.val = (uint8*)&System.CalCounts;
 3062              		.loc 1 753 0
 3063 0668 1823     		movs	r3, #24
 3064 066a FB18     		adds	r3, r7, r3
 3065 066c 624A     		ldr	r2, .L120+32
 3066 066e 1A60     		str	r2, [r3]
 754:runtime.c     ****     tempHandle.value.len = 2;
 3067              		.loc 1 754 0
 3068 0670 1823     		movs	r3, #24
 3069 0672 FB18     		adds	r3, r7, r3
 3070 0674 0222     		movs	r2, #2
 3071 0676 9A80     		strh	r2, [r3, #4]
 755:runtime.c     ****     CyBle_GattsWriteAttributeValue(&tempHandle,0,&cyBle_connHandle,0);
 3072              		.loc 1 755 0
 3073 0678 584A     		ldr	r2, .L120+4
 3074 067a 1823     		movs	r3, #24
 3075 067c F818     		adds	r0, r7, r3
 3076 067e 0023     		movs	r3, #0
 3077 0680 0021     		movs	r1, #0
 3078 0682 FFF7FEFF 		bl	CyBle_GattsWriteAttributeValue
 756:runtime.c     **** 
 757:runtime.c     ****     /* Update SENSOR_LIFE value */
 758:runtime.c     ****     tempHandle.attrHandle = CYBLE_SGA2_SENSOR_LIFE_CHAR_HANDLE;
 3079              		.loc 1 758 0
 3080 0686 1823     		movs	r3, #24
 3081 0688 FB18     		adds	r3, r7, r3
 3082 068a 8322     		movs	r2, #131
 3083 068c 1A81     		strh	r2, [r3, #8]
 759:runtime.c     ****     tempHandle.value.val = (uint8*)&testVal8;
 3084              		.loc 1 759 0
 3085 068e 1823     		movs	r3, #24
 3086 0690 FB18     		adds	r3, r7, r3
 3087 0692 2722     		movs	r2, #39
 3088 0694 BA18     		adds	r2, r7, r2
 3089 0696 1A60     		str	r2, [r3]
 760:runtime.c     ****     tempHandle.value.len = 1;
 3090              		.loc 1 760 0
 3091 0698 1823     		movs	r3, #24
 3092 069a FB18     		adds	r3, r7, r3
 3093 069c 0122     		movs	r2, #1
 3094 069e 9A80     		strh	r2, [r3, #4]
 761:runtime.c     ****     CyBle_GattsWriteAttributeValue(&tempHandle,0,&cyBle_connHandle,0);
ARM GAS  C:\Users\alexport\AppData\Local\Temp\cc2gMrRa.s 			page 69


 3095              		.loc 1 761 0
 3096 06a0 4E4A     		ldr	r2, .L120+4
 3097 06a2 1823     		movs	r3, #24
 3098 06a4 F818     		adds	r0, r7, r3
 3099 06a6 0023     		movs	r3, #0
 3100 06a8 0021     		movs	r1, #0
 3101 06aa FFF7FEFF 		bl	CyBle_GattsWriteAttributeValue
 762:runtime.c     ****     /* If notifications have been requested for Sensor Life */
 763:runtime.c     **** //    if( System.BleNotifyLife && ( Sensor.Life != Sensor.LifePrevious ) )
 764:runtime.c     **** //    {
 765:runtime.c     **** //        CyBle_GattsNotification( cyBle_connHandle, &tempHandle );               /* Notify the cli
 766:runtime.c     **** //        Sensor.LifePrevious = Sensor.Life;
 767:runtime.c     **** //    }
 768:runtime.c     **** 
 769:runtime.c     ****     /* Update CAL_CLEARING value */
 770:runtime.c     ****     tempHandle.attrHandle = CYBLE_SGA2_CAL_CLEARING_CHAR_HANDLE;
 3102              		.loc 1 770 0
 3103 06ae 1823     		movs	r3, #24
 3104 06b0 FB18     		adds	r3, r7, r3
 3105 06b2 8722     		movs	r2, #135
 3106 06b4 1A81     		strh	r2, [r3, #8]
 771:runtime.c     ****     tempHandle.value.val = (uint8*)&System.CalClearing;
 3107              		.loc 1 771 0
 3108 06b6 1823     		movs	r3, #24
 3109 06b8 FB18     		adds	r3, r7, r3
 3110 06ba 504A     		ldr	r2, .L120+36
 3111 06bc 1A60     		str	r2, [r3]
 772:runtime.c     ****     tempHandle.value.len = 2;
 3112              		.loc 1 772 0
 3113 06be 1823     		movs	r3, #24
 3114 06c0 FB18     		adds	r3, r7, r3
 3115 06c2 0222     		movs	r2, #2
 3116 06c4 9A80     		strh	r2, [r3, #4]
 773:runtime.c     ****     CyBle_GattsWriteAttributeValue(&tempHandle,0,&cyBle_connHandle,0);
 3117              		.loc 1 773 0
 3118 06c6 454A     		ldr	r2, .L120+4
 3119 06c8 1823     		movs	r3, #24
 3120 06ca F818     		adds	r0, r7, r3
 3121 06cc 0023     		movs	r3, #0
 3122 06ce 0021     		movs	r1, #0
 3123 06d0 FFF7FEFF 		bl	CyBle_GattsWriteAttributeValue
 774:runtime.c     ****     /* If notifications have been requested for Sensor CalClearing */
 775:runtime.c     ****     if( System.BleNotifyCalClearing && ( System.CalClearing != System.CalClearingPrevious ) )
 3124              		.loc 1 775 0
 3125 06d4 434B     		ldr	r3, .L120+12
 3126 06d6 9B7B     		ldrb	r3, [r3, #14]
 3127 06d8 002B     		cmp	r3, #0
 3128 06da 1DD0     		beq	.L112
 3129              		.loc 1 775 0 is_stmt 0 discriminator 1
 3130 06dc 414B     		ldr	r3, .L120+12
 3131 06de A422     		movs	r2, #164
 3132 06e0 9A5A     		ldrh	r2, [r3, r2]
 3133 06e2 404B     		ldr	r3, .L120+12
 3134 06e4 A621     		movs	r1, #166
 3135 06e6 5B5A     		ldrh	r3, [r3, r1]
 3136 06e8 9A42     		cmp	r2, r3
 3137 06ea 15D0     		beq	.L112
ARM GAS  C:\Users\alexport\AppData\Local\Temp\cc2gMrRa.s 			page 70


 776:runtime.c     ****     {
 777:runtime.c     ****         CyBle_GattsNotification( cyBle_connHandle, &tempHandle );               /* Notify the clien
 3138              		.loc 1 777 0 is_stmt 1
 3139 06ec 1823     		movs	r3, #24
 3140 06ee F918     		adds	r1, r7, r3
 3141 06f0 3A4B     		ldr	r3, .L120+4
 3142 06f2 1A78     		ldrb	r2, [r3]
 3143 06f4 5B78     		ldrb	r3, [r3, #1]
 3144 06f6 1B02     		lsls	r3, r3, #8
 3145 06f8 1A43     		orrs	r2, r3
 3146 06fa 0023     		movs	r3, #0
 3147 06fc 1204     		lsls	r2, r2, #16
 3148 06fe 120C     		lsrs	r2, r2, #16
 3149 0700 1B0C     		lsrs	r3, r3, #16
 3150 0702 1B04     		lsls	r3, r3, #16
 3151 0704 1343     		orrs	r3, r2
 3152 0706 1800     		movs	r0, r3
 3153 0708 FFF7FEFF 		bl	CyBle_GattsNotification
 778:runtime.c     ****         System.CalClearingPrevious = System.CalClearing;
 3154              		.loc 1 778 0
 3155 070c 354B     		ldr	r3, .L120+12
 3156 070e A422     		movs	r2, #164
 3157 0710 995A     		ldrh	r1, [r3, r2]
 3158 0712 344B     		ldr	r3, .L120+12
 3159 0714 A622     		movs	r2, #166
 3160 0716 9952     		strh	r1, [r3, r2]
 3161              	.L112:
 779:runtime.c     ****     }
 780:runtime.c     **** 
 781:runtime.c     ****     /* Update CAL_SPAN_ERROR value */
 782:runtime.c     ****     tempHandle.attrHandle = CYBLE_SGA2_CAL_SPAN_ERROR_CHAR_HANDLE;
 3162              		.loc 1 782 0
 3163 0718 1823     		movs	r3, #24
 3164 071a FB18     		adds	r3, r7, r3
 3165 071c 8B22     		movs	r2, #139
 3166 071e 1A81     		strh	r2, [r3, #8]
 783:runtime.c     ****     tempHandle.value.val = (uint8*)&System.CalSpanError;
 3167              		.loc 1 783 0
 3168 0720 1823     		movs	r3, #24
 3169 0722 FB18     		adds	r3, r7, r3
 3170 0724 364A     		ldr	r2, .L120+40
 3171 0726 1A60     		str	r2, [r3]
 784:runtime.c     ****     tempHandle.value.len = 1;
 3172              		.loc 1 784 0
 3173 0728 1823     		movs	r3, #24
 3174 072a FB18     		adds	r3, r7, r3
 3175 072c 0122     		movs	r2, #1
 3176 072e 9A80     		strh	r2, [r3, #4]
 785:runtime.c     ****     CyBle_GattsWriteAttributeValue(&tempHandle,0,&cyBle_connHandle,0);
 3177              		.loc 1 785 0
 3178 0730 2A4A     		ldr	r2, .L120+4
 3179 0732 1823     		movs	r3, #24
 3180 0734 F818     		adds	r0, r7, r3
 3181 0736 0023     		movs	r3, #0
 3182 0738 0021     		movs	r1, #0
 3183 073a FFF7FEFF 		bl	CyBle_GattsWriteAttributeValue
 786:runtime.c     ****     /* If notifications have been requested for System.CalSpanError */
ARM GAS  C:\Users\alexport\AppData\Local\Temp\cc2gMrRa.s 			page 71


 787:runtime.c     ****     if( System.BleNotifyCalSpanError && ( System.CalSpanError != System.CalSpanErrorPrevious ) )
 3184              		.loc 1 787 0
 3185 073e 294B     		ldr	r3, .L120+12
 3186 0740 DB7B     		ldrb	r3, [r3, #15]
 3187 0742 002B     		cmp	r3, #0
 3188 0744 1DD0     		beq	.L113
 3189              		.loc 1 787 0 is_stmt 0 discriminator 1
 3190 0746 274B     		ldr	r3, .L120+12
 3191 0748 A822     		movs	r2, #168
 3192 074a 9A5C     		ldrb	r2, [r3, r2]
 3193 074c 254B     		ldr	r3, .L120+12
 3194 074e A921     		movs	r1, #169
 3195 0750 5B5C     		ldrb	r3, [r3, r1]
 3196 0752 9A42     		cmp	r2, r3
 3197 0754 15D0     		beq	.L113
 788:runtime.c     ****     {
 789:runtime.c     ****         CyBle_GattsNotification( cyBle_connHandle, &tempHandle );               /* Notify the clien
 3198              		.loc 1 789 0 is_stmt 1
 3199 0756 1823     		movs	r3, #24
 3200 0758 F918     		adds	r1, r7, r3
 3201 075a 204B     		ldr	r3, .L120+4
 3202 075c 1A78     		ldrb	r2, [r3]
 3203 075e 5B78     		ldrb	r3, [r3, #1]
 3204 0760 1B02     		lsls	r3, r3, #8
 3205 0762 1A43     		orrs	r2, r3
 3206 0764 0023     		movs	r3, #0
 3207 0766 1204     		lsls	r2, r2, #16
 3208 0768 120C     		lsrs	r2, r2, #16
 3209 076a 1B0C     		lsrs	r3, r3, #16
 3210 076c 1B04     		lsls	r3, r3, #16
 3211 076e 1343     		orrs	r3, r2
 3212 0770 1800     		movs	r0, r3
 3213 0772 FFF7FEFF 		bl	CyBle_GattsNotification
 790:runtime.c     ****         System.CalSpanErrorPrevious = System.CalSpanError;
 3214              		.loc 1 790 0
 3215 0776 1B4B     		ldr	r3, .L120+12
 3216 0778 A822     		movs	r2, #168
 3217 077a 995C     		ldrb	r1, [r3, r2]
 3218 077c 194B     		ldr	r3, .L120+12
 3219 077e A922     		movs	r2, #169
 3220 0780 9954     		strb	r1, [r3, r2]
 3221              	.L113:
 791:runtime.c     ****     }
 792:runtime.c     **** 
 793:runtime.c     ****     /* Update CALIBRATION_STATUS value */
 794:runtime.c     ****     tempHandle.attrHandle = CYBLE_SGA2_CALIBRATION_STATUS_CHAR_HANDLE;
 3222              		.loc 1 794 0
 3223 0782 1823     		movs	r3, #24
 3224 0784 FB18     		adds	r3, r7, r3
 3225 0786 8F22     		movs	r2, #143
 3226 0788 1A81     		strh	r2, [r3, #8]
 795:runtime.c     ****     tempHandle.value.val = (uint8*)&sensor[CALSTATUSMSB]; //&System.CalibrationStatus;
 3227              		.loc 1 795 0
 3228 078a 1823     		movs	r3, #24
 3229 078c FB18     		adds	r3, r7, r3
 3230 078e 1D4A     		ldr	r2, .L120+44
 3231 0790 1A60     		str	r2, [r3]
ARM GAS  C:\Users\alexport\AppData\Local\Temp\cc2gMrRa.s 			page 72


 796:runtime.c     ****     tempHandle.value.len = 2;//1;
 3232              		.loc 1 796 0
 3233 0792 1823     		movs	r3, #24
 3234 0794 FB18     		adds	r3, r7, r3
 3235 0796 0222     		movs	r2, #2
 3236 0798 9A80     		strh	r2, [r3, #4]
 797:runtime.c     ****     CyBle_GattsWriteAttributeValue(&tempHandle,0,&cyBle_connHandle,0);
 3237              		.loc 1 797 0
 3238 079a 104A     		ldr	r2, .L120+4
 3239 079c 1823     		movs	r3, #24
 3240 079e F818     		adds	r0, r7, r3
 3241 07a0 0023     		movs	r3, #0
 3242 07a2 0021     		movs	r1, #0
 3243 07a4 FFF7FEFF 		bl	CyBle_GattsWriteAttributeValue
 798:runtime.c     ****     /* If notifications have been requested for System.CalibrationStatus */
 799:runtime.c     ****     if( System.BleNotifyCalibrationStatus)// && ( System.CalibrationStatus != System.CalibrationSta
 3244              		.loc 1 799 0
 3245 07a8 0E4B     		ldr	r3, .L120+12
 3246 07aa 5B7C     		ldrb	r3, [r3, #17]
 3247 07ac 002B     		cmp	r3, #0
 3248 07ae 2ED0     		beq	.L114
 800:runtime.c     ****     {
 801:runtime.c     ****         CyBle_GattsNotification( cyBle_connHandle, &tempHandle );               /* Notify the clien
 3249              		.loc 1 801 0
 3250 07b0 1823     		movs	r3, #24
 3251 07b2 F918     		adds	r1, r7, r3
 3252 07b4 094B     		ldr	r3, .L120+4
 3253 07b6 1A78     		ldrb	r2, [r3]
 3254 07b8 5B78     		ldrb	r3, [r3, #1]
 3255 07ba 1B02     		lsls	r3, r3, #8
 3256 07bc 1A43     		orrs	r2, r3
 3257 07be 0023     		movs	r3, #0
 3258 07c0 1204     		lsls	r2, r2, #16
 3259 07c2 120C     		lsrs	r2, r2, #16
 3260 07c4 1B0C     		lsrs	r3, r3, #16
 3261 07c6 1B04     		lsls	r3, r3, #16
 3262 07c8 1343     		orrs	r3, r2
 3263 07ca 1800     		movs	r0, r3
 3264 07cc FFF7FEFF 		bl	CyBle_GattsNotification
 802:runtime.c     ****         System.CalibrationStatusPrevious = System.CalibrationStatus;
 3265              		.loc 1 802 0
 3266 07d0 044B     		ldr	r3, .L120+12
 3267 07d2 9622     		movs	r2, #150
 3268 07d4 995C     		ldrb	r1, [r3, r2]
 3269 07d6 17E0     		b	.L121
 3270              	.L122:
 3271              		.align	2
 3272              	.L120:
 3273 07d8 98000000 		.word	System+152
 3274 07dc 00000000 		.word	cyBle_connHandle
 3275 07e0 9A000000 		.word	System+154
 3276 07e4 00000000 		.word	System
 3277 07e8 9C000000 		.word	System+156
 3278 07ec 9E000000 		.word	System+158
 3279 07f0 92000000 		.word	System+146
 3280 07f4 94000000 		.word	System+148
 3281 07f8 A2000000 		.word	System+162
ARM GAS  C:\Users\alexport\AppData\Local\Temp\cc2gMrRa.s 			page 73


 3282 07fc A4000000 		.word	System+164
 3283 0800 A8000000 		.word	System+168
 3284 0804 1A000000 		.word	sensor+26
 3285              	.L121:
 3286 0808 264B     		ldr	r3, .L123
 3287 080a 9722     		movs	r2, #151
 3288 080c 9954     		strb	r1, [r3, r2]
 3289              	.L114:
 803:runtime.c     ****     }
 804:runtime.c     ****     /* Update READING_SCALED value */
 805:runtime.c     ****     tempHandle.attrHandle = CYBLE_SGA2_READING_SCALED_CHAR_HANDLE;
 3290              		.loc 1 805 0
 3291 080e 1823     		movs	r3, #24
 3292 0810 FB18     		adds	r3, r7, r3
 3293 0812 9322     		movs	r2, #147
 3294 0814 1A81     		strh	r2, [r3, #8]
 806:runtime.c     ****     tempHandle.value.val = (uint8*)&testVal8;
 3295              		.loc 1 806 0
 3296 0816 1823     		movs	r3, #24
 3297 0818 FB18     		adds	r3, r7, r3
 3298 081a 2722     		movs	r2, #39
 3299 081c BA18     		adds	r2, r7, r2
 3300 081e 1A60     		str	r2, [r3]
 807:runtime.c     ****     tempHandle.value.len = 4;
 3301              		.loc 1 807 0
 3302 0820 1823     		movs	r3, #24
 3303 0822 FB18     		adds	r3, r7, r3
 3304 0824 0422     		movs	r2, #4
 3305 0826 9A80     		strh	r2, [r3, #4]
 808:runtime.c     ****     CyBle_GattsWriteAttributeValue(&tempHandle,0,&cyBle_connHandle,0);
 3306              		.loc 1 808 0
 3307 0828 1F4A     		ldr	r2, .L123+4
 3308 082a 1823     		movs	r3, #24
 3309 082c F818     		adds	r0, r7, r3
 3310 082e 0023     		movs	r3, #0
 3311 0830 0021     		movs	r1, #0
 3312 0832 FFF7FEFF 		bl	CyBle_GattsWriteAttributeValue
 809:runtime.c     ****     /* If notifications have been requested for Sensor.ReadingScaled */
 810:runtime.c     **** //    if( System.BleNotifyReadingScaled && ( Sensor.ReadingScaled != Sensor.ReadingScaledPrevious )
 811:runtime.c     **** //    {
 812:runtime.c     **** //        CyBle_GattsNotification( cyBle_connHandle, &tempHandle );               /* Notify the cli
 813:runtime.c     **** //        Sensor.ReadingScaledPrevious = Sensor.ReadingScaled;
 814:runtime.c     **** //    }
 815:runtime.c     **** 
 816:runtime.c     ****     /* Update ALERT_STATUS value */
 817:runtime.c     ****     tempHandle.attrHandle = CYBLE_SGA2_ALERT_STATUS_CHAR_HANDLE;
 3313              		.loc 1 817 0
 3314 0836 1823     		movs	r3, #24
 3315 0838 FB18     		adds	r3, r7, r3
 3316 083a 9722     		movs	r2, #151
 3317 083c 1A81     		strh	r2, [r3, #8]
 818:runtime.c     ****     tempHandle.value.val = (uint8*)&System.AlertStatus;
 3318              		.loc 1 818 0
 3319 083e 1823     		movs	r3, #24
 3320 0840 FB18     		adds	r3, r7, r3
 3321 0842 1A4A     		ldr	r2, .L123+8
 3322 0844 1A60     		str	r2, [r3]
ARM GAS  C:\Users\alexport\AppData\Local\Temp\cc2gMrRa.s 			page 74


 819:runtime.c     ****     tempHandle.value.len = 1;
 3323              		.loc 1 819 0
 3324 0846 1823     		movs	r3, #24
 3325 0848 FB18     		adds	r3, r7, r3
 3326 084a 0122     		movs	r2, #1
 3327 084c 9A80     		strh	r2, [r3, #4]
 820:runtime.c     ****     CyBle_GattsWriteAttributeValue(&tempHandle,0,&cyBle_connHandle,0);
 3328              		.loc 1 820 0
 3329 084e 164A     		ldr	r2, .L123+4
 3330 0850 1823     		movs	r3, #24
 3331 0852 F818     		adds	r0, r7, r3
 3332 0854 0023     		movs	r3, #0
 3333 0856 0021     		movs	r1, #0
 3334 0858 FFF7FEFF 		bl	CyBle_GattsWriteAttributeValue
 821:runtime.c     ****     /* If notifications have been requested for System.AlertStatus */
 822:runtime.c     ****     if( System.BleNotifyAlertStatus && ( System.AlertStatus != System.AlertStatusPrevious ) )
 3335              		.loc 1 822 0
 3336 085c 114B     		ldr	r3, .L123
 3337 085e 1B79     		ldrb	r3, [r3, #4]
 3338 0860 002B     		cmp	r3, #0
 3339 0862 1BD0     		beq	.L100
 3340              		.loc 1 822 0 is_stmt 0 discriminator 1
 3341 0864 0F4B     		ldr	r3, .L123
 3342 0866 9A7F     		ldrb	r2, [r3, #30]
 3343 0868 0E4B     		ldr	r3, .L123
 3344 086a DB7F     		ldrb	r3, [r3, #31]
 3345 086c 9A42     		cmp	r2, r3
 3346 086e 15D0     		beq	.L100
 823:runtime.c     ****     {
 824:runtime.c     ****         CyBle_GattsNotification( cyBle_connHandle, &tempHandle );               /* Notify the clien
 3347              		.loc 1 824 0 is_stmt 1
 3348 0870 1823     		movs	r3, #24
 3349 0872 F918     		adds	r1, r7, r3
 3350 0874 0C4B     		ldr	r3, .L123+4
 3351 0876 1A78     		ldrb	r2, [r3]
 3352 0878 5B78     		ldrb	r3, [r3, #1]
 3353 087a 1B02     		lsls	r3, r3, #8
 3354 087c 1A43     		orrs	r2, r3
 3355 087e 0023     		movs	r3, #0
 3356 0880 1204     		lsls	r2, r2, #16
 3357 0882 120C     		lsrs	r2, r2, #16
 3358 0884 1B0C     		lsrs	r3, r3, #16
 3359 0886 1B04     		lsls	r3, r3, #16
 3360 0888 1343     		orrs	r3, r2
 3361 088a 1800     		movs	r0, r3
 3362 088c FFF7FEFF 		bl	CyBle_GattsNotification
 825:runtime.c     ****         System.AlertStatusPrevious = System.AlertStatus;
 3363              		.loc 1 825 0
 3364 0890 044B     		ldr	r3, .L123
 3365 0892 9A7F     		ldrb	r2, [r3, #30]
 3366 0894 034B     		ldr	r3, .L123
 3367 0896 DA77     		strb	r2, [r3, #31]
 3368 0898 00E0     		b	.L100
 3369              	.L116:
 544:runtime.c     **** 
 3370              		.loc 1 544 0
 3371 089a C046     		nop
ARM GAS  C:\Users\alexport\AppData\Local\Temp\cc2gMrRa.s 			page 75


 3372              	.L100:
 826:runtime.c     ****     }
 827:runtime.c     **** 
 828:runtime.c     **** }
 3373              		.loc 1 828 0
 3374 089c BD46     		mov	sp, r7
 3375 089e 0CB0     		add	sp, sp, #48
 3376              		@ sp needed
 3377 08a0 80BD     		pop	{r7, pc}
 3378              	.L124:
 3379 08a2 C046     		.align	2
 3380              	.L123:
 3381 08a4 00000000 		.word	System
 3382 08a8 00000000 		.word	cyBle_connHandle
 3383 08ac 1E000000 		.word	System+30
 3384              		.cfi_endproc
 3385              	.LFE51:
 3386              		.size	updateOurBleData, .-updateOurBleData
 3387              		.comm	capsenseNotify,4,4
 3388              		.comm	bleConnected,1,1
 3389              		.comm	connectionHandle,2,4
 3390              		.section	.text.Stack_Handler,"ax",%progbits
 3391              		.align	2
 3392              		.global	Stack_Handler
 3393              		.code	16
 3394              		.thumb_func
 3395              		.type	Stack_Handler, %function
 3396              	Stack_Handler:
 3397              	.LFB52:
 829:runtime.c     **** 
 830:runtime.c     **** 
 831:runtime.c     **** 
 832:runtime.c     **** 
 833:runtime.c     **** int capsenseNotify;
 834:runtime.c     **** uint8_t bleConnected;
 835:runtime.c     **** 
 836:runtime.c     **** CYBLE_CONN_HANDLE_T connectionHandle;
 837:runtime.c     **** 
 838:runtime.c     **** /* define the test register to switch the PA/LNA hardware control pins */
 839:runtime.c     **** #define CYREG_SRSS_TST_DDFT_CTRL 0x40030008
 840:runtime.c     **** 
 841:runtime.c     **** //void Stack_Handler(uint32 eventCode, void *eventParam){
 842:runtime.c     **** //    
 843:runtime.c     **** //    CYBLE_GATTS_WRITE_REQ_PARAM_T *wrReqParam;
 844:runtime.c     **** //    
 845:runtime.c     **** //    switch (eventCode){
 846:runtime.c     **** //        case CYBLE_EVT_STACK_ON:
 847:runtime.c     **** //            /* Enable the Skyworks SE2438T PA/LNA */
 848:runtime.c     **** //            CSD_Write(1);
 849:runtime.c     **** //            CPS_Write(1);
 850:runtime.c     **** //            /* Configure the Link Layer to automatically switch PA control pin P3[2] and LNA cont
 851:runtime.c     **** //            CY_SET_XTND_REG32((void CYFAR *)(CYREG_BLE_BLESS_RF_CONFIG), 0x0331);
 852:runtime.c     **** //            CY_SET_XTND_REG32((void CYFAR *)(CYREG_SRSS_TST_DDFT_CTRL), 0x80000302);
 853:runtime.c     **** //        case CYBLE_EVT_GAP_DEVICE_DISCONNECTED:
 854:runtime.c     **** //            CyBle_GappStartAdvertisement(CYBLE_ADVERTISING_FAST);
 855:runtime.c     **** //            bleConnected =0;
 856:runtime.c     **** //            BLETimer_Start();
ARM GAS  C:\Users\alexport\AppData\Local\Temp\cc2gMrRa.s 			page 76


 857:runtime.c     **** //            
 858:runtime.c     **** //            break;
 859:runtime.c     **** //            
 860:runtime.c     **** //        case CYBLE_EVT_GATT_CONNECT_IND:
 861:runtime.c     **** //            connectionHandle = *(CYBLE_CONN_HANDLE_T *)eventParam;
 862:runtime.c     **** //            bleConnected =1;
 863:runtime.c     **** //            
 864:runtime.c     **** //#ifdef DEEPSLEEP            
 865:runtime.c     **** //            ResetBLETimer();
 866:runtime.c     **** //#endif            
 867:runtime.c     **** //            //updateData();
 868:runtime.c     **** //            updateOurBleData();
 869:runtime.c     **** //            
 870:runtime.c     **** //            break;
 871:runtime.c     **** //        
 872:runtime.c     **** //        case CYBLE_EVT_GATTS_WRITE_REQ:
 873:runtime.c     **** //            wrReqParam = (CYBLE_GATTS_WRITE_REQ_PARAM_T *)eventParam;
 874:runtime.c     **** //            
 875:runtime.c     **** //            /* Requests to write variables */
 876:runtime.c     **** //            /* It's our sgaBleRemote variable */            
 877:runtime.c     **** //            if(wrReqParam->handleValPair.attrHandle == CYBLE_SGA1_SYS_REMOTE_CHAR_HANDLE)
 878:runtime.c     **** //            {
 879:runtime.c     **** //                /* Only update and respond if the write to the GATT Database is allowed */
 880:runtime.c     **** //                if(CYBLE_GATT_ERR_NONE == CyBle_GattsWriteAttributeValue(&wrReqParam->handleValPa
 881:runtime.c     **** //                {
 882:runtime.c     **** //                    BleControl = wrReqParam->handleValPair.value.val[0];      /* Update our local
 883:runtime.c     **** //                    CyBle_GattsWriteRsp(cyBle_connHandle);                      /* respond to the
 884:runtime.c     **** //                }
 885:runtime.c     **** //                
 886:runtime.c     **** //                // send i2c command here?
 887:runtime.c     **** //                runtime_CtrlSensor( CYBLE_SGA1_SYS_REMOTE_CHAR_HANDLE+2 , BleControl);
 888:runtime.c     **** //            }
 889:runtime.c     **** //            
 890:runtime.c     **** //            /* It's a request for notifications for our Sensor.Reading (SYS_READING) */
 891:runtime.c     **** //            if( wrReqParam->handleValPair.attrHandle == CYBLE_SGA1_SYS_READING_SYS_READING_CCCD_D
 892:runtime.c     **** //            {
 893:runtime.c     **** //                CyBle_GattsWriteAttributeValue(&wrReqParam->handleValPair,0, &cyBle_connHandle, C
 894:runtime.c     **** //                System.BleNotifyReading = wrReqParam->handleValPair.value.val[0] & 0x01; /* Updat
 895:runtime.c     **** //                CyBle_GattsWriteRsp(cyBle_connHandle);                          /* respond to the
 896:runtime.c     **** //            }
 897:runtime.c     **** //            
 898:runtime.c     **** //            /* It's a request for notifications for our Sensor.Status (SYS_STATUS) */
 899:runtime.c     **** //            if( wrReqParam->handleValPair.attrHandle == CYBLE_SGA1_SYS_STATUS_CLIENT_CHARACTERIST
 900:runtime.c     **** //            {
 901:runtime.c     **** //                CyBle_GattsWriteAttributeValue(&wrReqParam->handleValPair,0, &cyBle_connHandle, C
 902:runtime.c     **** //                System.BleNotifyReading = wrReqParam->handleValPair.value.val[0] & 0x01; /* Updat
 903:runtime.c     **** //                CyBle_GattsWriteRsp(cyBle_connHandle);                          /* respond to the
 904:runtime.c     **** //            }
 905:runtime.c     **** //            break;
 906:runtime.c     **** //            
 907:runtime.c     **** //            break;
 908:runtime.c     **** //        default:
 909:runtime.c     **** //            break;    
 910:runtime.c     **** //    }
 911:runtime.c     **** //    
 912:runtime.c     **** //    
 913:runtime.c     **** //    
ARM GAS  C:\Users\alexport\AppData\Local\Temp\cc2gMrRa.s 			page 77


 914:runtime.c     **** //    
 915:runtime.c     **** //    
 916:runtime.c     **** //    
 917:runtime.c     **** //}
 918:runtime.c     **** 
 919:runtime.c     **** 
 920:runtime.c     **** /*******************************************************************************
 921:runtime.c     **** * Function Name: Stack_Handler
 922:runtime.c     **** ********************************************************************************
 923:runtime.c     **** * Summary:
 924:runtime.c     **** *  Stack handler for BLE communications.
 925:runtime.c     **** * 
 926:runtime.c     **** * Parameters:
 927:runtime.c     **** *  eventCode
 928:runtime.c     **** *  eventParam
 929:runtime.c     **** *
 930:runtime.c     **** * Return:
 931:runtime.c     **** *  None
 932:runtime.c     **** *
 933:runtime.c     **** *******************************************************************************/
 934:runtime.c     **** void Stack_Handler( uint32 eventCode, void *eventParam )
 935:runtime.c     **** {
 3398              		.loc 1 935 0
 3399              		.cfi_startproc
 3400              		@ args = 0, pretend = 0, frame = 16
 3401              		@ frame_needed = 1, uses_anonymous_args = 0
 3402 0000 80B5     		push	{r7, lr}
 3403              		.cfi_def_cfa_offset 8
 3404              		.cfi_offset 7, -8
 3405              		.cfi_offset 14, -4
 3406 0002 84B0     		sub	sp, sp, #16
 3407              		.cfi_def_cfa_offset 24
 3408 0004 00AF     		add	r7, sp, #0
 3409              		.cfi_def_cfa_register 7
 3410 0006 7860     		str	r0, [r7, #4]
 3411 0008 3960     		str	r1, [r7]
 936:runtime.c     ****     CYBLE_GATTS_WRITE_REQ_PARAM_T *wrReqParam;    
 937:runtime.c     **** 
 938:runtime.c     ****     switch( eventCode )                                                         /* Handle any BLE e
 3412              		.loc 1 938 0
 3413 000a 7B68     		ldr	r3, [r7, #4]
 3414 000c 282B     		cmp	r3, #40
 3415 000e 16D0     		beq	.L127
 3416 0010 03D8     		bhi	.L128
 3417 0012 012B     		cmp	r3, #1
 3418 0014 07D0     		beq	.L129
 939:runtime.c     ****     {
 940:runtime.c     ****         case CYBLE_EVT_STACK_ON:                                                /* Handle BLE stack
 941:runtime.c     ****             /* Mandatory events to be handled by BLE application code */
 942:runtime.c     ****             /* Enable the Skyworks SE2438T PA/LNA */
 943:runtime.c     ****             CSD_Write(1);
 944:runtime.c     ****             CPS_Write(1);
 945:runtime.c     ****             /* Configure the Link Layer to automatically switch PA control pin P3[2] and LNA contro
 946:runtime.c     ****             CY_SET_XTND_REG32((void CYFAR *)(CYREG_BLE_BLESS_RF_CONFIG), 0x0331);
 947:runtime.c     ****             CY_SET_XTND_REG32((void CYFAR *)(CYREG_SRSS_TST_DDFT_CTRL), 0x80000302);
 948:runtime.c     ****         case CYBLE_EVT_GAP_DEVICE_DISCONNECTED:                                 /* Handle BLE disco
 949:runtime.c     ****             CyBle_GappStartAdvertisement( CYBLE_ADVERTISING_FAST );             /* Start advertisin
ARM GAS  C:\Users\alexport\AppData\Local\Temp\cc2gMrRa.s 			page 78


 950:runtime.c     ****             bleConnected =0;
 951:runtime.c     ****             BLETimer_Start();
 952:runtime.c     ****             if( System.BleInAuxCalState == TRUE ) System.BleControl = 0;        /* In loop cal or o
 953:runtime.c     ****             break;
 954:runtime.c     ****         case CYBLE_EVT_GATT_CONNECT_IND:                                        /* Handle BLE conne
 955:runtime.c     ****             //updateData();
 956:runtime.c     ****             updateOurBleData();                                                 /* Update the GATT 
 957:runtime.c     ****             connectionHandle = *(CYBLE_CONN_HANDLE_T *)eventParam;
 958:runtime.c     ****             bleConnected =1;
 959:runtime.c     ****             
 960:runtime.c     **** #ifdef DEEPSLEEP            
 961:runtime.c     ****             ResetBLETimer();
 962:runtime.c     **** #endif            
 963:runtime.c     ****             break;
 964:runtime.c     ****         case CYBLE_EVT_GATTS_WRITE_REQ:                                           /* Handle a write
 965:runtime.c     ****             wrReqParam = (CYBLE_GATTS_WRITE_REQ_PARAM_T *) eventParam;          /* Get the attribut
 966:runtime.c     **** 
 967:runtime.c     ****             /* Requests to write variables */
 968:runtime.c     ****             /* It's our sgaBleRemote variable */            
 969:runtime.c     ****             if(wrReqParam->handleValPair.attrHandle == CYBLE_SGA1_SYS_REMOTE_CHAR_HANDLE)
 970:runtime.c     ****             {
 971:runtime.c     ****                 /* Only update and respond if the write to the GATT Database is allowed */
 972:runtime.c     ****                 if(CYBLE_GATT_ERR_NONE == CyBle_GattsWriteAttributeValue(&wrReqParam->handleValPair
 973:runtime.c     ****                 {
 974:runtime.c     ****                     System.BleControl = wrReqParam->handleValPair.value.val[0];      /* Update our 
 975:runtime.c     ****                     CyBle_GattsWriteRsp(cyBle_connHandle);                      /* respond to the c
 976:runtime.c     ****                 }
 977:runtime.c     ****                 runtime_CtrlSensor( CYBLE_SGA1_SYS_REMOTE_CHAR_HANDLE+2 , System.BleControl); //???
 978:runtime.c     ****             }
 979:runtime.c     ****             /* It's our CAN Node ID variable */            
 980:runtime.c     ****             if(wrReqParam->handleValPair.attrHandle == CYBLE_SGA1_SYS_CAN_ID_CHAR_HANDLE)
 981:runtime.c     ****             {
 982:runtime.c     ****                 /* Only update and respond if the write to the GATT Database is allowed */
 983:runtime.c     ****                 if(CYBLE_GATT_ERR_NONE == CyBle_GattsWriteAttributeValue(&wrReqParam->handleValPair
 984:runtime.c     ****                 {
 985:runtime.c     ****                     System.CanNodeId = wrReqParam->handleValPair.value.val[0];  /* Update our local
 986:runtime.c     ****                     CyBle_GattsWriteRsp(cyBle_connHandle);                      /* respond to the c
 987:runtime.c     **** //                    FM24VN10_Write_8( SYS_I2C_FRAM_ADDR_B0, SYS_EE8_CAN_NODE_ID, System.CanNodeId
 988:runtime.c     **** //                    if( SA100_I2C_INSTALLED ) SA100I2C_Write_8( SA100_CEC_I2C_ADDR, SA100_I2C_Can
 989:runtime.c     **** //                    SA100CEC_Write_8( CEC_OD_SYS_U8_CANNodeID, 0, System.CanNodeId );
 990:runtime.c     **** //                    SA100CEC_Reset( CEC_RESET_COMMS );
 991:runtime.c     ****                 }
 992:runtime.c     ****             }
 993:runtime.c     ****             /* It's our CAN Channel variable */            
 994:runtime.c     ****             if(wrReqParam->handleValPair.attrHandle == CYBLE_SGA1_SYS_CAN_CHAN_CHAR_HANDLE)
 995:runtime.c     ****             {
 996:runtime.c     ****                 /* Only update and respond if the write to the GATT Database is allowed */
 997:runtime.c     ****                 if(CYBLE_GATT_ERR_NONE == CyBle_GattsWriteAttributeValue(&wrReqParam->handleValPair
 998:runtime.c     ****                 {
 999:runtime.c     ****                     System.CanChannel = wrReqParam->handleValPair.value.val[0];  /* Update our loca
1000:runtime.c     ****                     CyBle_GattsWriteRsp(cyBle_connHandle);                      /* respond to the c
1001:runtime.c     **** //                    FM24VN10_Write_8( SYS_I2C_FRAM_ADDR_B0, SYS_EE8_CAN_CHANNEL, System.CanChanne
1002:runtime.c     **** //                    if( SA100_I2C_INSTALLED ) SA100I2C_Write_8( SA100_CEC_I2C_ADDR, SA100_I2C_Can
1003:runtime.c     **** //                    SA100CEC_Write_8( CEC_OD_SYS_U8_channel, 0, System.CanChannel );
1004:runtime.c     **** //                    SA100CEC_Reset( CEC_RESET_COMMS );
1005:runtime.c     ****                 }
1006:runtime.c     ****             }
ARM GAS  C:\Users\alexport\AppData\Local\Temp\cc2gMrRa.s 			page 79


1007:runtime.c     ****             /* It's our ALERT_1 variable */            
1008:runtime.c     ****             if(wrReqParam->handleValPair.attrHandle == CYBLE_SGA1_SYS_ALERT_1_CHAR_HANDLE)
1009:runtime.c     ****             {
1010:runtime.c     ****                 /* Only update and respond if the write to the GATT Database is allowed */
1011:runtime.c     ****                 if(CYBLE_GATT_ERR_NONE == CyBle_GattsWriteAttributeValue(&wrReqParam->handleValPair
1012:runtime.c     ****                 {
1013:runtime.c     ****                     CyBle_GattsWriteRsp(cyBle_connHandle);                      /* respond to the c
1014:runtime.c     ****                 }
1015:runtime.c     ****             }
1016:runtime.c     ****             /* It's our ALERT_2 variable */            
1017:runtime.c     ****             if(wrReqParam->handleValPair.attrHandle == CYBLE_SGA1_SYS_ALERT_2_CHAR_HANDLE)
1018:runtime.c     ****             {
1019:runtime.c     ****                 /* Only update and respond if the write to the GATT Database is allowed */
1020:runtime.c     ****                 if(CYBLE_GATT_ERR_NONE == CyBle_GattsWriteAttributeValue(&wrReqParam->handleValPair
1021:runtime.c     ****                 {
1022:runtime.c     ****                     CyBle_GattsWriteRsp(cyBle_connHandle);                      /* respond to the c
1023:runtime.c     ****                 }
1024:runtime.c     ****             }
1025:runtime.c     ****             /* It's our PIN variable */            
1026:runtime.c     ****             if(wrReqParam->handleValPair.attrHandle == CYBLE_SGA2_PIN_CHAR_HANDLE)
1027:runtime.c     ****             {
1028:runtime.c     ****                 /* Only update and respond if the write to the GATT Database is allowed */
1029:runtime.c     ****                 if(CYBLE_GATT_ERR_NONE == CyBle_GattsWriteAttributeValue(&wrReqParam->handleValPair
1030:runtime.c     ****                 {
1031:runtime.c     ****                     CyBle_GattsWriteRsp(cyBle_connHandle);                      /* respond to the c
1032:runtime.c     **** 
1033:runtime.c     ****                 }
1034:runtime.c     ****             }
1035:runtime.c     ****             /* It's our SENSOR_TAG variable */            
1036:runtime.c     ****             if(wrReqParam->handleValPair.attrHandle == CYBLE_SGA2_SENSOR_TAG_CHAR_HANDLE)
1037:runtime.c     ****             {
1038:runtime.c     ****                 /* Only update and respond if the write to the GATT Database is allowed */
1039:runtime.c     ****                 if(CYBLE_GATT_ERR_NONE == CyBle_GattsWriteAttributeValue(&wrReqParam->handleValPair
1040:runtime.c     ****                 {
1041:runtime.c     **** //                    for( uint8 i = 0; i < SENSOR_TAG_LENGTH; i++ )
1042:runtime.c     **** //                    {
1043:runtime.c     **** //                        System.SensorTag[i] = wrReqParam->handleValPair.value.val[i];  /* Update 
1044:runtime.c     **** //                    }
1045:runtime.c     ****                     CyBle_GattsWriteRsp(cyBle_connHandle);                      /* respond to the c
1046:runtime.c     **** //                    SysSaveSensorTagString();
1047:runtime.c     ****                 }
1048:runtime.c     ****             }
1049:runtime.c     ****             /* It's our SENSOR_CAL_LEVEL variable */            
1050:runtime.c     ****             if(wrReqParam->handleValPair.attrHandle == CYBLE_SGA2_SENSOR_CAL_LEVEL_CHAR_HANDLE)
1051:runtime.c     ****             {
1052:runtime.c     ****                 /* Only update and respond if the write to the GATT Database is allowed */
1053:runtime.c     ****                 if(CYBLE_GATT_ERR_NONE == CyBle_GattsWriteAttributeValue(&wrReqParam->handleValPair
1054:runtime.c     ****                 {
1055:runtime.c     ****                     CyBle_GattsWriteRsp(cyBle_connHandle);                      /* respond to the c
1056:runtime.c     ****                 }                    
1057:runtime.c     ****             }
1058:runtime.c     ****             /* It's our CAL LOOP Channel variable */            
1059:runtime.c     ****             if(wrReqParam->handleValPair.attrHandle == CYBLE_SGA1_SYS_CAL_LOOP_CHAR_HANDLE)
1060:runtime.c     ****             {
1061:runtime.c     ****                 /* Only update and respond if the write to the GATT Database is allowed */
1062:runtime.c     ****                 if(CYBLE_GATT_ERR_NONE == CyBle_GattsWriteAttributeValue(&wrReqParam->handleValPair
1063:runtime.c     ****                 {
ARM GAS  C:\Users\alexport\AppData\Local\Temp\cc2gMrRa.s 			page 80


1064:runtime.c     ****                     System.BleCalLoop = wrReqParam->handleValPair.value.val[1];  /* Update our loca
1065:runtime.c     ****                     System.BleCalLoop <<=8;
1066:runtime.c     ****                     System.BleCalLoop |= wrReqParam->handleValPair.value.val[0];  /* Update our loc
1067:runtime.c     ****                     CyBle_GattsWriteRsp(cyBle_connHandle);                      /* respond to the c
1068:runtime.c     ****                 }
1069:runtime.c     ****             }
1070:runtime.c     ****             /* It's our CalibrationStatus variable */            
1071:runtime.c     ****             if(wrReqParam->handleValPair.attrHandle == CYBLE_SGA2_CALIBRATION_STATUS_CHAR_HANDLE)
1072:runtime.c     ****             {
1073:runtime.c     ****                 /* Only update and respond if the write to the GATT Database is allowed */
1074:runtime.c     ****                 if(CYBLE_GATT_ERR_NONE == CyBle_GattsWriteAttributeValue(&wrReqParam->handleValPair
1075:runtime.c     ****                 {
1076:runtime.c     ****                     System.CalibrationStatus = wrReqParam->handleValPair.value.val[0];  /* Update o
1077:runtime.c     ****                     CyBle_GattsWriteRsp(cyBle_connHandle);                      /* respond to the c
1078:runtime.c     ****                 }
1079:runtime.c     ****             }
1080:runtime.c     **** 
1081:runtime.c     ****             /* Request for Notifications */
1082:runtime.c     ****             /* It's a request for notifications for our System.BleControl (SYS_REMOTE) */
1083:runtime.c     ****             if( wrReqParam->handleValPair.attrHandle == CYBLE_SGA1_SYS_REMOTE_CLIENT_CHARACTERISTIC
1084:runtime.c     ****             {
1085:runtime.c     ****                 CyBle_GattsWriteAttributeValue(&wrReqParam->handleValPair,0, &cyBle_connHandle, CYB
1086:runtime.c     ****                 System.BleNotifyControl = wrReqParam->handleValPair.value.val[0] & 0x01; /* Update 
1087:runtime.c     ****                 CyBle_GattsWriteRsp(cyBle_connHandle);                          /* respond to the c
1088:runtime.c     ****             }
1089:runtime.c     ****             /* It's a request for notifications for our Sensor.Reading (SYS_READING) */
1090:runtime.c     ****             if( wrReqParam->handleValPair.attrHandle == CYBLE_SGA1_SYS_READING_SYS_READING_CCCD_DES
1091:runtime.c     ****             {
1092:runtime.c     ****                 CyBle_GattsWriteAttributeValue(&wrReqParam->handleValPair,0, &cyBle_connHandle, CYB
1093:runtime.c     ****                 System.BleNotifyReading = wrReqParam->handleValPair.value.val[0] & 0x01; /* Update 
1094:runtime.c     ****                 CyBle_GattsWriteRsp(cyBle_connHandle);                          /* respond to the c
1095:runtime.c     ****             }
1096:runtime.c     ****             /* It's a request for notifications for our Sensor.Status (SYS_STATUS) */
1097:runtime.c     ****             if( wrReqParam->handleValPair.attrHandle == CYBLE_SGA1_SYS_STATUS_CLIENT_CHARACTERISTIC
1098:runtime.c     ****             {
1099:runtime.c     ****                 CyBle_GattsWriteAttributeValue(&wrReqParam->handleValPair,0, &cyBle_connHandle, CYB
1100:runtime.c     ****                 System.BleNotifyStatus = wrReqParam->handleValPair.value.val[0] & 0x01; /* Update l
1101:runtime.c     ****                 CyBle_GattsWriteRsp(cyBle_connHandle);                          /* respond to the c
1102:runtime.c     ****             }
1103:runtime.c     ****             /* It's a request for notifications for our System.AdcCounts (SYS_ADC) */
1104:runtime.c     ****             if( wrReqParam->handleValPair.attrHandle == CYBLE_SGA1_SYS_ADC_CLIENT_CHARACTERISTIC_CO
1105:runtime.c     ****             {
1106:runtime.c     ****                 CyBle_GattsWriteAttributeValue(&wrReqParam->handleValPair,0, &cyBle_connHandle, CYB
1107:runtime.c     ****                 System.BleNotifyAdcCounts = wrReqParam->handleValPair.value.val[0] & 0x01; /* Updat
1108:runtime.c     ****                 CyBle_GattsWriteRsp(cyBle_connHandle);                          /* respond to the c
1109:runtime.c     ****             }
1110:runtime.c     ****             /* It's a request for notifications for our Sensor.Temperature */
1111:runtime.c     ****             if( wrReqParam->handleValPair.attrHandle == CYBLE_SGA2_SENSOR_TEMPERATURE_CLIENT_CHARAC
1112:runtime.c     ****             {
1113:runtime.c     ****                 CyBle_GattsWriteAttributeValue(&wrReqParam->handleValPair,0, &cyBle_connHandle, CYB
1114:runtime.c     ****                 System.BleNotifyTemperature = wrReqParam->handleValPair.value.val[0] & 0x01; /* Upd
1115:runtime.c     ****                 CyBle_GattsWriteRsp(cyBle_connHandle);                          /* respond to the c
1116:runtime.c     ****             }
1117:runtime.c     ****             /* It's a request for notifications for our Sensor.CalLevel */
1118:runtime.c     ****             if( wrReqParam->handleValPair.attrHandle == CYBLE_SGA2_SENSOR_CAL_LEVEL_CLIENT_CHARACTE
1119:runtime.c     ****             {
1120:runtime.c     ****                 CyBle_GattsWriteAttributeValue(&wrReqParam->handleValPair,0, &cyBle_connHandle, CYB
ARM GAS  C:\Users\alexport\AppData\Local\Temp\cc2gMrRa.s 			page 81


1121:runtime.c     ****                 System.BleNotifyCalLevel = wrReqParam->handleValPair.value.val[0] & 0x01; /* Update
1122:runtime.c     ****                 CyBle_GattsWriteRsp(cyBle_connHandle);                          /* respond to the c
1123:runtime.c     ****             }
1124:runtime.c     ****             /* It's a request for notifications for our System.CalZeroError */
1125:runtime.c     ****             if( wrReqParam->handleValPair.attrHandle == CYBLE_SGA2_CAL_ZERO_ERROR_CLIENT_CHARACTERI
1126:runtime.c     ****             {
1127:runtime.c     ****                 CyBle_GattsWriteAttributeValue(&wrReqParam->handleValPair,0, &cyBle_connHandle, CYB
1128:runtime.c     ****                 System.BleNotifyCalZeroError = wrReqParam->handleValPair.value.val[0] & 0x01; /* Up
1129:runtime.c     ****                 CyBle_GattsWriteRsp(cyBle_connHandle);                          /* respond to the c
1130:runtime.c     ****             }
1131:runtime.c     ****             /* It's a request for notifications for our System.CalStep */
1132:runtime.c     ****             if( wrReqParam->handleValPair.attrHandle == CYBLE_SGA2_CAL_STEP_CLIENT_CHARACTERISTIC_C
1133:runtime.c     ****             {
1134:runtime.c     ****                 CyBle_GattsWriteAttributeValue(&wrReqParam->handleValPair,0, &cyBle_connHandle, CYB
1135:runtime.c     ****                 System.BleNotifyCalStep = wrReqParam->handleValPair.value.val[0] & 0x01; /* Update 
1136:runtime.c     ****                 CyBle_GattsWriteRsp(cyBle_connHandle);                          /* respond to the c
1137:runtime.c     ****             }
1138:runtime.c     ****             /* It's a request for notifications for our System.CalSpeed */
1139:runtime.c     ****             if( wrReqParam->handleValPair.attrHandle == CYBLE_SGA2_CAL_SPEED_CLIENT_CHARACTERISTIC_
1140:runtime.c     ****             {
1141:runtime.c     ****                 CyBle_GattsWriteAttributeValue(&wrReqParam->handleValPair,0, &cyBle_connHandle, CYB
1142:runtime.c     ****                 System.BleNotifyCalSpeed = wrReqParam->handleValPair.value.val[0] & 0x01; /* Update
1143:runtime.c     ****                 CyBle_GattsWriteRsp(cyBle_connHandle);                          /* respond to the c
1144:runtime.c     ****             }
1145:runtime.c     ****             /* It's a request for notifications for our System.CalAsFound */
1146:runtime.c     ****             if( wrReqParam->handleValPair.attrHandle == CYBLE_SGA2_CAL_AS_FOUND_CLIENT_CHARACTERIST
1147:runtime.c     ****             {
1148:runtime.c     ****                 CyBle_GattsWriteAttributeValue(&wrReqParam->handleValPair,0, &cyBle_connHandle, CYB
1149:runtime.c     ****                 System.BleNotifyCalAsFound = wrReqParam->handleValPair.value.val[0] & 0x01; /* Upda
1150:runtime.c     ****                 CyBle_GattsWriteRsp(cyBle_connHandle);                          /* respond to the c
1151:runtime.c     ****             }
1152:runtime.c     ****             /* It's a request for notifications for our System.CalAdjusted */
1153:runtime.c     ****             if( wrReqParam->handleValPair.attrHandle == CYBLE_SGA2_CAL_ADJUSTED_CLIENT_CHARACTERIST
1154:runtime.c     ****             {
1155:runtime.c     ****                 CyBle_GattsWriteAttributeValue(&wrReqParam->handleValPair,0, &cyBle_connHandle, CYB
1156:runtime.c     ****                 System.BleNotifyCalAdjusted = wrReqParam->handleValPair.value.val[0] & 0x01; /* Upd
1157:runtime.c     ****                 CyBle_GattsWriteRsp(cyBle_connHandle);                          /* respond to the c
1158:runtime.c     ****             }
1159:runtime.c     ****             /* It's a request for notifications for our Sensor.Life */
1160:runtime.c     ****             if( wrReqParam->handleValPair.attrHandle == CYBLE_SGA2_SENSOR_LIFE_CLIENT_CHARACTERISTI
1161:runtime.c     ****             {
1162:runtime.c     ****                 CyBle_GattsWriteAttributeValue(&wrReqParam->handleValPair,0, &cyBle_connHandle, CYB
1163:runtime.c     ****                 System.BleNotifyLife = wrReqParam->handleValPair.value.val[0] & 0x01; /* Update loc
1164:runtime.c     ****                 CyBle_GattsWriteRsp(cyBle_connHandle);                          /* respond to the c
1165:runtime.c     ****             }
1166:runtime.c     ****             /* It's a request for notifications for our Sensor.CalClearing */
1167:runtime.c     ****             if( wrReqParam->handleValPair.attrHandle == CYBLE_SGA2_CAL_CLEARING_CLIENT_CHARACTERIST
1168:runtime.c     ****             {
1169:runtime.c     ****                 CyBle_GattsWriteAttributeValue(&wrReqParam->handleValPair,0, &cyBle_connHandle, CYB
1170:runtime.c     ****                 System.BleNotifyCalClearing = wrReqParam->handleValPair.value.val[0] & 0x01; /* Upd
1171:runtime.c     ****                 CyBle_GattsWriteRsp(cyBle_connHandle);                          /* respond to the c
1172:runtime.c     ****             }
1173:runtime.c     ****             /* It's a request for notifications for our System.CalSpanError */
1174:runtime.c     ****             if( wrReqParam->handleValPair.attrHandle == CYBLE_SGA2_CAL_SPAN_ERROR_CLIENT_CHARACTERI
1175:runtime.c     ****             {
1176:runtime.c     ****                 CyBle_GattsWriteAttributeValue(&wrReqParam->handleValPair,0, &cyBle_connHandle, CYB
1177:runtime.c     ****                 System.BleNotifyCalSpanError = wrReqParam->handleValPair.value.val[0] & 0x01; /* Up
ARM GAS  C:\Users\alexport\AppData\Local\Temp\cc2gMrRa.s 			page 82


1178:runtime.c     ****                 CyBle_GattsWriteRsp(cyBle_connHandle);                          /* respond to the c
1179:runtime.c     ****             }
1180:runtime.c     ****             /* It's a request for notifications for our System.CalibrationStatus */
1181:runtime.c     ****             if( wrReqParam->handleValPair.attrHandle == CYBLE_SGA2_CALIBRATION_STATUS_CLIENT_CHARAC
1182:runtime.c     ****             {
1183:runtime.c     ****                 CyBle_GattsWriteAttributeValue(&wrReqParam->handleValPair,0, &cyBle_connHandle, CYB
1184:runtime.c     ****                 System.BleNotifyCalibrationStatus = wrReqParam->handleValPair.value.val[0] & 0x01; 
1185:runtime.c     ****                 CyBle_GattsWriteRsp(cyBle_connHandle);                          /* respond to the c
1186:runtime.c     ****             }
1187:runtime.c     ****             /* It's a request for notifications for our Sensor.ReadingScaled */
1188:runtime.c     ****             if( wrReqParam->handleValPair.attrHandle == CYBLE_SGA2_READING_SCALED_CLIENT_CHARACTERI
1189:runtime.c     ****             {
1190:runtime.c     ****                 CyBle_GattsWriteAttributeValue(&wrReqParam->handleValPair,0, &cyBle_connHandle, CYB
1191:runtime.c     ****                 System.BleNotifyReadingScaled = wrReqParam->handleValPair.value.val[0] & 0x01; /* U
1192:runtime.c     ****                 CyBle_GattsWriteRsp(cyBle_connHandle);                          /* respond to the c
1193:runtime.c     ****             }
1194:runtime.c     ****             /* It's a request for notifications for our System.AlertStatus */
1195:runtime.c     ****             if( wrReqParam->handleValPair.attrHandle == CYBLE_SGA2_ALERT_STATUS_CLIENT_CHARACTERIST
1196:runtime.c     ****             {
1197:runtime.c     ****                 CyBle_GattsWriteAttributeValue(&wrReqParam->handleValPair,0, &cyBle_connHandle, CYB
1198:runtime.c     ****                 System.BleNotifyAlertStatus = wrReqParam->handleValPair.value.val[0] & 0x01; /* Upd
1199:runtime.c     ****                 CyBle_GattsWriteRsp(cyBle_connHandle);                          /* respond to the c
1200:runtime.c     ****             }
1201:runtime.c     ****             break;
1202:runtime.c     ****         default:
1203:runtime.c     ****             break;
 3419              		.loc 1 1203 0
 3420 0016 00F0CEFB 		bl	.L133	@ far jump
 3421              	.L128:
 938:runtime.c     ****     {
 3422              		.loc 1 938 0
 3423 001a 412B     		cmp	r3, #65
 3424 001c 22D0     		beq	.L130
 3425 001e 4C2B     		cmp	r3, #76
 3426 0020 40D0     		beq	.L131
 3427              		.loc 1 1203 0
 3428 0022 00F0C8FB 		bl	.L133	@ far jump
 3429              	.L129:
 943:runtime.c     ****             CPS_Write(1);
 3430              		.loc 1 943 0
 3431 0026 0120     		movs	r0, #1
 3432 0028 FFF7FEFF 		bl	CSD_Write
 944:runtime.c     ****             /* Configure the Link Layer to automatically switch PA control pin P3[2] and LNA contro
 3433              		.loc 1 944 0
 3434 002c 0120     		movs	r0, #1
 3435 002e FFF7FEFF 		bl	CPS_Write
 946:runtime.c     ****             CY_SET_XTND_REG32((void CYFAR *)(CYREG_SRSS_TST_DDFT_CTRL), 0x80000302);
 3436              		.loc 1 946 0
 3437 0032 154B     		ldr	r3, .L164
 3438 0034 154A     		ldr	r2, .L164+4
 3439 0036 1A60     		str	r2, [r3]
 947:runtime.c     ****         case CYBLE_EVT_GAP_DEVICE_DISCONNECTED:                                 /* Handle BLE disco
 3440              		.loc 1 947 0
 3441 0038 154B     		ldr	r3, .L164+8
 3442 003a 164A     		ldr	r2, .L164+12
 3443 003c 1A60     		str	r2, [r3]
 3444              	.L127:
ARM GAS  C:\Users\alexport\AppData\Local\Temp\cc2gMrRa.s 			page 83


 949:runtime.c     ****             bleConnected =0;
 3445              		.loc 1 949 0
 3446 003e 0020     		movs	r0, #0
 3447 0040 FFF7FEFF 		bl	CyBle_GappStartAdvertisement
 950:runtime.c     ****             BLETimer_Start();
 3448              		.loc 1 950 0
 3449 0044 144B     		ldr	r3, .L164+16
 3450 0046 0022     		movs	r2, #0
 3451 0048 1A70     		strb	r2, [r3]
 951:runtime.c     ****             if( System.BleInAuxCalState == TRUE ) System.BleControl = 0;        /* In loop cal or o
 3452              		.loc 1 951 0
 3453 004a FFF7FEFF 		bl	BLETimer_Start
 952:runtime.c     ****             break;
 3454              		.loc 1 952 0
 3455 004e 134B     		ldr	r3, .L164+20
 3456 0050 DB7C     		ldrb	r3, [r3, #19]
 3457 0052 012B     		cmp	r3, #1
 3458 0054 01D0     		beq	.LCB2932
 3459 0056 00F0A6FB 		bl	.L162	@far jump
 3460              	.LCB2932:
 952:runtime.c     ****             break;
 3461              		.loc 1 952 0 is_stmt 0 discriminator 1
 3462 005a 104B     		ldr	r3, .L164+20
 3463 005c 0022     		movs	r2, #0
 3464 005e 1A70     		strb	r2, [r3]
 953:runtime.c     ****         case CYBLE_EVT_GATT_CONNECT_IND:                                        /* Handle BLE conne
 3465              		.loc 1 953 0 is_stmt 1 discriminator 1
 3466 0060 00F0A1FB 		bl	.L162	@ far jump
 3467              	.L130:
 956:runtime.c     ****             connectionHandle = *(CYBLE_CONN_HANDLE_T *)eventParam;
 3468              		.loc 1 956 0
 3469 0064 FFF7FEFF 		bl	updateOurBleData
 957:runtime.c     ****             bleConnected =1;
 3470              		.loc 1 957 0
 3471 0068 0D4A     		ldr	r2, .L164+24
 3472 006a 3B68     		ldr	r3, [r7]
 3473 006c 1000     		movs	r0, r2
 3474 006e 1900     		movs	r1, r3
 3475 0070 0223     		movs	r3, #2
 3476 0072 1A00     		movs	r2, r3
 3477 0074 FFF7FEFF 		bl	memcpy
 958:runtime.c     ****             
 3478              		.loc 1 958 0
 3479 0078 074B     		ldr	r3, .L164+16
 3480 007a 0122     		movs	r2, #1
 3481 007c 1A70     		strb	r2, [r3]
 961:runtime.c     **** #endif            
 3482              		.loc 1 961 0
 3483 007e FFF7FEFF 		bl	ResetBLETimer
 963:runtime.c     ****         case CYBLE_EVT_GATTS_WRITE_REQ:                                           /* Handle a write
 3484              		.loc 1 963 0
 3485 0082 00F098FB 		bl	.L133	@ far jump
 3486              	.L165:
 3487 0086 C046     		.align	2
 3488              	.L164:
 3489 0088 60F02E40 		.word	1076818016
 3490 008c 31030000 		.word	817
ARM GAS  C:\Users\alexport\AppData\Local\Temp\cc2gMrRa.s 			page 84


 3491 0090 08000340 		.word	1073938440
 3492 0094 02030080 		.word	-2147482878
 3493 0098 00000000 		.word	bleConnected
 3494 009c 00000000 		.word	System
 3495 00a0 00000000 		.word	connectionHandle
 3496              	.L131:
 965:runtime.c     **** 
 3497              		.loc 1 965 0
 3498 00a4 3B68     		ldr	r3, [r7]
 3499 00a6 FB60     		str	r3, [r7, #12]
 969:runtime.c     ****             {
 3500              		.loc 1 969 0
 3501 00a8 FB68     		ldr	r3, [r7, #12]
 3502 00aa 9B89     		ldrh	r3, [r3, #12]
 3503 00ac 122B     		cmp	r3, #18
 3504 00ae 22D1     		bne	.L134
 972:runtime.c     ****                 {
 3505              		.loc 1 972 0
 3506 00b0 FB68     		ldr	r3, [r7, #12]
 3507 00b2 181D     		adds	r0, r3, #4
 3508 00b4 DA4A     		ldr	r2, .L166
 3509 00b6 4023     		movs	r3, #64
 3510 00b8 0021     		movs	r1, #0
 3511 00ba FFF7FEFF 		bl	CyBle_GattsWriteAttributeValue
 3512 00be 031E     		subs	r3, r0, #0
 3513 00c0 12D1     		bne	.L135
 974:runtime.c     ****                     CyBle_GattsWriteRsp(cyBle_connHandle);                      /* respond to the c
 3514              		.loc 1 974 0
 3515 00c2 FB68     		ldr	r3, [r7, #12]
 3516 00c4 5B68     		ldr	r3, [r3, #4]
 3517 00c6 1A78     		ldrb	r2, [r3]
 3518 00c8 D64B     		ldr	r3, .L166+4
 3519 00ca 1A70     		strb	r2, [r3]
 975:runtime.c     ****                 }
 3520              		.loc 1 975 0
 3521 00cc D44B     		ldr	r3, .L166
 3522 00ce 1A78     		ldrb	r2, [r3]
 3523 00d0 5B78     		ldrb	r3, [r3, #1]
 3524 00d2 1B02     		lsls	r3, r3, #8
 3525 00d4 1A43     		orrs	r2, r3
 3526 00d6 0023     		movs	r3, #0
 3527 00d8 1204     		lsls	r2, r2, #16
 3528 00da 120C     		lsrs	r2, r2, #16
 3529 00dc 1B0C     		lsrs	r3, r3, #16
 3530 00de 1B04     		lsls	r3, r3, #16
 3531 00e0 1343     		orrs	r3, r2
 3532 00e2 1800     		movs	r0, r3
 3533 00e4 FFF7FEFF 		bl	CyBle_GattsWriteRsp
 3534              	.L135:
 977:runtime.c     ****             }
 3535              		.loc 1 977 0
 3536 00e8 CE4B     		ldr	r3, .L166+4
 3537 00ea 1B78     		ldrb	r3, [r3]
 3538 00ec 9BB2     		uxth	r3, r3
 3539 00ee 1900     		movs	r1, r3
 3540 00f0 1420     		movs	r0, #20
 3541 00f2 FFF7FEFF 		bl	runtime_CtrlSensor
ARM GAS  C:\Users\alexport\AppData\Local\Temp\cc2gMrRa.s 			page 85


 3542              	.L134:
 980:runtime.c     ****             {
 3543              		.loc 1 980 0
 3544 00f6 FB68     		ldr	r3, [r7, #12]
 3545 00f8 9B89     		ldrh	r3, [r3, #12]
 3546 00fa 212B     		cmp	r3, #33
 3547 00fc 1CD1     		bne	.L136
 983:runtime.c     ****                 {
 3548              		.loc 1 983 0
 3549 00fe FB68     		ldr	r3, [r7, #12]
 3550 0100 181D     		adds	r0, r3, #4
 3551 0102 C74A     		ldr	r2, .L166
 3552 0104 4023     		movs	r3, #64
 3553 0106 0021     		movs	r1, #0
 3554 0108 FFF7FEFF 		bl	CyBle_GattsWriteAttributeValue
 3555 010c 031E     		subs	r3, r0, #0
 3556 010e 13D1     		bne	.L136
 985:runtime.c     ****                     CyBle_GattsWriteRsp(cyBle_connHandle);                      /* respond to the c
 3557              		.loc 1 985 0
 3558 0110 FB68     		ldr	r3, [r7, #12]
 3559 0112 5B68     		ldr	r3, [r3, #4]
 3560 0114 1978     		ldrb	r1, [r3]
 3561 0116 C34B     		ldr	r3, .L166+4
 3562 0118 7822     		movs	r2, #120
 3563 011a 9954     		strb	r1, [r3, r2]
 986:runtime.c     **** //                    FM24VN10_Write_8( SYS_I2C_FRAM_ADDR_B0, SYS_EE8_CAN_NODE_ID, System.CanNodeId
 3564              		.loc 1 986 0
 3565 011c C04B     		ldr	r3, .L166
 3566 011e 1A78     		ldrb	r2, [r3]
 3567 0120 5B78     		ldrb	r3, [r3, #1]
 3568 0122 1B02     		lsls	r3, r3, #8
 3569 0124 1A43     		orrs	r2, r3
 3570 0126 0023     		movs	r3, #0
 3571 0128 1204     		lsls	r2, r2, #16
 3572 012a 120C     		lsrs	r2, r2, #16
 3573 012c 1B0C     		lsrs	r3, r3, #16
 3574 012e 1B04     		lsls	r3, r3, #16
 3575 0130 1343     		orrs	r3, r2
 3576 0132 1800     		movs	r0, r3
 3577 0134 FFF7FEFF 		bl	CyBle_GattsWriteRsp
 3578              	.L136:
 994:runtime.c     ****             {
 3579              		.loc 1 994 0
 3580 0138 FB68     		ldr	r3, [r7, #12]
 3581 013a 9B89     		ldrh	r3, [r3, #12]
 3582 013c 1E2B     		cmp	r3, #30
 3583 013e 1CD1     		bne	.L137
 997:runtime.c     ****                 {
 3584              		.loc 1 997 0
 3585 0140 FB68     		ldr	r3, [r7, #12]
 3586 0142 181D     		adds	r0, r3, #4
 3587 0144 B64A     		ldr	r2, .L166
 3588 0146 4023     		movs	r3, #64
 3589 0148 0021     		movs	r1, #0
 3590 014a FFF7FEFF 		bl	CyBle_GattsWriteAttributeValue
 3591 014e 031E     		subs	r3, r0, #0
 3592 0150 13D1     		bne	.L137
ARM GAS  C:\Users\alexport\AppData\Local\Temp\cc2gMrRa.s 			page 86


 999:runtime.c     ****                     CyBle_GattsWriteRsp(cyBle_connHandle);                      /* respond to the c
 3593              		.loc 1 999 0
 3594 0152 FB68     		ldr	r3, [r7, #12]
 3595 0154 5B68     		ldr	r3, [r3, #4]
 3596 0156 1978     		ldrb	r1, [r3]
 3597 0158 B24B     		ldr	r3, .L166+4
 3598 015a 7922     		movs	r2, #121
 3599 015c 9954     		strb	r1, [r3, r2]
1000:runtime.c     **** //                    FM24VN10_Write_8( SYS_I2C_FRAM_ADDR_B0, SYS_EE8_CAN_CHANNEL, System.CanChanne
 3600              		.loc 1 1000 0
 3601 015e B04B     		ldr	r3, .L166
 3602 0160 1A78     		ldrb	r2, [r3]
 3603 0162 5B78     		ldrb	r3, [r3, #1]
 3604 0164 1B02     		lsls	r3, r3, #8
 3605 0166 1A43     		orrs	r2, r3
 3606 0168 0023     		movs	r3, #0
 3607 016a 1204     		lsls	r2, r2, #16
 3608 016c 120C     		lsrs	r2, r2, #16
 3609 016e 1B0C     		lsrs	r3, r3, #16
 3610 0170 1B04     		lsls	r3, r3, #16
 3611 0172 1343     		orrs	r3, r2
 3612 0174 1800     		movs	r0, r3
 3613 0176 FFF7FEFF 		bl	CyBle_GattsWriteRsp
 3614              	.L137:
1008:runtime.c     ****             {
 3615              		.loc 1 1008 0
 3616 017a FB68     		ldr	r3, [r7, #12]
 3617 017c 9B89     		ldrh	r3, [r3, #12]
 3618 017e 2B2B     		cmp	r3, #43
 3619 0180 16D1     		bne	.L138
1011:runtime.c     ****                 {
 3620              		.loc 1 1011 0
 3621 0182 FB68     		ldr	r3, [r7, #12]
 3622 0184 181D     		adds	r0, r3, #4
 3623 0186 A64A     		ldr	r2, .L166
 3624 0188 4023     		movs	r3, #64
 3625 018a 0021     		movs	r1, #0
 3626 018c FFF7FEFF 		bl	CyBle_GattsWriteAttributeValue
 3627 0190 031E     		subs	r3, r0, #0
 3628 0192 0DD1     		bne	.L138
1013:runtime.c     ****                 }
 3629              		.loc 1 1013 0
 3630 0194 A24B     		ldr	r3, .L166
 3631 0196 1A78     		ldrb	r2, [r3]
 3632 0198 5B78     		ldrb	r3, [r3, #1]
 3633 019a 1B02     		lsls	r3, r3, #8
 3634 019c 1A43     		orrs	r2, r3
 3635 019e 0023     		movs	r3, #0
 3636 01a0 1204     		lsls	r2, r2, #16
 3637 01a2 120C     		lsrs	r2, r2, #16
 3638 01a4 1B0C     		lsrs	r3, r3, #16
 3639 01a6 1B04     		lsls	r3, r3, #16
 3640 01a8 1343     		orrs	r3, r2
 3641 01aa 1800     		movs	r0, r3
 3642 01ac FFF7FEFF 		bl	CyBle_GattsWriteRsp
 3643              	.L138:
1017:runtime.c     ****             {
ARM GAS  C:\Users\alexport\AppData\Local\Temp\cc2gMrRa.s 			page 87


 3644              		.loc 1 1017 0
 3645 01b0 FB68     		ldr	r3, [r7, #12]
 3646 01b2 9B89     		ldrh	r3, [r3, #12]
 3647 01b4 2E2B     		cmp	r3, #46
 3648 01b6 16D1     		bne	.L139
1020:runtime.c     ****                 {
 3649              		.loc 1 1020 0
 3650 01b8 FB68     		ldr	r3, [r7, #12]
 3651 01ba 181D     		adds	r0, r3, #4
 3652 01bc 984A     		ldr	r2, .L166
 3653 01be 4023     		movs	r3, #64
 3654 01c0 0021     		movs	r1, #0
 3655 01c2 FFF7FEFF 		bl	CyBle_GattsWriteAttributeValue
 3656 01c6 031E     		subs	r3, r0, #0
 3657 01c8 0DD1     		bne	.L139
1022:runtime.c     ****                 }
 3658              		.loc 1 1022 0
 3659 01ca 954B     		ldr	r3, .L166
 3660 01cc 1A78     		ldrb	r2, [r3]
 3661 01ce 5B78     		ldrb	r3, [r3, #1]
 3662 01d0 1B02     		lsls	r3, r3, #8
 3663 01d2 1A43     		orrs	r2, r3
 3664 01d4 0023     		movs	r3, #0
 3665 01d6 1204     		lsls	r2, r2, #16
 3666 01d8 120C     		lsrs	r2, r2, #16
 3667 01da 1B0C     		lsrs	r3, r3, #16
 3668 01dc 1B04     		lsls	r3, r3, #16
 3669 01de 1343     		orrs	r3, r2
 3670 01e0 1800     		movs	r0, r3
 3671 01e2 FFF7FEFF 		bl	CyBle_GattsWriteRsp
 3672              	.L139:
1026:runtime.c     ****             {
 3673              		.loc 1 1026 0
 3674 01e6 FB68     		ldr	r3, [r7, #12]
 3675 01e8 9B89     		ldrh	r3, [r3, #12]
 3676 01ea 4E2B     		cmp	r3, #78
 3677 01ec 16D1     		bne	.L140
1029:runtime.c     ****                 {
 3678              		.loc 1 1029 0
 3679 01ee FB68     		ldr	r3, [r7, #12]
 3680 01f0 181D     		adds	r0, r3, #4
 3681 01f2 8B4A     		ldr	r2, .L166
 3682 01f4 4023     		movs	r3, #64
 3683 01f6 0021     		movs	r1, #0
 3684 01f8 FFF7FEFF 		bl	CyBle_GattsWriteAttributeValue
 3685 01fc 031E     		subs	r3, r0, #0
 3686 01fe 0DD1     		bne	.L140
1031:runtime.c     **** 
 3687              		.loc 1 1031 0
 3688 0200 874B     		ldr	r3, .L166
 3689 0202 1A78     		ldrb	r2, [r3]
 3690 0204 5B78     		ldrb	r3, [r3, #1]
 3691 0206 1B02     		lsls	r3, r3, #8
 3692 0208 1A43     		orrs	r2, r3
 3693 020a 0023     		movs	r3, #0
 3694 020c 1204     		lsls	r2, r2, #16
 3695 020e 120C     		lsrs	r2, r2, #16
ARM GAS  C:\Users\alexport\AppData\Local\Temp\cc2gMrRa.s 			page 88


 3696 0210 1B0C     		lsrs	r3, r3, #16
 3697 0212 1B04     		lsls	r3, r3, #16
 3698 0214 1343     		orrs	r3, r2
 3699 0216 1800     		movs	r0, r3
 3700 0218 FFF7FEFF 		bl	CyBle_GattsWriteRsp
 3701              	.L140:
1036:runtime.c     ****             {
 3702              		.loc 1 1036 0
 3703 021c FB68     		ldr	r3, [r7, #12]
 3704 021e 9B89     		ldrh	r3, [r3, #12]
 3705 0220 5A2B     		cmp	r3, #90
 3706 0222 16D1     		bne	.L141
1039:runtime.c     ****                 {
 3707              		.loc 1 1039 0
 3708 0224 FB68     		ldr	r3, [r7, #12]
 3709 0226 181D     		adds	r0, r3, #4
 3710 0228 7D4A     		ldr	r2, .L166
 3711 022a 4023     		movs	r3, #64
 3712 022c 0021     		movs	r1, #0
 3713 022e FFF7FEFF 		bl	CyBle_GattsWriteAttributeValue
 3714 0232 031E     		subs	r3, r0, #0
 3715 0234 0DD1     		bne	.L141
1045:runtime.c     **** //                    SysSaveSensorTagString();
 3716              		.loc 1 1045 0
 3717 0236 7A4B     		ldr	r3, .L166
 3718 0238 1A78     		ldrb	r2, [r3]
 3719 023a 5B78     		ldrb	r3, [r3, #1]
 3720 023c 1B02     		lsls	r3, r3, #8
 3721 023e 1A43     		orrs	r2, r3
 3722 0240 0023     		movs	r3, #0
 3723 0242 1204     		lsls	r2, r2, #16
 3724 0244 120C     		lsrs	r2, r2, #16
 3725 0246 1B0C     		lsrs	r3, r3, #16
 3726 0248 1B04     		lsls	r3, r3, #16
 3727 024a 1343     		orrs	r3, r2
 3728 024c 1800     		movs	r0, r3
 3729 024e FFF7FEFF 		bl	CyBle_GattsWriteRsp
 3730              	.L141:
1050:runtime.c     ****             {
 3731              		.loc 1 1050 0
 3732 0252 FB68     		ldr	r3, [r7, #12]
 3733 0254 9B89     		ldrh	r3, [r3, #12]
 3734 0256 612B     		cmp	r3, #97
 3735 0258 16D1     		bne	.L142
1053:runtime.c     ****                 {
 3736              		.loc 1 1053 0
 3737 025a FB68     		ldr	r3, [r7, #12]
 3738 025c 181D     		adds	r0, r3, #4
 3739 025e 704A     		ldr	r2, .L166
 3740 0260 4023     		movs	r3, #64
 3741 0262 0021     		movs	r1, #0
 3742 0264 FFF7FEFF 		bl	CyBle_GattsWriteAttributeValue
 3743 0268 031E     		subs	r3, r0, #0
 3744 026a 0DD1     		bne	.L142
1055:runtime.c     ****                 }                    
 3745              		.loc 1 1055 0
 3746 026c 6C4B     		ldr	r3, .L166
ARM GAS  C:\Users\alexport\AppData\Local\Temp\cc2gMrRa.s 			page 89


 3747 026e 1A78     		ldrb	r2, [r3]
 3748 0270 5B78     		ldrb	r3, [r3, #1]
 3749 0272 1B02     		lsls	r3, r3, #8
 3750 0274 1A43     		orrs	r2, r3
 3751 0276 0023     		movs	r3, #0
 3752 0278 1204     		lsls	r2, r2, #16
 3753 027a 120C     		lsrs	r2, r2, #16
 3754 027c 1B0C     		lsrs	r3, r3, #16
 3755 027e 1B04     		lsls	r3, r3, #16
 3756 0280 1343     		orrs	r3, r2
 3757 0282 1800     		movs	r0, r3
 3758 0284 FFF7FEFF 		bl	CyBle_GattsWriteRsp
 3759              	.L142:
1059:runtime.c     ****             {
 3760              		.loc 1 1059 0
 3761 0288 FB68     		ldr	r3, [r7, #12]
 3762 028a 9B89     		ldrh	r3, [r3, #12]
 3763 028c 242B     		cmp	r3, #36
 3764 028e 32D1     		bne	.L143
1062:runtime.c     ****                 {
 3765              		.loc 1 1062 0
 3766 0290 FB68     		ldr	r3, [r7, #12]
 3767 0292 181D     		adds	r0, r3, #4
 3768 0294 624A     		ldr	r2, .L166
 3769 0296 4023     		movs	r3, #64
 3770 0298 0021     		movs	r1, #0
 3771 029a FFF7FEFF 		bl	CyBle_GattsWriteAttributeValue
 3772 029e 031E     		subs	r3, r0, #0
 3773 02a0 29D1     		bne	.L143
1064:runtime.c     ****                     System.BleCalLoop <<=8;
 3774              		.loc 1 1064 0
 3775 02a2 FB68     		ldr	r3, [r7, #12]
 3776 02a4 5B68     		ldr	r3, [r3, #4]
 3777 02a6 0133     		adds	r3, r3, #1
 3778 02a8 1B78     		ldrb	r3, [r3]
 3779 02aa 99B2     		uxth	r1, r3
 3780 02ac 5D4B     		ldr	r3, .L166+4
 3781 02ae 7C22     		movs	r2, #124
 3782 02b0 9952     		strh	r1, [r3, r2]
1065:runtime.c     ****                     System.BleCalLoop |= wrReqParam->handleValPair.value.val[0];  /* Update our loc
 3783              		.loc 1 1065 0
 3784 02b2 5C4B     		ldr	r3, .L166+4
 3785 02b4 7C22     		movs	r2, #124
 3786 02b6 9B5A     		ldrh	r3, [r3, r2]
 3787 02b8 1B02     		lsls	r3, r3, #8
 3788 02ba 99B2     		uxth	r1, r3
 3789 02bc 594B     		ldr	r3, .L166+4
 3790 02be 7C22     		movs	r2, #124
 3791 02c0 9952     		strh	r1, [r3, r2]
1066:runtime.c     ****                     CyBle_GattsWriteRsp(cyBle_connHandle);                      /* respond to the c
 3792              		.loc 1 1066 0
 3793 02c2 584B     		ldr	r3, .L166+4
 3794 02c4 7C22     		movs	r2, #124
 3795 02c6 9A5A     		ldrh	r2, [r3, r2]
 3796 02c8 FB68     		ldr	r3, [r7, #12]
 3797 02ca 5B68     		ldr	r3, [r3, #4]
 3798 02cc 1B78     		ldrb	r3, [r3]
ARM GAS  C:\Users\alexport\AppData\Local\Temp\cc2gMrRa.s 			page 90


 3799 02ce 9BB2     		uxth	r3, r3
 3800 02d0 1343     		orrs	r3, r2
 3801 02d2 99B2     		uxth	r1, r3
 3802 02d4 534B     		ldr	r3, .L166+4
 3803 02d6 7C22     		movs	r2, #124
 3804 02d8 9952     		strh	r1, [r3, r2]
1067:runtime.c     ****                 }
 3805              		.loc 1 1067 0
 3806 02da 514B     		ldr	r3, .L166
 3807 02dc 1A78     		ldrb	r2, [r3]
 3808 02de 5B78     		ldrb	r3, [r3, #1]
 3809 02e0 1B02     		lsls	r3, r3, #8
 3810 02e2 1A43     		orrs	r2, r3
 3811 02e4 0023     		movs	r3, #0
 3812 02e6 1204     		lsls	r2, r2, #16
 3813 02e8 120C     		lsrs	r2, r2, #16
 3814 02ea 1B0C     		lsrs	r3, r3, #16
 3815 02ec 1B04     		lsls	r3, r3, #16
 3816 02ee 1343     		orrs	r3, r2
 3817 02f0 1800     		movs	r0, r3
 3818 02f2 FFF7FEFF 		bl	CyBle_GattsWriteRsp
 3819              	.L143:
1071:runtime.c     ****             {
 3820              		.loc 1 1071 0
 3821 02f6 FB68     		ldr	r3, [r7, #12]
 3822 02f8 9B89     		ldrh	r3, [r3, #12]
 3823 02fa 8F2B     		cmp	r3, #143
 3824 02fc 1CD1     		bne	.L144
1074:runtime.c     ****                 {
 3825              		.loc 1 1074 0
 3826 02fe FB68     		ldr	r3, [r7, #12]
 3827 0300 181D     		adds	r0, r3, #4
 3828 0302 474A     		ldr	r2, .L166
 3829 0304 4023     		movs	r3, #64
 3830 0306 0021     		movs	r1, #0
 3831 0308 FFF7FEFF 		bl	CyBle_GattsWriteAttributeValue
 3832 030c 031E     		subs	r3, r0, #0
 3833 030e 13D1     		bne	.L144
1076:runtime.c     ****                     CyBle_GattsWriteRsp(cyBle_connHandle);                      /* respond to the c
 3834              		.loc 1 1076 0
 3835 0310 FB68     		ldr	r3, [r7, #12]
 3836 0312 5B68     		ldr	r3, [r3, #4]
 3837 0314 1978     		ldrb	r1, [r3]
 3838 0316 434B     		ldr	r3, .L166+4
 3839 0318 9622     		movs	r2, #150
 3840 031a 9954     		strb	r1, [r3, r2]
1077:runtime.c     ****                 }
 3841              		.loc 1 1077 0
 3842 031c 404B     		ldr	r3, .L166
 3843 031e 1A78     		ldrb	r2, [r3]
 3844 0320 5B78     		ldrb	r3, [r3, #1]
 3845 0322 1B02     		lsls	r3, r3, #8
 3846 0324 1A43     		orrs	r2, r3
 3847 0326 0023     		movs	r3, #0
 3848 0328 1204     		lsls	r2, r2, #16
 3849 032a 120C     		lsrs	r2, r2, #16
 3850 032c 1B0C     		lsrs	r3, r3, #16
ARM GAS  C:\Users\alexport\AppData\Local\Temp\cc2gMrRa.s 			page 91


 3851 032e 1B04     		lsls	r3, r3, #16
 3852 0330 1343     		orrs	r3, r2
 3853 0332 1800     		movs	r0, r3
 3854 0334 FFF7FEFF 		bl	CyBle_GattsWriteRsp
 3855              	.L144:
1083:runtime.c     ****             {
 3856              		.loc 1 1083 0
 3857 0338 FB68     		ldr	r3, [r7, #12]
 3858 033a 9B89     		ldrh	r3, [r3, #12]
 3859 033c 142B     		cmp	r3, #20
 3860 033e 1CD1     		bne	.L145
1085:runtime.c     ****                 System.BleNotifyControl = wrReqParam->handleValPair.value.val[0] & 0x01; /* Update 
 3861              		.loc 1 1085 0
 3862 0340 FB68     		ldr	r3, [r7, #12]
 3863 0342 181D     		adds	r0, r3, #4
 3864 0344 364A     		ldr	r2, .L166
 3865 0346 4023     		movs	r3, #64
 3866 0348 0021     		movs	r1, #0
 3867 034a FFF7FEFF 		bl	CyBle_GattsWriteAttributeValue
1086:runtime.c     ****                 CyBle_GattsWriteRsp(cyBle_connHandle);                          /* respond to the c
 3868              		.loc 1 1086 0
 3869 034e FB68     		ldr	r3, [r7, #12]
 3870 0350 5B68     		ldr	r3, [r3, #4]
 3871 0352 1B78     		ldrb	r3, [r3]
 3872 0354 0122     		movs	r2, #1
 3873 0356 1340     		ands	r3, r2
 3874 0358 DAB2     		uxtb	r2, r3
 3875 035a 324B     		ldr	r3, .L166+4
 3876 035c 5A71     		strb	r2, [r3, #5]
1087:runtime.c     ****             }
 3877              		.loc 1 1087 0
 3878 035e 304B     		ldr	r3, .L166
 3879 0360 1A78     		ldrb	r2, [r3]
 3880 0362 5B78     		ldrb	r3, [r3, #1]
 3881 0364 1B02     		lsls	r3, r3, #8
 3882 0366 1A43     		orrs	r2, r3
 3883 0368 0023     		movs	r3, #0
 3884 036a 1204     		lsls	r2, r2, #16
 3885 036c 120C     		lsrs	r2, r2, #16
 3886 036e 1B0C     		lsrs	r3, r3, #16
 3887 0370 1B04     		lsls	r3, r3, #16
 3888 0372 1343     		orrs	r3, r2
 3889 0374 1800     		movs	r0, r3
 3890 0376 FFF7FEFF 		bl	CyBle_GattsWriteRsp
 3891              	.L145:
1090:runtime.c     ****             {
 3892              		.loc 1 1090 0
 3893 037a FB68     		ldr	r3, [r7, #12]
 3894 037c 9B89     		ldrh	r3, [r3, #12]
 3895 037e 182B     		cmp	r3, #24
 3896 0380 1CD1     		bne	.L146
1092:runtime.c     ****                 System.BleNotifyReading = wrReqParam->handleValPair.value.val[0] & 0x01; /* Update 
 3897              		.loc 1 1092 0
 3898 0382 FB68     		ldr	r3, [r7, #12]
 3899 0384 181D     		adds	r0, r3, #4
 3900 0386 264A     		ldr	r2, .L166
 3901 0388 4023     		movs	r3, #64
ARM GAS  C:\Users\alexport\AppData\Local\Temp\cc2gMrRa.s 			page 92


 3902 038a 0021     		movs	r1, #0
 3903 038c FFF7FEFF 		bl	CyBle_GattsWriteAttributeValue
1093:runtime.c     ****                 CyBle_GattsWriteRsp(cyBle_connHandle);                          /* respond to the c
 3904              		.loc 1 1093 0
 3905 0390 FB68     		ldr	r3, [r7, #12]
 3906 0392 5B68     		ldr	r3, [r3, #4]
 3907 0394 1B78     		ldrb	r3, [r3]
 3908 0396 0122     		movs	r2, #1
 3909 0398 1340     		ands	r3, r2
 3910 039a DAB2     		uxtb	r2, r3
 3911 039c 214B     		ldr	r3, .L166+4
 3912 039e 9A70     		strb	r2, [r3, #2]
1094:runtime.c     ****             }
 3913              		.loc 1 1094 0
 3914 03a0 1F4B     		ldr	r3, .L166
 3915 03a2 1A78     		ldrb	r2, [r3]
 3916 03a4 5B78     		ldrb	r3, [r3, #1]
 3917 03a6 1B02     		lsls	r3, r3, #8
 3918 03a8 1A43     		orrs	r2, r3
 3919 03aa 0023     		movs	r3, #0
 3920 03ac 1204     		lsls	r2, r2, #16
 3921 03ae 120C     		lsrs	r2, r2, #16
 3922 03b0 1B0C     		lsrs	r3, r3, #16
 3923 03b2 1B04     		lsls	r3, r3, #16
 3924 03b4 1343     		orrs	r3, r2
 3925 03b6 1800     		movs	r0, r3
 3926 03b8 FFF7FEFF 		bl	CyBle_GattsWriteRsp
 3927              	.L146:
1097:runtime.c     ****             {
 3928              		.loc 1 1097 0
 3929 03bc FB68     		ldr	r3, [r7, #12]
 3930 03be 9B89     		ldrh	r3, [r3, #12]
 3931 03c0 1C2B     		cmp	r3, #28
 3932 03c2 1CD1     		bne	.L147
1099:runtime.c     ****                 System.BleNotifyStatus = wrReqParam->handleValPair.value.val[0] & 0x01; /* Update l
 3933              		.loc 1 1099 0
 3934 03c4 FB68     		ldr	r3, [r7, #12]
 3935 03c6 181D     		adds	r0, r3, #4
 3936 03c8 154A     		ldr	r2, .L166
 3937 03ca 4023     		movs	r3, #64
 3938 03cc 0021     		movs	r1, #0
 3939 03ce FFF7FEFF 		bl	CyBle_GattsWriteAttributeValue
1100:runtime.c     ****                 CyBle_GattsWriteRsp(cyBle_connHandle);                          /* respond to the c
 3940              		.loc 1 1100 0
 3941 03d2 FB68     		ldr	r3, [r7, #12]
 3942 03d4 5B68     		ldr	r3, [r3, #4]
 3943 03d6 1B78     		ldrb	r3, [r3]
 3944 03d8 0122     		movs	r2, #1
 3945 03da 1340     		ands	r3, r2
 3946 03dc DAB2     		uxtb	r2, r3
 3947 03de 114B     		ldr	r3, .L166+4
 3948 03e0 DA70     		strb	r2, [r3, #3]
1101:runtime.c     ****             }
 3949              		.loc 1 1101 0
 3950 03e2 0F4B     		ldr	r3, .L166
 3951 03e4 1A78     		ldrb	r2, [r3]
 3952 03e6 5B78     		ldrb	r3, [r3, #1]
ARM GAS  C:\Users\alexport\AppData\Local\Temp\cc2gMrRa.s 			page 93


 3953 03e8 1B02     		lsls	r3, r3, #8
 3954 03ea 1A43     		orrs	r2, r3
 3955 03ec 0023     		movs	r3, #0
 3956 03ee 1204     		lsls	r2, r2, #16
 3957 03f0 120C     		lsrs	r2, r2, #16
 3958 03f2 1B0C     		lsrs	r3, r3, #16
 3959 03f4 1B04     		lsls	r3, r3, #16
 3960 03f6 1343     		orrs	r3, r2
 3961 03f8 1800     		movs	r0, r3
 3962 03fa FFF7FEFF 		bl	CyBle_GattsWriteRsp
 3963              	.L147:
1104:runtime.c     ****             {
 3964              		.loc 1 1104 0
 3965 03fe FB68     		ldr	r3, [r7, #12]
 3966 0400 9B89     		ldrh	r3, [r3, #12]
 3967 0402 292B     		cmp	r3, #41
 3968 0404 21D1     		bne	.L148
1106:runtime.c     ****                 System.BleNotifyAdcCounts = wrReqParam->handleValPair.value.val[0] & 0x01; /* Updat
 3969              		.loc 1 1106 0
 3970 0406 FB68     		ldr	r3, [r7, #12]
 3971 0408 181D     		adds	r0, r3, #4
 3972 040a 054A     		ldr	r2, .L166
 3973 040c 4023     		movs	r3, #64
 3974 040e 0021     		movs	r1, #0
 3975 0410 FFF7FEFF 		bl	CyBle_GattsWriteAttributeValue
1107:runtime.c     ****                 CyBle_GattsWriteRsp(cyBle_connHandle);                          /* respond to the c
 3976              		.loc 1 1107 0
 3977 0414 FB68     		ldr	r3, [r7, #12]
 3978 0416 5B68     		ldr	r3, [r3, #4]
 3979 0418 1B78     		ldrb	r3, [r3]
 3980 041a 0122     		movs	r2, #1
 3981 041c 1340     		ands	r3, r2
 3982 041e 03E0     		b	.L167
 3983              	.L168:
 3984              		.align	2
 3985              	.L166:
 3986 0420 00000000 		.word	cyBle_connHandle
 3987 0424 00000000 		.word	System
 3988              	.L167:
 3989 0428 DAB2     		uxtb	r2, r3
 3990 042a E04B     		ldr	r3, .L169
 3991 042c 9A74     		strb	r2, [r3, #18]
1108:runtime.c     ****             }
 3992              		.loc 1 1108 0
 3993 042e E04B     		ldr	r3, .L169+4
 3994 0430 1A78     		ldrb	r2, [r3]
 3995 0432 5B78     		ldrb	r3, [r3, #1]
 3996 0434 1B02     		lsls	r3, r3, #8
 3997 0436 1A43     		orrs	r2, r3
 3998 0438 0023     		movs	r3, #0
 3999 043a 1204     		lsls	r2, r2, #16
 4000 043c 120C     		lsrs	r2, r2, #16
 4001 043e 1B0C     		lsrs	r3, r3, #16
 4002 0440 1B04     		lsls	r3, r3, #16
 4003 0442 1343     		orrs	r3, r2
 4004 0444 1800     		movs	r0, r3
 4005 0446 FFF7FEFF 		bl	CyBle_GattsWriteRsp
ARM GAS  C:\Users\alexport\AppData\Local\Temp\cc2gMrRa.s 			page 94


 4006              	.L148:
1111:runtime.c     ****             {
 4007              		.loc 1 1111 0
 4008 044a FB68     		ldr	r3, [r7, #12]
 4009 044c 9B89     		ldrh	r3, [r3, #12]
 4010 044e 5F2B     		cmp	r3, #95
 4011 0450 1CD1     		bne	.L149
1113:runtime.c     ****                 System.BleNotifyTemperature = wrReqParam->handleValPair.value.val[0] & 0x01; /* Upd
 4012              		.loc 1 1113 0
 4013 0452 FB68     		ldr	r3, [r7, #12]
 4014 0454 181D     		adds	r0, r3, #4
 4015 0456 D64A     		ldr	r2, .L169+4
 4016 0458 4023     		movs	r3, #64
 4017 045a 0021     		movs	r1, #0
 4018 045c FFF7FEFF 		bl	CyBle_GattsWriteAttributeValue
1114:runtime.c     ****                 CyBle_GattsWriteRsp(cyBle_connHandle);                          /* respond to the c
 4019              		.loc 1 1114 0
 4020 0460 FB68     		ldr	r3, [r7, #12]
 4021 0462 5B68     		ldr	r3, [r3, #4]
 4022 0464 1B78     		ldrb	r3, [r3]
 4023 0466 0122     		movs	r2, #1
 4024 0468 1340     		ands	r3, r2
 4025 046a DAB2     		uxtb	r2, r3
 4026 046c CF4B     		ldr	r3, .L169
 4027 046e 9A71     		strb	r2, [r3, #6]
1115:runtime.c     ****             }
 4028              		.loc 1 1115 0
 4029 0470 CF4B     		ldr	r3, .L169+4
 4030 0472 1A78     		ldrb	r2, [r3]
 4031 0474 5B78     		ldrb	r3, [r3, #1]
 4032 0476 1B02     		lsls	r3, r3, #8
 4033 0478 1A43     		orrs	r2, r3
 4034 047a 0023     		movs	r3, #0
 4035 047c 1204     		lsls	r2, r2, #16
 4036 047e 120C     		lsrs	r2, r2, #16
 4037 0480 1B0C     		lsrs	r3, r3, #16
 4038 0482 1B04     		lsls	r3, r3, #16
 4039 0484 1343     		orrs	r3, r2
 4040 0486 1800     		movs	r0, r3
 4041 0488 FFF7FEFF 		bl	CyBle_GattsWriteRsp
 4042              	.L149:
1118:runtime.c     ****             {
 4043              		.loc 1 1118 0
 4044 048c FB68     		ldr	r3, [r7, #12]
 4045 048e 9B89     		ldrh	r3, [r3, #12]
 4046 0490 632B     		cmp	r3, #99
 4047 0492 1CD1     		bne	.L150
1120:runtime.c     ****                 System.BleNotifyCalLevel = wrReqParam->handleValPair.value.val[0] & 0x01; /* Update
 4048              		.loc 1 1120 0
 4049 0494 FB68     		ldr	r3, [r7, #12]
 4050 0496 181D     		adds	r0, r3, #4
 4051 0498 C54A     		ldr	r2, .L169+4
 4052 049a 4023     		movs	r3, #64
 4053 049c 0021     		movs	r1, #0
 4054 049e FFF7FEFF 		bl	CyBle_GattsWriteAttributeValue
1121:runtime.c     ****                 CyBle_GattsWriteRsp(cyBle_connHandle);                          /* respond to the c
 4055              		.loc 1 1121 0
ARM GAS  C:\Users\alexport\AppData\Local\Temp\cc2gMrRa.s 			page 95


 4056 04a2 FB68     		ldr	r3, [r7, #12]
 4057 04a4 5B68     		ldr	r3, [r3, #4]
 4058 04a6 1B78     		ldrb	r3, [r3]
 4059 04a8 0122     		movs	r2, #1
 4060 04aa 1340     		ands	r3, r2
 4061 04ac DAB2     		uxtb	r2, r3
 4062 04ae BF4B     		ldr	r3, .L169
 4063 04b0 1A72     		strb	r2, [r3, #8]
1122:runtime.c     ****             }
 4064              		.loc 1 1122 0
 4065 04b2 BF4B     		ldr	r3, .L169+4
 4066 04b4 1A78     		ldrb	r2, [r3]
 4067 04b6 5B78     		ldrb	r3, [r3, #1]
 4068 04b8 1B02     		lsls	r3, r3, #8
 4069 04ba 1A43     		orrs	r2, r3
 4070 04bc 0023     		movs	r3, #0
 4071 04be 1204     		lsls	r2, r2, #16
 4072 04c0 120C     		lsrs	r2, r2, #16
 4073 04c2 1B0C     		lsrs	r3, r3, #16
 4074 04c4 1B04     		lsls	r3, r3, #16
 4075 04c6 1343     		orrs	r3, r2
 4076 04c8 1800     		movs	r0, r3
 4077 04ca FFF7FEFF 		bl	CyBle_GattsWriteRsp
 4078              	.L150:
1125:runtime.c     ****             {
 4079              		.loc 1 1125 0
 4080 04ce FB68     		ldr	r3, [r7, #12]
 4081 04d0 9B89     		ldrh	r3, [r3, #12]
 4082 04d2 6E2B     		cmp	r3, #110
 4083 04d4 1CD1     		bne	.L151
1127:runtime.c     ****                 System.BleNotifyCalZeroError = wrReqParam->handleValPair.value.val[0] & 0x01; /* Up
 4084              		.loc 1 1127 0
 4085 04d6 FB68     		ldr	r3, [r7, #12]
 4086 04d8 181D     		adds	r0, r3, #4
 4087 04da B54A     		ldr	r2, .L169+4
 4088 04dc 4023     		movs	r3, #64
 4089 04de 0021     		movs	r1, #0
 4090 04e0 FFF7FEFF 		bl	CyBle_GattsWriteAttributeValue
1128:runtime.c     ****                 CyBle_GattsWriteRsp(cyBle_connHandle);                          /* respond to the c
 4091              		.loc 1 1128 0
 4092 04e4 FB68     		ldr	r3, [r7, #12]
 4093 04e6 5B68     		ldr	r3, [r3, #4]
 4094 04e8 1B78     		ldrb	r3, [r3]
 4095 04ea 0122     		movs	r2, #1
 4096 04ec 1340     		ands	r3, r2
 4097 04ee DAB2     		uxtb	r2, r3
 4098 04f0 AE4B     		ldr	r3, .L169
 4099 04f2 DA72     		strb	r2, [r3, #11]
1129:runtime.c     ****             }
 4100              		.loc 1 1129 0
 4101 04f4 AE4B     		ldr	r3, .L169+4
 4102 04f6 1A78     		ldrb	r2, [r3]
 4103 04f8 5B78     		ldrb	r3, [r3, #1]
 4104 04fa 1B02     		lsls	r3, r3, #8
 4105 04fc 1A43     		orrs	r2, r3
 4106 04fe 0023     		movs	r3, #0
 4107 0500 1204     		lsls	r2, r2, #16
ARM GAS  C:\Users\alexport\AppData\Local\Temp\cc2gMrRa.s 			page 96


 4108 0502 120C     		lsrs	r2, r2, #16
 4109 0504 1B0C     		lsrs	r3, r3, #16
 4110 0506 1B04     		lsls	r3, r3, #16
 4111 0508 1343     		orrs	r3, r2
 4112 050a 1800     		movs	r0, r3
 4113 050c FFF7FEFF 		bl	CyBle_GattsWriteRsp
 4114              	.L151:
1132:runtime.c     ****             {
 4115              		.loc 1 1132 0
 4116 0510 FB68     		ldr	r3, [r7, #12]
 4117 0512 9B89     		ldrh	r3, [r3, #12]
 4118 0514 722B     		cmp	r3, #114
 4119 0516 1CD1     		bne	.L152
1134:runtime.c     ****                 System.BleNotifyCalStep = wrReqParam->handleValPair.value.val[0] & 0x01; /* Update 
 4120              		.loc 1 1134 0
 4121 0518 FB68     		ldr	r3, [r7, #12]
 4122 051a 181D     		adds	r0, r3, #4
 4123 051c A44A     		ldr	r2, .L169+4
 4124 051e 4023     		movs	r3, #64
 4125 0520 0021     		movs	r1, #0
 4126 0522 FFF7FEFF 		bl	CyBle_GattsWriteAttributeValue
1135:runtime.c     ****                 CyBle_GattsWriteRsp(cyBle_connHandle);                          /* respond to the c
 4127              		.loc 1 1135 0
 4128 0526 FB68     		ldr	r3, [r7, #12]
 4129 0528 5B68     		ldr	r3, [r3, #4]
 4130 052a 1B78     		ldrb	r3, [r3]
 4131 052c 0122     		movs	r2, #1
 4132 052e 1340     		ands	r3, r2
 4133 0530 DAB2     		uxtb	r2, r3
 4134 0532 9E4B     		ldr	r3, .L169
 4135 0534 1A73     		strb	r2, [r3, #12]
1136:runtime.c     ****             }
 4136              		.loc 1 1136 0
 4137 0536 9E4B     		ldr	r3, .L169+4
 4138 0538 1A78     		ldrb	r2, [r3]
 4139 053a 5B78     		ldrb	r3, [r3, #1]
 4140 053c 1B02     		lsls	r3, r3, #8
 4141 053e 1A43     		orrs	r2, r3
 4142 0540 0023     		movs	r3, #0
 4143 0542 1204     		lsls	r2, r2, #16
 4144 0544 120C     		lsrs	r2, r2, #16
 4145 0546 1B0C     		lsrs	r3, r3, #16
 4146 0548 1B04     		lsls	r3, r3, #16
 4147 054a 1343     		orrs	r3, r2
 4148 054c 1800     		movs	r0, r3
 4149 054e FFF7FEFF 		bl	CyBle_GattsWriteRsp
 4150              	.L152:
1139:runtime.c     ****             {
 4151              		.loc 1 1139 0
 4152 0552 FB68     		ldr	r3, [r7, #12]
 4153 0554 9B89     		ldrh	r3, [r3, #12]
 4154 0556 762B     		cmp	r3, #118
 4155 0558 1CD1     		bne	.L153
1141:runtime.c     ****                 System.BleNotifyCalSpeed = wrReqParam->handleValPair.value.val[0] & 0x01; /* Update
 4156              		.loc 1 1141 0
 4157 055a FB68     		ldr	r3, [r7, #12]
 4158 055c 181D     		adds	r0, r3, #4
ARM GAS  C:\Users\alexport\AppData\Local\Temp\cc2gMrRa.s 			page 97


 4159 055e 944A     		ldr	r2, .L169+4
 4160 0560 4023     		movs	r3, #64
 4161 0562 0021     		movs	r1, #0
 4162 0564 FFF7FEFF 		bl	CyBle_GattsWriteAttributeValue
1142:runtime.c     ****                 CyBle_GattsWriteRsp(cyBle_connHandle);                          /* respond to the c
 4163              		.loc 1 1142 0
 4164 0568 FB68     		ldr	r3, [r7, #12]
 4165 056a 5B68     		ldr	r3, [r3, #4]
 4166 056c 1B78     		ldrb	r3, [r3]
 4167 056e 0122     		movs	r2, #1
 4168 0570 1340     		ands	r3, r2
 4169 0572 DAB2     		uxtb	r2, r3
 4170 0574 8D4B     		ldr	r3, .L169
 4171 0576 5A73     		strb	r2, [r3, #13]
1143:runtime.c     ****             }
 4172              		.loc 1 1143 0
 4173 0578 8D4B     		ldr	r3, .L169+4
 4174 057a 1A78     		ldrb	r2, [r3]
 4175 057c 5B78     		ldrb	r3, [r3, #1]
 4176 057e 1B02     		lsls	r3, r3, #8
 4177 0580 1A43     		orrs	r2, r3
 4178 0582 0023     		movs	r3, #0
 4179 0584 1204     		lsls	r2, r2, #16
 4180 0586 120C     		lsrs	r2, r2, #16
 4181 0588 1B0C     		lsrs	r3, r3, #16
 4182 058a 1B04     		lsls	r3, r3, #16
 4183 058c 1343     		orrs	r3, r2
 4184 058e 1800     		movs	r0, r3
 4185 0590 FFF7FEFF 		bl	CyBle_GattsWriteRsp
 4186              	.L153:
1146:runtime.c     ****             {
 4187              		.loc 1 1146 0
 4188 0594 FB68     		ldr	r3, [r7, #12]
 4189 0596 9B89     		ldrh	r3, [r3, #12]
 4190 0598 7A2B     		cmp	r3, #122
 4191 059a 1CD1     		bne	.L154
1148:runtime.c     ****                 System.BleNotifyCalAsFound = wrReqParam->handleValPair.value.val[0] & 0x01; /* Upda
 4192              		.loc 1 1148 0
 4193 059c FB68     		ldr	r3, [r7, #12]
 4194 059e 181D     		adds	r0, r3, #4
 4195 05a0 834A     		ldr	r2, .L169+4
 4196 05a2 4023     		movs	r3, #64
 4197 05a4 0021     		movs	r1, #0
 4198 05a6 FFF7FEFF 		bl	CyBle_GattsWriteAttributeValue
1149:runtime.c     ****                 CyBle_GattsWriteRsp(cyBle_connHandle);                          /* respond to the c
 4199              		.loc 1 1149 0
 4200 05aa FB68     		ldr	r3, [r7, #12]
 4201 05ac 5B68     		ldr	r3, [r3, #4]
 4202 05ae 1B78     		ldrb	r3, [r3]
 4203 05b0 0122     		movs	r2, #1
 4204 05b2 1340     		ands	r3, r2
 4205 05b4 DAB2     		uxtb	r2, r3
 4206 05b6 7D4B     		ldr	r3, .L169
 4207 05b8 5A72     		strb	r2, [r3, #9]
1150:runtime.c     ****             }
 4208              		.loc 1 1150 0
 4209 05ba 7D4B     		ldr	r3, .L169+4
ARM GAS  C:\Users\alexport\AppData\Local\Temp\cc2gMrRa.s 			page 98


 4210 05bc 1A78     		ldrb	r2, [r3]
 4211 05be 5B78     		ldrb	r3, [r3, #1]
 4212 05c0 1B02     		lsls	r3, r3, #8
 4213 05c2 1A43     		orrs	r2, r3
 4214 05c4 0023     		movs	r3, #0
 4215 05c6 1204     		lsls	r2, r2, #16
 4216 05c8 120C     		lsrs	r2, r2, #16
 4217 05ca 1B0C     		lsrs	r3, r3, #16
 4218 05cc 1B04     		lsls	r3, r3, #16
 4219 05ce 1343     		orrs	r3, r2
 4220 05d0 1800     		movs	r0, r3
 4221 05d2 FFF7FEFF 		bl	CyBle_GattsWriteRsp
 4222              	.L154:
1153:runtime.c     ****             {
 4223              		.loc 1 1153 0
 4224 05d6 FB68     		ldr	r3, [r7, #12]
 4225 05d8 9B89     		ldrh	r3, [r3, #12]
 4226 05da 7E2B     		cmp	r3, #126
 4227 05dc 1CD1     		bne	.L155
1155:runtime.c     ****                 System.BleNotifyCalAdjusted = wrReqParam->handleValPair.value.val[0] & 0x01; /* Upd
 4228              		.loc 1 1155 0
 4229 05de FB68     		ldr	r3, [r7, #12]
 4230 05e0 181D     		adds	r0, r3, #4
 4231 05e2 734A     		ldr	r2, .L169+4
 4232 05e4 4023     		movs	r3, #64
 4233 05e6 0021     		movs	r1, #0
 4234 05e8 FFF7FEFF 		bl	CyBle_GattsWriteAttributeValue
1156:runtime.c     ****                 CyBle_GattsWriteRsp(cyBle_connHandle);                          /* respond to the c
 4235              		.loc 1 1156 0
 4236 05ec FB68     		ldr	r3, [r7, #12]
 4237 05ee 5B68     		ldr	r3, [r3, #4]
 4238 05f0 1B78     		ldrb	r3, [r3]
 4239 05f2 0122     		movs	r2, #1
 4240 05f4 1340     		ands	r3, r2
 4241 05f6 DAB2     		uxtb	r2, r3
 4242 05f8 6C4B     		ldr	r3, .L169
 4243 05fa 9A72     		strb	r2, [r3, #10]
1157:runtime.c     ****             }
 4244              		.loc 1 1157 0
 4245 05fc 6C4B     		ldr	r3, .L169+4
 4246 05fe 1A78     		ldrb	r2, [r3]
 4247 0600 5B78     		ldrb	r3, [r3, #1]
 4248 0602 1B02     		lsls	r3, r3, #8
 4249 0604 1A43     		orrs	r2, r3
 4250 0606 0023     		movs	r3, #0
 4251 0608 1204     		lsls	r2, r2, #16
 4252 060a 120C     		lsrs	r2, r2, #16
 4253 060c 1B0C     		lsrs	r3, r3, #16
 4254 060e 1B04     		lsls	r3, r3, #16
 4255 0610 1343     		orrs	r3, r2
 4256 0612 1800     		movs	r0, r3
 4257 0614 FFF7FEFF 		bl	CyBle_GattsWriteRsp
 4258              	.L155:
1160:runtime.c     ****             {
 4259              		.loc 1 1160 0
 4260 0618 FB68     		ldr	r3, [r7, #12]
 4261 061a 9B89     		ldrh	r3, [r3, #12]
ARM GAS  C:\Users\alexport\AppData\Local\Temp\cc2gMrRa.s 			page 99


 4262 061c 852B     		cmp	r3, #133
 4263 061e 1CD1     		bne	.L156
1162:runtime.c     ****                 System.BleNotifyLife = wrReqParam->handleValPair.value.val[0] & 0x01; /* Update loc
 4264              		.loc 1 1162 0
 4265 0620 FB68     		ldr	r3, [r7, #12]
 4266 0622 181D     		adds	r0, r3, #4
 4267 0624 624A     		ldr	r2, .L169+4
 4268 0626 4023     		movs	r3, #64
 4269 0628 0021     		movs	r1, #0
 4270 062a FFF7FEFF 		bl	CyBle_GattsWriteAttributeValue
1163:runtime.c     ****                 CyBle_GattsWriteRsp(cyBle_connHandle);                          /* respond to the c
 4271              		.loc 1 1163 0
 4272 062e FB68     		ldr	r3, [r7, #12]
 4273 0630 5B68     		ldr	r3, [r3, #4]
 4274 0632 1B78     		ldrb	r3, [r3]
 4275 0634 0122     		movs	r2, #1
 4276 0636 1340     		ands	r3, r2
 4277 0638 DAB2     		uxtb	r2, r3
 4278 063a 5C4B     		ldr	r3, .L169
 4279 063c DA71     		strb	r2, [r3, #7]
1164:runtime.c     ****             }
 4280              		.loc 1 1164 0
 4281 063e 5C4B     		ldr	r3, .L169+4
 4282 0640 1A78     		ldrb	r2, [r3]
 4283 0642 5B78     		ldrb	r3, [r3, #1]
 4284 0644 1B02     		lsls	r3, r3, #8
 4285 0646 1A43     		orrs	r2, r3
 4286 0648 0023     		movs	r3, #0
 4287 064a 1204     		lsls	r2, r2, #16
 4288 064c 120C     		lsrs	r2, r2, #16
 4289 064e 1B0C     		lsrs	r3, r3, #16
 4290 0650 1B04     		lsls	r3, r3, #16
 4291 0652 1343     		orrs	r3, r2
 4292 0654 1800     		movs	r0, r3
 4293 0656 FFF7FEFF 		bl	CyBle_GattsWriteRsp
 4294              	.L156:
1167:runtime.c     ****             {
 4295              		.loc 1 1167 0
 4296 065a FB68     		ldr	r3, [r7, #12]
 4297 065c 9B89     		ldrh	r3, [r3, #12]
 4298 065e 892B     		cmp	r3, #137
 4299 0660 1CD1     		bne	.L157
1169:runtime.c     ****                 System.BleNotifyCalClearing = wrReqParam->handleValPair.value.val[0] & 0x01; /* Upd
 4300              		.loc 1 1169 0
 4301 0662 FB68     		ldr	r3, [r7, #12]
 4302 0664 181D     		adds	r0, r3, #4
 4303 0666 524A     		ldr	r2, .L169+4
 4304 0668 4023     		movs	r3, #64
 4305 066a 0021     		movs	r1, #0
 4306 066c FFF7FEFF 		bl	CyBle_GattsWriteAttributeValue
1170:runtime.c     ****                 CyBle_GattsWriteRsp(cyBle_connHandle);                          /* respond to the c
 4307              		.loc 1 1170 0
 4308 0670 FB68     		ldr	r3, [r7, #12]
 4309 0672 5B68     		ldr	r3, [r3, #4]
 4310 0674 1B78     		ldrb	r3, [r3]
 4311 0676 0122     		movs	r2, #1
 4312 0678 1340     		ands	r3, r2
ARM GAS  C:\Users\alexport\AppData\Local\Temp\cc2gMrRa.s 			page 100


 4313 067a DAB2     		uxtb	r2, r3
 4314 067c 4B4B     		ldr	r3, .L169
 4315 067e 9A73     		strb	r2, [r3, #14]
1171:runtime.c     ****             }
 4316              		.loc 1 1171 0
 4317 0680 4B4B     		ldr	r3, .L169+4
 4318 0682 1A78     		ldrb	r2, [r3]
 4319 0684 5B78     		ldrb	r3, [r3, #1]
 4320 0686 1B02     		lsls	r3, r3, #8
 4321 0688 1A43     		orrs	r2, r3
 4322 068a 0023     		movs	r3, #0
 4323 068c 1204     		lsls	r2, r2, #16
 4324 068e 120C     		lsrs	r2, r2, #16
 4325 0690 1B0C     		lsrs	r3, r3, #16
 4326 0692 1B04     		lsls	r3, r3, #16
 4327 0694 1343     		orrs	r3, r2
 4328 0696 1800     		movs	r0, r3
 4329 0698 FFF7FEFF 		bl	CyBle_GattsWriteRsp
 4330              	.L157:
1174:runtime.c     ****             {
 4331              		.loc 1 1174 0
 4332 069c FB68     		ldr	r3, [r7, #12]
 4333 069e 9B89     		ldrh	r3, [r3, #12]
 4334 06a0 8D2B     		cmp	r3, #141
 4335 06a2 1CD1     		bne	.L158
1176:runtime.c     ****                 System.BleNotifyCalSpanError = wrReqParam->handleValPair.value.val[0] & 0x01; /* Up
 4336              		.loc 1 1176 0
 4337 06a4 FB68     		ldr	r3, [r7, #12]
 4338 06a6 181D     		adds	r0, r3, #4
 4339 06a8 414A     		ldr	r2, .L169+4
 4340 06aa 4023     		movs	r3, #64
 4341 06ac 0021     		movs	r1, #0
 4342 06ae FFF7FEFF 		bl	CyBle_GattsWriteAttributeValue
1177:runtime.c     ****                 CyBle_GattsWriteRsp(cyBle_connHandle);                          /* respond to the c
 4343              		.loc 1 1177 0
 4344 06b2 FB68     		ldr	r3, [r7, #12]
 4345 06b4 5B68     		ldr	r3, [r3, #4]
 4346 06b6 1B78     		ldrb	r3, [r3]
 4347 06b8 0122     		movs	r2, #1
 4348 06ba 1340     		ands	r3, r2
 4349 06bc DAB2     		uxtb	r2, r3
 4350 06be 3B4B     		ldr	r3, .L169
 4351 06c0 DA73     		strb	r2, [r3, #15]
1178:runtime.c     ****             }
 4352              		.loc 1 1178 0
 4353 06c2 3B4B     		ldr	r3, .L169+4
 4354 06c4 1A78     		ldrb	r2, [r3]
 4355 06c6 5B78     		ldrb	r3, [r3, #1]
 4356 06c8 1B02     		lsls	r3, r3, #8
 4357 06ca 1A43     		orrs	r2, r3
 4358 06cc 0023     		movs	r3, #0
 4359 06ce 1204     		lsls	r2, r2, #16
 4360 06d0 120C     		lsrs	r2, r2, #16
 4361 06d2 1B0C     		lsrs	r3, r3, #16
 4362 06d4 1B04     		lsls	r3, r3, #16
 4363 06d6 1343     		orrs	r3, r2
 4364 06d8 1800     		movs	r0, r3
ARM GAS  C:\Users\alexport\AppData\Local\Temp\cc2gMrRa.s 			page 101


 4365 06da FFF7FEFF 		bl	CyBle_GattsWriteRsp
 4366              	.L158:
1181:runtime.c     ****             {
 4367              		.loc 1 1181 0
 4368 06de FB68     		ldr	r3, [r7, #12]
 4369 06e0 9B89     		ldrh	r3, [r3, #12]
 4370 06e2 912B     		cmp	r3, #145
 4371 06e4 1CD1     		bne	.L159
1183:runtime.c     ****                 System.BleNotifyCalibrationStatus = wrReqParam->handleValPair.value.val[0] & 0x01; 
 4372              		.loc 1 1183 0
 4373 06e6 FB68     		ldr	r3, [r7, #12]
 4374 06e8 181D     		adds	r0, r3, #4
 4375 06ea 314A     		ldr	r2, .L169+4
 4376 06ec 4023     		movs	r3, #64
 4377 06ee 0021     		movs	r1, #0
 4378 06f0 FFF7FEFF 		bl	CyBle_GattsWriteAttributeValue
1184:runtime.c     ****                 CyBle_GattsWriteRsp(cyBle_connHandle);                          /* respond to the c
 4379              		.loc 1 1184 0
 4380 06f4 FB68     		ldr	r3, [r7, #12]
 4381 06f6 5B68     		ldr	r3, [r3, #4]
 4382 06f8 1B78     		ldrb	r3, [r3]
 4383 06fa 0122     		movs	r2, #1
 4384 06fc 1340     		ands	r3, r2
 4385 06fe DAB2     		uxtb	r2, r3
 4386 0700 2A4B     		ldr	r3, .L169
 4387 0702 5A74     		strb	r2, [r3, #17]
1185:runtime.c     ****             }
 4388              		.loc 1 1185 0
 4389 0704 2A4B     		ldr	r3, .L169+4
 4390 0706 1A78     		ldrb	r2, [r3]
 4391 0708 5B78     		ldrb	r3, [r3, #1]
 4392 070a 1B02     		lsls	r3, r3, #8
 4393 070c 1A43     		orrs	r2, r3
 4394 070e 0023     		movs	r3, #0
 4395 0710 1204     		lsls	r2, r2, #16
 4396 0712 120C     		lsrs	r2, r2, #16
 4397 0714 1B0C     		lsrs	r3, r3, #16
 4398 0716 1B04     		lsls	r3, r3, #16
 4399 0718 1343     		orrs	r3, r2
 4400 071a 1800     		movs	r0, r3
 4401 071c FFF7FEFF 		bl	CyBle_GattsWriteRsp
 4402              	.L159:
1188:runtime.c     ****             {
 4403              		.loc 1 1188 0
 4404 0720 FB68     		ldr	r3, [r7, #12]
 4405 0722 9B89     		ldrh	r3, [r3, #12]
 4406 0724 952B     		cmp	r3, #149
 4407 0726 1CD1     		bne	.L160
1190:runtime.c     ****                 System.BleNotifyReadingScaled = wrReqParam->handleValPair.value.val[0] & 0x01; /* U
 4408              		.loc 1 1190 0
 4409 0728 FB68     		ldr	r3, [r7, #12]
 4410 072a 181D     		adds	r0, r3, #4
 4411 072c 204A     		ldr	r2, .L169+4
 4412 072e 4023     		movs	r3, #64
 4413 0730 0021     		movs	r1, #0
 4414 0732 FFF7FEFF 		bl	CyBle_GattsWriteAttributeValue
1191:runtime.c     ****                 CyBle_GattsWriteRsp(cyBle_connHandle);                          /* respond to the c
ARM GAS  C:\Users\alexport\AppData\Local\Temp\cc2gMrRa.s 			page 102


 4415              		.loc 1 1191 0
 4416 0736 FB68     		ldr	r3, [r7, #12]
 4417 0738 5B68     		ldr	r3, [r3, #4]
 4418 073a 1B78     		ldrb	r3, [r3]
 4419 073c 0122     		movs	r2, #1
 4420 073e 1340     		ands	r3, r2
 4421 0740 DAB2     		uxtb	r2, r3
 4422 0742 1A4B     		ldr	r3, .L169
 4423 0744 1A74     		strb	r2, [r3, #16]
1192:runtime.c     ****             }
 4424              		.loc 1 1192 0
 4425 0746 1A4B     		ldr	r3, .L169+4
 4426 0748 1A78     		ldrb	r2, [r3]
 4427 074a 5B78     		ldrb	r3, [r3, #1]
 4428 074c 1B02     		lsls	r3, r3, #8
 4429 074e 1A43     		orrs	r2, r3
 4430 0750 0023     		movs	r3, #0
 4431 0752 1204     		lsls	r2, r2, #16
 4432 0754 120C     		lsrs	r2, r2, #16
 4433 0756 1B0C     		lsrs	r3, r3, #16
 4434 0758 1B04     		lsls	r3, r3, #16
 4435 075a 1343     		orrs	r3, r2
 4436 075c 1800     		movs	r0, r3
 4437 075e FFF7FEFF 		bl	CyBle_GattsWriteRsp
 4438              	.L160:
1195:runtime.c     ****             {
 4439              		.loc 1 1195 0
 4440 0762 FB68     		ldr	r3, [r7, #12]
 4441 0764 9B89     		ldrh	r3, [r3, #12]
 4442 0766 992B     		cmp	r3, #153
 4443 0768 24D1     		bne	.L163
1197:runtime.c     ****                 System.BleNotifyAlertStatus = wrReqParam->handleValPair.value.val[0] & 0x01; /* Upd
 4444              		.loc 1 1197 0
 4445 076a FB68     		ldr	r3, [r7, #12]
 4446 076c 181D     		adds	r0, r3, #4
 4447 076e 104A     		ldr	r2, .L169+4
 4448 0770 4023     		movs	r3, #64
 4449 0772 0021     		movs	r1, #0
 4450 0774 FFF7FEFF 		bl	CyBle_GattsWriteAttributeValue
1198:runtime.c     ****                 CyBle_GattsWriteRsp(cyBle_connHandle);                          /* respond to the c
 4451              		.loc 1 1198 0
 4452 0778 FB68     		ldr	r3, [r7, #12]
 4453 077a 5B68     		ldr	r3, [r3, #4]
 4454 077c 1B78     		ldrb	r3, [r3]
 4455 077e 0122     		movs	r2, #1
 4456 0780 1340     		ands	r3, r2
 4457 0782 DAB2     		uxtb	r2, r3
 4458 0784 094B     		ldr	r3, .L169
 4459 0786 1A71     		strb	r2, [r3, #4]
1199:runtime.c     ****             }
 4460              		.loc 1 1199 0
 4461 0788 094B     		ldr	r3, .L169+4
 4462 078a 1A78     		ldrb	r2, [r3]
 4463 078c 5B78     		ldrb	r3, [r3, #1]
 4464 078e 1B02     		lsls	r3, r3, #8
 4465 0790 1A43     		orrs	r2, r3
 4466 0792 0023     		movs	r3, #0
ARM GAS  C:\Users\alexport\AppData\Local\Temp\cc2gMrRa.s 			page 103


 4467 0794 1204     		lsls	r2, r2, #16
 4468 0796 120C     		lsrs	r2, r2, #16
 4469 0798 1B0C     		lsrs	r3, r3, #16
 4470 079a 1B04     		lsls	r3, r3, #16
 4471 079c 1343     		orrs	r3, r2
 4472 079e 1800     		movs	r0, r3
 4473 07a0 FFF7FEFF 		bl	CyBle_GattsWriteRsp
1201:runtime.c     ****         default:
 4474              		.loc 1 1201 0
 4475 07a4 06E0     		b	.L163
 4476              	.L162:
 953:runtime.c     ****         case CYBLE_EVT_GATT_CONNECT_IND:                                        /* Handle BLE conne
 4477              		.loc 1 953 0
 4478 07a6 C046     		nop
 4479 07a8 05E0     		b	.L133
 4480              	.L170:
 4481 07aa C046     		.align	2
 4482              	.L169:
 4483 07ac 00000000 		.word	System
 4484 07b0 00000000 		.word	cyBle_connHandle
 4485              	.L163:
1201:runtime.c     ****         default:
 4486              		.loc 1 1201 0
 4487 07b4 C046     		nop
 4488              	.L133:
1204:runtime.c     ****             
1205:runtime.c     ****     }
1206:runtime.c     **** }
 4489              		.loc 1 1206 0
 4490 07b6 C046     		nop
 4491 07b8 BD46     		mov	sp, r7
 4492 07ba 04B0     		add	sp, sp, #16
 4493              		@ sp needed
 4494 07bc 80BD     		pop	{r7, pc}
 4495              		.cfi_endproc
 4496              	.LFE52:
 4497              		.size	Stack_Handler, .-Stack_Handler
 4498 07be C046     		.section	.text.ResetBLETimer,"ax",%progbits
 4499              		.align	2
 4500              		.global	ResetBLETimer
 4501              		.code	16
 4502              		.thumb_func
 4503              		.type	ResetBLETimer, %function
 4504              	ResetBLETimer:
 4505              	.LFB53:
1207:runtime.c     **** 
1208:runtime.c     **** 
1209:runtime.c     **** 
1210:runtime.c     **** void ResetBLETimer(){
 4506              		.loc 1 1210 0
 4507              		.cfi_startproc
 4508              		@ args = 0, pretend = 0, frame = 0
 4509              		@ frame_needed = 1, uses_anonymous_args = 0
 4510 0000 80B5     		push	{r7, lr}
 4511              		.cfi_def_cfa_offset 8
 4512              		.cfi_offset 7, -8
 4513              		.cfi_offset 14, -4
ARM GAS  C:\Users\alexport\AppData\Local\Temp\cc2gMrRa.s 			page 104


 4514 0002 00AF     		add	r7, sp, #0
 4515              		.cfi_def_cfa_register 7
1211:runtime.c     ****     BLETimer_Stop();
 4516              		.loc 1 1211 0
 4517 0004 FFF7FEFF 		bl	BLETimer_Stop
1212:runtime.c     ****     BLETimer_WriteCounter(0);
 4518              		.loc 1 1212 0
 4519 0008 0020     		movs	r0, #0
 4520 000a FFF7FEFF 		bl	BLETimer_WriteCounter
1213:runtime.c     **** }
 4521              		.loc 1 1213 0
 4522 000e C046     		nop
 4523 0010 BD46     		mov	sp, r7
 4524              		@ sp needed
 4525 0012 80BD     		pop	{r7, pc}
 4526              		.cfi_endproc
 4527              	.LFE53:
 4528              		.size	ResetBLETimer, .-ResetBLETimer
 4529              		.section	.text.SetSleepPeriod,"ax",%progbits
 4530              		.align	2
 4531              		.global	SetSleepPeriod
 4532              		.code	16
 4533              		.thumb_func
 4534              		.type	SetSleepPeriod, %function
 4535              	SetSleepPeriod:
 4536              	.LFB54:
1214:runtime.c     **** 
1215:runtime.c     **** void SetSleepPeriod(uint16_t period){
 4537              		.loc 1 1215 0
 4538              		.cfi_startproc
 4539              		@ args = 0, pretend = 0, frame = 8
 4540              		@ frame_needed = 1, uses_anonymous_args = 0
 4541 0000 80B5     		push	{r7, lr}
 4542              		.cfi_def_cfa_offset 8
 4543              		.cfi_offset 7, -8
 4544              		.cfi_offset 14, -4
 4545 0002 82B0     		sub	sp, sp, #8
 4546              		.cfi_def_cfa_offset 16
 4547 0004 00AF     		add	r7, sp, #0
 4548              		.cfi_def_cfa_register 7
 4549 0006 0200     		movs	r2, r0
 4550 0008 BB1D     		adds	r3, r7, #6
 4551 000a 1A80     		strh	r2, [r3]
1216:runtime.c     ****     BLETimer_Stop();
 4552              		.loc 1 1216 0
 4553 000c FFF7FEFF 		bl	BLETimer_Stop
1217:runtime.c     ****     BLETimer_WritePeriod(period);
 4554              		.loc 1 1217 0
 4555 0010 BB1D     		adds	r3, r7, #6
 4556 0012 1B88     		ldrh	r3, [r3]
 4557 0014 1800     		movs	r0, r3
 4558 0016 FFF7FEFF 		bl	BLETimer_WritePeriod
1218:runtime.c     ****     BLETimer_WriteCounter(0);
 4559              		.loc 1 1218 0
 4560 001a 0020     		movs	r0, #0
 4561 001c FFF7FEFF 		bl	BLETimer_WriteCounter
1219:runtime.c     **** }
ARM GAS  C:\Users\alexport\AppData\Local\Temp\cc2gMrRa.s 			page 105


 4562              		.loc 1 1219 0
 4563 0020 C046     		nop
 4564 0022 BD46     		mov	sp, r7
 4565 0024 02B0     		add	sp, sp, #8
 4566              		@ sp needed
 4567 0026 80BD     		pop	{r7, pc}
 4568              		.cfi_endproc
 4569              	.LFE54:
 4570              		.size	SetSleepPeriod, .-SetSleepPeriod
 4571              		.section	.text.SysWdtInit,"ax",%progbits
 4572              		.align	2
 4573              		.global	SysWdtInit
 4574              		.code	16
 4575              		.thumb_func
 4576              		.type	SysWdtInit, %function
 4577              	SysWdtInit:
 4578              	.LFB55:
1220:runtime.c     **** 
1221:runtime.c     **** // if BLE gets disconnected we put MCU to Deeep Sleep Mode
1222:runtime.c     **** 
1223:runtime.c     **** 
1224:runtime.c     **** void SysWdtInit( void )
1225:runtime.c     **** {
 4579              		.loc 1 1225 0
 4580              		.cfi_startproc
 4581              		@ args = 0, pretend = 0, frame = 0
 4582              		@ frame_needed = 1, uses_anonymous_args = 0
 4583 0000 80B5     		push	{r7, lr}
 4584              		.cfi_def_cfa_offset 8
 4585              		.cfi_offset 7, -8
 4586              		.cfi_offset 14, -4
 4587 0002 00AF     		add	r7, sp, #0
 4588              		.cfi_def_cfa_register 7
1226:runtime.c     **** //    /* Determin reset cause and proceed accordingly */
1227:runtime.c     **** //    if(CySysGetResetReason(CY_SYS_RESET_WDT) == CY_SYS_RESET_WDT){
1228:runtime.c     **** //        for(uint8_t i =0; i<20;i++){
1229:runtime.c     **** //             LED_Write(~LED_Read());
1230:runtime.c     **** //            CyDelay(50);
1231:runtime.c     **** //        }
1232:runtime.c     **** //    }else{
1233:runtime.c     **** //        for(uint8_t i =0; i<6;i++){
1234:runtime.c     **** //             LED_Write(~LED_Read());
1235:runtime.c     **** //            CyDelay(200);
1236:runtime.c     **** //        }
1237:runtime.c     **** //    }
1238:runtime.c     ****     
1239:runtime.c     **** //    if ( 0u == CySysGetResetReason( CY_SYS_RESET_WDT ) )                        /* Startup after 
1240:runtime.c     **** //    {
1241:runtime.c     **** //        CyDelay( 500 /* msecs */);                                             /* Delay so user c
1242:runtime.c     **** //    }else{                                                                      /* Startup after 
1243:runtime.c     **** //        
1244:runtime.c     **** //        /* Create fault condition(s) here with a delay. */
1245:runtime.c     **** //        /* Danger output needs to be set appropiately here */
1246:runtime.c     **** //        //System.AlertBits = SYS_ALERT_BIT_FAULT;
1247:runtime.c     **** //        //System.AlertStatus = SYS_ALERT_FAULT;
1248:runtime.c     **** //        //SA100CEC_UpdateRuntimeValues( SENSORS_CALC_READING_WARMUP );
1249:runtime.c     **** //        //SAFETY_OUTPUT_Write( SYS_SAFE_NO );
ARM GAS  C:\Users\alexport\AppData\Local\Temp\cc2gMrRa.s 			page 106


1250:runtime.c     **** //        //MC_RGBResetCauseWDT
1251:runtime.c     **** //        //CyDelay( 10000 /* msecs */);                                             /* Delay so us
1252:runtime.c     **** //        
1253:runtime.c     **** //        
1254:runtime.c     **** //    }
1255:runtime.c     **** 
1256:runtime.c     ****     /* Setup the Watchdog timer environment */
1257:runtime.c     ****     //WdtIsr_StartEx( SysWdtIsrHandler );                                            /* Setup ISR f
1258:runtime.c     ****     CyGlobalIntEnable;                                                          /* Enable global in
 4589              		.loc 1 1258 0
 4590              		.syntax divided
 4591              	@ 1258 "runtime.c" 1
 4592 0004 62B6     		CPSIE   i
 4593              	@ 0 "" 2
1259:runtime.c     **** 	
1260:runtime.c     **** 	/* Set WDT counter 0 to generate interrupt on match */
1261:runtime.c     **** 	CySysWdtWriteMode( CY_SYS_WDT_COUNTER0, CY_SYS_WDT_MODE_INT );
 4594              		.loc 1 1261 0
 4595              		.thumb
 4596              		.syntax unified
 4597 0006 0121     		movs	r1, #1
 4598 0008 0020     		movs	r0, #0
 4599 000a FFF7FEFF 		bl	CySysWdtSetMode
1262:runtime.c     **** 	CySysWdtWriteMatch( CY_SYS_WDT_COUNTER0, WDT_COUNT0_MATCH );
 4600              		.loc 1 1262 0
 4601 000e 144B     		ldr	r3, .L174
 4602 0010 1900     		movs	r1, r3
 4603 0012 0020     		movs	r0, #0
 4604 0014 FFF7FEFF 		bl	CySysWdtSetMatch
1263:runtime.c     **** 	CySysWdtWriteClearOnMatch( CY_SYS_WDT_COUNTER0, 1u );
 4605              		.loc 1 1263 0
 4606 0018 0121     		movs	r1, #1
 4607 001a 0020     		movs	r0, #0
 4608 001c FFF7FEFF 		bl	CySysWdtSetClearOnMatch
1264:runtime.c     **** 
1265:runtime.c     ****     CySysWdtWriteCascade( CY_SYS_WDT_CASCADE_01 );                              /* Enable WDT count
 4609              		.loc 1 1265 0
 4610 0020 0820     		movs	r0, #8
 4611 0022 FFF7FEFF 		bl	CySysWdtSetCascade
1266:runtime.c     ****     
1267:runtime.c     **** 	/* Set WDT counter 1 to generate reset on match */
1268:runtime.c     **** 	CySysWdtWriteMatch( CY_SYS_WDT_COUNTER1, WDT_COUNT1_MATCH );
 4612              		.loc 1 1268 0
 4613 0026 0A21     		movs	r1, #10
 4614 0028 0120     		movs	r0, #1
 4615 002a FFF7FEFF 		bl	CySysWdtSetMatch
1269:runtime.c     **** 	CySysWdtWriteMode( CY_SYS_WDT_COUNTER1, CY_SYS_WDT_MODE_RESET );
 4616              		.loc 1 1269 0
 4617 002e 0221     		movs	r1, #2
 4618 0030 0120     		movs	r0, #1
 4619 0032 FFF7FEFF 		bl	CySysWdtSetMode
1270:runtime.c     ****     CySysWdtWriteClearOnMatch( CY_SYS_WDT_COUNTER1, 1u );
 4620              		.loc 1 1270 0
 4621 0036 0121     		movs	r1, #1
 4622 0038 0120     		movs	r0, #1
 4623 003a FFF7FEFF 		bl	CySysWdtSetClearOnMatch
1271:runtime.c     **** 	
ARM GAS  C:\Users\alexport\AppData\Local\Temp\cc2gMrRa.s 			page 107


1272:runtime.c     **** 	CySysWdtEnable( CY_SYS_WDT_COUNTER0_MASK | CY_SYS_WDT_COUNTER1_MASK );      /* Enable WDT counters
 4624              		.loc 1 1272 0
 4625 003e 0223     		movs	r3, #2
 4626 0040 FF33     		adds	r3, r3, #255
 4627 0042 1800     		movs	r0, r3
 4628 0044 FFF7FEFF 		bl	CySysWdtEnable
1273:runtime.c     **** 	
1274:runtime.c     **** 	/* Lock WDT registers and try to disable WDT counters 0 and 1 */
1275:runtime.c     **** 	CySysWdtLock();
 4629              		.loc 1 1275 0
 4630 0048 FFF7FEFF 		bl	CySysWdtLock
1276:runtime.c     **** 	CySysWdtDisable( CY_SYS_WDT_COUNTER1_MASK );
 4631              		.loc 1 1276 0
 4632 004c 8023     		movs	r3, #128
 4633 004e 5B00     		lsls	r3, r3, #1
 4634 0050 1800     		movs	r0, r3
 4635 0052 FFF7FEFF 		bl	CySysWdtDisable
1277:runtime.c     **** 	CySysWdtUnlock();
 4636              		.loc 1 1277 0
 4637 0056 FFF7FEFF 		bl	CySysWdtUnlock
1278:runtime.c     **** }
 4638              		.loc 1 1278 0
 4639 005a C046     		nop
 4640 005c BD46     		mov	sp, r7
 4641              		@ sp needed
 4642 005e 80BD     		pop	{r7, pc}
 4643              	.L175:
 4644              		.align	2
 4645              	.L174:
 4646 0060 FF7F0000 		.word	32767
 4647              		.cfi_endproc
 4648              	.LFE55:
 4649              		.size	SysWdtInit, .-SysWdtInit
 4650              		.section	.text.SysWdtReset,"ax",%progbits
 4651              		.align	2
 4652              		.global	SysWdtReset
 4653              		.code	16
 4654              		.thumb_func
 4655              		.type	SysWdtReset, %function
 4656              	SysWdtReset:
 4657              	.LFB56:
1279:runtime.c     **** 
1280:runtime.c     **** 
1281:runtime.c     **** 
1282:runtime.c     **** 
1283:runtime.c     **** void SysWdtReset( void )
1284:runtime.c     **** {
 4658              		.loc 1 1284 0
 4659              		.cfi_startproc
 4660              		@ args = 0, pretend = 0, frame = 0
 4661              		@ frame_needed = 1, uses_anonymous_args = 0
 4662 0000 80B5     		push	{r7, lr}
 4663              		.cfi_def_cfa_offset 8
 4664              		.cfi_offset 7, -8
 4665              		.cfi_offset 14, -4
 4666 0002 00AF     		add	r7, sp, #0
 4667              		.cfi_def_cfa_register 7
ARM GAS  C:\Users\alexport\AppData\Local\Temp\cc2gMrRa.s 			page 108


1285:runtime.c     **** 	CySysWdtResetCounters( CY_SYS_WDT_COUNTER0_RESET );                         /* Reset WDT counter 0
 4668              		.loc 1 1285 0
 4669 0004 0820     		movs	r0, #8
 4670 0006 FFF7FEFF 		bl	CySysWdtResetCounters
1286:runtime.c     ****     CySysWdtResetCounters( CY_SYS_WDT_COUNTER1_RESET );                         /* Reset WDT counte
 4671              		.loc 1 1286 0
 4672 000a 8023     		movs	r3, #128
 4673 000c 1B01     		lsls	r3, r3, #4
 4674 000e 1800     		movs	r0, r3
 4675 0010 FFF7FEFF 		bl	CySysWdtResetCounters
1287:runtime.c     ****     CyDelayUs( 200 );                                                           /* Pause 200ms */
 4676              		.loc 1 1287 0
 4677 0014 C820     		movs	r0, #200
 4678 0016 FFF7FEFF 		bl	CyDelayUs
1288:runtime.c     **** }
 4679              		.loc 1 1288 0
 4680 001a C046     		nop
 4681 001c BD46     		mov	sp, r7
 4682              		@ sp needed
 4683 001e 80BD     		pop	{r7, pc}
 4684              		.cfi_endproc
 4685              	.LFE56:
 4686              		.size	SysWdtReset, .-SysWdtReset
 4687              		.section	.text.remove_trailing_spaces,"ax",%progbits
 4688              		.align	2
 4689              		.global	remove_trailing_spaces
 4690              		.code	16
 4691              		.thumb_func
 4692              		.type	remove_trailing_spaces, %function
 4693              	remove_trailing_spaces:
 4694              	.LFB57:
1289:runtime.c     **** 
1290:runtime.c     **** 
1291:runtime.c     **** void remove_trailing_spaces(char* dst, char *str){
 4695              		.loc 1 1291 0
 4696              		.cfi_startproc
 4697              		@ args = 0, pretend = 0, frame = 16
 4698              		@ frame_needed = 1, uses_anonymous_args = 0
 4699 0000 80B5     		push	{r7, lr}
 4700              		.cfi_def_cfa_offset 8
 4701              		.cfi_offset 7, -8
 4702              		.cfi_offset 14, -4
 4703 0002 84B0     		sub	sp, sp, #16
 4704              		.cfi_def_cfa_offset 24
 4705 0004 00AF     		add	r7, sp, #0
 4706              		.cfi_def_cfa_register 7
 4707 0006 7860     		str	r0, [r7, #4]
 4708 0008 3960     		str	r1, [r7]
1292:runtime.c     ****     int i=0;
 4709              		.loc 1 1292 0
 4710 000a 0023     		movs	r3, #0
 4711 000c FB60     		str	r3, [r7, #12]
1293:runtime.c     ****     int len = strlen(str);
 4712              		.loc 1 1293 0
 4713 000e 3B68     		ldr	r3, [r7]
 4714 0010 1800     		movs	r0, r3
 4715 0012 FFF7FEFF 		bl	strlen
ARM GAS  C:\Users\alexport\AppData\Local\Temp\cc2gMrRa.s 			page 109


 4716 0016 0300     		movs	r3, r0
 4717 0018 BB60     		str	r3, [r7, #8]
1294:runtime.c     ****     while(i<len){
 4718              		.loc 1 1294 0
 4719 001a 16E0     		b	.L178
 4720              	.L181:
1295:runtime.c     ****         if(str[i] == ' '){
 4721              		.loc 1 1295 0
 4722 001c FB68     		ldr	r3, [r7, #12]
 4723 001e 3A68     		ldr	r2, [r7]
 4724 0020 D318     		adds	r3, r2, r3
 4725 0022 1B78     		ldrb	r3, [r3]
 4726 0024 202B     		cmp	r3, #32
 4727 0026 05D1     		bne	.L179
1296:runtime.c     ****             dst[i] = '\0';
 4728              		.loc 1 1296 0
 4729 0028 FB68     		ldr	r3, [r7, #12]
 4730 002a 7A68     		ldr	r2, [r7, #4]
 4731 002c D318     		adds	r3, r2, r3
 4732 002e 0022     		movs	r2, #0
 4733 0030 1A70     		strb	r2, [r3]
 4734 0032 07E0     		b	.L180
 4735              	.L179:
1297:runtime.c     ****         }else{
1298:runtime.c     ****             dst[i] =str[i];
 4736              		.loc 1 1298 0
 4737 0034 FB68     		ldr	r3, [r7, #12]
 4738 0036 7A68     		ldr	r2, [r7, #4]
 4739 0038 D318     		adds	r3, r2, r3
 4740 003a FA68     		ldr	r2, [r7, #12]
 4741 003c 3968     		ldr	r1, [r7]
 4742 003e 8A18     		adds	r2, r1, r2
 4743 0040 1278     		ldrb	r2, [r2]
 4744 0042 1A70     		strb	r2, [r3]
 4745              	.L180:
1299:runtime.c     ****         }
1300:runtime.c     ****         i++;
 4746              		.loc 1 1300 0
 4747 0044 FB68     		ldr	r3, [r7, #12]
 4748 0046 0133     		adds	r3, r3, #1
 4749 0048 FB60     		str	r3, [r7, #12]
 4750              	.L178:
1294:runtime.c     ****         if(str[i] == ' '){
 4751              		.loc 1 1294 0
 4752 004a FA68     		ldr	r2, [r7, #12]
 4753 004c BB68     		ldr	r3, [r7, #8]
 4754 004e 9A42     		cmp	r2, r3
 4755 0050 E4DB     		blt	.L181
1301:runtime.c     ****     }
1302:runtime.c     **** }
 4756              		.loc 1 1302 0
 4757 0052 C046     		nop
 4758 0054 BD46     		mov	sp, r7
 4759 0056 04B0     		add	sp, sp, #16
 4760              		@ sp needed
 4761 0058 80BD     		pop	{r7, pc}
 4762              		.cfi_endproc
ARM GAS  C:\Users\alexport\AppData\Local\Temp\cc2gMrRa.s 			page 110


 4763              	.LFE57:
 4764              		.size	remove_trailing_spaces, .-remove_trailing_spaces
 4765 005a C046     		.text
 4766              	.Letext0:
 4767              		.file 2 "c:\\program files (x86)\\cypress\\psoc creator\\4.4\\psoc creator\\import\\gnu\\arm\\5.4.
 4768              		.file 3 "c:\\program files (x86)\\cypress\\psoc creator\\4.4\\psoc creator\\import\\gnu\\arm\\5.4.
 4769              		.file 4 "Generated_Source\\PSoC4/cytypes.h"
 4770              		.file 5 "Generated_Source\\PSoC4/blue_Stack.h"
 4771              		.file 6 "Generated_Source\\PSoC4/blue_StackGatt.h"
 4772              		.file 7 "Generated_Source\\PSoC4/blue_StackGattServer.h"
 4773              		.file 8 "Generated_Source\\PSoC4/blue_dis.h"
 4774              		.file 9 "Generated_Source\\PSoC4/blue_eventHandler.h"
 4775              		.file 10 "runtime.h"
 4776              		.file 11 "sensor.h"
 4777              		.section	.debug_info,"",%progbits
 4778              	.Ldebug_info0:
 4779 0000 B5140000 		.4byte	0x14b5
 4780 0004 0400     		.2byte	0x4
 4781 0006 00000000 		.4byte	.Ldebug_abbrev0
 4782 000a 04       		.byte	0x4
 4783 000b 01       		.uleb128 0x1
 4784 000c DC030000 		.4byte	.LASF388
 4785 0010 0C       		.byte	0xc
 4786 0011 5D070000 		.4byte	.LASF389
 4787 0015 75030000 		.4byte	.LASF390
 4788 0019 00000000 		.4byte	.Ldebug_ranges0+0
 4789 001d 00000000 		.4byte	0
 4790 0021 00000000 		.4byte	.Ldebug_line0
 4791 0025 02       		.uleb128 0x2
 4792 0026 01       		.byte	0x1
 4793 0027 06       		.byte	0x6
 4794 0028 911C0000 		.4byte	.LASF0
 4795 002c 03       		.uleb128 0x3
 4796 002d BC170000 		.4byte	.LASF3
 4797 0031 02       		.byte	0x2
 4798 0032 1D       		.byte	0x1d
 4799 0033 37000000 		.4byte	0x37
 4800 0037 02       		.uleb128 0x2
 4801 0038 01       		.byte	0x1
 4802 0039 08       		.byte	0x8
 4803 003a 301A0000 		.4byte	.LASF1
 4804 003e 02       		.uleb128 0x2
 4805 003f 02       		.byte	0x2
 4806 0040 05       		.byte	0x5
 4807 0041 FB140000 		.4byte	.LASF2
 4808 0045 03       		.uleb128 0x3
 4809 0046 A8080000 		.4byte	.LASF4
 4810 004a 02       		.byte	0x2
 4811 004b 2B       		.byte	0x2b
 4812 004c 50000000 		.4byte	0x50
 4813 0050 02       		.uleb128 0x2
 4814 0051 02       		.byte	0x2
 4815 0052 07       		.byte	0x7
 4816 0053 C81C0000 		.4byte	.LASF5
 4817 0057 03       		.uleb128 0x3
 4818 0058 65030000 		.4byte	.LASF6
 4819 005c 02       		.byte	0x2
ARM GAS  C:\Users\alexport\AppData\Local\Temp\cc2gMrRa.s 			page 111


 4820 005d 3F       		.byte	0x3f
 4821 005e 62000000 		.4byte	0x62
 4822 0062 02       		.uleb128 0x2
 4823 0063 04       		.byte	0x4
 4824 0064 05       		.byte	0x5
 4825 0065 89150000 		.4byte	.LASF7
 4826 0069 03       		.uleb128 0x3
 4827 006a 3E1A0000 		.4byte	.LASF8
 4828 006e 02       		.byte	0x2
 4829 006f 41       		.byte	0x41
 4830 0070 74000000 		.4byte	0x74
 4831 0074 02       		.uleb128 0x2
 4832 0075 04       		.byte	0x4
 4833 0076 07       		.byte	0x7
 4834 0077 CA180000 		.4byte	.LASF9
 4835 007b 02       		.uleb128 0x2
 4836 007c 08       		.byte	0x8
 4837 007d 05       		.byte	0x5
 4838 007e AF0F0000 		.4byte	.LASF10
 4839 0082 02       		.uleb128 0x2
 4840 0083 08       		.byte	0x8
 4841 0084 07       		.byte	0x7
 4842 0085 F1070000 		.4byte	.LASF11
 4843 0089 04       		.uleb128 0x4
 4844 008a 04       		.byte	0x4
 4845 008b 05       		.byte	0x5
 4846 008c 696E7400 		.ascii	"int\000"
 4847 0090 02       		.uleb128 0x2
 4848 0091 04       		.byte	0x4
 4849 0092 07       		.byte	0x7
 4850 0093 C7020000 		.4byte	.LASF12
 4851 0097 03       		.uleb128 0x3
 4852 0098 B60E0000 		.4byte	.LASF13
 4853 009c 03       		.byte	0x3
 4854 009d 18       		.byte	0x18
 4855 009e 2C000000 		.4byte	0x2c
 4856 00a2 03       		.uleb128 0x3
 4857 00a3 FC130000 		.4byte	.LASF14
 4858 00a7 03       		.byte	0x3
 4859 00a8 24       		.byte	0x24
 4860 00a9 45000000 		.4byte	0x45
 4861 00ad 03       		.uleb128 0x3
 4862 00ae 0D190000 		.4byte	.LASF15
 4863 00b2 03       		.byte	0x3
 4864 00b3 2C       		.byte	0x2c
 4865 00b4 57000000 		.4byte	0x57
 4866 00b8 03       		.uleb128 0x3
 4867 00b9 89060000 		.4byte	.LASF16
 4868 00bd 03       		.byte	0x3
 4869 00be 30       		.byte	0x30
 4870 00bf 69000000 		.4byte	0x69
 4871 00c3 05       		.uleb128 0x5
 4872 00c4 471D0000 		.4byte	.LASF17
 4873 00c8 04       		.byte	0x4
 4874 00c9 FC01     		.2byte	0x1fc
 4875 00cb 37000000 		.4byte	0x37
 4876 00cf 05       		.uleb128 0x5
ARM GAS  C:\Users\alexport\AppData\Local\Temp\cc2gMrRa.s 			page 112


 4877 00d0 300F0000 		.4byte	.LASF18
 4878 00d4 04       		.byte	0x4
 4879 00d5 FD01     		.2byte	0x1fd
 4880 00d7 50000000 		.4byte	0x50
 4881 00db 05       		.uleb128 0x5
 4882 00dc B6110000 		.4byte	.LASF19
 4883 00e0 04       		.byte	0x4
 4884 00e1 FE01     		.2byte	0x1fe
 4885 00e3 74000000 		.4byte	0x74
 4886 00e7 05       		.uleb128 0x5
 4887 00e8 CA130000 		.4byte	.LASF20
 4888 00ec 04       		.byte	0x4
 4889 00ed FF01     		.2byte	0x1ff
 4890 00ef 25000000 		.4byte	0x25
 4891 00f3 05       		.uleb128 0x5
 4892 00f4 6F030000 		.4byte	.LASF21
 4893 00f8 04       		.byte	0x4
 4894 00f9 0002     		.2byte	0x200
 4895 00fb 3E000000 		.4byte	0x3e
 4896 00ff 02       		.uleb128 0x2
 4897 0100 04       		.byte	0x4
 4898 0101 04       		.byte	0x4
 4899 0102 FE180000 		.4byte	.LASF22
 4900 0106 02       		.uleb128 0x2
 4901 0107 08       		.byte	0x8
 4902 0108 04       		.byte	0x4
 4903 0109 4D1D0000 		.4byte	.LASF23
 4904 010d 05       		.uleb128 0x5
 4905 010e AC040000 		.4byte	.LASF24
 4906 0112 04       		.byte	0x4
 4907 0113 0802     		.2byte	0x208
 4908 0115 82000000 		.4byte	0x82
 4909 0119 02       		.uleb128 0x2
 4910 011a 01       		.byte	0x1
 4911 011b 08       		.byte	0x8
 4912 011c 750D0000 		.4byte	.LASF25
 4913 0120 05       		.uleb128 0x5
 4914 0121 0A140000 		.4byte	.LASF26
 4915 0125 04       		.byte	0x4
 4916 0126 A802     		.2byte	0x2a8
 4917 0128 2C010000 		.4byte	0x12c
 4918 012c 06       		.uleb128 0x6
 4919 012d DB000000 		.4byte	0xdb
 4920 0131 02       		.uleb128 0x2
 4921 0132 08       		.byte	0x8
 4922 0133 04       		.byte	0x4
 4923 0134 CF130000 		.4byte	.LASF27
 4924 0138 02       		.uleb128 0x2
 4925 0139 04       		.byte	0x4
 4926 013a 07       		.byte	0x7
 4927 013b AF180000 		.4byte	.LASF28
 4928 013f 07       		.uleb128 0x7
 4929 0140 04       		.byte	0x4
 4930 0141 08       		.uleb128 0x8
 4931 0142 04       		.byte	0x4
 4932 0143 19010000 		.4byte	0x119
 4933 0147 08       		.uleb128 0x8
ARM GAS  C:\Users\alexport\AppData\Local\Temp\cc2gMrRa.s 			page 113


 4934 0148 04       		.byte	0x4
 4935 0149 C3000000 		.4byte	0xc3
 4936 014d 09       		.uleb128 0x9
 4937 014e 01       		.byte	0x1
 4938 014f 37000000 		.4byte	0x37
 4939 0153 05       		.byte	0x5
 4940 0154 3501     		.2byte	0x135
 4941 0156 0B030000 		.4byte	0x30b
 4942 015a 0A       		.uleb128 0xa
 4943 015b EE160000 		.4byte	.LASF29
 4944 015f 00       		.byte	0
 4945 0160 0A       		.uleb128 0xa
 4946 0161 340E0000 		.4byte	.LASF30
 4947 0165 01       		.byte	0x1
 4948 0166 0A       		.uleb128 0xa
 4949 0167 39140000 		.4byte	.LASF31
 4950 016b 02       		.byte	0x2
 4951 016c 0A       		.uleb128 0xa
 4952 016d AE020000 		.4byte	.LASF32
 4953 0171 03       		.byte	0x3
 4954 0172 0A       		.uleb128 0xa
 4955 0173 3F0D0000 		.4byte	.LASF33
 4956 0177 04       		.byte	0x4
 4957 0178 0A       		.uleb128 0xa
 4958 0179 16080000 		.4byte	.LASF34
 4959 017d 05       		.byte	0x5
 4960 017e 0A       		.uleb128 0xa
 4961 017f EE190000 		.4byte	.LASF35
 4962 0183 06       		.byte	0x6
 4963 0184 0A       		.uleb128 0xa
 4964 0185 271E0000 		.4byte	.LASF36
 4965 0189 20       		.byte	0x20
 4966 018a 0A       		.uleb128 0xa
 4967 018b 1B010000 		.4byte	.LASF37
 4968 018f 21       		.byte	0x21
 4969 0190 0A       		.uleb128 0xa
 4970 0191 B3040000 		.4byte	.LASF38
 4971 0195 22       		.byte	0x22
 4972 0196 0A       		.uleb128 0xa
 4973 0197 A11D0000 		.4byte	.LASF39
 4974 019b 23       		.byte	0x23
 4975 019c 0A       		.uleb128 0xa
 4976 019d 8C0A0000 		.4byte	.LASF40
 4977 01a1 24       		.byte	0x24
 4978 01a2 0A       		.uleb128 0xa
 4979 01a3 D4190000 		.4byte	.LASF41
 4980 01a7 25       		.byte	0x25
 4981 01a8 0A       		.uleb128 0xa
 4982 01a9 70110000 		.4byte	.LASF42
 4983 01ad 26       		.byte	0x26
 4984 01ae 0A       		.uleb128 0xa
 4985 01af 3D1B0000 		.4byte	.LASF43
 4986 01b3 27       		.byte	0x27
 4987 01b4 0A       		.uleb128 0xa
 4988 01b5 DD170000 		.4byte	.LASF44
 4989 01b9 28       		.byte	0x28
 4990 01ba 0A       		.uleb128 0xa
ARM GAS  C:\Users\alexport\AppData\Local\Temp\cc2gMrRa.s 			page 114


 4991 01bb 5B140000 		.4byte	.LASF45
 4992 01bf 29       		.byte	0x29
 4993 01c0 0A       		.uleb128 0xa
 4994 01c1 C71D0000 		.4byte	.LASF46
 4995 01c5 2A       		.byte	0x2a
 4996 01c6 0A       		.uleb128 0xa
 4997 01c7 4B1E0000 		.4byte	.LASF47
 4998 01cb 2B       		.byte	0x2b
 4999 01cc 0A       		.uleb128 0xa
 5000 01cd 71170000 		.4byte	.LASF48
 5001 01d1 2C       		.byte	0x2c
 5002 01d2 0A       		.uleb128 0xa
 5003 01d3 22100000 		.4byte	.LASF49
 5004 01d7 2D       		.byte	0x2d
 5005 01d8 0A       		.uleb128 0xa
 5006 01d9 C70D0000 		.4byte	.LASF50
 5007 01dd 2E       		.byte	0x2e
 5008 01de 0A       		.uleb128 0xa
 5009 01df 54120000 		.4byte	.LASF51
 5010 01e3 2F       		.byte	0x2f
 5011 01e4 0A       		.uleb128 0xa
 5012 01e5 92150000 		.4byte	.LASF52
 5013 01e9 30       		.byte	0x30
 5014 01ea 0A       		.uleb128 0xa
 5015 01eb A41C0000 		.4byte	.LASF53
 5016 01ef 31       		.byte	0x31
 5017 01f0 0A       		.uleb128 0xa
 5018 01f1 1E170000 		.4byte	.LASF54
 5019 01f5 32       		.byte	0x32
 5020 01f6 0A       		.uleb128 0xa
 5021 01f7 720F0000 		.4byte	.LASF55
 5022 01fb 33       		.byte	0x33
 5023 01fc 0A       		.uleb128 0xa
 5024 01fd 68190000 		.4byte	.LASF56
 5025 0201 34       		.byte	0x34
 5026 0202 0A       		.uleb128 0xa
 5027 0203 D2010000 		.4byte	.LASF57
 5028 0207 35       		.byte	0x35
 5029 0208 0A       		.uleb128 0xa
 5030 0209 DB130000 		.4byte	.LASF58
 5031 020d 36       		.byte	0x36
 5032 020e 0A       		.uleb128 0xa
 5033 020f 031B0000 		.4byte	.LASF59
 5034 0213 37       		.byte	0x37
 5035 0214 0A       		.uleb128 0xa
 5036 0215 F40F0000 		.4byte	.LASF60
 5037 0219 40       		.byte	0x40
 5038 021a 0A       		.uleb128 0xa
 5039 021b BE150000 		.4byte	.LASF61
 5040 021f 41       		.byte	0x41
 5041 0220 0A       		.uleb128 0xa
 5042 0221 AA010000 		.4byte	.LASF62
 5043 0225 42       		.byte	0x42
 5044 0226 0A       		.uleb128 0xa
 5045 0227 3F020000 		.4byte	.LASF63
 5046 022b 43       		.byte	0x43
 5047 022c 0A       		.uleb128 0xa
ARM GAS  C:\Users\alexport\AppData\Local\Temp\cc2gMrRa.s 			page 115


 5048 022d 190B0000 		.4byte	.LASF64
 5049 0231 44       		.byte	0x44
 5050 0232 0A       		.uleb128 0xa
 5051 0233 78140000 		.4byte	.LASF65
 5052 0237 45       		.byte	0x45
 5053 0238 0A       		.uleb128 0xa
 5054 0239 BE140000 		.4byte	.LASF66
 5055 023d 46       		.byte	0x46
 5056 023e 0A       		.uleb128 0xa
 5057 023f 23090000 		.4byte	.LASF67
 5058 0243 47       		.byte	0x47
 5059 0244 0A       		.uleb128 0xa
 5060 0245 88090000 		.4byte	.LASF68
 5061 0249 48       		.byte	0x48
 5062 024a 0A       		.uleb128 0xa
 5063 024b 691A0000 		.4byte	.LASF69
 5064 024f 49       		.byte	0x49
 5065 0250 0A       		.uleb128 0xa
 5066 0251 9F0B0000 		.4byte	.LASF70
 5067 0255 4A       		.byte	0x4a
 5068 0256 0A       		.uleb128 0xa
 5069 0257 1E160000 		.4byte	.LASF71
 5070 025b 4B       		.byte	0x4b
 5071 025c 0A       		.uleb128 0xa
 5072 025d 32080000 		.4byte	.LASF72
 5073 0261 4C       		.byte	0x4c
 5074 0262 0A       		.uleb128 0xa
 5075 0263 18070000 		.4byte	.LASF73
 5076 0267 4D       		.byte	0x4d
 5077 0268 0A       		.uleb128 0xa
 5078 0269 4F0B0000 		.4byte	.LASF74
 5079 026d 4E       		.byte	0x4e
 5080 026e 0A       		.uleb128 0xa
 5081 026f C71B0000 		.4byte	.LASF75
 5082 0273 4F       		.byte	0x4f
 5083 0274 0A       		.uleb128 0xa
 5084 0275 C0090000 		.4byte	.LASF76
 5085 0279 50       		.byte	0x50
 5086 027a 0A       		.uleb128 0xa
 5087 027b EC090000 		.4byte	.LASF77
 5088 027f 51       		.byte	0x51
 5089 0280 0A       		.uleb128 0xa
 5090 0281 77000000 		.4byte	.LASF78
 5091 0285 52       		.byte	0x52
 5092 0286 0A       		.uleb128 0xa
 5093 0287 F80A0000 		.4byte	.LASF79
 5094 028b 53       		.byte	0x53
 5095 028c 0A       		.uleb128 0xa
 5096 028d 95050000 		.4byte	.LASF80
 5097 0291 54       		.byte	0x54
 5098 0292 0A       		.uleb128 0xa
 5099 0293 74020000 		.4byte	.LASF81
 5100 0297 55       		.byte	0x55
 5101 0298 0A       		.uleb128 0xa
 5102 0299 55000000 		.4byte	.LASF82
 5103 029d 56       		.byte	0x56
 5104 029e 0A       		.uleb128 0xa
ARM GAS  C:\Users\alexport\AppData\Local\Temp\cc2gMrRa.s 			page 116


 5105 029f 580A0000 		.4byte	.LASF83
 5106 02a3 57       		.byte	0x57
 5107 02a4 0A       		.uleb128 0xa
 5108 02a5 0F130000 		.4byte	.LASF84
 5109 02a9 58       		.byte	0x58
 5110 02aa 0A       		.uleb128 0xa
 5111 02ab 860E0000 		.4byte	.LASF85
 5112 02af 70       		.byte	0x70
 5113 02b0 0A       		.uleb128 0xa
 5114 02b1 D20B0000 		.4byte	.LASF86
 5115 02b5 71       		.byte	0x71
 5116 02b6 0A       		.uleb128 0xa
 5117 02b7 AF070000 		.4byte	.LASF87
 5118 02bb 72       		.byte	0x72
 5119 02bc 0A       		.uleb128 0xa
 5120 02bd 34180000 		.4byte	.LASF88
 5121 02c1 73       		.byte	0x73
 5122 02c2 0A       		.uleb128 0xa
 5123 02c3 530C0000 		.4byte	.LASF89
 5124 02c7 74       		.byte	0x74
 5125 02c8 0A       		.uleb128 0xa
 5126 02c9 93160000 		.4byte	.LASF90
 5127 02cd 75       		.byte	0x75
 5128 02ce 0A       		.uleb128 0xa
 5129 02cf C90A0000 		.4byte	.LASF91
 5130 02d3 76       		.byte	0x76
 5131 02d4 0A       		.uleb128 0xa
 5132 02d5 EC110000 		.4byte	.LASF92
 5133 02d9 77       		.byte	0x77
 5134 02da 0A       		.uleb128 0xa
 5135 02db F80B0000 		.4byte	.LASF93
 5136 02df 78       		.byte	0x78
 5137 02e0 0A       		.uleb128 0xa
 5138 02e1 EA1C0000 		.4byte	.LASF94
 5139 02e5 79       		.byte	0x79
 5140 02e6 0A       		.uleb128 0xa
 5141 02e7 34190000 		.4byte	.LASF95
 5142 02eb 7A       		.byte	0x7a
 5143 02ec 0A       		.uleb128 0xa
 5144 02ed 1E1C0000 		.4byte	.LASF96
 5145 02f1 FA       		.byte	0xfa
 5146 02f2 0A       		.uleb128 0xa
 5147 02f3 F9020000 		.4byte	.LASF97
 5148 02f7 FB       		.byte	0xfb
 5149 02f8 0A       		.uleb128 0xa
 5150 02f9 A3120000 		.4byte	.LASF98
 5151 02fd FC       		.byte	0xfc
 5152 02fe 0A       		.uleb128 0xa
 5153 02ff 370B0000 		.4byte	.LASF99
 5154 0303 FD       		.byte	0xfd
 5155 0304 0A       		.uleb128 0xa
 5156 0305 D9150000 		.4byte	.LASF100
 5157 0309 FF       		.byte	0xff
 5158 030a 00       		.byte	0
 5159 030b 0B       		.uleb128 0xb
 5160 030c C3000000 		.4byte	0xc3
 5161 0310 1B030000 		.4byte	0x31b
ARM GAS  C:\Users\alexport\AppData\Local\Temp\cc2gMrRa.s 			page 117


 5162 0314 0C       		.uleb128 0xc
 5163 0315 38010000 		.4byte	0x138
 5164 0319 09       		.byte	0x9
 5165 031a 00       		.byte	0
 5166 031b 0D       		.uleb128 0xd
 5167 031c 01       		.byte	0x1
 5168 031d 37000000 		.4byte	0x37
 5169 0321 06       		.byte	0x6
 5170 0322 A5       		.byte	0xa5
 5171 0323 12040000 		.4byte	0x412
 5172 0327 0A       		.uleb128 0xa
 5173 0328 5F060000 		.4byte	.LASF101
 5174 032c 00       		.byte	0
 5175 032d 0A       		.uleb128 0xa
 5176 032e F1120000 		.4byte	.LASF102
 5177 0332 01       		.byte	0x1
 5178 0333 0A       		.uleb128 0xa
 5179 0334 1D020000 		.4byte	.LASF103
 5180 0338 02       		.byte	0x2
 5181 0339 0A       		.uleb128 0xa
 5182 033a 6C130000 		.4byte	.LASF104
 5183 033e 03       		.byte	0x3
 5184 033f 0A       		.uleb128 0xa
 5185 0340 821A0000 		.4byte	.LASF105
 5186 0344 04       		.byte	0x4
 5187 0345 0A       		.uleb128 0xa
 5188 0346 7F010000 		.4byte	.LASF106
 5189 034a 05       		.byte	0x5
 5190 034b 0A       		.uleb128 0xa
 5191 034c F71D0000 		.4byte	.LASF107
 5192 0350 06       		.byte	0x6
 5193 0351 0A       		.uleb128 0xa
 5194 0352 05000000 		.4byte	.LASF108
 5195 0356 07       		.byte	0x7
 5196 0357 0A       		.uleb128 0xa
 5197 0358 7A0D0000 		.4byte	.LASF109
 5198 035c 08       		.byte	0x8
 5199 035d 0A       		.uleb128 0xa
 5200 035e B10C0000 		.4byte	.LASF110
 5201 0362 09       		.byte	0x9
 5202 0363 0A       		.uleb128 0xa
 5203 0364 3C1C0000 		.4byte	.LASF111
 5204 0368 0A       		.byte	0xa
 5205 0369 0A       		.uleb128 0xa
 5206 036a 9D1A0000 		.4byte	.LASF112
 5207 036e 0B       		.byte	0xb
 5208 036f 0A       		.uleb128 0xa
 5209 0370 E7150000 		.4byte	.LASF113
 5210 0374 0C       		.byte	0xc
 5211 0375 0A       		.uleb128 0xa
 5212 0376 C3080000 		.4byte	.LASF114
 5213 037a 0D       		.byte	0xd
 5214 037b 0A       		.uleb128 0xa
 5215 037c 05090000 		.4byte	.LASF115
 5216 0380 0E       		.byte	0xe
 5217 0381 0A       		.uleb128 0xa
 5218 0382 F9100000 		.4byte	.LASF116
ARM GAS  C:\Users\alexport\AppData\Local\Temp\cc2gMrRa.s 			page 118


 5219 0386 0F       		.byte	0xf
 5220 0387 0A       		.uleb128 0xa
 5221 0388 7D120000 		.4byte	.LASF117
 5222 038c 10       		.byte	0x10
 5223 038d 0A       		.uleb128 0xa
 5224 038e 20110000 		.4byte	.LASF118
 5225 0392 11       		.byte	0x11
 5226 0393 0A       		.uleb128 0xa
 5227 0394 931B0000 		.4byte	.LASF119
 5228 0398 80       		.byte	0x80
 5229 0399 0A       		.uleb128 0xa
 5230 039a F10C0000 		.4byte	.LASF120
 5231 039e 80       		.byte	0x80
 5232 039f 0A       		.uleb128 0xa
 5233 03a0 EF010000 		.4byte	.LASF121
 5234 03a4 80       		.byte	0x80
 5235 03a5 0A       		.uleb128 0xa
 5236 03a6 4C080000 		.4byte	.LASF122
 5237 03aa 80       		.byte	0x80
 5238 03ab 0A       		.uleb128 0xa
 5239 03ac D7040000 		.4byte	.LASF123
 5240 03b0 80       		.byte	0x80
 5241 03b1 0A       		.uleb128 0xa
 5242 03b2 5B150000 		.4byte	.LASF124
 5243 03b6 80       		.byte	0x80
 5244 03b7 0A       		.uleb128 0xa
 5245 03b8 BE060000 		.4byte	.LASF125
 5246 03bc 80       		.byte	0x80
 5247 03bd 0A       		.uleb128 0xa
 5248 03be 78160000 		.4byte	.LASF126
 5249 03c2 80       		.byte	0x80
 5250 03c3 0A       		.uleb128 0xa
 5251 03c4 32070000 		.4byte	.LASF127
 5252 03c8 81       		.byte	0x81
 5253 03c9 0A       		.uleb128 0xa
 5254 03ca 05150000 		.4byte	.LASF128
 5255 03ce 81       		.byte	0x81
 5256 03cf 0A       		.uleb128 0xa
 5257 03d0 D1110000 		.4byte	.LASF129
 5258 03d4 81       		.byte	0x81
 5259 03d5 0A       		.uleb128 0xa
 5260 03d6 9A060000 		.4byte	.LASF130
 5261 03da 81       		.byte	0x81
 5262 03db 0A       		.uleb128 0xa
 5263 03dc 7B1D0000 		.4byte	.LASF131
 5264 03e0 82       		.byte	0x82
 5265 03e1 0A       		.uleb128 0xa
 5266 03e2 26150000 		.4byte	.LASF132
 5267 03e6 A0       		.byte	0xa0
 5268 03e7 0A       		.uleb128 0xa
 5269 03e8 BB120000 		.4byte	.LASF133
 5270 03ec A0       		.byte	0xa0
 5271 03ed 0A       		.uleb128 0xa
 5272 03ee C50E0000 		.4byte	.LASF134
 5273 03f2 A1       		.byte	0xa1
 5274 03f3 0A       		.uleb128 0xa
 5275 03f4 0B120000 		.4byte	.LASF135
ARM GAS  C:\Users\alexport\AppData\Local\Temp\cc2gMrRa.s 			page 119


 5276 03f8 A2       		.byte	0xa2
 5277 03f9 0A       		.uleb128 0xa
 5278 03fa FF170000 		.4byte	.LASF136
 5279 03fe A3       		.byte	0xa3
 5280 03ff 0A       		.uleb128 0xa
 5281 0400 B4160000 		.4byte	.LASF137
 5282 0404 FD       		.byte	0xfd
 5283 0405 0A       		.uleb128 0xa
 5284 0406 4E050000 		.4byte	.LASF138
 5285 040a FE       		.byte	0xfe
 5286 040b 0A       		.uleb128 0xa
 5287 040c DF140000 		.4byte	.LASF139
 5288 0410 FF       		.byte	0xff
 5289 0411 00       		.byte	0
 5290 0412 05       		.uleb128 0x5
 5291 0413 2C060000 		.4byte	.LASF140
 5292 0417 06       		.byte	0x6
 5293 0418 8901     		.2byte	0x189
 5294 041a CF000000 		.4byte	0xcf
 5295 041e 0E       		.uleb128 0xe
 5296 041f 02       		.byte	0x2
 5297 0420 06       		.byte	0x6
 5298 0421 9301     		.2byte	0x193
 5299 0423 42040000 		.4byte	0x442
 5300 0427 0F       		.uleb128 0xf
 5301 0428 5F1C0000 		.4byte	.LASF141
 5302 042c 06       		.byte	0x6
 5303 042d 9A01     		.2byte	0x19a
 5304 042f C3000000 		.4byte	0xc3
 5305 0433 00       		.byte	0
 5306 0434 0F       		.uleb128 0xf
 5307 0435 B5120000 		.4byte	.LASF142
 5308 0439 06       		.byte	0x6
 5309 043a A001     		.2byte	0x1a0
 5310 043c C3000000 		.4byte	0xc3
 5311 0440 01       		.byte	0x1
 5312 0441 00       		.byte	0
 5313 0442 05       		.uleb128 0x5
 5314 0443 170A0000 		.4byte	.LASF143
 5315 0447 06       		.byte	0x6
 5316 0448 A201     		.2byte	0x1a2
 5317 044a 1E040000 		.4byte	0x41e
 5318 044e 0E       		.uleb128 0xe
 5319 044f 08       		.byte	0x8
 5320 0450 06       		.byte	0x6
 5321 0451 BE01     		.2byte	0x1be
 5322 0453 7F040000 		.4byte	0x47f
 5323 0457 10       		.uleb128 0x10
 5324 0458 76616C00 		.ascii	"val\000"
 5325 045c 06       		.byte	0x6
 5326 045d C101     		.2byte	0x1c1
 5327 045f 47010000 		.4byte	0x147
 5328 0463 00       		.byte	0
 5329 0464 10       		.uleb128 0x10
 5330 0465 6C656E00 		.ascii	"len\000"
 5331 0469 06       		.byte	0x6
 5332 046a C401     		.2byte	0x1c4
ARM GAS  C:\Users\alexport\AppData\Local\Temp\cc2gMrRa.s 			page 120


 5333 046c CF000000 		.4byte	0xcf
 5334 0470 04       		.byte	0x4
 5335 0471 0F       		.uleb128 0xf
 5336 0472 95170000 		.4byte	.LASF144
 5337 0476 06       		.byte	0x6
 5338 0477 CB01     		.2byte	0x1cb
 5339 0479 CF000000 		.4byte	0xcf
 5340 047d 06       		.byte	0x6
 5341 047e 00       		.byte	0
 5342 047f 05       		.uleb128 0x5
 5343 0480 070E0000 		.4byte	.LASF145
 5344 0484 06       		.byte	0x6
 5345 0485 CD01     		.2byte	0x1cd
 5346 0487 4E040000 		.4byte	0x44e
 5347 048b 0E       		.uleb128 0xe
 5348 048c 0C       		.byte	0xc
 5349 048d 06       		.byte	0x6
 5350 048e D001     		.2byte	0x1d0
 5351 0490 AF040000 		.4byte	0x4af
 5352 0494 0F       		.uleb128 0xf
 5353 0495 AF090000 		.4byte	.LASF146
 5354 0499 06       		.byte	0x6
 5355 049a D301     		.2byte	0x1d3
 5356 049c 7F040000 		.4byte	0x47f
 5357 04a0 00       		.byte	0
 5358 04a1 0F       		.uleb128 0xf
 5359 04a2 7E0B0000 		.4byte	.LASF147
 5360 04a6 06       		.byte	0x6
 5361 04a7 D601     		.2byte	0x1d6
 5362 04a9 12040000 		.4byte	0x412
 5363 04ad 08       		.byte	0x8
 5364 04ae 00       		.byte	0
 5365 04af 05       		.uleb128 0x5
 5366 04b0 15190000 		.4byte	.LASF148
 5367 04b4 06       		.byte	0x6
 5368 04b5 D801     		.2byte	0x1d8
 5369 04b7 8B040000 		.4byte	0x48b
 5370 04bb 03       		.uleb128 0x3
 5371 04bc EA000000 		.4byte	.LASF149
 5372 04c0 07       		.byte	0x7
 5373 04c1 34       		.byte	0x34
 5374 04c2 AF040000 		.4byte	0x4af
 5375 04c6 11       		.uleb128 0x11
 5376 04c7 10       		.byte	0x10
 5377 04c8 07       		.byte	0x7
 5378 04c9 8A       		.byte	0x8a
 5379 04ca E7040000 		.4byte	0x4e7
 5380 04ce 12       		.uleb128 0x12
 5381 04cf 1C1E0000 		.4byte	.LASF150
 5382 04d3 07       		.byte	0x7
 5383 04d4 8D       		.byte	0x8d
 5384 04d5 42040000 		.4byte	0x442
 5385 04d9 00       		.byte	0
 5386 04da 12       		.uleb128 0x12
 5387 04db 63170000 		.4byte	.LASF151
 5388 04df 07       		.byte	0x7
 5389 04e0 90       		.byte	0x90
ARM GAS  C:\Users\alexport\AppData\Local\Temp\cc2gMrRa.s 			page 121


 5390 04e1 AF040000 		.4byte	0x4af
 5391 04e5 04       		.byte	0x4
 5392 04e6 00       		.byte	0
 5393 04e7 03       		.uleb128 0x3
 5394 04e8 98110000 		.4byte	.LASF152
 5395 04ec 07       		.byte	0x7
 5396 04ed 92       		.byte	0x92
 5397 04ee C6040000 		.4byte	0x4c6
 5398 04f2 0D       		.uleb128 0xd
 5399 04f3 01       		.byte	0x1
 5400 04f4 37000000 		.4byte	0x37
 5401 04f8 08       		.byte	0x8
 5402 04f9 22       		.byte	0x22
 5403 04fa 3B050000 		.4byte	0x53b
 5404 04fe 0A       		.uleb128 0xa
 5405 04ff EB0D0000 		.4byte	.LASF153
 5406 0503 00       		.byte	0
 5407 0504 0A       		.uleb128 0xa
 5408 0505 88100000 		.4byte	.LASF154
 5409 0509 01       		.byte	0x1
 5410 050a 0A       		.uleb128 0xa
 5411 050b 370F0000 		.4byte	.LASF155
 5412 050f 02       		.byte	0x2
 5413 0510 0A       		.uleb128 0xa
 5414 0511 2B0A0000 		.4byte	.LASF156
 5415 0515 03       		.byte	0x3
 5416 0516 0A       		.uleb128 0xa
 5417 0517 3F170000 		.4byte	.LASF157
 5418 051b 04       		.byte	0x4
 5419 051c 0A       		.uleb128 0xa
 5420 051d 470E0000 		.4byte	.LASF158
 5421 0521 05       		.byte	0x5
 5422 0522 0A       		.uleb128 0xa
 5423 0523 7F0C0000 		.4byte	.LASF159
 5424 0527 06       		.byte	0x6
 5425 0528 0A       		.uleb128 0xa
 5426 0529 000F0000 		.4byte	.LASF160
 5427 052d 07       		.byte	0x7
 5428 052e 0A       		.uleb128 0xa
 5429 052f BF1A0000 		.4byte	.LASF161
 5430 0533 08       		.byte	0x8
 5431 0534 0A       		.uleb128 0xa
 5432 0535 23000000 		.4byte	.LASF162
 5433 0539 09       		.byte	0x9
 5434 053a 00       		.byte	0
 5435 053b 09       		.uleb128 0x9
 5436 053c 01       		.byte	0x1
 5437 053d 37000000 		.4byte	0x37
 5438 0541 09       		.byte	0x9
 5439 0542 5A08     		.2byte	0x85a
 5440 0544 67050000 		.4byte	0x567
 5441 0548 0A       		.uleb128 0xa
 5442 0549 94080000 		.4byte	.LASF163
 5443 054d 00       		.byte	0
 5444 054e 0A       		.uleb128 0xa
 5445 054f 5B100000 		.4byte	.LASF164
 5446 0553 01       		.byte	0x1
ARM GAS  C:\Users\alexport\AppData\Local\Temp\cc2gMrRa.s 			page 122


 5447 0554 0A       		.uleb128 0xa
 5448 0555 4A090000 		.4byte	.LASF165
 5449 0559 02       		.byte	0x2
 5450 055a 0A       		.uleb128 0xa
 5451 055b 7F1E0000 		.4byte	.LASF166
 5452 055f 03       		.byte	0x3
 5453 0560 0A       		.uleb128 0xa
 5454 0561 3B120000 		.4byte	.LASF167
 5455 0565 04       		.byte	0x4
 5456 0566 00       		.byte	0
 5457 0567 05       		.uleb128 0x5
 5458 0568 710C0000 		.4byte	.LASF168
 5459 056c 09       		.byte	0x9
 5460 056d 6808     		.2byte	0x868
 5461 056f 3B050000 		.4byte	0x53b
 5462 0573 11       		.uleb128 0x11
 5463 0574 65       		.byte	0x65
 5464 0575 0A       		.byte	0xa
 5465 0576 38       		.byte	0x38
 5466 0577 94050000 		.4byte	0x594
 5467 057b 13       		.uleb128 0x13
 5468 057c 72656700 		.ascii	"reg\000"
 5469 0580 0A       		.byte	0xa
 5470 0581 39       		.byte	0x39
 5471 0582 C3000000 		.4byte	0xc3
 5472 0586 00       		.byte	0
 5473 0587 12       		.uleb128 0x12
 5474 0588 5E0E0000 		.4byte	.LASF169
 5475 058c 0A       		.byte	0xa
 5476 058d 3A       		.byte	0x3a
 5477 058e 94050000 		.4byte	0x594
 5478 0592 01       		.byte	0x1
 5479 0593 00       		.byte	0
 5480 0594 0B       		.uleb128 0xb
 5481 0595 C3000000 		.4byte	0xc3
 5482 0599 A4050000 		.4byte	0x5a4
 5483 059d 0C       		.uleb128 0xc
 5484 059e 38010000 		.4byte	0x138
 5485 05a2 63       		.byte	0x63
 5486 05a3 00       		.byte	0
 5487 05a4 03       		.uleb128 0x3
 5488 05a5 27050000 		.4byte	.LASF170
 5489 05a9 0A       		.byte	0xa
 5490 05aa 3B       		.byte	0x3b
 5491 05ab 73050000 		.4byte	0x573
 5492 05af 0B       		.uleb128 0xb
 5493 05b0 19010000 		.4byte	0x119
 5494 05b4 BF050000 		.4byte	0x5bf
 5495 05b8 0C       		.uleb128 0xc
 5496 05b9 38010000 		.4byte	0x138
 5497 05bd 09       		.byte	0x9
 5498 05be 00       		.byte	0
 5499 05bf 0B       		.uleb128 0xb
 5500 05c0 19010000 		.4byte	0x119
 5501 05c4 CF050000 		.4byte	0x5cf
 5502 05c8 0C       		.uleb128 0xc
 5503 05c9 38010000 		.4byte	0x138
ARM GAS  C:\Users\alexport\AppData\Local\Temp\cc2gMrRa.s 			page 123


 5504 05cd 03       		.byte	0x3
 5505 05ce 00       		.byte	0
 5506 05cf 14       		.uleb128 0x14
 5507 05d0 0801     		.2byte	0x108
 5508 05d2 0B       		.byte	0xb
 5509 05d3 0801     		.2byte	0x108
 5510 05d5 2D0A0000 		.4byte	0xa2d
 5511 05d9 0F       		.uleb128 0xf
 5512 05da 420A0000 		.4byte	.LASF171
 5513 05de 0B       		.byte	0xb
 5514 05df 0901     		.2byte	0x109
 5515 05e1 CF000000 		.4byte	0xcf
 5516 05e5 00       		.byte	0
 5517 05e6 0F       		.uleb128 0xf
 5518 05e7 B3080000 		.4byte	.LASF172
 5519 05eb 0B       		.byte	0xb
 5520 05ec 0A01     		.2byte	0x10a
 5521 05ee CF000000 		.4byte	0xcf
 5522 05f2 02       		.byte	0x2
 5523 05f3 0F       		.uleb128 0xf
 5524 05f4 3F030000 		.4byte	.LASF173
 5525 05f8 0B       		.byte	0xb
 5526 05f9 0B01     		.2byte	0x10b
 5527 05fb 0B030000 		.4byte	0x30b
 5528 05ff 04       		.byte	0x4
 5529 0600 0F       		.uleb128 0xf
 5530 0601 180F0000 		.4byte	.LASF174
 5531 0605 0B       		.byte	0xb
 5532 0606 0C01     		.2byte	0x10c
 5533 0608 C3000000 		.4byte	0xc3
 5534 060c 0E       		.byte	0xe
 5535 060d 10       		.uleb128 0x10
 5536 060e 4D666700 		.ascii	"Mfg\000"
 5537 0612 0B       		.byte	0xb
 5538 0613 0D01     		.2byte	0x10d
 5539 0615 C3000000 		.4byte	0xc3
 5540 0619 0F       		.byte	0xf
 5541 061a 0F       		.uleb128 0xf
 5542 061b 50060000 		.4byte	.LASF175
 5543 061f 0B       		.byte	0xb
 5544 0620 0E01     		.2byte	0x10e
 5545 0622 F3000000 		.4byte	0xf3
 5546 0626 10       		.byte	0x10
 5547 0627 0F       		.uleb128 0xf
 5548 0628 491A0000 		.4byte	.LASF176
 5549 062c 0B       		.byte	0xb
 5550 062d 0F01     		.2byte	0x10f
 5551 062f F3000000 		.4byte	0xf3
 5552 0633 12       		.byte	0x12
 5553 0634 0F       		.uleb128 0xf
 5554 0635 810A0000 		.4byte	.LASF177
 5555 0639 0B       		.byte	0xb
 5556 063a 1001     		.2byte	0x110
 5557 063c FF000000 		.4byte	0xff
 5558 0640 14       		.byte	0x14
 5559 0641 0F       		.uleb128 0xf
 5560 0642 DC180000 		.4byte	.LASF178
ARM GAS  C:\Users\alexport\AppData\Local\Temp\cc2gMrRa.s 			page 124


 5561 0646 0B       		.byte	0xb
 5562 0647 1101     		.2byte	0x111
 5563 0649 FF000000 		.4byte	0xff
 5564 064d 18       		.byte	0x18
 5565 064e 0F       		.uleb128 0xf
 5566 064f AE0D0000 		.4byte	.LASF179
 5567 0653 0B       		.byte	0xb
 5568 0654 1201     		.2byte	0x112
 5569 0656 FF000000 		.4byte	0xff
 5570 065a 1C       		.byte	0x1c
 5571 065b 0F       		.uleb128 0xf
 5572 065c 47000000 		.4byte	.LASF180
 5573 0660 0B       		.byte	0xb
 5574 0661 1301     		.2byte	0x113
 5575 0663 FF000000 		.4byte	0xff
 5576 0667 20       		.byte	0x20
 5577 0668 0F       		.uleb128 0xf
 5578 0669 11050000 		.4byte	.LASF181
 5579 066d 0B       		.byte	0xb
 5580 066e 1401     		.2byte	0x114
 5581 0670 FF000000 		.4byte	0xff
 5582 0674 24       		.byte	0x24
 5583 0675 0F       		.uleb128 0xf
 5584 0676 3F010000 		.4byte	.LASF182
 5585 067a 0B       		.byte	0xb
 5586 067b 1501     		.2byte	0x115
 5587 067d CF000000 		.4byte	0xcf
 5588 0681 28       		.byte	0x28
 5589 0682 0F       		.uleb128 0xf
 5590 0683 AA190000 		.4byte	.LASF183
 5591 0687 0B       		.byte	0xb
 5592 0688 1601     		.2byte	0x116
 5593 068a CF000000 		.4byte	0xcf
 5594 068e 2A       		.byte	0x2a
 5595 068f 0F       		.uleb128 0xf
 5596 0690 05140000 		.4byte	.LASF184
 5597 0694 0B       		.byte	0xb
 5598 0695 1801     		.2byte	0x118
 5599 0697 E7000000 		.4byte	0xe7
 5600 069b 2C       		.byte	0x2c
 5601 069c 0F       		.uleb128 0xf
 5602 069d D91A0000 		.4byte	.LASF185
 5603 06a1 0B       		.byte	0xb
 5604 06a2 1901     		.2byte	0x119
 5605 06a4 E7000000 		.4byte	0xe7
 5606 06a8 2D       		.byte	0x2d
 5607 06a9 0F       		.uleb128 0xf
 5608 06aa D1050000 		.4byte	.LASF186
 5609 06ae 0B       		.byte	0xb
 5610 06af 1A01     		.2byte	0x11a
 5611 06b1 E7000000 		.4byte	0xe7
 5612 06b5 2E       		.byte	0x2e
 5613 06b6 0F       		.uleb128 0xf
 5614 06b7 9F140000 		.4byte	.LASF187
 5615 06bb 0B       		.byte	0xb
 5616 06bc 1B01     		.2byte	0x11b
 5617 06be E7000000 		.4byte	0xe7
ARM GAS  C:\Users\alexport\AppData\Local\Temp\cc2gMrRa.s 			page 125


 5618 06c2 2F       		.byte	0x2f
 5619 06c3 0F       		.uleb128 0xf
 5620 06c4 67070000 		.4byte	.LASF188
 5621 06c8 0B       		.byte	0xb
 5622 06c9 1C01     		.2byte	0x11c
 5623 06cb E7000000 		.4byte	0xe7
 5624 06cf 30       		.byte	0x30
 5625 06d0 0F       		.uleb128 0xf
 5626 06d1 09010000 		.4byte	.LASF189
 5627 06d5 0B       		.byte	0xb
 5628 06d6 1D01     		.2byte	0x11d
 5629 06d8 E7000000 		.4byte	0xe7
 5630 06dc 31       		.byte	0x31
 5631 06dd 0F       		.uleb128 0xf
 5632 06de 761E0000 		.4byte	.LASF190
 5633 06e2 0B       		.byte	0xb
 5634 06e3 1E01     		.2byte	0x11e
 5635 06e5 CF000000 		.4byte	0xcf
 5636 06e9 32       		.byte	0x32
 5637 06ea 0F       		.uleb128 0xf
 5638 06eb 19100000 		.4byte	.LASF191
 5639 06ef 0B       		.byte	0xb
 5640 06f0 1F01     		.2byte	0x11f
 5641 06f2 CF000000 		.4byte	0xcf
 5642 06f6 34       		.byte	0x34
 5643 06f7 0F       		.uleb128 0xf
 5644 06f8 8F130000 		.4byte	.LASF192
 5645 06fc 0B       		.byte	0xb
 5646 06fd 2001     		.2byte	0x120
 5647 06ff CF000000 		.4byte	0xcf
 5648 0703 36       		.byte	0x36
 5649 0704 0F       		.uleb128 0xf
 5650 0705 FF050000 		.4byte	.LASF193
 5651 0709 0B       		.byte	0xb
 5652 070a 2101     		.2byte	0x121
 5653 070c CF000000 		.4byte	0xcf
 5654 0710 38       		.byte	0x38
 5655 0711 0F       		.uleb128 0xf
 5656 0712 74090000 		.4byte	.LASF194
 5657 0716 0B       		.byte	0xb
 5658 0717 2201     		.2byte	0x122
 5659 0719 E7000000 		.4byte	0xe7
 5660 071d 3A       		.byte	0x3a
 5661 071e 0F       		.uleb128 0xf
 5662 071f 30140000 		.4byte	.LASF195
 5663 0723 0B       		.byte	0xb
 5664 0724 2301     		.2byte	0x123
 5665 0726 F3000000 		.4byte	0xf3
 5666 072a 3C       		.byte	0x3c
 5667 072b 0F       		.uleb128 0xf
 5668 072c 8A180000 		.4byte	.LASF196
 5669 0730 0B       		.byte	0xb
 5670 0731 2401     		.2byte	0x124
 5671 0733 F3000000 		.4byte	0xf3
 5672 0737 3E       		.byte	0x3e
 5673 0738 0F       		.uleb128 0xf
 5674 0739 00000000 		.4byte	.LASF197
ARM GAS  C:\Users\alexport\AppData\Local\Temp\cc2gMrRa.s 			page 126


 5675 073d 0B       		.byte	0xb
 5676 073e 2501     		.2byte	0x125
 5677 0740 CF000000 		.4byte	0xcf
 5678 0744 40       		.byte	0x40
 5679 0745 0F       		.uleb128 0xf
 5680 0746 C8010000 		.4byte	.LASF198
 5681 074a 0B       		.byte	0xb
 5682 074b 2601     		.2byte	0x126
 5683 074d C3000000 		.4byte	0xc3
 5684 0751 42       		.byte	0x42
 5685 0752 0F       		.uleb128 0xf
 5686 0753 9F170000 		.4byte	.LASF199
 5687 0757 0B       		.byte	0xb
 5688 0758 2701     		.2byte	0x127
 5689 075a F3000000 		.4byte	0xf3
 5690 075e 44       		.byte	0x44
 5691 075f 0F       		.uleb128 0xf
 5692 0760 74100000 		.4byte	.LASF200
 5693 0764 0B       		.byte	0xb
 5694 0765 2801     		.2byte	0x128
 5695 0767 F3000000 		.4byte	0xf3
 5696 076b 46       		.byte	0x46
 5697 076c 0F       		.uleb128 0xf
 5698 076d E4100000 		.4byte	.LASF201
 5699 0771 0B       		.byte	0xb
 5700 0772 2901     		.2byte	0x129
 5701 0774 F3000000 		.4byte	0xf3
 5702 0778 48       		.byte	0x48
 5703 0779 0F       		.uleb128 0xf
 5704 077a 61010000 		.4byte	.LASF202
 5705 077e 0B       		.byte	0xb
 5706 077f 2A01     		.2byte	0x12a
 5707 0781 CF000000 		.4byte	0xcf
 5708 0785 4A       		.byte	0x4a
 5709 0786 0F       		.uleb128 0xf
 5710 0787 691D0000 		.4byte	.LASF203
 5711 078b 0B       		.byte	0xb
 5712 078c 2B01     		.2byte	0x12b
 5713 078e F3000000 		.4byte	0xf3
 5714 0792 4C       		.byte	0x4c
 5715 0793 0F       		.uleb128 0xf
 5716 0794 6D0B0000 		.4byte	.LASF204
 5717 0798 0B       		.byte	0xb
 5718 0799 2C01     		.2byte	0x12c
 5719 079b CF000000 		.4byte	0xcf
 5720 079f 4E       		.byte	0x4e
 5721 07a0 0F       		.uleb128 0xf
 5722 07a1 B30A0000 		.4byte	.LASF205
 5723 07a5 0B       		.byte	0xb
 5724 07a6 2D01     		.2byte	0x12d
 5725 07a8 F3000000 		.4byte	0xf3
 5726 07ac 50       		.byte	0x50
 5727 07ad 0F       		.uleb128 0xf
 5728 07ae 51030000 		.4byte	.LASF206
 5729 07b2 0B       		.byte	0xb
 5730 07b3 2E01     		.2byte	0x12e
 5731 07b5 CF000000 		.4byte	0xcf
ARM GAS  C:\Users\alexport\AppData\Local\Temp\cc2gMrRa.s 			page 127


 5732 07b9 52       		.byte	0x52
 5733 07ba 0F       		.uleb128 0xf
 5734 07bb 1A0E0000 		.4byte	.LASF207
 5735 07bf 0B       		.byte	0xb
 5736 07c0 2F01     		.2byte	0x12f
 5737 07c2 CF000000 		.4byte	0xcf
 5738 07c6 54       		.byte	0x54
 5739 07c7 0F       		.uleb128 0xf
 5740 07c8 5D020000 		.4byte	.LASF208
 5741 07cc 0B       		.byte	0xb
 5742 07cd 3001     		.2byte	0x130
 5743 07cf F3000000 		.4byte	0xf3
 5744 07d3 56       		.byte	0x56
 5745 07d4 0F       		.uleb128 0xf
 5746 07d5 DF120000 		.4byte	.LASF209
 5747 07d9 0B       		.byte	0xb
 5748 07da 3101     		.2byte	0x131
 5749 07dc CF000000 		.4byte	0xcf
 5750 07e0 58       		.byte	0x58
 5751 07e1 0F       		.uleb128 0xf
 5752 07e2 DD0F0000 		.4byte	.LASF210
 5753 07e6 0B       		.byte	0xb
 5754 07e7 3201     		.2byte	0x132
 5755 07e9 CF000000 		.4byte	0xcf
 5756 07ed 5A       		.byte	0x5a
 5757 07ee 0F       		.uleb128 0xf
 5758 07ef 58060000 		.4byte	.LASF211
 5759 07f3 0B       		.byte	0xb
 5760 07f4 3301     		.2byte	0x133
 5761 07f6 CF000000 		.4byte	0xcf
 5762 07fa 5C       		.byte	0x5c
 5763 07fb 0F       		.uleb128 0xf
 5764 07fc D90C0000 		.4byte	.LASF212
 5765 0800 0B       		.byte	0xb
 5766 0801 3401     		.2byte	0x134
 5767 0803 CF000000 		.4byte	0xcf
 5768 0807 5E       		.byte	0x5e
 5769 0808 0F       		.uleb128 0xf
 5770 0809 DE160000 		.4byte	.LASF213
 5771 080d 0B       		.byte	0xb
 5772 080e 3501     		.2byte	0x135
 5773 0810 CF000000 		.4byte	0xcf
 5774 0814 60       		.byte	0x60
 5775 0815 0F       		.uleb128 0xf
 5776 0816 371D0000 		.4byte	.LASF214
 5777 081a 0B       		.byte	0xb
 5778 081b 3601     		.2byte	0x136
 5779 081d CF000000 		.4byte	0xcf
 5780 0821 62       		.byte	0x62
 5781 0822 0F       		.uleb128 0xf
 5782 0823 0B070000 		.4byte	.LASF215
 5783 0827 0B       		.byte	0xb
 5784 0828 3701     		.2byte	0x137
 5785 082a CF000000 		.4byte	0xcf
 5786 082e 64       		.byte	0x64
 5787 082f 0F       		.uleb128 0xf
 5788 0830 56170000 		.4byte	.LASF216
ARM GAS  C:\Users\alexport\AppData\Local\Temp\cc2gMrRa.s 			page 128


 5789 0834 0B       		.byte	0xb
 5790 0835 3801     		.2byte	0x138
 5791 0837 FF000000 		.4byte	0xff
 5792 083b 68       		.byte	0x68
 5793 083c 0F       		.uleb128 0xf
 5794 083d 9F040000 		.4byte	.LASF217
 5795 0841 0B       		.byte	0xb
 5796 0842 3901     		.2byte	0x139
 5797 0844 CF000000 		.4byte	0xcf
 5798 0848 6C       		.byte	0x6c
 5799 0849 0F       		.uleb128 0xf
 5800 084a 540D0000 		.4byte	.LASF218
 5801 084e 0B       		.byte	0xb
 5802 084f 3A01     		.2byte	0x13a
 5803 0851 FF000000 		.4byte	0xff
 5804 0855 70       		.byte	0x70
 5805 0856 0F       		.uleb128 0xf
 5806 0857 52180000 		.4byte	.LASF219
 5807 085b 0B       		.byte	0xb
 5808 085c 3B01     		.2byte	0x13b
 5809 085e CF000000 		.4byte	0xcf
 5810 0862 74       		.byte	0x74
 5811 0863 0F       		.uleb128 0xf
 5812 0864 DD050000 		.4byte	.LASF220
 5813 0868 0B       		.byte	0xb
 5814 0869 3C01     		.2byte	0x13c
 5815 086b FF000000 		.4byte	0xff
 5816 086f 78       		.byte	0x78
 5817 0870 0F       		.uleb128 0xf
 5818 0871 49030000 		.4byte	.LASF221
 5819 0875 0B       		.byte	0xb
 5820 0876 3D01     		.2byte	0x13d
 5821 0878 FF000000 		.4byte	0xff
 5822 087c 7C       		.byte	0x7c
 5823 087d 0F       		.uleb128 0xf
 5824 087e E2000000 		.4byte	.LASF222
 5825 0882 0B       		.byte	0xb
 5826 0883 3E01     		.2byte	0x13e
 5827 0885 FF000000 		.4byte	0xff
 5828 0889 80       		.byte	0x80
 5829 088a 0F       		.uleb128 0xf
 5830 088b 83050000 		.4byte	.LASF223
 5831 088f 0B       		.byte	0xb
 5832 0890 3F01     		.2byte	0x13f
 5833 0892 FF000000 		.4byte	0xff
 5834 0896 84       		.byte	0x84
 5835 0897 0F       		.uleb128 0xf
 5836 0898 7B050000 		.4byte	.LASF224
 5837 089c 0B       		.byte	0xb
 5838 089d 4001     		.2byte	0x140
 5839 089f FF000000 		.4byte	0xff
 5840 08a3 88       		.byte	0x88
 5841 08a4 0F       		.uleb128 0xf
 5842 08a5 A6020000 		.4byte	.LASF225
 5843 08a9 0B       		.byte	0xb
 5844 08aa 4101     		.2byte	0x141
 5845 08ac FF000000 		.4byte	0xff
ARM GAS  C:\Users\alexport\AppData\Local\Temp\cc2gMrRa.s 			page 129


 5846 08b0 8C       		.byte	0x8c
 5847 08b1 0F       		.uleb128 0xf
 5848 08b2 92060000 		.4byte	.LASF226
 5849 08b6 0B       		.byte	0xb
 5850 08b7 4201     		.2byte	0x142
 5851 08b9 FF000000 		.4byte	0xff
 5852 08bd 90       		.byte	0x90
 5853 08be 0F       		.uleb128 0xf
 5854 08bf 270D0000 		.4byte	.LASF227
 5855 08c3 0B       		.byte	0xb
 5856 08c4 4301     		.2byte	0x143
 5857 08c6 FF000000 		.4byte	0xff
 5858 08ca 94       		.byte	0x94
 5859 08cb 0F       		.uleb128 0xf
 5860 08cc 330D0000 		.4byte	.LASF228
 5861 08d0 0B       		.byte	0xb
 5862 08d1 4401     		.2byte	0x144
 5863 08d3 FF000000 		.4byte	0xff
 5864 08d7 98       		.byte	0x98
 5865 08d8 0F       		.uleb128 0xf
 5866 08d9 93040000 		.4byte	.LASF229
 5867 08dd 0B       		.byte	0xb
 5868 08de 4501     		.2byte	0x145
 5869 08e0 FF000000 		.4byte	0xff
 5870 08e4 9C       		.byte	0x9c
 5871 08e5 0F       		.uleb128 0xf
 5872 08e6 32130000 		.4byte	.LASF230
 5873 08ea 0B       		.byte	0xb
 5874 08eb 4601     		.2byte	0x146
 5875 08ed FF000000 		.4byte	0xff
 5876 08f1 A0       		.byte	0xa0
 5877 08f2 0F       		.uleb128 0xf
 5878 08f3 3E130000 		.4byte	.LASF231
 5879 08f7 0B       		.byte	0xb
 5880 08f8 4701     		.2byte	0x147
 5881 08fa FF000000 		.4byte	0xff
 5882 08fe A4       		.byte	0xa4
 5883 08ff 0F       		.uleb128 0xf
 5884 0900 4A130000 		.4byte	.LASF232
 5885 0904 0B       		.byte	0xb
 5886 0905 4801     		.2byte	0x148
 5887 0907 FF000000 		.4byte	0xff
 5888 090b A8       		.byte	0xa8
 5889 090c 0F       		.uleb128 0xf
 5890 090d E8080000 		.4byte	.LASF233
 5891 0911 0B       		.byte	0xb
 5892 0912 4901     		.2byte	0x149
 5893 0914 FF000000 		.4byte	0xff
 5894 0918 AC       		.byte	0xac
 5895 0919 0F       		.uleb128 0xf
 5896 091a 071A0000 		.4byte	.LASF234
 5897 091e 0B       		.byte	0xb
 5898 091f 4A01     		.2byte	0x14a
 5899 0921 FF000000 		.4byte	0xff
 5900 0925 B0       		.byte	0xb0
 5901 0926 0F       		.uleb128 0xf
 5902 0927 C7050000 		.4byte	.LASF235
ARM GAS  C:\Users\alexport\AppData\Local\Temp\cc2gMrRa.s 			page 130


 5903 092b 0B       		.byte	0xb
 5904 092c 4B01     		.2byte	0x14b
 5905 092e FF000000 		.4byte	0xff
 5906 0932 B4       		.byte	0xb4
 5907 0933 0F       		.uleb128 0xf
 5908 0934 8B050000 		.4byte	.LASF236
 5909 0938 0B       		.byte	0xb
 5910 0939 4C01     		.2byte	0x14c
 5911 093b FF000000 		.4byte	0xff
 5912 093f B8       		.byte	0xb8
 5913 0940 0F       		.uleb128 0xf
 5914 0941 5F160000 		.4byte	.LASF237
 5915 0945 0B       		.byte	0xb
 5916 0946 4D01     		.2byte	0x14d
 5917 0948 CF000000 		.4byte	0xcf
 5918 094c BC       		.byte	0xbc
 5919 094d 0F       		.uleb128 0xf
 5920 094e B3140000 		.4byte	.LASF238
 5921 0952 0B       		.byte	0xb
 5922 0953 4E01     		.2byte	0x14e
 5923 0955 CF000000 		.4byte	0xcf
 5924 0959 BE       		.byte	0xbe
 5925 095a 0F       		.uleb128 0xf
 5926 095b 02050000 		.4byte	.LASF239
 5927 095f 0B       		.byte	0xb
 5928 0960 4F01     		.2byte	0x14f
 5929 0962 0D010000 		.4byte	0x10d
 5930 0966 C0       		.byte	0xc0
 5931 0967 0F       		.uleb128 0xf
 5932 0968 24030000 		.4byte	.LASF240
 5933 096c 0B       		.byte	0xb
 5934 096d 5001     		.2byte	0x150
 5935 096f 0D010000 		.4byte	0x10d
 5936 0973 C8       		.byte	0xc8
 5937 0974 0F       		.uleb128 0xf
 5938 0975 6D180000 		.4byte	.LASF241
 5939 0979 0B       		.byte	0xb
 5940 097a 5101     		.2byte	0x151
 5941 097c 0D010000 		.4byte	0x10d
 5942 0980 D0       		.byte	0xd0
 5943 0981 0F       		.uleb128 0xf
 5944 0982 DF090000 		.4byte	.LASF242
 5945 0986 0B       		.byte	0xb
 5946 0987 5201     		.2byte	0x152
 5947 0989 2D0A0000 		.4byte	0xa2d
 5948 098d D8       		.byte	0xd8
 5949 098e 0F       		.uleb128 0xf
 5950 098f 1E1A0000 		.4byte	.LASF243
 5951 0993 0B       		.byte	0xb
 5952 0994 5301     		.2byte	0x153
 5953 0996 CF000000 		.4byte	0xcf
 5954 099a E4       		.byte	0xe4
 5955 099b 0F       		.uleb128 0xf
 5956 099c 2C0E0000 		.4byte	.LASF244
 5957 09a0 0B       		.byte	0xb
 5958 09a1 5401     		.2byte	0x154
 5959 09a3 AF050000 		.4byte	0x5af
ARM GAS  C:\Users\alexport\AppData\Local\Temp\cc2gMrRa.s 			page 131


 5960 09a7 E6       		.byte	0xe6
 5961 09a8 0F       		.uleb128 0xf
 5962 09a9 08080000 		.4byte	.LASF245
 5963 09ad 0B       		.byte	0xb
 5964 09ae 5601     		.2byte	0x156
 5965 09b0 CF000000 		.4byte	0xcf
 5966 09b4 F0       		.byte	0xf0
 5967 09b5 0F       		.uleb128 0xf
 5968 09b6 E61B0000 		.4byte	.LASF246
 5969 09ba 0B       		.byte	0xb
 5970 09bb 5701     		.2byte	0x157
 5971 09bd CF000000 		.4byte	0xcf
 5972 09c1 F2       		.byte	0xf2
 5973 09c2 0F       		.uleb128 0xf
 5974 09c3 6F0E0000 		.4byte	.LASF247
 5975 09c7 0B       		.byte	0xb
 5976 09c8 5801     		.2byte	0x158
 5977 09ca CF000000 		.4byte	0xcf
 5978 09ce F4       		.byte	0xf4
 5979 09cf 0F       		.uleb128 0xf
 5980 09d0 330C0000 		.4byte	.LASF248
 5981 09d4 0B       		.byte	0xb
 5982 09d5 5901     		.2byte	0x159
 5983 09d7 CF000000 		.4byte	0xcf
 5984 09db F6       		.byte	0xf6
 5985 09dc 0F       		.uleb128 0xf
 5986 09dd D5070000 		.4byte	.LASF249
 5987 09e1 0B       		.byte	0xb
 5988 09e2 5A01     		.2byte	0x15a
 5989 09e4 CF000000 		.4byte	0xcf
 5990 09e8 F8       		.byte	0xf8
 5991 09e9 0F       		.uleb128 0xf
 5992 09ea DE070000 		.4byte	.LASF250
 5993 09ee 0B       		.byte	0xb
 5994 09ef 5B01     		.2byte	0x15b
 5995 09f1 CF000000 		.4byte	0xcf
 5996 09f5 FA       		.byte	0xfa
 5997 09f6 0F       		.uleb128 0xf
 5998 09f7 31120000 		.4byte	.LASF251
 5999 09fb 0B       		.byte	0xb
 6000 09fc 5C01     		.2byte	0x15c
 6001 09fe CF000000 		.4byte	0xcf
 6002 0a02 FC       		.byte	0xfc
 6003 0a03 0F       		.uleb128 0xf
 6004 0a04 D8100000 		.4byte	.LASF252
 6005 0a08 0B       		.byte	0xb
 6006 0a09 5D01     		.2byte	0x15d
 6007 0a0b F3000000 		.4byte	0xf3
 6008 0a0f FE       		.byte	0xfe
 6009 0a10 15       		.uleb128 0x15
 6010 0a11 98000000 		.4byte	.LASF253
 6011 0a15 0B       		.byte	0xb
 6012 0a16 5E01     		.2byte	0x15e
 6013 0a18 F3000000 		.4byte	0xf3
 6014 0a1c 0001     		.2byte	0x100
 6015 0a1e 15       		.uleb128 0x15
 6016 0a1f B3150000 		.4byte	.LASF254
ARM GAS  C:\Users\alexport\AppData\Local\Temp\cc2gMrRa.s 			page 132


 6017 0a23 0B       		.byte	0xb
 6018 0a24 5F01     		.2byte	0x15f
 6019 0a26 CF000000 		.4byte	0xcf
 6020 0a2a 0201     		.2byte	0x102
 6021 0a2c 00       		.byte	0
 6022 0a2d 0B       		.uleb128 0xb
 6023 0a2e 19010000 		.4byte	0x119
 6024 0a32 3D0A0000 		.4byte	0xa3d
 6025 0a36 0C       		.uleb128 0xc
 6026 0a37 38010000 		.4byte	0x138
 6027 0a3b 0B       		.byte	0xb
 6028 0a3c 00       		.byte	0
 6029 0a3d 0E       		.uleb128 0xe
 6030 0a3e B8       		.byte	0xb8
 6031 0a3f 0B       		.byte	0xb
 6032 0a40 6301     		.2byte	0x163
 6033 0a42 AE0D0000 		.4byte	0xdae
 6034 0a46 0F       		.uleb128 0xf
 6035 0a47 B5090000 		.4byte	.LASF255
 6036 0a4b 0B       		.byte	0xb
 6037 0a4c 6401     		.2byte	0x164
 6038 0a4e C3000000 		.4byte	0xc3
 6039 0a52 00       		.byte	0
 6040 0a53 0F       		.uleb128 0xf
 6041 0a54 21180000 		.4byte	.LASF256
 6042 0a58 0B       		.byte	0xb
 6043 0a59 6501     		.2byte	0x165
 6044 0a5b C3000000 		.4byte	0xc3
 6045 0a5f 01       		.byte	0x1
 6046 0a60 0F       		.uleb128 0xf
 6047 0a61 3D160000 		.4byte	.LASF257
 6048 0a65 0B       		.byte	0xb
 6049 0a66 6601     		.2byte	0x166
 6050 0a68 C3000000 		.4byte	0xc3
 6051 0a6c 02       		.byte	0x2
 6052 0a6d 0F       		.uleb128 0xf
 6053 0a6e 591A0000 		.4byte	.LASF258
 6054 0a72 0B       		.byte	0xb
 6055 0a73 6701     		.2byte	0x167
 6056 0a75 C3000000 		.4byte	0xc3
 6057 0a79 03       		.byte	0x3
 6058 0a7a 0F       		.uleb128 0xf
 6059 0a7b BD0B0000 		.4byte	.LASF259
 6060 0a7f 0B       		.byte	0xb
 6061 0a80 6801     		.2byte	0x168
 6062 0a82 C3000000 		.4byte	0xc3
 6063 0a86 04       		.byte	0x4
 6064 0a87 0F       		.uleb128 0xf
 6065 0a88 83080000 		.4byte	.LASF260
 6066 0a8c 0B       		.byte	0xb
 6067 0a8d 6901     		.2byte	0x169
 6068 0a8f C3000000 		.4byte	0xc3
 6069 0a93 05       		.byte	0x5
 6070 0a94 0F       		.uleb128 0xf
 6071 0a95 EA050000 		.4byte	.LASF261
 6072 0a99 0B       		.byte	0xb
 6073 0a9a 6A01     		.2byte	0x16a
ARM GAS  C:\Users\alexport\AppData\Local\Temp\cc2gMrRa.s 			page 133


 6074 0a9c C3000000 		.4byte	0xc3
 6075 0aa0 06       		.byte	0x6
 6076 0aa1 0F       		.uleb128 0xf
 6077 0aa2 D4000000 		.4byte	.LASF262
 6078 0aa6 0B       		.byte	0xb
 6079 0aa7 6B01     		.2byte	0x16b
 6080 0aa9 C3000000 		.4byte	0xc3
 6081 0aad 07       		.byte	0x7
 6082 0aae 0F       		.uleb128 0xf
 6083 0aaf A8000000 		.4byte	.LASF263
 6084 0ab3 0B       		.byte	0xb
 6085 0ab4 6C01     		.2byte	0x16c
 6086 0ab6 C3000000 		.4byte	0xc3
 6087 0aba 08       		.byte	0x8
 6088 0abb 0F       		.uleb128 0xf
 6089 0abc 9F130000 		.4byte	.LASF264
 6090 0ac0 0B       		.byte	0xb
 6091 0ac1 6D01     		.2byte	0x16d
 6092 0ac3 C3000000 		.4byte	0xc3
 6093 0ac7 09       		.byte	0x9
 6094 0ac8 0F       		.uleb128 0xf
 6095 0ac9 10140000 		.4byte	.LASF265
 6096 0acd 0B       		.byte	0xb
 6097 0ace 6E01     		.2byte	0x16e
 6098 0ad0 C3000000 		.4byte	0xc3
 6099 0ad4 0A       		.byte	0xa
 6100 0ad5 0F       		.uleb128 0xf
 6101 0ad6 8E070000 		.4byte	.LASF266
 6102 0ada 0B       		.byte	0xb
 6103 0adb 6F01     		.2byte	0x16f
 6104 0add C3000000 		.4byte	0xc3
 6105 0ae1 0B       		.byte	0xb
 6106 0ae2 0F       		.uleb128 0xf
 6107 0ae3 46010000 		.4byte	.LASF267
 6108 0ae7 0B       		.byte	0xb
 6109 0ae8 7001     		.2byte	0x170
 6110 0aea C3000000 		.4byte	0xc3
 6111 0aee 0C       		.byte	0xc
 6112 0aef 0F       		.uleb128 0xf
 6113 0af0 0F060000 		.4byte	.LASF268
 6114 0af4 0B       		.byte	0xb
 6115 0af5 7101     		.2byte	0x171
 6116 0af7 C3000000 		.4byte	0xc3
 6117 0afb 0D       		.byte	0xd
 6118 0afc 0F       		.uleb128 0xf
 6119 0afd C80F0000 		.4byte	.LASF269
 6120 0b01 0B       		.byte	0xb
 6121 0b02 7201     		.2byte	0x172
 6122 0b04 C3000000 		.4byte	0xc3
 6123 0b08 0E       		.byte	0xe
 6124 0b09 0F       		.uleb128 0xf
 6125 0b0a 6A040000 		.4byte	.LASF270
 6126 0b0e 0B       		.byte	0xb
 6127 0b0f 7301     		.2byte	0x173
 6128 0b11 C3000000 		.4byte	0xc3
 6129 0b15 0F       		.byte	0xf
 6130 0b16 0F       		.uleb128 0xf
ARM GAS  C:\Users\alexport\AppData\Local\Temp\cc2gMrRa.s 			page 134


 6131 0b17 E90E0000 		.4byte	.LASF271
 6132 0b1b 0B       		.byte	0xb
 6133 0b1c 7401     		.2byte	0x174
 6134 0b1e C3000000 		.4byte	0xc3
 6135 0b22 10       		.byte	0x10
 6136 0b23 0F       		.uleb128 0xf
 6137 0b24 B9190000 		.4byte	.LASF272
 6138 0b28 0B       		.byte	0xb
 6139 0b29 7501     		.2byte	0x175
 6140 0b2b C3000000 		.4byte	0xc3
 6141 0b2f 11       		.byte	0x11
 6142 0b30 0F       		.uleb128 0xf
 6143 0b31 1D0F0000 		.4byte	.LASF273
 6144 0b35 0B       		.byte	0xb
 6145 0b36 7601     		.2byte	0x176
 6146 0b38 C3000000 		.4byte	0xc3
 6147 0b3c 12       		.byte	0x12
 6148 0b3d 0F       		.uleb128 0xf
 6149 0b3e 3D050000 		.4byte	.LASF274
 6150 0b42 0B       		.byte	0xb
 6151 0b43 7701     		.2byte	0x177
 6152 0b45 C3000000 		.4byte	0xc3
 6153 0b49 13       		.byte	0x13
 6154 0b4a 0F       		.uleb128 0xf
 6155 0b4b 50060000 		.4byte	.LASF175
 6156 0b4f 0B       		.byte	0xb
 6157 0b50 7801     		.2byte	0x178
 6158 0b52 F3000000 		.4byte	0xf3
 6159 0b56 14       		.byte	0x14
 6160 0b57 0F       		.uleb128 0xf
 6161 0b58 041C0000 		.4byte	.LASF275
 6162 0b5c 0B       		.byte	0xb
 6163 0b5d 7901     		.2byte	0x179
 6164 0b5f CF000000 		.4byte	0xcf
 6165 0b63 16       		.byte	0x16
 6166 0b64 0F       		.uleb128 0xf
 6167 0b65 6D010000 		.4byte	.LASF276
 6168 0b69 0B       		.byte	0xb
 6169 0b6a 7A01     		.2byte	0x17a
 6170 0b6c CF000000 		.4byte	0xcf
 6171 0b70 18       		.byte	0x18
 6172 0b71 0F       		.uleb128 0xf
 6173 0b72 3F010000 		.4byte	.LASF182
 6174 0b76 0B       		.byte	0xb
 6175 0b77 7B01     		.2byte	0x17b
 6176 0b79 CF000000 		.4byte	0xcf
 6177 0b7d 1A       		.byte	0x1a
 6178 0b7e 0F       		.uleb128 0xf
 6179 0b7f AA190000 		.4byte	.LASF183
 6180 0b83 0B       		.byte	0xb
 6181 0b84 7C01     		.2byte	0x17c
 6182 0b86 CF000000 		.4byte	0xcf
 6183 0b8a 1C       		.byte	0x1c
 6184 0b8b 0F       		.uleb128 0xf
 6185 0b8c 9E190000 		.4byte	.LASF277
 6186 0b90 0B       		.byte	0xb
 6187 0b91 7D01     		.2byte	0x17d
ARM GAS  C:\Users\alexport\AppData\Local\Temp\cc2gMrRa.s 			page 135


 6188 0b93 C3000000 		.4byte	0xc3
 6189 0b97 1E       		.byte	0x1e
 6190 0b98 0F       		.uleb128 0xf
 6191 0b99 EA180000 		.4byte	.LASF278
 6192 0b9d 0B       		.byte	0xb
 6193 0b9e 7E01     		.2byte	0x17e
 6194 0ba0 C3000000 		.4byte	0xc3
 6195 0ba4 1F       		.byte	0x1f
 6196 0ba5 0F       		.uleb128 0xf
 6197 0ba6 0D1D0000 		.4byte	.LASF279
 6198 0baa 0B       		.byte	0xb
 6199 0bab 7F01     		.2byte	0x17f
 6200 0bad AE0D0000 		.4byte	0xdae
 6201 0bb1 20       		.byte	0x20
 6202 0bb2 0F       		.uleb128 0xf
 6203 0bb3 5C0F0000 		.4byte	.LASF280
 6204 0bb7 0B       		.byte	0xb
 6205 0bb8 8001     		.2byte	0x180
 6206 0bba BE0D0000 		.4byte	0xdbe
 6207 0bbe 28       		.byte	0x28
 6208 0bbf 0F       		.uleb128 0xf
 6209 0bc0 C6170000 		.4byte	.LASF281
 6210 0bc4 0B       		.byte	0xb
 6211 0bc5 8101     		.2byte	0x181
 6212 0bc7 CE0D0000 		.4byte	0xdce
 6213 0bcb 38       		.byte	0x38
 6214 0bcc 0F       		.uleb128 0xf
 6215 0bcd 5C1B0000 		.4byte	.LASF282
 6216 0bd1 0B       		.byte	0xb
 6217 0bd2 8201     		.2byte	0x182
 6218 0bd4 0D010000 		.4byte	0x10d
 6219 0bd8 58       		.byte	0x58
 6220 0bd9 0F       		.uleb128 0xf
 6221 0bda 630E0000 		.4byte	.LASF283
 6222 0bde 0B       		.byte	0xb
 6223 0bdf 8301     		.2byte	0x183
 6224 0be1 0D010000 		.4byte	0x10d
 6225 0be5 60       		.byte	0x60
 6226 0be6 0F       		.uleb128 0xf
 6227 0be7 4C0C0000 		.4byte	.LASF284
 6228 0beb 0B       		.byte	0xb
 6229 0bec 8401     		.2byte	0x184
 6230 0bee CF000000 		.4byte	0xcf
 6231 0bf2 68       		.byte	0x68
 6232 0bf3 0F       		.uleb128 0xf
 6233 0bf4 450C0000 		.4byte	.LASF285
 6234 0bf8 0B       		.byte	0xb
 6235 0bf9 8501     		.2byte	0x185
 6236 0bfb CF000000 		.4byte	0xcf
 6237 0bff 6A       		.byte	0x6a
 6238 0c00 0F       		.uleb128 0xf
 6239 0c01 48060000 		.4byte	.LASF286
 6240 0c05 0B       		.byte	0xb
 6241 0c06 8601     		.2byte	0x186
 6242 0c08 CF000000 		.4byte	0xcf
 6243 0c0c 6C       		.byte	0x6c
 6244 0c0d 0F       		.uleb128 0xf
ARM GAS  C:\Users\alexport\AppData\Local\Temp\cc2gMrRa.s 			page 136


 6245 0c0e F71A0000 		.4byte	.LASF287
 6246 0c12 0B       		.byte	0xb
 6247 0c13 8701     		.2byte	0x187
 6248 0c15 CF000000 		.4byte	0xcf
 6249 0c19 6E       		.byte	0x6e
 6250 0c1a 0F       		.uleb128 0xf
 6251 0c1b 38000000 		.4byte	.LASF288
 6252 0c1f 0B       		.byte	0xb
 6253 0c20 8801     		.2byte	0x188
 6254 0c22 CF000000 		.4byte	0xcf
 6255 0c26 70       		.byte	0x70
 6256 0c27 0F       		.uleb128 0xf
 6257 0c28 C7030000 		.4byte	.LASF289
 6258 0c2c 0B       		.byte	0xb
 6259 0c2d 8901     		.2byte	0x189
 6260 0c2f FF000000 		.4byte	0xff
 6261 0c33 74       		.byte	0x74
 6262 0c34 0F       		.uleb128 0xf
 6263 0c35 57010000 		.4byte	.LASF290
 6264 0c39 0B       		.byte	0xb
 6265 0c3a 8A01     		.2byte	0x18a
 6266 0c3c C3000000 		.4byte	0xc3
 6267 0c40 78       		.byte	0x78
 6268 0c41 0F       		.uleb128 0xf
 6269 0c42 4D0A0000 		.4byte	.LASF291
 6270 0c46 0B       		.byte	0xb
 6271 0c47 8B01     		.2byte	0x18b
 6272 0c49 C3000000 		.4byte	0xc3
 6273 0c4d 79       		.byte	0x79
 6274 0c4e 0F       		.uleb128 0xf
 6275 0c4f 25140000 		.4byte	.LASF292
 6276 0c53 0B       		.byte	0xb
 6277 0c54 8C01     		.2byte	0x18c
 6278 0c56 C3000000 		.4byte	0xc3
 6279 0c5a 7A       		.byte	0x7a
 6280 0c5b 0F       		.uleb128 0xf
 6281 0c5c A80A0000 		.4byte	.LASF293
 6282 0c60 0B       		.byte	0xb
 6283 0c61 8D01     		.2byte	0x18d
 6284 0c63 CF000000 		.4byte	0xcf
 6285 0c67 7C       		.byte	0x7c
 6286 0c68 0F       		.uleb128 0xf
 6287 0c69 7E090000 		.4byte	.LASF294
 6288 0c6d 0B       		.byte	0xb
 6289 0c6e 8E01     		.2byte	0x18e
 6290 0c70 DE0D0000 		.4byte	0xdde
 6291 0c74 7E       		.byte	0x7e
 6292 0c75 0F       		.uleb128 0xf
 6293 0c76 BD0F0000 		.4byte	.LASF295
 6294 0c7a 0B       		.byte	0xb
 6295 0c7b 8F01     		.2byte	0x18f
 6296 0c7d E7000000 		.4byte	0xe7
 6297 0c81 92       		.byte	0x92
 6298 0c82 0F       		.uleb128 0xf
 6299 0c83 E3060000 		.4byte	.LASF296
 6300 0c87 0B       		.byte	0xb
 6301 0c88 9001     		.2byte	0x190
ARM GAS  C:\Users\alexport\AppData\Local\Temp\cc2gMrRa.s 			page 137


 6302 0c8a E7000000 		.4byte	0xe7
 6303 0c8e 93       		.byte	0x93
 6304 0c8f 0F       		.uleb128 0xf
 6305 0c90 18030000 		.4byte	.LASF297
 6306 0c94 0B       		.byte	0xb
 6307 0c95 9101     		.2byte	0x191
 6308 0c97 E7000000 		.4byte	0xe7
 6309 0c9b 94       		.byte	0x94
 6310 0c9c 0F       		.uleb128 0xf
 6311 0c9d 9B180000 		.4byte	.LASF298
 6312 0ca1 0B       		.byte	0xb
 6313 0ca2 9201     		.2byte	0x192
 6314 0ca4 E7000000 		.4byte	0xe7
 6315 0ca8 95       		.byte	0x95
 6316 0ca9 0F       		.uleb128 0xf
 6317 0caa B8180000 		.4byte	.LASF299
 6318 0cae 0B       		.byte	0xb
 6319 0caf 9301     		.2byte	0x193
 6320 0cb1 C3000000 		.4byte	0xc3
 6321 0cb5 96       		.byte	0x96
 6322 0cb6 0F       		.uleb128 0xf
 6323 0cb7 1D1D0000 		.4byte	.LASF300
 6324 0cbb 0B       		.byte	0xb
 6325 0cbc 9401     		.2byte	0x194
 6326 0cbe C3000000 		.4byte	0xc3
 6327 0cc2 97       		.byte	0x97
 6328 0cc3 0F       		.uleb128 0xf
 6329 0cc4 88040000 		.4byte	.LASF301
 6330 0cc8 0B       		.byte	0xb
 6331 0cc9 9501     		.2byte	0x195
 6332 0ccb CF000000 		.4byte	0xcf
 6333 0ccf 98       		.byte	0x98
 6334 0cd0 0F       		.uleb128 0xf
 6335 0cd1 C5100000 		.4byte	.LASF302
 6336 0cd5 0B       		.byte	0xb
 6337 0cd6 9601     		.2byte	0x196
 6338 0cd8 C3000000 		.4byte	0xc3
 6339 0cdc 9A       		.byte	0x9a
 6340 0cdd 0F       		.uleb128 0xf
 6341 0cde 79070000 		.4byte	.LASF303
 6342 0ce2 0B       		.byte	0xb
 6343 0ce3 9701     		.2byte	0x197
 6344 0ce5 C3000000 		.4byte	0xc3
 6345 0ce9 9B       		.byte	0x9b
 6346 0cea 0F       		.uleb128 0xf
 6347 0ceb 53100000 		.4byte	.LASF304
 6348 0cef 0B       		.byte	0xb
 6349 0cf0 9801     		.2byte	0x198
 6350 0cf2 C3000000 		.4byte	0xc3
 6351 0cf6 9C       		.byte	0x9c
 6352 0cf7 0F       		.uleb128 0xf
 6353 0cf8 4B140000 		.4byte	.LASF305
 6354 0cfc 0B       		.byte	0xb
 6355 0cfd 9901     		.2byte	0x199
 6356 0cff C3000000 		.4byte	0xc3
 6357 0d03 9D       		.byte	0x9d
 6358 0d04 0F       		.uleb128 0xf
ARM GAS  C:\Users\alexport\AppData\Local\Temp\cc2gMrRa.s 			page 138


 6359 0d05 04190000 		.4byte	.LASF306
 6360 0d09 0B       		.byte	0xb
 6361 0d0a 9A01     		.2byte	0x19a
 6362 0d0c CF000000 		.4byte	0xcf
 6363 0d10 9E       		.byte	0x9e
 6364 0d11 0F       		.uleb128 0xf
 6365 0d12 4E160000 		.4byte	.LASF307
 6366 0d16 0B       		.byte	0xb
 6367 0d17 9B01     		.2byte	0x19b
 6368 0d19 CF000000 		.4byte	0xcf
 6369 0d1d A0       		.byte	0xa0
 6370 0d1e 0F       		.uleb128 0xf
 6371 0d1f A40D0000 		.4byte	.LASF308
 6372 0d23 0B       		.byte	0xb
 6373 0d24 9C01     		.2byte	0x19c
 6374 0d26 CF000000 		.4byte	0xcf
 6375 0d2a A2       		.byte	0xa2
 6376 0d2b 0F       		.uleb128 0xf
 6377 0d2c F81B0000 		.4byte	.LASF309
 6378 0d30 0B       		.byte	0xb
 6379 0d31 9D01     		.2byte	0x19d
 6380 0d33 CF000000 		.4byte	0xcf
 6381 0d37 A4       		.byte	0xa4
 6382 0d38 0F       		.uleb128 0xf
 6383 0d39 7D1C0000 		.4byte	.LASF310
 6384 0d3d 0B       		.byte	0xb
 6385 0d3e 9E01     		.2byte	0x19e
 6386 0d40 CF000000 		.4byte	0xcf
 6387 0d44 A6       		.byte	0xa6
 6388 0d45 0F       		.uleb128 0xf
 6389 0d46 32010000 		.4byte	.LASF311
 6390 0d4a 0B       		.byte	0xb
 6391 0d4b 9F01     		.2byte	0x19f
 6392 0d4d C3000000 		.4byte	0xc3
 6393 0d51 A8       		.byte	0xa8
 6394 0d52 0F       		.uleb128 0xf
 6395 0d53 541D0000 		.4byte	.LASF312
 6396 0d57 0B       		.byte	0xb
 6397 0d58 A001     		.2byte	0x1a0
 6398 0d5a C3000000 		.4byte	0xc3
 6399 0d5e A9       		.byte	0xa9
 6400 0d5f 10       		.uleb128 0x10
 6401 0d60 50696E00 		.ascii	"Pin\000"
 6402 0d64 0B       		.byte	0xb
 6403 0d65 A101     		.2byte	0x1a1
 6404 0d67 BF050000 		.4byte	0x5bf
 6405 0d6b AA       		.byte	0xaa
 6406 0d6c 0F       		.uleb128 0xf
 6407 0d6d E70C0000 		.4byte	.LASF313
 6408 0d71 0B       		.byte	0xb
 6409 0d72 A201     		.2byte	0x1a2
 6410 0d74 C3000000 		.4byte	0xc3
 6411 0d78 AE       		.byte	0xae
 6412 0d79 0F       		.uleb128 0xf
 6413 0d7a 21060000 		.4byte	.LASF314
 6414 0d7e 0B       		.byte	0xb
 6415 0d7f A301     		.2byte	0x1a3
ARM GAS  C:\Users\alexport\AppData\Local\Temp\cc2gMrRa.s 			page 139


 6416 0d81 CF000000 		.4byte	0xcf
 6417 0d85 B0       		.byte	0xb0
 6418 0d86 0F       		.uleb128 0xf
 6419 0d87 9F100000 		.4byte	.LASF315
 6420 0d8b 0B       		.byte	0xb
 6421 0d8c A401     		.2byte	0x1a4
 6422 0d8e CF000000 		.4byte	0xcf
 6423 0d92 B2       		.byte	0xb2
 6424 0d93 0F       		.uleb128 0xf
 6425 0d94 58190000 		.4byte	.LASF316
 6426 0d98 0B       		.byte	0xb
 6427 0d99 A501     		.2byte	0x1a5
 6428 0d9b C3000000 		.4byte	0xc3
 6429 0d9f B4       		.byte	0xb4
 6430 0da0 0F       		.uleb128 0xf
 6431 0da1 1B0C0000 		.4byte	.LASF317
 6432 0da5 0B       		.byte	0xb
 6433 0da6 A601     		.2byte	0x1a6
 6434 0da8 CF000000 		.4byte	0xcf
 6435 0dac B6       		.byte	0xb6
 6436 0dad 00       		.byte	0
 6437 0dae 0B       		.uleb128 0xb
 6438 0daf C3000000 		.4byte	0xc3
 6439 0db3 BE0D0000 		.4byte	0xdbe
 6440 0db7 0C       		.uleb128 0xc
 6441 0db8 38010000 		.4byte	0x138
 6442 0dbc 07       		.byte	0x7
 6443 0dbd 00       		.byte	0
 6444 0dbe 0B       		.uleb128 0xb
 6445 0dbf 19010000 		.4byte	0x119
 6446 0dc3 CE0D0000 		.4byte	0xdce
 6447 0dc7 0C       		.uleb128 0xc
 6448 0dc8 38010000 		.4byte	0x138
 6449 0dcc 0F       		.byte	0xf
 6450 0dcd 00       		.byte	0
 6451 0dce 0B       		.uleb128 0xb
 6452 0dcf 19010000 		.4byte	0x119
 6453 0dd3 DE0D0000 		.4byte	0xdde
 6454 0dd7 0C       		.uleb128 0xc
 6455 0dd8 38010000 		.4byte	0x138
 6456 0ddc 1F       		.byte	0x1f
 6457 0ddd 00       		.byte	0
 6458 0dde 0B       		.uleb128 0xb
 6459 0ddf 19010000 		.4byte	0x119
 6460 0de3 EE0D0000 		.4byte	0xdee
 6461 0de7 0C       		.uleb128 0xc
 6462 0de8 38010000 		.4byte	0x138
 6463 0dec 13       		.byte	0x13
 6464 0ded 00       		.byte	0
 6465 0dee 16       		.uleb128 0x16
 6466 0def 05170000 		.4byte	.LASF319
 6467 0df3 01       		.byte	0x1
 6468 0df4 32       		.byte	0x32
 6469 0df5 00000000 		.4byte	.LFB35
 6470 0df9 84000000 		.4byte	.LFE35-.LFB35
 6471 0dfd 01       		.uleb128 0x1
 6472 0dfe 9C       		.byte	0x9c
ARM GAS  C:\Users\alexport\AppData\Local\Temp\cc2gMrRa.s 			page 140


 6473 0dff 360E0000 		.4byte	0xe36
 6474 0e03 17       		.uleb128 0x17
 6475 0e04 72656700 		.ascii	"reg\000"
 6476 0e08 01       		.byte	0x1
 6477 0e09 32       		.byte	0x32
 6478 0e0a C3000000 		.4byte	0xc3
 6479 0e0e 02       		.uleb128 0x2
 6480 0e0f 91       		.byte	0x91
 6481 0e10 6F       		.sleb128 -17
 6482 0e11 18       		.uleb128 0x18
 6483 0e12 EB020000 		.4byte	.LASF318
 6484 0e16 01       		.byte	0x1
 6485 0e17 32       		.byte	0x32
 6486 0e18 C3000000 		.4byte	0xc3
 6487 0e1c 02       		.uleb128 0x2
 6488 0e1d 91       		.byte	0x91
 6489 0e1e 6E       		.sleb128 -18
 6490 0e1f 19       		.uleb128 0x19
 6491 0e20 1A000000 		.4byte	.LBB2
 6492 0e24 44000000 		.4byte	.LBE2-.LBB2
 6493 0e28 1A       		.uleb128 0x1a
 6494 0e29 6900     		.ascii	"i\000"
 6495 0e2b 01       		.byte	0x1
 6496 0e2c 34       		.byte	0x34
 6497 0e2d C3000000 		.4byte	0xc3
 6498 0e31 02       		.uleb128 0x2
 6499 0e32 91       		.byte	0x91
 6500 0e33 77       		.sleb128 -9
 6501 0e34 00       		.byte	0
 6502 0e35 00       		.byte	0
 6503 0e36 16       		.uleb128 0x16
 6504 0e37 34030000 		.4byte	.LASF320
 6505 0e3b 01       		.byte	0x1
 6506 0e3c 3D       		.byte	0x3d
 6507 0e3d 00000000 		.4byte	.LFB36
 6508 0e41 A4010000 		.4byte	.LFE36-.LFB36
 6509 0e45 01       		.uleb128 0x1
 6510 0e46 9C       		.byte	0x9c
 6511 0e47 850E0000 		.4byte	0xe85
 6512 0e4b 1B       		.uleb128 0x1b
 6513 0e4c 0D1D0000 		.4byte	.LASF279
 6514 0e50 01       		.byte	0x1
 6515 0e51 53       		.byte	0x53
 6516 0e52 850E0000 		.4byte	0xe85
 6517 0e56 02       		.uleb128 0x2
 6518 0e57 91       		.byte	0x91
 6519 0e58 68       		.sleb128 -24
 6520 0e59 1B       		.uleb128 0x1b
 6521 0e5a 801B0000 		.4byte	.LASF321
 6522 0e5e 01       		.byte	0x1
 6523 0e5f 54       		.byte	0x54
 6524 0e60 DB000000 		.4byte	0xdb
 6525 0e64 02       		.uleb128 0x2
 6526 0e65 91       		.byte	0x91
 6527 0e66 74       		.sleb128 -12
 6528 0e67 1A       		.uleb128 0x1a
 6529 0e68 73747200 		.ascii	"str\000"
ARM GAS  C:\Users\alexport\AppData\Local\Temp\cc2gMrRa.s 			page 141


 6530 0e6c 01       		.byte	0x1
 6531 0e6d 56       		.byte	0x56
 6532 0e6e 2D0A0000 		.4byte	0xa2d
 6533 0e72 02       		.uleb128 0x2
 6534 0e73 91       		.byte	0x91
 6535 0e74 5C       		.sleb128 -36
 6536 0e75 1B       		.uleb128 0x1b
 6537 0e76 81060000 		.4byte	.LASF322
 6538 0e7a 01       		.byte	0x1
 6539 0e7b 5A       		.byte	0x5a
 6540 0e7c 950E0000 		.4byte	0xe95
 6541 0e80 03       		.uleb128 0x3
 6542 0e81 91       		.byte	0x91
 6543 0e82 BC7F     		.sleb128 -68
 6544 0e84 00       		.byte	0
 6545 0e85 0B       		.uleb128 0xb
 6546 0e86 19010000 		.4byte	0x119
 6547 0e8a 950E0000 		.4byte	0xe95
 6548 0e8e 0C       		.uleb128 0xc
 6549 0e8f 38010000 		.4byte	0x138
 6550 0e93 08       		.byte	0x8
 6551 0e94 00       		.byte	0
 6552 0e95 0B       		.uleb128 0xb
 6553 0e96 19010000 		.4byte	0x119
 6554 0e9a A50E0000 		.4byte	0xea5
 6555 0e9e 0C       		.uleb128 0xc
 6556 0e9f 38010000 		.4byte	0x138
 6557 0ea3 1D       		.byte	0x1d
 6558 0ea4 00       		.byte	0
 6559 0ea5 1C       		.uleb128 0x1c
 6560 0ea6 60090000 		.4byte	.LASF326
 6561 0eaa 01       		.byte	0x1
 6562 0eab 6F       		.byte	0x6f
 6563 0eac 97000000 		.4byte	0x97
 6564 0eb0 00000000 		.4byte	.LFB37
 6565 0eb4 34000000 		.4byte	.LFE37-.LFB37
 6566 0eb8 01       		.uleb128 0x1
 6567 0eb9 9C       		.byte	0x9c
 6568 0eba CD0E0000 		.4byte	0xecd
 6569 0ebe 1B       		.uleb128 0x1b
 6570 0ebf F01D0000 		.4byte	.LASF323
 6571 0ec3 01       		.byte	0x1
 6572 0ec4 70       		.byte	0x70
 6573 0ec5 97000000 		.4byte	0x97
 6574 0ec9 02       		.uleb128 0x2
 6575 0eca 91       		.byte	0x91
 6576 0ecb 6F       		.sleb128 -17
 6577 0ecc 00       		.byte	0
 6578 0ecd 16       		.uleb128 0x16
 6579 0ece 45110000 		.4byte	.LASF324
 6580 0ed2 01       		.byte	0x1
 6581 0ed3 78       		.byte	0x78
 6582 0ed4 00000000 		.4byte	.LFB38
 6583 0ed8 28000000 		.4byte	.LFE38-.LFB38
 6584 0edc 01       		.uleb128 0x1
 6585 0edd 9C       		.byte	0x9c
 6586 0ede F10E0000 		.4byte	0xef1
ARM GAS  C:\Users\alexport\AppData\Local\Temp\cc2gMrRa.s 			page 142


 6587 0ee2 18       		.uleb128 0x18
 6588 0ee3 381B0000 		.4byte	.LASF325
 6589 0ee7 01       		.byte	0x1
 6590 0ee8 78       		.byte	0x78
 6591 0ee9 97000000 		.4byte	0x97
 6592 0eed 02       		.uleb128 0x2
 6593 0eee 91       		.byte	0x91
 6594 0eef 77       		.sleb128 -9
 6595 0ef0 00       		.byte	0
 6596 0ef1 1C       		.uleb128 0x1c
 6597 0ef2 610D0000 		.4byte	.LASF327
 6598 0ef6 01       		.byte	0x1
 6599 0ef7 7D       		.byte	0x7d
 6600 0ef8 A2000000 		.4byte	0xa2
 6601 0efc 00000000 		.4byte	.LFB39
 6602 0f00 64000000 		.4byte	.LFE39-.LFB39
 6603 0f04 01       		.uleb128 0x1
 6604 0f05 9C       		.byte	0x9c
 6605 0f06 190F0000 		.4byte	0xf19
 6606 0f0a 1B       		.uleb128 0x1b
 6607 0f0b F7040000 		.4byte	.LASF328
 6608 0f0f 01       		.byte	0x1
 6609 0f10 7E       		.byte	0x7e
 6610 0f11 A2000000 		.4byte	0xa2
 6611 0f15 02       		.uleb128 0x2
 6612 0f16 91       		.byte	0x91
 6613 0f17 76       		.sleb128 -10
 6614 0f18 00       		.byte	0
 6615 0f19 16       		.uleb128 0x16
 6616 0f1a BD110000 		.4byte	.LASF329
 6617 0f1e 01       		.byte	0x1
 6618 0f1f 88       		.byte	0x88
 6619 0f20 00000000 		.4byte	.LFB40
 6620 0f24 44000000 		.4byte	.LFE40-.LFB40
 6621 0f28 01       		.uleb128 0x1
 6622 0f29 9C       		.byte	0x9c
 6623 0f2a 3D0F0000 		.4byte	0xf3d
 6624 0f2e 18       		.uleb128 0x18
 6625 0f2f 9D1C0000 		.4byte	.LASF330
 6626 0f33 01       		.byte	0x1
 6627 0f34 88       		.byte	0x88
 6628 0f35 A2000000 		.4byte	0xa2
 6629 0f39 02       		.uleb128 0x2
 6630 0f3a 91       		.byte	0x91
 6631 0f3b 76       		.sleb128 -10
 6632 0f3c 00       		.byte	0
 6633 0f3d 1C       		.uleb128 0x1c
 6634 0f3e 990F0000 		.4byte	.LASF331
 6635 0f42 01       		.byte	0x1
 6636 0f43 90       		.byte	0x90
 6637 0f44 A2000000 		.4byte	0xa2
 6638 0f48 00000000 		.4byte	.LFB41
 6639 0f4c 60000000 		.4byte	.LFE41-.LFB41
 6640 0f50 01       		.uleb128 0x1
 6641 0f51 9C       		.byte	0x9c
 6642 0f52 650F0000 		.4byte	0xf65
 6643 0f56 1B       		.uleb128 0x1b
ARM GAS  C:\Users\alexport\AppData\Local\Temp\cc2gMrRa.s 			page 143


 6644 0f57 63110000 		.4byte	.LASF332
 6645 0f5b 01       		.byte	0x1
 6646 0f5c 91       		.byte	0x91
 6647 0f5d A2000000 		.4byte	0xa2
 6648 0f61 02       		.uleb128 0x2
 6649 0f62 91       		.byte	0x91
 6650 0f63 76       		.sleb128 -10
 6651 0f64 00       		.byte	0
 6652 0f65 16       		.uleb128 0x16
 6653 0f66 890B0000 		.4byte	.LASF333
 6654 0f6a 01       		.byte	0x1
 6655 0f6b 9B       		.byte	0x9b
 6656 0f6c 00000000 		.4byte	.LFB42
 6657 0f70 44000000 		.4byte	.LFE42-.LFB42
 6658 0f74 01       		.uleb128 0x1
 6659 0f75 9C       		.byte	0x9c
 6660 0f76 890F0000 		.4byte	0xf89
 6661 0f7a 18       		.uleb128 0x18
 6662 0f7b 9D1C0000 		.4byte	.LASF330
 6663 0f7f 01       		.byte	0x1
 6664 0f80 9B       		.byte	0x9b
 6665 0f81 A2000000 		.4byte	0xa2
 6666 0f85 02       		.uleb128 0x2
 6667 0f86 91       		.byte	0x91
 6668 0f87 76       		.sleb128 -10
 6669 0f88 00       		.byte	0
 6670 0f89 1C       		.uleb128 0x1c
 6671 0f8a 240C0000 		.4byte	.LASF334
 6672 0f8e 01       		.byte	0x1
 6673 0f8f A3       		.byte	0xa3
 6674 0f90 AD000000 		.4byte	0xad
 6675 0f94 00000000 		.4byte	.LFB43
 6676 0f98 44000000 		.4byte	.LFE43-.LFB43
 6677 0f9c 01       		.uleb128 0x1
 6678 0f9d 9C       		.byte	0x9c
 6679 0f9e B10F0000 		.4byte	0xfb1
 6680 0fa2 1B       		.uleb128 0x1b
 6681 0fa3 BE0E0000 		.4byte	.LASF335
 6682 0fa7 01       		.byte	0x1
 6683 0fa8 A4       		.byte	0xa4
 6684 0fa9 B8000000 		.4byte	0xb8
 6685 0fad 02       		.uleb128 0x2
 6686 0fae 91       		.byte	0x91
 6687 0faf 74       		.sleb128 -12
 6688 0fb0 00       		.byte	0
 6689 0fb1 1D       		.uleb128 0x1d
 6690 0fb2 C1000000 		.4byte	.LASF343
 6691 0fb6 01       		.byte	0x1
 6692 0fb7 B6       		.byte	0xb6
 6693 0fb8 00000000 		.4byte	.LFB44
 6694 0fbc 1C000000 		.4byte	.LFE44-.LFB44
 6695 0fc0 01       		.uleb128 0x1
 6696 0fc1 9C       		.byte	0x9c
 6697 0fc2 16       		.uleb128 0x16
 6698 0fc3 B2100000 		.4byte	.LASF336
 6699 0fc7 01       		.byte	0x1
 6700 0fc8 BD       		.byte	0xbd
ARM GAS  C:\Users\alexport\AppData\Local\Temp\cc2gMrRa.s 			page 144


 6701 0fc9 00000000 		.4byte	.LFB45
 6702 0fcd 2A000000 		.4byte	.LFE45-.LFB45
 6703 0fd1 01       		.uleb128 0x1
 6704 0fd2 9C       		.byte	0x9c
 6705 0fd3 F40F0000 		.4byte	0xff4
 6706 0fd7 17       		.uleb128 0x17
 6707 0fd8 72656700 		.ascii	"reg\000"
 6708 0fdc 01       		.byte	0x1
 6709 0fdd BD       		.byte	0xbd
 6710 0fde 97000000 		.4byte	0x97
 6711 0fe2 02       		.uleb128 0x2
 6712 0fe3 91       		.byte	0x91
 6713 0fe4 77       		.sleb128 -9
 6714 0fe5 18       		.uleb128 0x18
 6715 0fe6 5E0E0000 		.4byte	.LASF169
 6716 0fea 01       		.byte	0x1
 6717 0feb BD       		.byte	0xbd
 6718 0fec CF000000 		.4byte	0xcf
 6719 0ff0 02       		.uleb128 0x2
 6720 0ff1 91       		.byte	0x91
 6721 0ff2 74       		.sleb128 -12
 6722 0ff3 00       		.byte	0
 6723 0ff4 16       		.uleb128 0x16
 6724 0ff5 B3130000 		.4byte	.LASF337
 6725 0ff9 01       		.byte	0x1
 6726 0ffa C4       		.byte	0xc4
 6727 0ffb 00000000 		.4byte	.LFB46
 6728 0fff 8C050000 		.4byte	.LFE46-.LFB46
 6729 1003 01       		.uleb128 0x1
 6730 1004 9C       		.byte	0x9c
 6731 1005 9B100000 		.4byte	0x109b
 6732 1009 1B       		.uleb128 0x1b
 6733 100a A4070000 		.4byte	.LASF338
 6734 100e 01       		.byte	0x1
 6735 100f C5       		.byte	0xc5
 6736 1010 A2000000 		.4byte	0xa2
 6737 1014 02       		.uleb128 0x2
 6738 1015 91       		.byte	0x91
 6739 1016 60       		.sleb128 -32
 6740 1017 1B       		.uleb128 0x1b
 6741 1018 EA0A0000 		.4byte	.LASF339
 6742 101c 01       		.byte	0x1
 6743 101d C6       		.byte	0xc6
 6744 101e A2000000 		.4byte	0xa2
 6745 1022 02       		.uleb128 0x2
 6746 1023 91       		.byte	0x91
 6747 1024 62       		.sleb128 -30
 6748 1025 1B       		.uleb128 0x1b
 6749 1026 10160000 		.4byte	.LASF340
 6750 102a 01       		.byte	0x1
 6751 102b C7       		.byte	0xc7
 6752 102c 97000000 		.4byte	0x97
 6753 1030 02       		.uleb128 0x2
 6754 1031 91       		.byte	0x91
 6755 1032 65       		.sleb128 -27
 6756 1033 1B       		.uleb128 0x1b
 6757 1034 5E0E0000 		.4byte	.LASF169
ARM GAS  C:\Users\alexport\AppData\Local\Temp\cc2gMrRa.s 			page 145


 6758 1038 01       		.byte	0x1
 6759 1039 C8       		.byte	0xc8
 6760 103a A2000000 		.4byte	0xa2
 6761 103e 02       		.uleb128 0x2
 6762 103f 91       		.byte	0x91
 6763 1040 6E       		.sleb128 -18
 6764 1041 1A       		.uleb128 0x1a
 6765 1042 63726300 		.ascii	"crc\000"
 6766 1046 01       		.byte	0x1
 6767 1047 CF       		.byte	0xcf
 6768 1048 CF000000 		.4byte	0xcf
 6769 104c 02       		.uleb128 0x2
 6770 104d 91       		.byte	0x91
 6771 104e 66       		.sleb128 -26
 6772 104f 1B       		.uleb128 0x1b
 6773 1050 7D0E0000 		.4byte	.LASF341
 6774 1054 01       		.byte	0x1
 6775 1055 D0       		.byte	0xd0
 6776 1056 CF000000 		.4byte	0xcf
 6777 105a 02       		.uleb128 0x2
 6778 105b 91       		.byte	0x91
 6779 105c 68       		.sleb128 -24
 6780 105d 19       		.uleb128 0x19
 6781 105e A8000000 		.4byte	.LBB3
 6782 1062 80030000 		.4byte	.LBE3-.LBB3
 6783 1066 1A       		.uleb128 0x1a
 6784 1067 69647800 		.ascii	"idx\000"
 6785 106b 01       		.byte	0x1
 6786 106c EA       		.byte	0xea
 6787 106d 97000000 		.4byte	0x97
 6788 1071 02       		.uleb128 0x2
 6789 1072 91       		.byte	0x91
 6790 1073 6D       		.sleb128 -19
 6791 1074 1B       		.uleb128 0x1b
 6792 1075 E7070000 		.4byte	.LASF342
 6793 1079 01       		.byte	0x1
 6794 107a EB       		.byte	0xeb
 6795 107b 97000000 		.4byte	0x97
 6796 107f 02       		.uleb128 0x2
 6797 1080 91       		.byte	0x91
 6798 1081 6C       		.sleb128 -20
 6799 1082 19       		.uleb128 0x19
 6800 1083 CE030000 		.4byte	.LBB4
 6801 1087 48000000 		.4byte	.LBE4-.LBB4
 6802 108b 1E       		.uleb128 0x1e
 6803 108c 6900     		.ascii	"i\000"
 6804 108e 01       		.byte	0x1
 6805 108f 1A01     		.2byte	0x11a
 6806 1091 CF000000 		.4byte	0xcf
 6807 1095 02       		.uleb128 0x2
 6808 1096 91       		.byte	0x91
 6809 1097 6A       		.sleb128 -22
 6810 1098 00       		.byte	0
 6811 1099 00       		.byte	0
 6812 109a 00       		.byte	0
 6813 109b 1F       		.uleb128 0x1f
 6814 109c 681C0000 		.4byte	.LASF344
ARM GAS  C:\Users\alexport\AppData\Local\Temp\cc2gMrRa.s 			page 146


 6815 10a0 01       		.byte	0x1
 6816 10a1 AA01     		.2byte	0x1aa
 6817 10a3 00000000 		.4byte	.LFB47
 6818 10a7 30000000 		.4byte	.LFE47-.LFB47
 6819 10ab 01       		.uleb128 0x1
 6820 10ac 9C       		.byte	0x9c
 6821 10ad 1F       		.uleb128 0x1f
 6822 10ae 4B100000 		.4byte	.LASF345
 6823 10b2 01       		.byte	0x1
 6824 10b3 BB01     		.2byte	0x1bb
 6825 10b5 00000000 		.4byte	.LFB48
 6826 10b9 18000000 		.4byte	.LFE48-.LFB48
 6827 10bd 01       		.uleb128 0x1
 6828 10be 9C       		.byte	0x9c
 6829 10bf 1F       		.uleb128 0x1f
 6830 10c0 56130000 		.4byte	.LASF346
 6831 10c4 01       		.byte	0x1
 6832 10c5 C201     		.2byte	0x1c2
 6833 10c7 00000000 		.4byte	.LFB49
 6834 10cb 18000000 		.4byte	.LFE49-.LFB49
 6835 10cf 01       		.uleb128 0x1
 6836 10d0 9C       		.byte	0x9c
 6837 10d1 20       		.uleb128 0x20
 6838 10d2 721C0000 		.4byte	.LASF347
 6839 10d6 01       		.byte	0x1
 6840 10d7 C701     		.2byte	0x1c7
 6841 10d9 00000000 		.4byte	.LFB50
 6842 10dd 94010000 		.4byte	.LFE50-.LFB50
 6843 10e1 01       		.uleb128 0x1
 6844 10e2 9C       		.byte	0x9c
 6845 10e3 06110000 		.4byte	0x1106
 6846 10e7 1E       		.uleb128 0x1e
 6847 10e8 73797300 		.ascii	"sys\000"
 6848 10ec 01       		.byte	0x1
 6849 10ed C801     		.2byte	0x1c8
 6850 10ef 06110000 		.4byte	0x1106
 6851 10f3 02       		.uleb128 0x2
 6852 10f4 91       		.byte	0x91
 6853 10f5 74       		.sleb128 -12
 6854 10f6 21       		.uleb128 0x21
 6855 10f7 131A0000 		.4byte	.LASF348
 6856 10fb 01       		.byte	0x1
 6857 10fc CB01     		.2byte	0x1cb
 6858 10fe BB040000 		.4byte	0x4bb
 6859 1102 02       		.uleb128 0x2
 6860 1103 91       		.byte	0x91
 6861 1104 68       		.sleb128 -24
 6862 1105 00       		.byte	0
 6863 1106 0B       		.uleb128 0xb
 6864 1107 97000000 		.4byte	0x97
 6865 110b 16110000 		.4byte	0x1116
 6866 110f 0C       		.uleb128 0xc
 6867 1110 38010000 		.4byte	0x138
 6868 1114 03       		.byte	0x3
 6869 1115 00       		.byte	0
 6870 1116 20       		.uleb128 0x20
 6871 1117 E61A0000 		.4byte	.LASF349
ARM GAS  C:\Users\alexport\AppData\Local\Temp\cc2gMrRa.s 			page 147


 6872 111b 01       		.byte	0x1
 6873 111c 1002     		.2byte	0x210
 6874 111e 00000000 		.4byte	.LFB51
 6875 1122 B0080000 		.4byte	.LFE51-.LFB51
 6876 1126 01       		.uleb128 0x1
 6877 1127 9C       		.byte	0x9c
 6878 1128 96110000 		.4byte	0x1196
 6879 112c 21       		.uleb128 0x21
 6880 112d 41090000 		.4byte	.LASF350
 6881 1131 01       		.byte	0x1
 6882 1132 1202     		.2byte	0x212
 6883 1134 C3000000 		.4byte	0xc3
 6884 1138 02       		.uleb128 0x2
 6885 1139 91       		.byte	0x91
 6886 113a 6F       		.sleb128 -17
 6887 113b 21       		.uleb128 0x21
 6888 113c AC0E0000 		.4byte	.LASF351
 6889 1140 01       		.byte	0x1
 6890 1141 1302     		.2byte	0x213
 6891 1143 CF000000 		.4byte	0xcf
 6892 1147 02       		.uleb128 0x2
 6893 1148 91       		.byte	0x91
 6894 1149 76       		.sleb128 -10
 6895 114a 21       		.uleb128 0x21
 6896 114b CB070000 		.4byte	.LASF352
 6897 114f 01       		.byte	0x1
 6898 1150 1402     		.2byte	0x214
 6899 1152 DB000000 		.4byte	0xdb
 6900 1156 02       		.uleb128 0x2
 6901 1157 91       		.byte	0x91
 6902 1158 70       		.sleb128 -16
 6903 1159 21       		.uleb128 0x21
 6904 115a 131A0000 		.4byte	.LASF348
 6905 115e 01       		.byte	0x1
 6906 115f 1602     		.2byte	0x216
 6907 1161 BB040000 		.4byte	0x4bb
 6908 1165 02       		.uleb128 0x2
 6909 1166 91       		.byte	0x91
 6910 1167 60       		.sleb128 -32
 6911 1168 1E       		.uleb128 0x1e
 6912 1169 73797300 		.ascii	"sys\000"
 6913 116d 01       		.byte	0x1
 6914 116e 1902     		.2byte	0x219
 6915 1170 06110000 		.4byte	0x1106
 6916 1174 02       		.uleb128 0x2
 6917 1175 91       		.byte	0x91
 6918 1176 5C       		.sleb128 -36
 6919 1177 21       		.uleb128 0x21
 6920 1178 DB1C0000 		.4byte	.LASF353
 6921 117c 01       		.byte	0x1
 6922 117d 7D02     		.2byte	0x27d
 6923 117f 96110000 		.4byte	0x1196
 6924 1183 02       		.uleb128 0x2
 6925 1184 91       		.byte	0x91
 6926 1185 58       		.sleb128 -40
 6927 1186 1E       		.uleb128 0x1e
 6928 1187 73747200 		.ascii	"str\000"
ARM GAS  C:\Users\alexport\AppData\Local\Temp\cc2gMrRa.s 			page 148


 6929 118b 01       		.byte	0x1
 6930 118c 8702     		.2byte	0x287
 6931 118e 2D0A0000 		.4byte	0xa2d
 6932 1192 02       		.uleb128 0x2
 6933 1193 91       		.byte	0x91
 6934 1194 4C       		.sleb128 -52
 6935 1195 00       		.byte	0
 6936 1196 0B       		.uleb128 0xb
 6937 1197 97000000 		.4byte	0x97
 6938 119b A6110000 		.4byte	0x11a6
 6939 119f 0C       		.uleb128 0xc
 6940 11a0 38010000 		.4byte	0x138
 6941 11a4 01       		.byte	0x1
 6942 11a5 00       		.byte	0
 6943 11a6 20       		.uleb128 0x20
 6944 11a7 5F180000 		.4byte	.LASF354
 6945 11ab 01       		.byte	0x1
 6946 11ac A603     		.2byte	0x3a6
 6947 11ae 00000000 		.4byte	.LFB52
 6948 11b2 BE070000 		.4byte	.LFE52-.LFB52
 6949 11b6 01       		.uleb128 0x1
 6950 11b7 9C       		.byte	0x9c
 6951 11b8 EA110000 		.4byte	0x11ea
 6952 11bc 22       		.uleb128 0x22
 6953 11bd 14170000 		.4byte	.LASF355
 6954 11c1 01       		.byte	0x1
 6955 11c2 A603     		.2byte	0x3a6
 6956 11c4 DB000000 		.4byte	0xdb
 6957 11c8 02       		.uleb128 0x2
 6958 11c9 91       		.byte	0x91
 6959 11ca 6C       		.sleb128 -20
 6960 11cb 22       		.uleb128 0x22
 6961 11cc 681B0000 		.4byte	.LASF356
 6962 11d0 01       		.byte	0x1
 6963 11d1 A603     		.2byte	0x3a6
 6964 11d3 3F010000 		.4byte	0x13f
 6965 11d7 02       		.uleb128 0x2
 6966 11d8 91       		.byte	0x91
 6967 11d9 68       		.sleb128 -24
 6968 11da 21       		.uleb128 0x21
 6969 11db 0E100000 		.4byte	.LASF357
 6970 11df 01       		.byte	0x1
 6971 11e0 A803     		.2byte	0x3a8
 6972 11e2 EA110000 		.4byte	0x11ea
 6973 11e6 02       		.uleb128 0x2
 6974 11e7 91       		.byte	0x91
 6975 11e8 74       		.sleb128 -12
 6976 11e9 00       		.byte	0
 6977 11ea 08       		.uleb128 0x8
 6978 11eb 04       		.byte	0x4
 6979 11ec E7040000 		.4byte	0x4e7
 6980 11f0 1F       		.uleb128 0x1f
 6981 11f1 98020000 		.4byte	.LASF358
 6982 11f5 01       		.byte	0x1
 6983 11f6 BA04     		.2byte	0x4ba
 6984 11f8 00000000 		.4byte	.LFB53
 6985 11fc 14000000 		.4byte	.LFE53-.LFB53
ARM GAS  C:\Users\alexport\AppData\Local\Temp\cc2gMrRa.s 			page 149


 6986 1200 01       		.uleb128 0x1
 6987 1201 9C       		.byte	0x9c
 6988 1202 20       		.uleb128 0x20
 6989 1203 930C0000 		.4byte	.LASF359
 6990 1207 01       		.byte	0x1
 6991 1208 BF04     		.2byte	0x4bf
 6992 120a 00000000 		.4byte	.LFB54
 6993 120e 28000000 		.4byte	.LFE54-.LFB54
 6994 1212 01       		.uleb128 0x1
 6995 1213 9C       		.byte	0x9c
 6996 1214 28120000 		.4byte	0x1228
 6997 1218 22       		.uleb128 0x22
 6998 1219 9D1C0000 		.4byte	.LASF330
 6999 121d 01       		.byte	0x1
 7000 121e BF04     		.2byte	0x4bf
 7001 1220 A2000000 		.4byte	0xa2
 7002 1224 02       		.uleb128 0x2
 7003 1225 91       		.byte	0x91
 7004 1226 76       		.sleb128 -10
 7005 1227 00       		.byte	0
 7006 1228 1F       		.uleb128 0x1f
 7007 1229 B1170000 		.4byte	.LASF360
 7008 122d 01       		.byte	0x1
 7009 122e C804     		.2byte	0x4c8
 7010 1230 00000000 		.4byte	.LFB55
 7011 1234 64000000 		.4byte	.LFE55-.LFB55
 7012 1238 01       		.uleb128 0x1
 7013 1239 9C       		.byte	0x9c
 7014 123a 1F       		.uleb128 0x1f
 7015 123b 241A0000 		.4byte	.LASF361
 7016 123f 01       		.byte	0x1
 7017 1240 0305     		.2byte	0x503
 7018 1242 00000000 		.4byte	.LFB56
 7019 1246 20000000 		.4byte	.LFE56-.LFB56
 7020 124a 01       		.uleb128 0x1
 7021 124b 9C       		.byte	0x9c
 7022 124c 20       		.uleb128 0x20
 7023 124d D4020000 		.4byte	.LASF362
 7024 1251 01       		.byte	0x1
 7025 1252 0B05     		.2byte	0x50b
 7026 1254 00000000 		.4byte	.LFB57
 7027 1258 5A000000 		.4byte	.LFE57-.LFB57
 7028 125c 01       		.uleb128 0x1
 7029 125d 9C       		.byte	0x9c
 7030 125e 9D120000 		.4byte	0x129d
 7031 1262 23       		.uleb128 0x23
 7032 1263 64737400 		.ascii	"dst\000"
 7033 1267 01       		.byte	0x1
 7034 1268 0B05     		.2byte	0x50b
 7035 126a 41010000 		.4byte	0x141
 7036 126e 02       		.uleb128 0x2
 7037 126f 91       		.byte	0x91
 7038 1270 6C       		.sleb128 -20
 7039 1271 23       		.uleb128 0x23
 7040 1272 73747200 		.ascii	"str\000"
 7041 1276 01       		.byte	0x1
 7042 1277 0B05     		.2byte	0x50b
ARM GAS  C:\Users\alexport\AppData\Local\Temp\cc2gMrRa.s 			page 150


 7043 1279 41010000 		.4byte	0x141
 7044 127d 02       		.uleb128 0x2
 7045 127e 91       		.byte	0x91
 7046 127f 68       		.sleb128 -24
 7047 1280 1E       		.uleb128 0x1e
 7048 1281 6900     		.ascii	"i\000"
 7049 1283 01       		.byte	0x1
 7050 1284 0C05     		.2byte	0x50c
 7051 1286 89000000 		.4byte	0x89
 7052 128a 02       		.uleb128 0x2
 7053 128b 91       		.byte	0x91
 7054 128c 74       		.sleb128 -12
 7055 128d 1E       		.uleb128 0x1e
 7056 128e 6C656E00 		.ascii	"len\000"
 7057 1292 01       		.byte	0x1
 7058 1293 0D05     		.2byte	0x50d
 7059 1295 89000000 		.4byte	0x89
 7060 1299 02       		.uleb128 0x2
 7061 129a 91       		.byte	0x91
 7062 129b 70       		.sleb128 -16
 7063 129c 00       		.byte	0
 7064 129d 24       		.uleb128 0x24
 7065 129e 0B0A0000 		.4byte	.LASF363
 7066 12a2 09       		.byte	0x9
 7067 12a3 B30A     		.2byte	0xab3
 7068 12a5 67050000 		.4byte	0x567
 7069 12a9 24       		.uleb128 0x24
 7070 12aa F4080000 		.4byte	.LASF364
 7071 12ae 09       		.byte	0x9
 7072 12af B40A     		.2byte	0xab4
 7073 12b1 42040000 		.4byte	0x442
 7074 12b5 25       		.uleb128 0x25
 7075 12b6 BB0D0000 		.4byte	.LASF365
 7076 12ba 01       		.byte	0x1
 7077 12bb 1D       		.byte	0x1d
 7078 12bc 97000000 		.4byte	0x97
 7079 12c0 05       		.uleb128 0x5
 7080 12c1 03       		.byte	0x3
 7081 12c2 00000000 		.4byte	mySlaveAddr
 7082 12c6 26       		.uleb128 0x26
 7083 12c7 6D736100 		.ascii	"msa\000"
 7084 12cb 01       		.byte	0x1
 7085 12cc 1D       		.byte	0x1d
 7086 12cd 97000000 		.4byte	0x97
 7087 12d1 05       		.uleb128 0x5
 7088 12d2 03       		.byte	0x3
 7089 12d3 00000000 		.4byte	msa
 7090 12d7 25       		.uleb128 0x25
 7091 12d8 F6060000 		.4byte	.LASF366
 7092 12dc 01       		.byte	0x1
 7093 12dd 1B       		.byte	0x1b
 7094 12de 97000000 		.4byte	0x97
 7095 12e2 05       		.uleb128 0x5
 7096 12e3 03       		.byte	0x3
 7097 12e4 00000000 		.4byte	rs232RequestReceived
 7098 12e8 27       		.uleb128 0x27
 7099 12e9 BA000000 		.4byte	.LASF367
ARM GAS  C:\Users\alexport\AppData\Local\Temp\cc2gMrRa.s 			page 151


 7100 12ed 0B       		.byte	0xb
 7101 12ee 6001     		.2byte	0x160
 7102 12f0 CF050000 		.4byte	0x5cf
 7103 12f4 05       		.uleb128 0x5
 7104 12f5 03       		.byte	0x3
 7105 12f6 00000000 		.4byte	Sensor
 7106 12fa 27       		.uleb128 0x27
 7107 12fb E31C0000 		.4byte	.LASF368
 7108 12ff 0B       		.byte	0xb
 7109 1300 A701     		.2byte	0x1a7
 7110 1302 3D0A0000 		.4byte	0xa3d
 7111 1306 05       		.uleb128 0x5
 7112 1307 03       		.byte	0x3
 7113 1308 00000000 		.4byte	System
 7114 130c 25       		.uleb128 0x25
 7115 130d 8E190000 		.4byte	.LASF369
 7116 1311 01       		.byte	0x1
 7117 1312 13       		.byte	0x13
 7118 1313 AF050000 		.4byte	0x5af
 7119 1317 05       		.uleb128 0x5
 7120 1318 03       		.byte	0x3
 7121 1319 00000000 		.4byte	firmwareVersion
 7122 131d 0B       		.uleb128 0xb
 7123 131e 97000000 		.4byte	0x97
 7124 1322 2D130000 		.4byte	0x132d
 7125 1326 0C       		.uleb128 0xc
 7126 1327 38010000 		.4byte	0x138
 7127 132b 6D       		.byte	0x6d
 7128 132c 00       		.byte	0
 7129 132d 25       		.uleb128 0x25
 7130 132e E00C0000 		.4byte	.LASF370
 7131 1332 01       		.byte	0x1
 7132 1333 15       		.byte	0x15
 7133 1334 1D130000 		.4byte	0x131d
 7134 1338 05       		.uleb128 0x5
 7135 1339 03       		.byte	0x3
 7136 133a 00000000 		.4byte	sensor
 7137 133e 0B       		.uleb128 0xb
 7138 133f 97000000 		.4byte	0x97
 7139 1343 4E130000 		.4byte	0x134e
 7140 1347 0C       		.uleb128 0xc
 7141 1348 38010000 		.4byte	0x138
 7142 134c C7       		.byte	0xc7
 7143 134d 00       		.byte	0
 7144 134e 28       		.uleb128 0x28
 7145 134f 2D050000 		.4byte	.LASF371
 7146 1353 01       		.byte	0x1
 7147 1354 16       		.byte	0x16
 7148 1355 3E130000 		.4byte	0x133e
 7149 1359 0B       		.uleb128 0xb
 7150 135a 97000000 		.4byte	0x97
 7151 135e 69130000 		.4byte	0x1369
 7152 1362 0C       		.uleb128 0xc
 7153 1363 38010000 		.4byte	0x138
 7154 1367 FF       		.byte	0xff
 7155 1368 00       		.byte	0
 7156 1369 28       		.uleb128 0x28
ARM GAS  C:\Users\alexport\AppData\Local\Temp\cc2gMrRa.s 			page 152


 7157 136a 0E1C0000 		.4byte	.LASF372
 7158 136e 01       		.byte	0x1
 7159 136f 17       		.byte	0x17
 7160 1370 59130000 		.4byte	0x1359
 7161 1374 0B       		.uleb128 0xb
 7162 1375 97000000 		.4byte	0x97
 7163 1379 84130000 		.4byte	0x1384
 7164 137d 0C       		.uleb128 0xc
 7165 137e 38010000 		.4byte	0x138
 7166 1382 07       		.byte	0x7
 7167 1383 00       		.byte	0
 7168 1384 25       		.uleb128 0x25
 7169 1385 80190000 		.4byte	.LASF373
 7170 1389 01       		.byte	0x1
 7171 138a 19       		.byte	0x19
 7172 138b 74130000 		.4byte	0x1374
 7173 138f 05       		.uleb128 0x5
 7174 1390 03       		.byte	0x3
 7175 1391 00000000 		.4byte	rs232RxBuffer
 7176 1395 25       		.uleb128 0x25
 7177 1396 59110000 		.4byte	.LASF374
 7178 139a 01       		.byte	0x1
 7179 139b 1E       		.byte	0x1e
 7180 139c A2000000 		.4byte	0xa2
 7181 13a0 05       		.uleb128 0x5
 7182 13a1 03       		.byte	0x3
 7183 13a2 00000000 		.4byte	i2cPeriod
 7184 13a6 25       		.uleb128 0x25
 7185 13a7 60130000 		.4byte	.LASF375
 7186 13ab 01       		.byte	0x1
 7187 13ac 1F       		.byte	0x1f
 7188 13ad A2000000 		.4byte	0xa2
 7189 13b1 05       		.uleb128 0x5
 7190 13b2 03       		.byte	0x3
 7191 13b3 00000000 		.4byte	sleepPeriod
 7192 13b7 25       		.uleb128 0x25
 7193 13b8 80040000 		.4byte	.LASF376
 7194 13bc 01       		.byte	0x1
 7195 13bd 21       		.byte	0x21
 7196 13be 97000000 		.4byte	0x97
 7197 13c2 05       		.uleb128 0x5
 7198 13c3 03       		.byte	0x3
 7199 13c4 00000000 		.4byte	bytesIn
 7200 13c8 25       		.uleb128 0x25
 7201 13c9 7D180000 		.4byte	.LASF377
 7202 13cd 01       		.byte	0x1
 7203 13ce 23       		.byte	0x23
 7204 13cf 97000000 		.4byte	0x97
 7205 13d3 05       		.uleb128 0x5
 7206 13d4 03       		.byte	0x3
 7207 13d5 00000000 		.4byte	startI2CRead
 7208 13d9 25       		.uleb128 0x25
 7209 13da 73060000 		.4byte	.LASF378
 7210 13de 01       		.byte	0x1
 7211 13df 24       		.byte	0x24
 7212 13e0 97000000 		.4byte	0x97
 7213 13e4 05       		.uleb128 0x5
ARM GAS  C:\Users\alexport\AppData\Local\Temp\cc2gMrRa.s 			page 153


 7214 13e5 03       		.byte	0x3
 7215 13e6 00000000 		.4byte	startI2CWrite
 7216 13ea 25       		.uleb128 0x25
 7217 13eb 6A1E0000 		.4byte	.LASF379
 7218 13ef 01       		.byte	0x1
 7219 13f0 26       		.byte	0x26
 7220 13f1 97000000 		.4byte	0x97
 7221 13f5 05       		.uleb128 0x5
 7222 13f6 03       		.byte	0x3
 7223 13f7 00000000 		.4byte	sendCommand
 7224 13fb 25       		.uleb128 0x25
 7225 13fc 6E160000 		.4byte	.LASF380
 7226 1400 01       		.byte	0x1
 7227 1401 27       		.byte	0x27
 7228 1402 97000000 		.4byte	0x97
 7229 1406 05       		.uleb128 0x5
 7230 1407 03       		.byte	0x3
 7231 1408 00000000 		.4byte	deepSleep
 7232 140c 25       		.uleb128 0x25
 7233 140d 4F150000 		.4byte	.LASF381
 7234 1411 01       		.byte	0x1
 7235 1412 28       		.byte	0x28
 7236 1413 97000000 		.4byte	0x97
 7237 1417 05       		.uleb128 0x5
 7238 1418 03       		.byte	0x3
 7239 1419 00000000 		.4byte	sleepEnable
 7240 141d 25       		.uleb128 0x25
 7241 141e B5090000 		.4byte	.LASF255
 7242 1422 01       		.byte	0x1
 7243 1423 2A       		.byte	0x2a
 7244 1424 97000000 		.4byte	0x97
 7245 1428 05       		.uleb128 0x5
 7246 1429 03       		.byte	0x3
 7247 142a 00000000 		.4byte	BleControl
 7248 142e 25       		.uleb128 0x25
 7249 142f 4F0F0000 		.4byte	.LASF382
 7250 1433 01       		.byte	0x1
 7251 1434 2C       		.byte	0x2c
 7252 1435 A2000000 		.4byte	0xa2
 7253 1439 05       		.uleb128 0x5
 7254 143a 03       		.byte	0x3
 7255 143b 00000000 		.4byte	slavePersent
 7256 143f 25       		.uleb128 0x25
 7257 1440 D01A0000 		.4byte	.LASF383
 7258 1444 01       		.byte	0x1
 7259 1445 2D       		.byte	0x2d
 7260 1446 A2000000 		.4byte	0xa2
 7261 144a 05       		.uleb128 0x5
 7262 144b 03       		.byte	0x3
 7263 144c 00000000 		.4byte	sleepCnt
 7264 1450 0B       		.uleb128 0xb
 7265 1451 C3000000 		.4byte	0xc3
 7266 1455 60140000 		.4byte	0x1460
 7267 1459 0C       		.uleb128 0xc
 7268 145a 38010000 		.4byte	0x138
 7269 145e 6D       		.byte	0x6d
 7270 145f 00       		.byte	0
ARM GAS  C:\Users\alexport\AppData\Local\Temp\cc2gMrRa.s 			page 154


 7271 1460 26       		.uleb128 0x26
 7272 1461 61727200 		.ascii	"arr\000"
 7273 1465 01       		.byte	0x1
 7274 1466 2F       		.byte	0x2f
 7275 1467 50140000 		.4byte	0x1450
 7276 146b 05       		.uleb128 0x5
 7277 146c 03       		.byte	0x3
 7278 146d 00000000 		.4byte	arr
 7279 1471 25       		.uleb128 0x25
 7280 1472 D2100000 		.4byte	.LASF384
 7281 1476 01       		.byte	0x1
 7282 1477 30       		.byte	0x30
 7283 1478 A4050000 		.4byte	0x5a4
 7284 147c 05       		.uleb128 0x5
 7285 147d 03       		.byte	0x3
 7286 147e 00000000 		.4byte	txarr
 7287 1482 27       		.uleb128 0x27
 7288 1483 A20C0000 		.4byte	.LASF385
 7289 1487 01       		.byte	0x1
 7290 1488 4103     		.2byte	0x341
 7291 148a 89000000 		.4byte	0x89
 7292 148e 05       		.uleb128 0x5
 7293 148f 03       		.byte	0x3
 7294 1490 00000000 		.4byte	capsenseNotify
 7295 1494 27       		.uleb128 0x27
 7296 1495 731B0000 		.4byte	.LASF386
 7297 1499 01       		.byte	0x1
 7298 149a 4203     		.2byte	0x342
 7299 149c 97000000 		.4byte	0x97
 7300 14a0 05       		.uleb128 0x5
 7301 14a1 03       		.byte	0x3
 7302 14a2 00000000 		.4byte	bleConnected
 7303 14a6 27       		.uleb128 0x27
 7304 14a7 B6050000 		.4byte	.LASF387
 7305 14ab 01       		.byte	0x1
 7306 14ac 4403     		.2byte	0x344
 7307 14ae 42040000 		.4byte	0x442
 7308 14b2 05       		.uleb128 0x5
 7309 14b3 03       		.byte	0x3
 7310 14b4 00000000 		.4byte	connectionHandle
 7311 14b8 00       		.byte	0
 7312              		.section	.debug_abbrev,"",%progbits
 7313              	.Ldebug_abbrev0:
 7314 0000 01       		.uleb128 0x1
 7315 0001 11       		.uleb128 0x11
 7316 0002 01       		.byte	0x1
 7317 0003 25       		.uleb128 0x25
 7318 0004 0E       		.uleb128 0xe
 7319 0005 13       		.uleb128 0x13
 7320 0006 0B       		.uleb128 0xb
 7321 0007 03       		.uleb128 0x3
 7322 0008 0E       		.uleb128 0xe
 7323 0009 1B       		.uleb128 0x1b
 7324 000a 0E       		.uleb128 0xe
 7325 000b 55       		.uleb128 0x55
 7326 000c 17       		.uleb128 0x17
 7327 000d 11       		.uleb128 0x11
ARM GAS  C:\Users\alexport\AppData\Local\Temp\cc2gMrRa.s 			page 155


 7328 000e 01       		.uleb128 0x1
 7329 000f 10       		.uleb128 0x10
 7330 0010 17       		.uleb128 0x17
 7331 0011 00       		.byte	0
 7332 0012 00       		.byte	0
 7333 0013 02       		.uleb128 0x2
 7334 0014 24       		.uleb128 0x24
 7335 0015 00       		.byte	0
 7336 0016 0B       		.uleb128 0xb
 7337 0017 0B       		.uleb128 0xb
 7338 0018 3E       		.uleb128 0x3e
 7339 0019 0B       		.uleb128 0xb
 7340 001a 03       		.uleb128 0x3
 7341 001b 0E       		.uleb128 0xe
 7342 001c 00       		.byte	0
 7343 001d 00       		.byte	0
 7344 001e 03       		.uleb128 0x3
 7345 001f 16       		.uleb128 0x16
 7346 0020 00       		.byte	0
 7347 0021 03       		.uleb128 0x3
 7348 0022 0E       		.uleb128 0xe
 7349 0023 3A       		.uleb128 0x3a
 7350 0024 0B       		.uleb128 0xb
 7351 0025 3B       		.uleb128 0x3b
 7352 0026 0B       		.uleb128 0xb
 7353 0027 49       		.uleb128 0x49
 7354 0028 13       		.uleb128 0x13
 7355 0029 00       		.byte	0
 7356 002a 00       		.byte	0
 7357 002b 04       		.uleb128 0x4
 7358 002c 24       		.uleb128 0x24
 7359 002d 00       		.byte	0
 7360 002e 0B       		.uleb128 0xb
 7361 002f 0B       		.uleb128 0xb
 7362 0030 3E       		.uleb128 0x3e
 7363 0031 0B       		.uleb128 0xb
 7364 0032 03       		.uleb128 0x3
 7365 0033 08       		.uleb128 0x8
 7366 0034 00       		.byte	0
 7367 0035 00       		.byte	0
 7368 0036 05       		.uleb128 0x5
 7369 0037 16       		.uleb128 0x16
 7370 0038 00       		.byte	0
 7371 0039 03       		.uleb128 0x3
 7372 003a 0E       		.uleb128 0xe
 7373 003b 3A       		.uleb128 0x3a
 7374 003c 0B       		.uleb128 0xb
 7375 003d 3B       		.uleb128 0x3b
 7376 003e 05       		.uleb128 0x5
 7377 003f 49       		.uleb128 0x49
 7378 0040 13       		.uleb128 0x13
 7379 0041 00       		.byte	0
 7380 0042 00       		.byte	0
 7381 0043 06       		.uleb128 0x6
 7382 0044 35       		.uleb128 0x35
 7383 0045 00       		.byte	0
 7384 0046 49       		.uleb128 0x49
ARM GAS  C:\Users\alexport\AppData\Local\Temp\cc2gMrRa.s 			page 156


 7385 0047 13       		.uleb128 0x13
 7386 0048 00       		.byte	0
 7387 0049 00       		.byte	0
 7388 004a 07       		.uleb128 0x7
 7389 004b 0F       		.uleb128 0xf
 7390 004c 00       		.byte	0
 7391 004d 0B       		.uleb128 0xb
 7392 004e 0B       		.uleb128 0xb
 7393 004f 00       		.byte	0
 7394 0050 00       		.byte	0
 7395 0051 08       		.uleb128 0x8
 7396 0052 0F       		.uleb128 0xf
 7397 0053 00       		.byte	0
 7398 0054 0B       		.uleb128 0xb
 7399 0055 0B       		.uleb128 0xb
 7400 0056 49       		.uleb128 0x49
 7401 0057 13       		.uleb128 0x13
 7402 0058 00       		.byte	0
 7403 0059 00       		.byte	0
 7404 005a 09       		.uleb128 0x9
 7405 005b 04       		.uleb128 0x4
 7406 005c 01       		.byte	0x1
 7407 005d 0B       		.uleb128 0xb
 7408 005e 0B       		.uleb128 0xb
 7409 005f 49       		.uleb128 0x49
 7410 0060 13       		.uleb128 0x13
 7411 0061 3A       		.uleb128 0x3a
 7412 0062 0B       		.uleb128 0xb
 7413 0063 3B       		.uleb128 0x3b
 7414 0064 05       		.uleb128 0x5
 7415 0065 01       		.uleb128 0x1
 7416 0066 13       		.uleb128 0x13
 7417 0067 00       		.byte	0
 7418 0068 00       		.byte	0
 7419 0069 0A       		.uleb128 0xa
 7420 006a 28       		.uleb128 0x28
 7421 006b 00       		.byte	0
 7422 006c 03       		.uleb128 0x3
 7423 006d 0E       		.uleb128 0xe
 7424 006e 1C       		.uleb128 0x1c
 7425 006f 0B       		.uleb128 0xb
 7426 0070 00       		.byte	0
 7427 0071 00       		.byte	0
 7428 0072 0B       		.uleb128 0xb
 7429 0073 01       		.uleb128 0x1
 7430 0074 01       		.byte	0x1
 7431 0075 49       		.uleb128 0x49
 7432 0076 13       		.uleb128 0x13
 7433 0077 01       		.uleb128 0x1
 7434 0078 13       		.uleb128 0x13
 7435 0079 00       		.byte	0
 7436 007a 00       		.byte	0
 7437 007b 0C       		.uleb128 0xc
 7438 007c 21       		.uleb128 0x21
 7439 007d 00       		.byte	0
 7440 007e 49       		.uleb128 0x49
 7441 007f 13       		.uleb128 0x13
ARM GAS  C:\Users\alexport\AppData\Local\Temp\cc2gMrRa.s 			page 157


 7442 0080 2F       		.uleb128 0x2f
 7443 0081 0B       		.uleb128 0xb
 7444 0082 00       		.byte	0
 7445 0083 00       		.byte	0
 7446 0084 0D       		.uleb128 0xd
 7447 0085 04       		.uleb128 0x4
 7448 0086 01       		.byte	0x1
 7449 0087 0B       		.uleb128 0xb
 7450 0088 0B       		.uleb128 0xb
 7451 0089 49       		.uleb128 0x49
 7452 008a 13       		.uleb128 0x13
 7453 008b 3A       		.uleb128 0x3a
 7454 008c 0B       		.uleb128 0xb
 7455 008d 3B       		.uleb128 0x3b
 7456 008e 0B       		.uleb128 0xb
 7457 008f 01       		.uleb128 0x1
 7458 0090 13       		.uleb128 0x13
 7459 0091 00       		.byte	0
 7460 0092 00       		.byte	0
 7461 0093 0E       		.uleb128 0xe
 7462 0094 13       		.uleb128 0x13
 7463 0095 01       		.byte	0x1
 7464 0096 0B       		.uleb128 0xb
 7465 0097 0B       		.uleb128 0xb
 7466 0098 3A       		.uleb128 0x3a
 7467 0099 0B       		.uleb128 0xb
 7468 009a 3B       		.uleb128 0x3b
 7469 009b 05       		.uleb128 0x5
 7470 009c 01       		.uleb128 0x1
 7471 009d 13       		.uleb128 0x13
 7472 009e 00       		.byte	0
 7473 009f 00       		.byte	0
 7474 00a0 0F       		.uleb128 0xf
 7475 00a1 0D       		.uleb128 0xd
 7476 00a2 00       		.byte	0
 7477 00a3 03       		.uleb128 0x3
 7478 00a4 0E       		.uleb128 0xe
 7479 00a5 3A       		.uleb128 0x3a
 7480 00a6 0B       		.uleb128 0xb
 7481 00a7 3B       		.uleb128 0x3b
 7482 00a8 05       		.uleb128 0x5
 7483 00a9 49       		.uleb128 0x49
 7484 00aa 13       		.uleb128 0x13
 7485 00ab 38       		.uleb128 0x38
 7486 00ac 0B       		.uleb128 0xb
 7487 00ad 00       		.byte	0
 7488 00ae 00       		.byte	0
 7489 00af 10       		.uleb128 0x10
 7490 00b0 0D       		.uleb128 0xd
 7491 00b1 00       		.byte	0
 7492 00b2 03       		.uleb128 0x3
 7493 00b3 08       		.uleb128 0x8
 7494 00b4 3A       		.uleb128 0x3a
 7495 00b5 0B       		.uleb128 0xb
 7496 00b6 3B       		.uleb128 0x3b
 7497 00b7 05       		.uleb128 0x5
 7498 00b8 49       		.uleb128 0x49
ARM GAS  C:\Users\alexport\AppData\Local\Temp\cc2gMrRa.s 			page 158


 7499 00b9 13       		.uleb128 0x13
 7500 00ba 38       		.uleb128 0x38
 7501 00bb 0B       		.uleb128 0xb
 7502 00bc 00       		.byte	0
 7503 00bd 00       		.byte	0
 7504 00be 11       		.uleb128 0x11
 7505 00bf 13       		.uleb128 0x13
 7506 00c0 01       		.byte	0x1
 7507 00c1 0B       		.uleb128 0xb
 7508 00c2 0B       		.uleb128 0xb
 7509 00c3 3A       		.uleb128 0x3a
 7510 00c4 0B       		.uleb128 0xb
 7511 00c5 3B       		.uleb128 0x3b
 7512 00c6 0B       		.uleb128 0xb
 7513 00c7 01       		.uleb128 0x1
 7514 00c8 13       		.uleb128 0x13
 7515 00c9 00       		.byte	0
 7516 00ca 00       		.byte	0
 7517 00cb 12       		.uleb128 0x12
 7518 00cc 0D       		.uleb128 0xd
 7519 00cd 00       		.byte	0
 7520 00ce 03       		.uleb128 0x3
 7521 00cf 0E       		.uleb128 0xe
 7522 00d0 3A       		.uleb128 0x3a
 7523 00d1 0B       		.uleb128 0xb
 7524 00d2 3B       		.uleb128 0x3b
 7525 00d3 0B       		.uleb128 0xb
 7526 00d4 49       		.uleb128 0x49
 7527 00d5 13       		.uleb128 0x13
 7528 00d6 38       		.uleb128 0x38
 7529 00d7 0B       		.uleb128 0xb
 7530 00d8 00       		.byte	0
 7531 00d9 00       		.byte	0
 7532 00da 13       		.uleb128 0x13
 7533 00db 0D       		.uleb128 0xd
 7534 00dc 00       		.byte	0
 7535 00dd 03       		.uleb128 0x3
 7536 00de 08       		.uleb128 0x8
 7537 00df 3A       		.uleb128 0x3a
 7538 00e0 0B       		.uleb128 0xb
 7539 00e1 3B       		.uleb128 0x3b
 7540 00e2 0B       		.uleb128 0xb
 7541 00e3 49       		.uleb128 0x49
 7542 00e4 13       		.uleb128 0x13
 7543 00e5 38       		.uleb128 0x38
 7544 00e6 0B       		.uleb128 0xb
 7545 00e7 00       		.byte	0
 7546 00e8 00       		.byte	0
 7547 00e9 14       		.uleb128 0x14
 7548 00ea 13       		.uleb128 0x13
 7549 00eb 01       		.byte	0x1
 7550 00ec 0B       		.uleb128 0xb
 7551 00ed 05       		.uleb128 0x5
 7552 00ee 3A       		.uleb128 0x3a
 7553 00ef 0B       		.uleb128 0xb
 7554 00f0 3B       		.uleb128 0x3b
 7555 00f1 05       		.uleb128 0x5
ARM GAS  C:\Users\alexport\AppData\Local\Temp\cc2gMrRa.s 			page 159


 7556 00f2 01       		.uleb128 0x1
 7557 00f3 13       		.uleb128 0x13
 7558 00f4 00       		.byte	0
 7559 00f5 00       		.byte	0
 7560 00f6 15       		.uleb128 0x15
 7561 00f7 0D       		.uleb128 0xd
 7562 00f8 00       		.byte	0
 7563 00f9 03       		.uleb128 0x3
 7564 00fa 0E       		.uleb128 0xe
 7565 00fb 3A       		.uleb128 0x3a
 7566 00fc 0B       		.uleb128 0xb
 7567 00fd 3B       		.uleb128 0x3b
 7568 00fe 05       		.uleb128 0x5
 7569 00ff 49       		.uleb128 0x49
 7570 0100 13       		.uleb128 0x13
 7571 0101 38       		.uleb128 0x38
 7572 0102 05       		.uleb128 0x5
 7573 0103 00       		.byte	0
 7574 0104 00       		.byte	0
 7575 0105 16       		.uleb128 0x16
 7576 0106 2E       		.uleb128 0x2e
 7577 0107 01       		.byte	0x1
 7578 0108 3F       		.uleb128 0x3f
 7579 0109 19       		.uleb128 0x19
 7580 010a 03       		.uleb128 0x3
 7581 010b 0E       		.uleb128 0xe
 7582 010c 3A       		.uleb128 0x3a
 7583 010d 0B       		.uleb128 0xb
 7584 010e 3B       		.uleb128 0x3b
 7585 010f 0B       		.uleb128 0xb
 7586 0110 27       		.uleb128 0x27
 7587 0111 19       		.uleb128 0x19
 7588 0112 11       		.uleb128 0x11
 7589 0113 01       		.uleb128 0x1
 7590 0114 12       		.uleb128 0x12
 7591 0115 06       		.uleb128 0x6
 7592 0116 40       		.uleb128 0x40
 7593 0117 18       		.uleb128 0x18
 7594 0118 9642     		.uleb128 0x2116
 7595 011a 19       		.uleb128 0x19
 7596 011b 01       		.uleb128 0x1
 7597 011c 13       		.uleb128 0x13
 7598 011d 00       		.byte	0
 7599 011e 00       		.byte	0
 7600 011f 17       		.uleb128 0x17
 7601 0120 05       		.uleb128 0x5
 7602 0121 00       		.byte	0
 7603 0122 03       		.uleb128 0x3
 7604 0123 08       		.uleb128 0x8
 7605 0124 3A       		.uleb128 0x3a
 7606 0125 0B       		.uleb128 0xb
 7607 0126 3B       		.uleb128 0x3b
 7608 0127 0B       		.uleb128 0xb
 7609 0128 49       		.uleb128 0x49
 7610 0129 13       		.uleb128 0x13
 7611 012a 02       		.uleb128 0x2
 7612 012b 18       		.uleb128 0x18
ARM GAS  C:\Users\alexport\AppData\Local\Temp\cc2gMrRa.s 			page 160


 7613 012c 00       		.byte	0
 7614 012d 00       		.byte	0
 7615 012e 18       		.uleb128 0x18
 7616 012f 05       		.uleb128 0x5
 7617 0130 00       		.byte	0
 7618 0131 03       		.uleb128 0x3
 7619 0132 0E       		.uleb128 0xe
 7620 0133 3A       		.uleb128 0x3a
 7621 0134 0B       		.uleb128 0xb
 7622 0135 3B       		.uleb128 0x3b
 7623 0136 0B       		.uleb128 0xb
 7624 0137 49       		.uleb128 0x49
 7625 0138 13       		.uleb128 0x13
 7626 0139 02       		.uleb128 0x2
 7627 013a 18       		.uleb128 0x18
 7628 013b 00       		.byte	0
 7629 013c 00       		.byte	0
 7630 013d 19       		.uleb128 0x19
 7631 013e 0B       		.uleb128 0xb
 7632 013f 01       		.byte	0x1
 7633 0140 11       		.uleb128 0x11
 7634 0141 01       		.uleb128 0x1
 7635 0142 12       		.uleb128 0x12
 7636 0143 06       		.uleb128 0x6
 7637 0144 00       		.byte	0
 7638 0145 00       		.byte	0
 7639 0146 1A       		.uleb128 0x1a
 7640 0147 34       		.uleb128 0x34
 7641 0148 00       		.byte	0
 7642 0149 03       		.uleb128 0x3
 7643 014a 08       		.uleb128 0x8
 7644 014b 3A       		.uleb128 0x3a
 7645 014c 0B       		.uleb128 0xb
 7646 014d 3B       		.uleb128 0x3b
 7647 014e 0B       		.uleb128 0xb
 7648 014f 49       		.uleb128 0x49
 7649 0150 13       		.uleb128 0x13
 7650 0151 02       		.uleb128 0x2
 7651 0152 18       		.uleb128 0x18
 7652 0153 00       		.byte	0
 7653 0154 00       		.byte	0
 7654 0155 1B       		.uleb128 0x1b
 7655 0156 34       		.uleb128 0x34
 7656 0157 00       		.byte	0
 7657 0158 03       		.uleb128 0x3
 7658 0159 0E       		.uleb128 0xe
 7659 015a 3A       		.uleb128 0x3a
 7660 015b 0B       		.uleb128 0xb
 7661 015c 3B       		.uleb128 0x3b
 7662 015d 0B       		.uleb128 0xb
 7663 015e 49       		.uleb128 0x49
 7664 015f 13       		.uleb128 0x13
 7665 0160 02       		.uleb128 0x2
 7666 0161 18       		.uleb128 0x18
 7667 0162 00       		.byte	0
 7668 0163 00       		.byte	0
 7669 0164 1C       		.uleb128 0x1c
ARM GAS  C:\Users\alexport\AppData\Local\Temp\cc2gMrRa.s 			page 161


 7670 0165 2E       		.uleb128 0x2e
 7671 0166 01       		.byte	0x1
 7672 0167 3F       		.uleb128 0x3f
 7673 0168 19       		.uleb128 0x19
 7674 0169 03       		.uleb128 0x3
 7675 016a 0E       		.uleb128 0xe
 7676 016b 3A       		.uleb128 0x3a
 7677 016c 0B       		.uleb128 0xb
 7678 016d 3B       		.uleb128 0x3b
 7679 016e 0B       		.uleb128 0xb
 7680 016f 27       		.uleb128 0x27
 7681 0170 19       		.uleb128 0x19
 7682 0171 49       		.uleb128 0x49
 7683 0172 13       		.uleb128 0x13
 7684 0173 11       		.uleb128 0x11
 7685 0174 01       		.uleb128 0x1
 7686 0175 12       		.uleb128 0x12
 7687 0176 06       		.uleb128 0x6
 7688 0177 40       		.uleb128 0x40
 7689 0178 18       		.uleb128 0x18
 7690 0179 9642     		.uleb128 0x2116
 7691 017b 19       		.uleb128 0x19
 7692 017c 01       		.uleb128 0x1
 7693 017d 13       		.uleb128 0x13
 7694 017e 00       		.byte	0
 7695 017f 00       		.byte	0
 7696 0180 1D       		.uleb128 0x1d
 7697 0181 2E       		.uleb128 0x2e
 7698 0182 00       		.byte	0
 7699 0183 3F       		.uleb128 0x3f
 7700 0184 19       		.uleb128 0x19
 7701 0185 03       		.uleb128 0x3
 7702 0186 0E       		.uleb128 0xe
 7703 0187 3A       		.uleb128 0x3a
 7704 0188 0B       		.uleb128 0xb
 7705 0189 3B       		.uleb128 0x3b
 7706 018a 0B       		.uleb128 0xb
 7707 018b 27       		.uleb128 0x27
 7708 018c 19       		.uleb128 0x19
 7709 018d 11       		.uleb128 0x11
 7710 018e 01       		.uleb128 0x1
 7711 018f 12       		.uleb128 0x12
 7712 0190 06       		.uleb128 0x6
 7713 0191 40       		.uleb128 0x40
 7714 0192 18       		.uleb128 0x18
 7715 0193 9642     		.uleb128 0x2116
 7716 0195 19       		.uleb128 0x19
 7717 0196 00       		.byte	0
 7718 0197 00       		.byte	0
 7719 0198 1E       		.uleb128 0x1e
 7720 0199 34       		.uleb128 0x34
 7721 019a 00       		.byte	0
 7722 019b 03       		.uleb128 0x3
 7723 019c 08       		.uleb128 0x8
 7724 019d 3A       		.uleb128 0x3a
 7725 019e 0B       		.uleb128 0xb
 7726 019f 3B       		.uleb128 0x3b
ARM GAS  C:\Users\alexport\AppData\Local\Temp\cc2gMrRa.s 			page 162


 7727 01a0 05       		.uleb128 0x5
 7728 01a1 49       		.uleb128 0x49
 7729 01a2 13       		.uleb128 0x13
 7730 01a3 02       		.uleb128 0x2
 7731 01a4 18       		.uleb128 0x18
 7732 01a5 00       		.byte	0
 7733 01a6 00       		.byte	0
 7734 01a7 1F       		.uleb128 0x1f
 7735 01a8 2E       		.uleb128 0x2e
 7736 01a9 00       		.byte	0
 7737 01aa 3F       		.uleb128 0x3f
 7738 01ab 19       		.uleb128 0x19
 7739 01ac 03       		.uleb128 0x3
 7740 01ad 0E       		.uleb128 0xe
 7741 01ae 3A       		.uleb128 0x3a
 7742 01af 0B       		.uleb128 0xb
 7743 01b0 3B       		.uleb128 0x3b
 7744 01b1 05       		.uleb128 0x5
 7745 01b2 27       		.uleb128 0x27
 7746 01b3 19       		.uleb128 0x19
 7747 01b4 11       		.uleb128 0x11
 7748 01b5 01       		.uleb128 0x1
 7749 01b6 12       		.uleb128 0x12
 7750 01b7 06       		.uleb128 0x6
 7751 01b8 40       		.uleb128 0x40
 7752 01b9 18       		.uleb128 0x18
 7753 01ba 9642     		.uleb128 0x2116
 7754 01bc 19       		.uleb128 0x19
 7755 01bd 00       		.byte	0
 7756 01be 00       		.byte	0
 7757 01bf 20       		.uleb128 0x20
 7758 01c0 2E       		.uleb128 0x2e
 7759 01c1 01       		.byte	0x1
 7760 01c2 3F       		.uleb128 0x3f
 7761 01c3 19       		.uleb128 0x19
 7762 01c4 03       		.uleb128 0x3
 7763 01c5 0E       		.uleb128 0xe
 7764 01c6 3A       		.uleb128 0x3a
 7765 01c7 0B       		.uleb128 0xb
 7766 01c8 3B       		.uleb128 0x3b
 7767 01c9 05       		.uleb128 0x5
 7768 01ca 27       		.uleb128 0x27
 7769 01cb 19       		.uleb128 0x19
 7770 01cc 11       		.uleb128 0x11
 7771 01cd 01       		.uleb128 0x1
 7772 01ce 12       		.uleb128 0x12
 7773 01cf 06       		.uleb128 0x6
 7774 01d0 40       		.uleb128 0x40
 7775 01d1 18       		.uleb128 0x18
 7776 01d2 9642     		.uleb128 0x2116
 7777 01d4 19       		.uleb128 0x19
 7778 01d5 01       		.uleb128 0x1
 7779 01d6 13       		.uleb128 0x13
 7780 01d7 00       		.byte	0
 7781 01d8 00       		.byte	0
 7782 01d9 21       		.uleb128 0x21
 7783 01da 34       		.uleb128 0x34
ARM GAS  C:\Users\alexport\AppData\Local\Temp\cc2gMrRa.s 			page 163


 7784 01db 00       		.byte	0
 7785 01dc 03       		.uleb128 0x3
 7786 01dd 0E       		.uleb128 0xe
 7787 01de 3A       		.uleb128 0x3a
 7788 01df 0B       		.uleb128 0xb
 7789 01e0 3B       		.uleb128 0x3b
 7790 01e1 05       		.uleb128 0x5
 7791 01e2 49       		.uleb128 0x49
 7792 01e3 13       		.uleb128 0x13
 7793 01e4 02       		.uleb128 0x2
 7794 01e5 18       		.uleb128 0x18
 7795 01e6 00       		.byte	0
 7796 01e7 00       		.byte	0
 7797 01e8 22       		.uleb128 0x22
 7798 01e9 05       		.uleb128 0x5
 7799 01ea 00       		.byte	0
 7800 01eb 03       		.uleb128 0x3
 7801 01ec 0E       		.uleb128 0xe
 7802 01ed 3A       		.uleb128 0x3a
 7803 01ee 0B       		.uleb128 0xb
 7804 01ef 3B       		.uleb128 0x3b
 7805 01f0 05       		.uleb128 0x5
 7806 01f1 49       		.uleb128 0x49
 7807 01f2 13       		.uleb128 0x13
 7808 01f3 02       		.uleb128 0x2
 7809 01f4 18       		.uleb128 0x18
 7810 01f5 00       		.byte	0
 7811 01f6 00       		.byte	0
 7812 01f7 23       		.uleb128 0x23
 7813 01f8 05       		.uleb128 0x5
 7814 01f9 00       		.byte	0
 7815 01fa 03       		.uleb128 0x3
 7816 01fb 08       		.uleb128 0x8
 7817 01fc 3A       		.uleb128 0x3a
 7818 01fd 0B       		.uleb128 0xb
 7819 01fe 3B       		.uleb128 0x3b
 7820 01ff 05       		.uleb128 0x5
 7821 0200 49       		.uleb128 0x49
 7822 0201 13       		.uleb128 0x13
 7823 0202 02       		.uleb128 0x2
 7824 0203 18       		.uleb128 0x18
 7825 0204 00       		.byte	0
 7826 0205 00       		.byte	0
 7827 0206 24       		.uleb128 0x24
 7828 0207 34       		.uleb128 0x34
 7829 0208 00       		.byte	0
 7830 0209 03       		.uleb128 0x3
 7831 020a 0E       		.uleb128 0xe
 7832 020b 3A       		.uleb128 0x3a
 7833 020c 0B       		.uleb128 0xb
 7834 020d 3B       		.uleb128 0x3b
 7835 020e 05       		.uleb128 0x5
 7836 020f 49       		.uleb128 0x49
 7837 0210 13       		.uleb128 0x13
 7838 0211 3F       		.uleb128 0x3f
 7839 0212 19       		.uleb128 0x19
 7840 0213 3C       		.uleb128 0x3c
ARM GAS  C:\Users\alexport\AppData\Local\Temp\cc2gMrRa.s 			page 164


 7841 0214 19       		.uleb128 0x19
 7842 0215 00       		.byte	0
 7843 0216 00       		.byte	0
 7844 0217 25       		.uleb128 0x25
 7845 0218 34       		.uleb128 0x34
 7846 0219 00       		.byte	0
 7847 021a 03       		.uleb128 0x3
 7848 021b 0E       		.uleb128 0xe
 7849 021c 3A       		.uleb128 0x3a
 7850 021d 0B       		.uleb128 0xb
 7851 021e 3B       		.uleb128 0x3b
 7852 021f 0B       		.uleb128 0xb
 7853 0220 49       		.uleb128 0x49
 7854 0221 13       		.uleb128 0x13
 7855 0222 3F       		.uleb128 0x3f
 7856 0223 19       		.uleb128 0x19
 7857 0224 02       		.uleb128 0x2
 7858 0225 18       		.uleb128 0x18
 7859 0226 00       		.byte	0
 7860 0227 00       		.byte	0
 7861 0228 26       		.uleb128 0x26
 7862 0229 34       		.uleb128 0x34
 7863 022a 00       		.byte	0
 7864 022b 03       		.uleb128 0x3
 7865 022c 08       		.uleb128 0x8
 7866 022d 3A       		.uleb128 0x3a
 7867 022e 0B       		.uleb128 0xb
 7868 022f 3B       		.uleb128 0x3b
 7869 0230 0B       		.uleb128 0xb
 7870 0231 49       		.uleb128 0x49
 7871 0232 13       		.uleb128 0x13
 7872 0233 3F       		.uleb128 0x3f
 7873 0234 19       		.uleb128 0x19
 7874 0235 02       		.uleb128 0x2
 7875 0236 18       		.uleb128 0x18
 7876 0237 00       		.byte	0
 7877 0238 00       		.byte	0
 7878 0239 27       		.uleb128 0x27
 7879 023a 34       		.uleb128 0x34
 7880 023b 00       		.byte	0
 7881 023c 03       		.uleb128 0x3
 7882 023d 0E       		.uleb128 0xe
 7883 023e 3A       		.uleb128 0x3a
 7884 023f 0B       		.uleb128 0xb
 7885 0240 3B       		.uleb128 0x3b
 7886 0241 05       		.uleb128 0x5
 7887 0242 49       		.uleb128 0x49
 7888 0243 13       		.uleb128 0x13
 7889 0244 3F       		.uleb128 0x3f
 7890 0245 19       		.uleb128 0x19
 7891 0246 02       		.uleb128 0x2
 7892 0247 18       		.uleb128 0x18
 7893 0248 00       		.byte	0
 7894 0249 00       		.byte	0
 7895 024a 28       		.uleb128 0x28
 7896 024b 34       		.uleb128 0x34
 7897 024c 00       		.byte	0
ARM GAS  C:\Users\alexport\AppData\Local\Temp\cc2gMrRa.s 			page 165


 7898 024d 03       		.uleb128 0x3
 7899 024e 0E       		.uleb128 0xe
 7900 024f 3A       		.uleb128 0x3a
 7901 0250 0B       		.uleb128 0xb
 7902 0251 3B       		.uleb128 0x3b
 7903 0252 0B       		.uleb128 0xb
 7904 0253 49       		.uleb128 0x49
 7905 0254 13       		.uleb128 0x13
 7906 0255 3F       		.uleb128 0x3f
 7907 0256 19       		.uleb128 0x19
 7908 0257 3C       		.uleb128 0x3c
 7909 0258 19       		.uleb128 0x19
 7910 0259 00       		.byte	0
 7911 025a 00       		.byte	0
 7912 025b 00       		.byte	0
 7913              		.section	.debug_aranges,"",%progbits
 7914 0000 CC000000 		.4byte	0xcc
 7915 0004 0200     		.2byte	0x2
 7916 0006 00000000 		.4byte	.Ldebug_info0
 7917 000a 04       		.byte	0x4
 7918 000b 00       		.byte	0
 7919 000c 0000     		.2byte	0
 7920 000e 0000     		.2byte	0
 7921 0010 00000000 		.4byte	.LFB35
 7922 0014 84000000 		.4byte	.LFE35-.LFB35
 7923 0018 00000000 		.4byte	.LFB36
 7924 001c A4010000 		.4byte	.LFE36-.LFB36
 7925 0020 00000000 		.4byte	.LFB37
 7926 0024 34000000 		.4byte	.LFE37-.LFB37
 7927 0028 00000000 		.4byte	.LFB38
 7928 002c 28000000 		.4byte	.LFE38-.LFB38
 7929 0030 00000000 		.4byte	.LFB39
 7930 0034 64000000 		.4byte	.LFE39-.LFB39
 7931 0038 00000000 		.4byte	.LFB40
 7932 003c 44000000 		.4byte	.LFE40-.LFB40
 7933 0040 00000000 		.4byte	.LFB41
 7934 0044 60000000 		.4byte	.LFE41-.LFB41
 7935 0048 00000000 		.4byte	.LFB42
 7936 004c 44000000 		.4byte	.LFE42-.LFB42
 7937 0050 00000000 		.4byte	.LFB43
 7938 0054 44000000 		.4byte	.LFE43-.LFB43
 7939 0058 00000000 		.4byte	.LFB44
 7940 005c 1C000000 		.4byte	.LFE44-.LFB44
 7941 0060 00000000 		.4byte	.LFB45
 7942 0064 2A000000 		.4byte	.LFE45-.LFB45
 7943 0068 00000000 		.4byte	.LFB46
 7944 006c 8C050000 		.4byte	.LFE46-.LFB46
 7945 0070 00000000 		.4byte	.LFB47
 7946 0074 30000000 		.4byte	.LFE47-.LFB47
 7947 0078 00000000 		.4byte	.LFB48
 7948 007c 18000000 		.4byte	.LFE48-.LFB48
 7949 0080 00000000 		.4byte	.LFB49
 7950 0084 18000000 		.4byte	.LFE49-.LFB49
 7951 0088 00000000 		.4byte	.LFB50
 7952 008c 94010000 		.4byte	.LFE50-.LFB50
 7953 0090 00000000 		.4byte	.LFB51
 7954 0094 B0080000 		.4byte	.LFE51-.LFB51
ARM GAS  C:\Users\alexport\AppData\Local\Temp\cc2gMrRa.s 			page 166


 7955 0098 00000000 		.4byte	.LFB52
 7956 009c BE070000 		.4byte	.LFE52-.LFB52
 7957 00a0 00000000 		.4byte	.LFB53
 7958 00a4 14000000 		.4byte	.LFE53-.LFB53
 7959 00a8 00000000 		.4byte	.LFB54
 7960 00ac 28000000 		.4byte	.LFE54-.LFB54
 7961 00b0 00000000 		.4byte	.LFB55
 7962 00b4 64000000 		.4byte	.LFE55-.LFB55
 7963 00b8 00000000 		.4byte	.LFB56
 7964 00bc 20000000 		.4byte	.LFE56-.LFB56
 7965 00c0 00000000 		.4byte	.LFB57
 7966 00c4 5A000000 		.4byte	.LFE57-.LFB57
 7967 00c8 00000000 		.4byte	0
 7968 00cc 00000000 		.4byte	0
 7969              		.section	.debug_ranges,"",%progbits
 7970              	.Ldebug_ranges0:
 7971 0000 00000000 		.4byte	.LFB35
 7972 0004 84000000 		.4byte	.LFE35
 7973 0008 00000000 		.4byte	.LFB36
 7974 000c A4010000 		.4byte	.LFE36
 7975 0010 00000000 		.4byte	.LFB37
 7976 0014 34000000 		.4byte	.LFE37
 7977 0018 00000000 		.4byte	.LFB38
 7978 001c 28000000 		.4byte	.LFE38
 7979 0020 00000000 		.4byte	.LFB39
 7980 0024 64000000 		.4byte	.LFE39
 7981 0028 00000000 		.4byte	.LFB40
 7982 002c 44000000 		.4byte	.LFE40
 7983 0030 00000000 		.4byte	.LFB41
 7984 0034 60000000 		.4byte	.LFE41
 7985 0038 00000000 		.4byte	.LFB42
 7986 003c 44000000 		.4byte	.LFE42
 7987 0040 00000000 		.4byte	.LFB43
 7988 0044 44000000 		.4byte	.LFE43
 7989 0048 00000000 		.4byte	.LFB44
 7990 004c 1C000000 		.4byte	.LFE44
 7991 0050 00000000 		.4byte	.LFB45
 7992 0054 2A000000 		.4byte	.LFE45
 7993 0058 00000000 		.4byte	.LFB46
 7994 005c 8C050000 		.4byte	.LFE46
 7995 0060 00000000 		.4byte	.LFB47
 7996 0064 30000000 		.4byte	.LFE47
 7997 0068 00000000 		.4byte	.LFB48
 7998 006c 18000000 		.4byte	.LFE48
 7999 0070 00000000 		.4byte	.LFB49
 8000 0074 18000000 		.4byte	.LFE49
 8001 0078 00000000 		.4byte	.LFB50
 8002 007c 94010000 		.4byte	.LFE50
 8003 0080 00000000 		.4byte	.LFB51
 8004 0084 B0080000 		.4byte	.LFE51
 8005 0088 00000000 		.4byte	.LFB52
 8006 008c BE070000 		.4byte	.LFE52
 8007 0090 00000000 		.4byte	.LFB53
 8008 0094 14000000 		.4byte	.LFE53
 8009 0098 00000000 		.4byte	.LFB54
 8010 009c 28000000 		.4byte	.LFE54
 8011 00a0 00000000 		.4byte	.LFB55
ARM GAS  C:\Users\alexport\AppData\Local\Temp\cc2gMrRa.s 			page 167


 8012 00a4 64000000 		.4byte	.LFE55
 8013 00a8 00000000 		.4byte	.LFB56
 8014 00ac 20000000 		.4byte	.LFE56
 8015 00b0 00000000 		.4byte	.LFB57
 8016 00b4 5A000000 		.4byte	.LFE57
 8017 00b8 00000000 		.4byte	0
 8018 00bc 00000000 		.4byte	0
 8019              		.section	.debug_line,"",%progbits
 8020              	.Ldebug_line0:
 8021 0000 17060000 		.section	.debug_str,"MS",%progbits,1
 8021      0200BD01 
 8021      00000201 
 8021      FB0E0D00 
 8021      01010101 
 8022              	.LASF197:
 8023 0000 4761696E 		.ascii	"Gain\000"
 8023      00
 8024              	.LASF108:
 8025 0005 4359424C 		.ascii	"CYBLE_GATT_ERR_INVALID_OFFSET\000"
 8025      455F4741 
 8025      54545F45 
 8025      52525F49 
 8025      4E56414C 
 8026              	.LASF162:
 8027 0023 4359424C 		.ascii	"CYBLE_DIS_CHAR_COUNT\000"
 8027      455F4449 
 8027      535F4348 
 8027      41525F43 
 8027      4F554E54 
 8028              	.LASF288:
 8029 0038 5379734D 		.ascii	"SysMaOverRange\000"
 8029      614F7665 
 8029      7252616E 
 8029      676500
 8030              	.LASF180:
 8031 0047 52656164 		.ascii	"ReadingScaled\000"
 8031      696E6753 
 8031      63616C65 
 8031      6400
 8032              	.LASF82:
 8033 0055 4359424C 		.ascii	"CYBLE_EVT_GATTC_STOP_CMD_COMPLETE\000"
 8033      455F4556 
 8033      545F4741 
 8033      5454435F 
 8033      53544F50 
 8034              	.LASF78:
 8035 0077 4359424C 		.ascii	"CYBLE_EVT_GATTC_HANDLE_VALUE_NTF\000"
 8035      455F4556 
 8035      545F4741 
 8035      5454435F 
 8035      48414E44 
 8036              	.LASF253:
 8037 0098 4175746F 		.ascii	"AutoZeroDisable\000"
 8037      5A65726F 
 8037      44697361 
 8037      626C6500 
 8038              	.LASF263:
ARM GAS  C:\Users\alexport\AppData\Local\Temp\cc2gMrRa.s 			page 168


 8039 00a8 426C654E 		.ascii	"BleNotifyCalLevel\000"
 8039      6F746966 
 8039      7943616C 
 8039      4C657665 
 8039      6C00
 8040              	.LASF367:
 8041 00ba 53656E73 		.ascii	"Sensor\000"
 8041      6F7200
 8042              	.LASF343:
 8043 00c1 72756E74 		.ascii	"runtime_PollSensor\000"
 8043      696D655F 
 8043      506F6C6C 
 8043      53656E73 
 8043      6F7200
 8044              	.LASF262:
 8045 00d4 426C654E 		.ascii	"BleNotifyLife\000"
 8045      6F746966 
 8045      794C6966 
 8045      6500
 8046              	.LASF222:
 8047 00e2 5A74635F 		.ascii	"Ztc_p35\000"
 8047      70333500 
 8048              	.LASF149:
 8049 00ea 4359424C 		.ascii	"CYBLE_GATTS_HANDLE_VALUE_NTF_T\000"
 8049      455F4741 
 8049      5454535F 
 8049      48414E44 
 8049      4C455F56 
 8050              	.LASF189:
 8051 0109 54656D70 		.ascii	"TemperatureAtSpan\000"
 8051      65726174 
 8051      75726541 
 8051      74537061 
 8051      6E00
 8052              	.LASF37:
 8053 011b 4359424C 		.ascii	"CYBLE_EVT_GAP_AUTH_REQ\000"
 8053      455F4556 
 8053      545F4741 
 8053      505F4155 
 8053      54485F52 
 8054              	.LASF311:
 8055 0132 43616C53 		.ascii	"CalSpanError\000"
 8055      70616E45 
 8055      72726F72 
 8055      00
 8056              	.LASF182:
 8057 013f 53746174 		.ascii	"Status\000"
 8057      757300
 8058              	.LASF267:
 8059 0146 426C654E 		.ascii	"BleNotifyCalStep\000"
 8059      6F746966 
 8059      7943616C 
 8059      53746570 
 8059      00
 8060              	.LASF290:
 8061 0157 43616E4E 		.ascii	"CanNodeId\000"
 8061      6F646549 
ARM GAS  C:\Users\alexport\AppData\Local\Temp\cc2gMrRa.s 			page 169


 8061      6400
 8062              	.LASF202:
 8063 0161 5A65726F 		.ascii	"ZeroCalTime\000"
 8063      43616C54 
 8063      696D6500 
 8064              	.LASF276:
 8065 016d 41646343 		.ascii	"AdcCountsPrevious\000"
 8065      6F756E74 
 8065      73507265 
 8065      76696F75 
 8065      7300
 8066              	.LASF106:
 8067 017f 4359424C 		.ascii	"CYBLE_GATT_ERR_INSUFFICIENT_AUTHENTICATION\000"
 8067      455F4741 
 8067      54545F45 
 8067      52525F49 
 8067      4E535546 
 8068              	.LASF62:
 8069 01aa 4359424C 		.ascii	"CYBLE_EVT_GATT_DISCONNECT_IND\000"
 8069      455F4556 
 8069      545F4741 
 8069      54545F44 
 8069      4953434F 
 8070              	.LASF198:
 8071 01c8 43616C52 		.ascii	"CalResult\000"
 8071      6573756C 
 8071      7400
 8072              	.LASF57:
 8073 01d2 4359424C 		.ascii	"CYBLE_EVT_GAP_SCAN_REQ_RECVD\000"
 8073      455F4556 
 8073      545F4741 
 8073      505F5343 
 8073      414E5F52 
 8074              	.LASF121:
 8075 01ef 4359424C 		.ascii	"CYBLE_GATT_ERR_USER_DATA_ACCESS_NOT_PERMITTED\000"
 8075      455F4741 
 8075      54545F45 
 8075      52525F55 
 8075      5345525F 
 8076              	.LASF103:
 8077 021d 4359424C 		.ascii	"CYBLE_GATT_ERR_READ_NOT_PERMITTED\000"
 8077      455F4741 
 8077      54545F45 
 8077      52525F52 
 8077      4541445F 
 8078              	.LASF63:
 8079 023f 4359424C 		.ascii	"CYBLE_EVT_GATTS_XCNHG_MTU_REQ\000"
 8079      455F4556 
 8079      545F4741 
 8079      5454535F 
 8079      58434E48 
 8080              	.LASF208:
 8081 025d 5370616E 		.ascii	"SpanCalStableThreshold\000"
 8081      43616C53 
 8081      7461626C 
 8081      65546872 
 8081      6573686F 
ARM GAS  C:\Users\alexport\AppData\Local\Temp\cc2gMrRa.s 			page 170


 8082              	.LASF81:
 8083 0274 4359424C 		.ascii	"CYBLE_EVT_GATTS_DATA_SIGNED_CMD_REQ\000"
 8083      455F4556 
 8083      545F4741 
 8083      5454535F 
 8083      44415441 
 8084              	.LASF358:
 8085 0298 52657365 		.ascii	"ResetBLETimer\000"
 8085      74424C45 
 8085      54696D65 
 8085      7200
 8086              	.LASF225:
 8087 02a6 5374635F 		.ascii	"Stc_p35\000"
 8087      70333500 
 8088              	.LASF32:
 8089 02ae 4359424C 		.ascii	"CYBLE_EVT_HARDWARE_ERROR\000"
 8089      455F4556 
 8089      545F4841 
 8089      52445741 
 8089      52455F45 
 8090              	.LASF12:
 8091 02c7 756E7369 		.ascii	"unsigned int\000"
 8091      676E6564 
 8091      20696E74 
 8091      00
 8092              	.LASF362:
 8093 02d4 72656D6F 		.ascii	"remove_trailing_spaces\000"
 8093      76655F74 
 8093      7261696C 
 8093      696E675F 
 8093      73706163 
 8094              	.LASF318:
 8095 02eb 62797465 		.ascii	"bytes_to_send\000"
 8095      735F746F 
 8095      5F73656E 
 8095      6400
 8096              	.LASF97:
 8097 02f9 4359424C 		.ascii	"CYBLE_EVT_LE_PING_AUTH_TIMEOUT\000"
 8097      455F4556 
 8097      545F4C45 
 8097      5F50494E 
 8097      475F4155 
 8098              	.LASF297:
 8099 0318 43616C41 		.ascii	"CalAdjusted\000"
 8099      646A7573 
 8099      74656400 
 8100              	.LASF240:
 8101 0324 446E5365 		.ascii	"DnSerialNumberH\000"
 8101      7269616C 
 8101      4E756D62 
 8101      65724800 
 8102              	.LASF320:
 8103 0334 496E6974 		.ascii	"InitSystem\000"
 8103      53797374 
 8103      656D00
 8104              	.LASF173:
 8105 033f 50696442 		.ascii	"PidBuffer\000"
ARM GAS  C:\Users\alexport\AppData\Local\Temp\cc2gMrRa.s 			page 171


 8105      75666665 
 8105      7200
 8106              	.LASF221:
 8107 0349 5A74635F 		.ascii	"Ztc_n10\000"
 8107      6E313000 
 8108              	.LASF206:
 8109 0351 5370616E 		.ascii	"SpanCalLeveloffTime\000"
 8109      43616C4C 
 8109      6576656C 
 8109      6F666654 
 8109      696D6500 
 8110              	.LASF6:
 8111 0365 5F5F696E 		.ascii	"__int32_t\000"
 8111      7433325F 
 8111      7400
 8112              	.LASF21:
 8113 036f 696E7431 		.ascii	"int16\000"
 8113      3600
 8114              	.LASF390:
 8115 0375 433A5C55 		.ascii	"C:\\Users\\alexport\\OneDrive - Safeguard Analytics"
 8115      73657273 
 8115      5C616C65 
 8115      78706F72 
 8115      745C4F6E 
 8116 03a5 5C544553 		.ascii	"\\TESTs\\UART UDB test\\SA-200.cydsn\000"
 8116      54735C55 
 8116      41525420 
 8116      55444220 
 8116      74657374 
 8117              	.LASF289:
 8118 03c7 5379734D 		.ascii	"SysMaPerPctFullScale\000"
 8118      61506572 
 8118      50637446 
 8118      756C6C53 
 8118      63616C65 
 8119              	.LASF388:
 8120 03dc 474E5520 		.ascii	"GNU C11 5.4.1 20160609 (release) [ARM/embedded-5-br"
 8120      43313120 
 8120      352E342E 
 8120      31203230 
 8120      31363036 
 8121 040f 616E6368 		.ascii	"anch revision 237715] -mcpu=cortex-m0 -mthumb -g -O"
 8121      20726576 
 8121      6973696F 
 8121      6E203233 
 8121      37373135 
 8122 0442 30202D66 		.ascii	"0 -ffunction-sections -ffat-lto-objects\000"
 8122      66756E63 
 8122      74696F6E 
 8122      2D736563 
 8122      74696F6E 
 8123              	.LASF270:
 8124 046a 426C654E 		.ascii	"BleNotifyCalSpanError\000"
 8124      6F746966 
 8124      7943616C 
 8124      5370616E 
 8124      4572726F 
ARM GAS  C:\Users\alexport\AppData\Local\Temp\cc2gMrRa.s 			page 172


 8125              	.LASF376:
 8126 0480 62797465 		.ascii	"bytesIn\000"
 8126      73496E00 
 8127              	.LASF301:
 8128 0488 43616C5A 		.ascii	"CalZCounts\000"
 8128      436F756E 
 8128      747300
 8129              	.LASF229:
 8130 0493 5A74635F 		.ascii	"Ztc_curve_3\000"
 8130      63757276 
 8130      655F3300 
 8131              	.LASF217:
 8132 049f 4C696E65 		.ascii	"Linear2Level\000"
 8132      6172324C 
 8132      6576656C 
 8132      00
 8133              	.LASF24:
 8134 04ac 75696E74 		.ascii	"uint64\000"
 8134      363400
 8135              	.LASF38:
 8136 04b3 4359424C 		.ascii	"CYBLE_EVT_GAP_PASSKEY_ENTRY_REQUEST\000"
 8136      455F4556 
 8136      545F4741 
 8136      505F5041 
 8136      53534B45 
 8137              	.LASF123:
 8138 04d7 4359424C 		.ascii	"CYBLE_GATT_ERR_HTS_OUT_OF_RANGE\000"
 8138      455F4741 
 8138      54545F45 
 8138      52525F48 
 8138      54535F4F 
 8139              	.LASF328:
 8140 04f7 6932635F 		.ascii	"i2c_period\000"
 8140      70657269 
 8140      6F6400
 8141              	.LASF239:
 8142 0502 55705365 		.ascii	"UpSerialNumber\000"
 8142      7269616C 
 8142      4E756D62 
 8142      657200
 8143              	.LASF181:
 8144 0511 52656164 		.ascii	"ReadingScaledPrevious\000"
 8144      696E6753 
 8144      63616C65 
 8144      64507265 
 8144      76696F75 
 8145              	.LASF170:
 8146 0527 535F4932 		.ascii	"S_I2C\000"
 8146      4300
 8147              	.LASF371:
 8148 052d 6D6F6462 		.ascii	"modbus_rxBuffer\000"
 8148      75735F72 
 8148      78427566 
 8148      66657200 
 8149              	.LASF274:
 8150 053d 426C6549 		.ascii	"BleInAuxCalState\000"
 8150      6E417578 
ARM GAS  C:\Users\alexport\AppData\Local\Temp\cc2gMrRa.s 			page 173


 8150      43616C53 
 8150      74617465 
 8150      00
 8151              	.LASF138:
 8152 054e 4359424C 		.ascii	"CYBLE_GATT_ERR_PROCEDURE_ALREADY_IN_PROGRESS\000"
 8152      455F4741 
 8152      54545F45 
 8152      52525F50 
 8152      524F4345 
 8153              	.LASF224:
 8154 057b 5374635F 		.ascii	"Stc_n10\000"
 8154      6E313000 
 8155              	.LASF223:
 8156 0583 5A74635F 		.ascii	"Ztc_p50\000"
 8156      70353000 
 8157              	.LASF236:
 8158 058b 5374635F 		.ascii	"Stc_apply\000"
 8158      6170706C 
 8158      7900
 8159              	.LASF80:
 8160 0595 4359424C 		.ascii	"CYBLE_EVT_GATTS_HANDLE_VALUE_CNF\000"
 8160      455F4556 
 8160      545F4741 
 8160      5454535F 
 8160      48414E44 
 8161              	.LASF387:
 8162 05b6 636F6E6E 		.ascii	"connectionHandle\000"
 8162      65637469 
 8162      6F6E4861 
 8162      6E646C65 
 8162      00
 8163              	.LASF235:
 8164 05c7 5A74635F 		.ascii	"Ztc_apply\000"
 8164      6170706C 
 8164      7900
 8165              	.LASF186:
 8166 05d1 54656D70 		.ascii	"Temperature\000"
 8166      65726174 
 8166      75726500 
 8167              	.LASF220:
 8168 05dd 4C696E65 		.ascii	"Linear3Value\000"
 8168      61723356 
 8168      616C7565 
 8168      00
 8169              	.LASF261:
 8170 05ea 426C654E 		.ascii	"BleNotifyTemperature\000"
 8170      6F746966 
 8170      7954656D 
 8170      70657261 
 8170      74757265 
 8171              	.LASF193:
 8172 05ff 436F756E 		.ascii	"CountsHalfScale\000"
 8172      74734861 
 8172      6C665363 
 8172      616C6500 
 8173              	.LASF268:
 8174 060f 426C654E 		.ascii	"BleNotifyCalSpeed\000"
ARM GAS  C:\Users\alexport\AppData\Local\Temp\cc2gMrRa.s 			page 174


 8174      6F746966 
 8174      7943616C 
 8174      53706565 
 8174      6400
 8175              	.LASF314:
 8176 0621 54657374 		.ascii	"TestStatus\000"
 8176      53746174 
 8176      757300
 8177              	.LASF140:
 8178 062c 4359424C 		.ascii	"CYBLE_GATT_DB_ATTR_HANDLE_T\000"
 8178      455F4741 
 8178      54545F44 
 8178      425F4154 
 8178      54525F48 
 8179              	.LASF286:
 8180 0648 5379734D 		.ascii	"SysMa20\000"
 8180      61323000 
 8181              	.LASF175:
 8182 0650 52656164 		.ascii	"Reading\000"
 8182      696E6700 
 8183              	.LASF211:
 8184 0658 416C6572 		.ascii	"Alert1\000"
 8184      743100
 8185              	.LASF101:
 8186 065f 4359424C 		.ascii	"CYBLE_GATT_ERR_NONE\000"
 8186      455F4741 
 8186      54545F45 
 8186      52525F4E 
 8186      4F4E4500 
 8187              	.LASF378:
 8188 0673 73746172 		.ascii	"startI2CWrite\000"
 8188      74493243 
 8188      57726974 
 8188      6500
 8189              	.LASF322:
 8190 0681 426C654E 		.ascii	"BleName\000"
 8190      616D6500 
 8191              	.LASF16:
 8192 0689 75696E74 		.ascii	"uint32_t\000"
 8192      33325F74 
 8192      00
 8193              	.LASF226:
 8194 0692 5374635F 		.ascii	"Stc_p50\000"
 8194      70353000 
 8195              	.LASF130:
 8196 069a 4359424C 		.ascii	"CYBLE_GATTS_ERR_HPS_INVALID_REQUEST\000"
 8196      455F4741 
 8196      5454535F 
 8196      4552525F 
 8196      4850535F 
 8197              	.LASF125:
 8198 06be 4359424C 		.ascii	"CYBLE_GATT_ERR_OP_CODE_NOT_SUPPORTED\000"
 8198      455F4741 
 8198      54545F45 
 8198      52525F4F 
 8198      505F434F 
 8199              	.LASF296:
ARM GAS  C:\Users\alexport\AppData\Local\Temp\cc2gMrRa.s 			page 175


 8200 06e3 43616C41 		.ascii	"CalAsFoundPrevious\000"
 8200      73466F75 
 8200      6E645072 
 8200      6576696F 
 8200      757300
 8201              	.LASF366:
 8202 06f6 72733233 		.ascii	"rs232RequestReceived\000"
 8202      32526571 
 8202      75657374 
 8202      52656365 
 8202      69766564 
 8203              	.LASF215:
 8204 070b 4C696E65 		.ascii	"Linear1Level\000"
 8204      6172314C 
 8204      6576656C 
 8204      00
 8205              	.LASF73:
 8206 0718 4359424C 		.ascii	"CYBLE_EVT_GATTC_WRITE_RSP\000"
 8206      455F4556 
 8206      545F4741 
 8206      5454435F 
 8206      57524954 
 8207              	.LASF127:
 8208 0732 4359424C 		.ascii	"CYBLE_GATTS_ERR_CCCD_IMPROPERLY_CONFIGURED\000"
 8208      455F4741 
 8208      5454535F 
 8208      4552525F 
 8208      43434344 
 8209              	.LASF389:
 8210 075d 72756E74 		.ascii	"runtime.c\000"
 8210      696D652E 
 8210      6300
 8211              	.LASF188:
 8212 0767 54656D70 		.ascii	"TemperatureAtZero\000"
 8212      65726174 
 8212      75726541 
 8212      745A6572 
 8212      6F00
 8213              	.LASF303:
 8214 0779 43616C5A 		.ascii	"CalZeroErrorPrevious\000"
 8214      65726F45 
 8214      72726F72 
 8214      50726576 
 8214      696F7573 
 8215              	.LASF266:
 8216 078e 426C654E 		.ascii	"BleNotifyCalZeroError\000"
 8216      6F746966 
 8216      7943616C 
 8216      5A65726F 
 8216      4572726F 
 8217              	.LASF338:
 8218 07a4 72656773 		.ascii	"regsToSend\000"
 8218      546F5365 
 8218      6E6400
 8219              	.LASF87:
 8220 07af 4359424C 		.ascii	"CYBLE_EVT_L2CAP_COMMAND_REJ\000"
 8220      455F4556 
ARM GAS  C:\Users\alexport\AppData\Local\Temp\cc2gMrRa.s 			page 176


 8220      545F4C32 
 8220      4341505F 
 8220      434F4D4D 
 8221              	.LASF352:
 8222 07cb 74657374 		.ascii	"testVal32\000"
 8222      56616C33 
 8222      3200
 8223              	.LASF249:
 8224 07d5 45635469 		.ascii	"EcTiaReg\000"
 8224      61526567 
 8224      00
 8225              	.LASF250:
 8226 07de 45635265 		.ascii	"EcRefReg\000"
 8226      66526567 
 8226      00
 8227              	.LASF342:
 8228 07e7 62797465 		.ascii	"byteCount\000"
 8228      436F756E 
 8228      7400
 8229              	.LASF11:
 8230 07f1 6C6F6E67 		.ascii	"long long unsigned int\000"
 8230      206C6F6E 
 8230      6720756E 
 8230      7369676E 
 8230      65642069 
 8231              	.LASF245:
 8232 0808 43624272 		.ascii	"CbBridgeVolts\000"
 8232      69646765 
 8232      566F6C74 
 8232      7300
 8233              	.LASF34:
 8234 0816 4359424C 		.ascii	"CYBLE_EVT_STACK_BUSY_STATUS\000"
 8234      455F4556 
 8234      545F5354 
 8234      41434B5F 
 8234      42555359 
 8235              	.LASF72:
 8236 0832 4359424C 		.ascii	"CYBLE_EVT_GATTS_WRITE_REQ\000"
 8236      455F4556 
 8236      545F4741 
 8236      5454535F 
 8236      57524954 
 8237              	.LASF122:
 8238 084c 4359424C 		.ascii	"CYBLE_GATT_ERR_CPS_INAPPROPRIATE_CONNECTION_PARAMET"
 8238      455F4741 
 8238      54545F45 
 8238      52525F43 
 8238      50535F49 
 8239 087f 45525300 		.ascii	"ERS\000"
 8240              	.LASF260:
 8241 0883 426C654E 		.ascii	"BleNotifyControl\000"
 8241      6F746966 
 8241      79436F6E 
 8241      74726F6C 
 8241      00
 8242              	.LASF163:
 8243 0894 4359424C 		.ascii	"CYBLE_STATE_STOPPED\000"
ARM GAS  C:\Users\alexport\AppData\Local\Temp\cc2gMrRa.s 			page 177


 8243      455F5354 
 8243      4154455F 
 8243      53544F50 
 8243      50454400 
 8244              	.LASF4:
 8245 08a8 5F5F7569 		.ascii	"__uint16_t\000"
 8245      6E743136 
 8245      5F7400
 8246              	.LASF172:
 8247 08b3 50696455 		.ascii	"PidUnderCurrent\000"
 8247      6E646572 
 8247      43757272 
 8247      656E7400 
 8248              	.LASF114:
 8249 08c3 4359424C 		.ascii	"CYBLE_GATT_ERR_INVALID_ATTRIBUTE_LEN\000"
 8249      455F4741 
 8249      54545F45 
 8249      52525F49 
 8249      4E56414C 
 8250              	.LASF233:
 8251 08e8 5A65726F 		.ascii	"Zero_adjust\000"
 8251      5F61646A 
 8251      75737400 
 8252              	.LASF364:
 8253 08f4 6379426C 		.ascii	"cyBle_connHandle\000"
 8253      655F636F 
 8253      6E6E4861 
 8253      6E646C65 
 8253      00
 8254              	.LASF115:
 8255 0905 4359424C 		.ascii	"CYBLE_GATT_ERR_UNLIKELY_ERROR\000"
 8255      455F4741 
 8255      54545F45 
 8255      52525F55 
 8255      4E4C494B 
 8256              	.LASF67:
 8257 0923 4359424C 		.ascii	"CYBLE_EVT_GATTC_FIND_INFO_RSP\000"
 8257      455F4556 
 8257      545F4741 
 8257      5454435F 
 8257      46494E44 
 8258              	.LASF350:
 8259 0941 74657374 		.ascii	"testVal8\000"
 8259      56616C38 
 8259      00
 8260              	.LASF165:
 8261 094a 4359424C 		.ascii	"CYBLE_STATE_CONNECTED\000"
 8261      455F5354 
 8261      4154455F 
 8261      434F4E4E 
 8261      45435445 
 8262              	.LASF326:
 8263 0960 45455052 		.ascii	"EEPROM_GetMyAddress\000"
 8263      4F4D5F47 
 8263      65744D79 
 8263      41646472 
 8263      65737300 
ARM GAS  C:\Users\alexport\AppData\Local\Temp\cc2gMrRa.s 			page 178


 8264              	.LASF194:
 8265 0974 5A65726F 		.ascii	"ZeroBlock\000"
 8265      426C6F63 
 8265      6B00
 8266              	.LASF294:
 8267 097e 53656E73 		.ascii	"SensorTag\000"
 8267      6F725461 
 8267      6700
 8268              	.LASF68:
 8269 0988 4359424C 		.ascii	"CYBLE_EVT_GATTC_FIND_BY_TYPE_VALUE_RSP\000"
 8269      455F4556 
 8269      545F4741 
 8269      5454435F 
 8269      46494E44 
 8270              	.LASF146:
 8271 09af 76616C75 		.ascii	"value\000"
 8271      6500
 8272              	.LASF255:
 8273 09b5 426C6543 		.ascii	"BleControl\000"
 8273      6F6E7472 
 8273      6F6C00
 8274              	.LASF76:
 8275 09c0 4359424C 		.ascii	"CYBLE_EVT_GATTS_EXEC_WRITE_REQ\000"
 8275      455F4556 
 8275      545F4741 
 8275      5454535F 
 8275      45584543 
 8276              	.LASF242:
 8277 09df 53657269 		.ascii	"SerialNumber\000"
 8277      616C4E75 
 8277      6D626572 
 8277      00
 8278              	.LASF77:
 8279 09ec 4359424C 		.ascii	"CYBLE_EVT_GATTC_EXEC_WRITE_RSP\000"
 8279      455F4556 
 8279      545F4741 
 8279      5454435F 
 8279      45584543 
 8280              	.LASF363:
 8281 0a0b 6379426C 		.ascii	"cyBle_state\000"
 8281      655F7374 
 8281      61746500 
 8282              	.LASF143:
 8283 0a17 4359424C 		.ascii	"CYBLE_CONN_HANDLE_T\000"
 8283      455F434F 
 8283      4E4E5F48 
 8283      414E444C 
 8283      455F5400 
 8284              	.LASF156:
 8285 0a2b 4359424C 		.ascii	"CYBLE_DIS_HARDWARE_REV\000"
 8285      455F4449 
 8285      535F4841 
 8285      52445741 
 8285      52455F52 
 8286              	.LASF171:
 8287 0a42 50696443 		.ascii	"PidCurrent\000"
 8287      75727265 
ARM GAS  C:\Users\alexport\AppData\Local\Temp\cc2gMrRa.s 			page 179


 8287      6E7400
 8288              	.LASF291:
 8289 0a4d 43616E43 		.ascii	"CanChannel\000"
 8289      68616E6E 
 8289      656C00
 8290              	.LASF83:
 8291 0a58 4359424C 		.ascii	"CYBLE_EVT_GATTS_READ_CHAR_VAL_ACCESS_REQ\000"
 8291      455F4556 
 8291      545F4741 
 8291      5454535F 
 8291      52454144 
 8292              	.LASF177:
 8293 0a81 52656164 		.ascii	"ReadingRaw\000"
 8293      696E6752 
 8293      617700
 8294              	.LASF40:
 8295 0a8c 4359424C 		.ascii	"CYBLE_EVT_GAP_AUTH_COMPLETE\000"
 8295      455F4556 
 8295      545F4741 
 8295      505F4155 
 8295      54485F43 
 8296              	.LASF293:
 8297 0aa8 426C6543 		.ascii	"BleCalLoop\000"
 8297      616C4C6F 
 8297      6F7000
 8298              	.LASF205:
 8299 0ab3 5370616E 		.ascii	"SpanCalApplyThreshold\000"
 8299      43616C41 
 8299      70706C79 
 8299      54687265 
 8299      73686F6C 
 8300              	.LASF91:
 8301 0ac9 4359424C 		.ascii	"CYBLE_EVT_L2CAP_CBFC_DISCONN_CNF\000"
 8301      455F4556 
 8301      545F4C32 
 8301      4341505F 
 8301      43424643 
 8302              	.LASF339:
 8303 0aea 73746172 		.ascii	"startRegister\000"
 8303      74526567 
 8303      69737465 
 8303      7200
 8304              	.LASF79:
 8305 0af8 4359424C 		.ascii	"CYBLE_EVT_GATTC_HANDLE_VALUE_IND\000"
 8305      455F4556 
 8305      545F4741 
 8305      5454435F 
 8305      48414E44 
 8306              	.LASF64:
 8307 0b19 4359424C 		.ascii	"CYBLE_EVT_GATTC_XCHNG_MTU_RSP\000"
 8307      455F4556 
 8307      545F4741 
 8307      5454435F 
 8307      5843484E 
 8308              	.LASF99:
 8309 0b37 4359424C 		.ascii	"CYBLE_EVT_FLASH_CORRUPT\000"
 8309      455F4556 
ARM GAS  C:\Users\alexport\AppData\Local\Temp\cc2gMrRa.s 			page 180


 8309      545F464C 
 8309      4153485F 
 8309      434F5252 
 8310              	.LASF74:
 8311 0b4f 4359424C 		.ascii	"CYBLE_EVT_GATTS_WRITE_CMD_REQ\000"
 8311      455F4556 
 8311      545F4741 
 8311      5454535F 
 8311      57524954 
 8312              	.LASF204:
 8313 0b6d 5370616E 		.ascii	"SpanCalApplyTime\000"
 8313      43616C41 
 8313      70706C79 
 8313      54696D65 
 8313      00
 8314              	.LASF147:
 8315 0b7e 61747472 		.ascii	"attrHandle\000"
 8315      48616E64 
 8315      6C6500
 8316              	.LASF333:
 8317 0b89 45455052 		.ascii	"EEPROM_SetSleepPeriod\000"
 8317      4F4D5F53 
 8317      6574536C 
 8317      65657050 
 8317      6572696F 
 8318              	.LASF70:
 8319 0b9f 4359424C 		.ascii	"CYBLE_EVT_GATTC_READ_BLOB_RSP\000"
 8319      455F4556 
 8319      545F4741 
 8319      5454435F 
 8319      52454144 
 8320              	.LASF259:
 8321 0bbd 426C654E 		.ascii	"BleNotifyAlertStatus\000"
 8321      6F746966 
 8321      79416C65 
 8321      72745374 
 8321      61747573 
 8322              	.LASF86:
 8323 0bd2 4359424C 		.ascii	"CYBLE_EVT_L2CAP_CONN_PARAM_UPDATE_RSP\000"
 8323      455F4556 
 8323      545F4C32 
 8323      4341505F 
 8323      434F4E4E 
 8324              	.LASF93:
 8325 0bf8 4359424C 		.ascii	"CYBLE_EVT_L2CAP_CBFC_RX_CREDIT_IND\000"
 8325      455F4556 
 8325      545F4C32 
 8325      4341505F 
 8325      43424643 
 8326              	.LASF317:
 8327 0c1b 466C6F77 		.ascii	"FlowRate\000"
 8327      52617465 
 8327      00
 8328              	.LASF334:
 8329 0c24 4C6F6164 		.ascii	"LoadSensorInfo\000"
 8329      53656E73 
 8329      6F72496E 
ARM GAS  C:\Users\alexport\AppData\Local\Temp\cc2gMrRa.s 			page 181


 8329      666F00
 8330              	.LASF248:
 8331 0c33 43624272 		.ascii	"CbBridgeMampsToll\000"
 8331      69646765 
 8331      4D616D70 
 8331      73546F6C 
 8331      6C00
 8332              	.LASF285:
 8333 0c45 5379734D 		.ascii	"SysMa4\000"
 8333      613400
 8334              	.LASF284:
 8335 0c4c 5379734D 		.ascii	"SysMa2\000"
 8335      613200
 8336              	.LASF89:
 8337 0c53 4359424C 		.ascii	"CYBLE_EVT_L2CAP_CBFC_CONN_CNF\000"
 8337      455F4556 
 8337      545F4C32 
 8337      4341505F 
 8337      43424643 
 8338              	.LASF168:
 8339 0c71 4359424C 		.ascii	"CYBLE_STATE_T\000"
 8339      455F5354 
 8339      4154455F 
 8339      5400
 8340              	.LASF159:
 8341 0c7f 4359424C 		.ascii	"CYBLE_DIS_SYSTEM_ID\000"
 8341      455F4449 
 8341      535F5359 
 8341      5354454D 
 8341      5F494400 
 8342              	.LASF359:
 8343 0c93 53657453 		.ascii	"SetSleepPeriod\000"
 8343      6C656570 
 8343      50657269 
 8343      6F6400
 8344              	.LASF385:
 8345 0ca2 63617073 		.ascii	"capsenseNotify\000"
 8345      656E7365 
 8345      4E6F7469 
 8345      667900
 8346              	.LASF110:
 8347 0cb1 4359424C 		.ascii	"CYBLE_GATT_ERR_PREPARE_WRITE_QUEUE_FULL\000"
 8347      455F4741 
 8347      54545F45 
 8347      52525F50 
 8347      52455041 
 8348              	.LASF212:
 8349 0cd9 416C6572 		.ascii	"Alert2\000"
 8349      743200
 8350              	.LASF370:
 8351 0ce0 73656E73 		.ascii	"sensor\000"
 8351      6F7200
 8352              	.LASF313:
 8353 0ce7 44656D6F 		.ascii	"DemoState\000"
 8353      53746174 
 8353      6500
 8354              	.LASF120:
ARM GAS  C:\Users\alexport\AppData\Local\Temp\cc2gMrRa.s 			page 182


 8355 0cf1 4359424C 		.ascii	"CYBLE_GATT_ERR_HEART_RATE_CONTROL_POINT_NOT_SUPPORT"
 8355      455F4741 
 8355      54545F45 
 8355      52525F48 
 8355      45415254 
 8356 0d24 454400   		.ascii	"ED\000"
 8357              	.LASF227:
 8358 0d27 5A74635F 		.ascii	"Ztc_curve_1\000"
 8358      63757276 
 8358      655F3100 
 8359              	.LASF228:
 8360 0d33 5A74635F 		.ascii	"Ztc_curve_2\000"
 8360      63757276 
 8360      655F3200 
 8361              	.LASF33:
 8362 0d3f 4359424C 		.ascii	"CYBLE_EVT_HCI_STATUS\000"
 8362      455F4556 
 8362      545F4843 
 8362      495F5354 
 8362      41545553 
 8363              	.LASF218:
 8364 0d54 4C696E65 		.ascii	"Linear2Value\000"
 8364      61723256 
 8364      616C7565 
 8364      00
 8365              	.LASF327:
 8366 0d61 45455052 		.ascii	"EEPROM_GetI2CPeriod\000"
 8366      4F4D5F47 
 8366      65744932 
 8366      43506572 
 8366      696F6400 
 8367              	.LASF25:
 8368 0d75 63686172 		.ascii	"char\000"
 8368      00
 8369              	.LASF109:
 8370 0d7a 4359424C 		.ascii	"CYBLE_GATT_ERR_INSUFFICIENT_AUTHORIZATION\000"
 8370      455F4741 
 8370      54545F45 
 8370      52525F49 
 8370      4E535546 
 8371              	.LASF308:
 8372 0da4 43616C43 		.ascii	"CalCounts\000"
 8372      6F756E74 
 8372      7300
 8373              	.LASF179:
 8374 0dae 52656164 		.ascii	"ReadingFloat\000"
 8374      696E6746 
 8374      6C6F6174 
 8374      00
 8375              	.LASF365:
 8376 0dbb 6D79536C 		.ascii	"mySlaveAddr\000"
 8376      61766541 
 8376      64647200 
 8377              	.LASF50:
 8378 0dc7 4359424C 		.ascii	"CYBLE_EVT_GAP_KEYPRESS_NOTIFICATION\000"
 8378      455F4556 
 8378      545F4741 
ARM GAS  C:\Users\alexport\AppData\Local\Temp\cc2gMrRa.s 			page 183


 8378      505F4B45 
 8378      59505245 
 8379              	.LASF153:
 8380 0deb 4359424C 		.ascii	"CYBLE_DIS_MANUFACTURER_NAME\000"
 8380      455F4449 
 8380      535F4D41 
 8380      4E554641 
 8380      43545552 
 8381              	.LASF145:
 8382 0e07 4359424C 		.ascii	"CYBLE_GATT_VALUE_T\000"
 8382      455F4741 
 8382      54545F56 
 8382      414C5545 
 8382      5F5400
 8383              	.LASF207:
 8384 0e1a 5370616E 		.ascii	"SpanCalStableTime\000"
 8384      43616C53 
 8384      7461626C 
 8384      6554696D 
 8384      6500
 8385              	.LASF244:
 8386 0e2c 4761734E 		.ascii	"GasNote\000"
 8386      6F746500 
 8387              	.LASF30:
 8388 0e34 4359424C 		.ascii	"CYBLE_EVT_STACK_ON\000"
 8388      455F4556 
 8388      545F5354 
 8388      41434B5F 
 8388      4F4E00
 8389              	.LASF158:
 8390 0e47 4359424C 		.ascii	"CYBLE_DIS_SOFTWARE_REV\000"
 8390      455F4449 
 8390      535F534F 
 8390      46545741 
 8390      52455F52 
 8391              	.LASF169:
 8392 0e5e 64617461 		.ascii	"data\000"
 8392      00
 8393              	.LASF283:
 8394 0e63 53656E73 		.ascii	"SensorSnU64\000"
 8394      6F72536E 
 8394      55363400 
 8395              	.LASF247:
 8396 0e6f 43624272 		.ascii	"CbBridgeMamps\000"
 8396      69646765 
 8396      4D616D70 
 8396      7300
 8397              	.LASF341:
 8398 0e7d 72656376 		.ascii	"recvdcrc\000"
 8398      64637263 
 8398      00
 8399              	.LASF85:
 8400 0e86 4359424C 		.ascii	"CYBLE_EVT_L2CAP_CONN_PARAM_UPDATE_REQ\000"
 8400      455F4556 
 8400      545F4C32 
 8400      4341505F 
 8400      434F4E4E 
ARM GAS  C:\Users\alexport\AppData\Local\Temp\cc2gMrRa.s 			page 184


 8401              	.LASF351:
 8402 0eac 74657374 		.ascii	"testVal16\000"
 8402      56616C31 
 8402      3600
 8403              	.LASF13:
 8404 0eb6 75696E74 		.ascii	"uint8_t\000"
 8404      385F7400 
 8405              	.LASF335:
 8406 0ebe 73746174 		.ascii	"status\000"
 8406      757300
 8407              	.LASF134:
 8408 0ec5 4359424C 		.ascii	"CYBLE_GATT_ERR_ANCS_INVALID_COMMAND\000"
 8408      455F4741 
 8408      54545F45 
 8408      52525F41 
 8408      4E43535F 
 8409              	.LASF271:
 8410 0ee9 426C654E 		.ascii	"BleNotifyReadingScaled\000"
 8410      6F746966 
 8410      79526561 
 8410      64696E67 
 8410      5363616C 
 8411              	.LASF160:
 8412 0f00 4359424C 		.ascii	"CYBLE_DIS_REG_CERT_DATA\000"
 8412      455F4449 
 8412      535F5245 
 8412      475F4345 
 8412      52545F44 
 8413              	.LASF174:
 8414 0f18 54797065 		.ascii	"Type\000"
 8414      00
 8415              	.LASF273:
 8416 0f1d 426C654E 		.ascii	"BleNotifyAdcCounts\000"
 8416      6F746966 
 8416      79416463 
 8416      436F756E 
 8416      747300
 8417              	.LASF18:
 8418 0f30 75696E74 		.ascii	"uint16\000"
 8418      313600
 8419              	.LASF155:
 8420 0f37 4359424C 		.ascii	"CYBLE_DIS_SERIAL_NUMBER\000"
 8420      455F4449 
 8420      535F5345 
 8420      5249414C 
 8420      5F4E554D 
 8421              	.LASF382:
 8422 0f4f 736C6176 		.ascii	"slavePersent\000"
 8422      65506572 
 8422      73656E74 
 8422      00
 8423              	.LASF280:
 8424 0f5c 53797353 		.ascii	"SysSerialNumberString\000"
 8424      65726961 
 8424      6C4E756D 
 8424      62657253 
 8424      7472696E 
ARM GAS  C:\Users\alexport\AppData\Local\Temp\cc2gMrRa.s 			page 185


 8425              	.LASF55:
 8426 0f72 4359424C 		.ascii	"CYBLE_EVT_GAP_SMP_NEGOTIATED_AUTH_INFO\000"
 8426      455F4556 
 8426      545F4741 
 8426      505F534D 
 8426      505F4E45 
 8427              	.LASF331:
 8428 0f99 45455052 		.ascii	"EEPROM_GetSleepPeriod\000"
 8428      4F4D5F47 
 8428      6574536C 
 8428      65657050 
 8428      6572696F 
 8429              	.LASF10:
 8430 0faf 6C6F6E67 		.ascii	"long long int\000"
 8430      206C6F6E 
 8430      6720696E 
 8430      7400
 8431              	.LASF295:
 8432 0fbd 43616C41 		.ascii	"CalAsFound\000"
 8432      73466F75 
 8432      6E6400
 8433              	.LASF269:
 8434 0fc8 426C654E 		.ascii	"BleNotifyCalClearing\000"
 8434      6F746966 
 8434      7943616C 
 8434      436C6561 
 8434      72696E67 
 8435              	.LASF210:
 8436 0fdd 5370616E 		.ascii	"SpanCalRemoveThreshold\000"
 8436      43616C52 
 8436      656D6F76 
 8436      65546872 
 8436      6573686F 
 8437              	.LASF60:
 8438 0ff4 4359424C 		.ascii	"CYBLE_EVT_GATTC_ERROR_RSP\000"
 8438      455F4556 
 8438      545F4741 
 8438      5454435F 
 8438      4552524F 
 8439              	.LASF357:
 8440 100e 77725265 		.ascii	"wrReqParam\000"
 8440      71506172 
 8440      616D00
 8441              	.LASF191:
 8442 1019 48775374 		.ascii	"HwStatus\000"
 8442      61747573 
 8442      00
 8443              	.LASF49:
 8444 1022 4359424C 		.ascii	"CYBLE_EVT_GAP_NUMERIC_COMPARISON_REQUEST\000"
 8444      455F4556 
 8444      545F4741 
 8444      505F4E55 
 8444      4D455249 
 8445              	.LASF345:
 8446 104b 4C454453 		.ascii	"LEDShow\000"
 8446      686F7700 
 8447              	.LASF304:
ARM GAS  C:\Users\alexport\AppData\Local\Temp\cc2gMrRa.s 			page 186


 8448 1053 43616C53 		.ascii	"CalStep\000"
 8448      74657000 
 8449              	.LASF164:
 8450 105b 4359424C 		.ascii	"CYBLE_STATE_INITIALIZING\000"
 8450      455F5354 
 8450      4154455F 
 8450      494E4954 
 8450      49414C49 
 8451              	.LASF200:
 8452 1074 54656D70 		.ascii	"TemperatureLowFault\000"
 8452      65726174 
 8452      7572654C 
 8452      6F774661 
 8452      756C7400 
 8453              	.LASF154:
 8454 1088 4359424C 		.ascii	"CYBLE_DIS_MODEL_NUMBER\000"
 8454      455F4449 
 8454      535F4D4F 
 8454      44454C5F 
 8454      4E554D42 
 8455              	.LASF315:
 8456 109f 54657374 		.ascii	"TestStatusPrevious\000"
 8456      53746174 
 8456      75735072 
 8456      6576696F 
 8456      757300
 8457              	.LASF336:
 8458 10b2 72756E74 		.ascii	"runtime_CtrlSensor\000"
 8458      696D655F 
 8458      4374726C 
 8458      53656E73 
 8458      6F7200
 8459              	.LASF302:
 8460 10c5 43616C5A 		.ascii	"CalZeroError\000"
 8460      65726F45 
 8460      72726F72 
 8460      00
 8461              	.LASF384:
 8462 10d2 74786172 		.ascii	"txarr\000"
 8462      7200
 8463              	.LASF252:
 8464 10d8 4175746F 		.ascii	"AutoZeroMax\000"
 8464      5A65726F 
 8464      4D617800 
 8465              	.LASF201:
 8466 10e4 54656D70 		.ascii	"TemperatureHighFault\000"
 8466      65726174 
 8466      75726548 
 8466      69676846 
 8466      61756C74 
 8467              	.LASF116:
 8468 10f9 4359424C 		.ascii	"CYBLE_GATT_ERR_INSUFFICIENT_ENCRYPTION\000"
 8468      455F4741 
 8468      54545F45 
 8468      52525F49 
 8468      4E535546 
 8469              	.LASF118:
ARM GAS  C:\Users\alexport\AppData\Local\Temp\cc2gMrRa.s 			page 187


 8470 1120 4359424C 		.ascii	"CYBLE_GATT_ERR_INSUFFICIENT_RESOURCE\000"
 8470      455F4741 
 8470      54545F45 
 8470      52525F49 
 8470      4E535546 
 8471              	.LASF324:
 8472 1145 45455052 		.ascii	"EEPROM_SetMyAddress\000"
 8472      4F4D5F53 
 8472      65744D79 
 8472      41646472 
 8472      65737300 
 8473              	.LASF374:
 8474 1159 69326350 		.ascii	"i2cPeriod\000"
 8474      6572696F 
 8474      6400
 8475              	.LASF332:
 8476 1163 736C6565 		.ascii	"sleep_period\000"
 8476      705F7065 
 8476      72696F64 
 8476      00
 8477              	.LASF42:
 8478 1170 4359424C 		.ascii	"CYBLE_EVT_GAPP_ADVERTISEMENT_START_STOP\000"
 8478      455F4556 
 8478      545F4741 
 8478      50505F41 
 8478      44564552 
 8479              	.LASF152:
 8480 1198 4359424C 		.ascii	"CYBLE_GATTS_WRITE_REQ_PARAM_T\000"
 8480      455F4741 
 8480      5454535F 
 8480      57524954 
 8480      455F5245 
 8481              	.LASF19:
 8482 11b6 75696E74 		.ascii	"uint32\000"
 8482      333200
 8483              	.LASF329:
 8484 11bd 45455052 		.ascii	"EEPROM_SetI2CPeriod\000"
 8484      4F4D5F53 
 8484      65744932 
 8484      43506572 
 8484      696F6400 
 8485              	.LASF129:
 8486 11d1 4359424C 		.ascii	"CYBLE_GATT_ERR_INVALID_CRC\000"
 8486      455F4741 
 8486      54545F45 
 8486      52525F49 
 8486      4E56414C 
 8487              	.LASF92:
 8488 11ec 4359424C 		.ascii	"CYBLE_EVT_L2CAP_CBFC_DATA_READ\000"
 8488      455F4556 
 8488      545F4C32 
 8488      4341505F 
 8488      43424643 
 8489              	.LASF135:
 8490 120b 4359424C 		.ascii	"CYBLE_GATT_ERR_ANCS_INVALID_PARAMETER\000"
 8490      455F4741 
 8490      54545F45 
ARM GAS  C:\Users\alexport\AppData\Local\Temp\cc2gMrRa.s 			page 188


 8490      52525F41 
 8490      4E43535F 
 8491              	.LASF251:
 8492 1231 45634D6F 		.ascii	"EcModeReg\000"
 8492      64655265 
 8492      6700
 8493              	.LASF167:
 8494 123b 4359424C 		.ascii	"CYBLE_STATE_DISCONNECTED\000"
 8494      455F5354 
 8494      4154455F 
 8494      44495343 
 8494      4F4E4E45 
 8495              	.LASF51:
 8496 1254 4359424C 		.ascii	"CYBLE_EVT_GAP_OOB_GENERATED_NOTIFICATION\000"
 8496      455F4556 
 8496      545F4741 
 8496      505F4F4F 
 8496      425F4745 
 8497              	.LASF117:
 8498 127d 4359424C 		.ascii	"CYBLE_GATT_ERR_UNSUPPORTED_GROUP_TYPE\000"
 8498      455F4741 
 8498      54545F45 
 8498      52525F55 
 8498      4E535550 
 8499              	.LASF98:
 8500 12a3 4359424C 		.ascii	"CYBLE_EVT_HCI_PKT\000"
 8500      455F4556 
 8500      545F4843 
 8500      495F504B 
 8500      5400
 8501              	.LASF142:
 8502 12b5 61747449 		.ascii	"attId\000"
 8502      6400
 8503              	.LASF133:
 8504 12bb 4359424C 		.ascii	"CYBLE_GATT_ERR_ANCS_UNKNOWN_COMMAND\000"
 8504      455F4741 
 8504      54545F45 
 8504      52525F41 
 8504      4E43535F 
 8505              	.LASF209:
 8506 12df 5370616E 		.ascii	"SpanCalRemoveTime\000"
 8506      43616C52 
 8506      656D6F76 
 8506      6554696D 
 8506      6500
 8507              	.LASF102:
 8508 12f1 4359424C 		.ascii	"CYBLE_GATT_ERR_INVALID_HANDLE\000"
 8508      455F4741 
 8508      54545F45 
 8508      52525F49 
 8508      4E56414C 
 8509              	.LASF84:
 8510 130f 4359424C 		.ascii	"CYBLE_EVT_GATTC_LONG_PROCEDURE_END\000"
 8510      455F4556 
 8510      545F4741 
 8510      5454435F 
 8510      4C4F4E47 
ARM GAS  C:\Users\alexport\AppData\Local\Temp\cc2gMrRa.s 			page 189


 8511              	.LASF230:
 8512 1332 5374635F 		.ascii	"Stc_curve_1\000"
 8512      63757276 
 8512      655F3100 
 8513              	.LASF231:
 8514 133e 5374635F 		.ascii	"Stc_curve_2\000"
 8514      63757276 
 8514      655F3200 
 8515              	.LASF232:
 8516 134a 5374635F 		.ascii	"Stc_curve_3\000"
 8516      63757276 
 8516      655F3300 
 8517              	.LASF346:
 8518 1356 424C455F 		.ascii	"BLE_Start\000"
 8518      53746172 
 8518      7400
 8519              	.LASF375:
 8520 1360 736C6565 		.ascii	"sleepPeriod\000"
 8520      70506572 
 8520      696F6400 
 8521              	.LASF104:
 8522 136c 4359424C 		.ascii	"CYBLE_GATT_ERR_WRITE_NOT_PERMITTED\000"
 8522      455F4741 
 8522      54545F45 
 8522      52525F57 
 8522      52495445 
 8523              	.LASF192:
 8524 138f 436F756E 		.ascii	"CountsZeroScale\000"
 8524      74735A65 
 8524      726F5363 
 8524      616C6500 
 8525              	.LASF264:
 8526 139f 426C654E 		.ascii	"BleNotifyCalAsFound\000"
 8526      6F746966 
 8526      7943616C 
 8526      4173466F 
 8526      756E6400 
 8527              	.LASF337:
 8528 13b3 72756E74 		.ascii	"runtime_ProcessRequest\000"
 8528      696D655F 
 8528      50726F63 
 8528      65737352 
 8528      65717565 
 8529              	.LASF20:
 8530 13ca 696E7438 		.ascii	"int8\000"
 8530      00
 8531              	.LASF27:
 8532 13cf 6C6F6E67 		.ascii	"long double\000"
 8532      20646F75 
 8532      626C6500 
 8533              	.LASF58:
 8534 13db 4359424C 		.ascii	"CYBLE_EVT_GAP_AUTH_REQ_REPLY_ERR\000"
 8534      455F4556 
 8534      545F4741 
 8534      505F4155 
 8534      54485F52 
 8535              	.LASF14:
ARM GAS  C:\Users\alexport\AppData\Local\Temp\cc2gMrRa.s 			page 190


 8536 13fc 75696E74 		.ascii	"uint16_t\000"
 8536      31365F74 
 8536      00
 8537              	.LASF184:
 8538 1405 4C696665 		.ascii	"Life\000"
 8538      00
 8539              	.LASF26:
 8540 140a 72656733 		.ascii	"reg32\000"
 8540      3200
 8541              	.LASF265:
 8542 1410 426C654E 		.ascii	"BleNotifyCalAdjusted\000"
 8542      6F746966 
 8542      7943616C 
 8542      41646A75 
 8542      73746564 
 8543              	.LASF292:
 8544 1425 43616E43 		.ascii	"CanControl\000"
 8544      6F6E7472 
 8544      6F6C00
 8545              	.LASF195:
 8546 1430 43616C4C 		.ascii	"CalLevel\000"
 8546      6576656C 
 8546      00
 8547              	.LASF31:
 8548 1439 4359424C 		.ascii	"CYBLE_EVT_TIMEOUT\000"
 8548      455F4556 
 8548      545F5449 
 8548      4D454F55 
 8548      5400
 8549              	.LASF305:
 8550 144b 43616C53 		.ascii	"CalStepPrevious\000"
 8550      74657050 
 8550      72657669 
 8550      6F757300 
 8551              	.LASF45:
 8552 145b 4359424C 		.ascii	"CYBLE_EVT_GAP_ENCRYPT_CHANGE\000"
 8552      455F4556 
 8552      545F4741 
 8552      505F454E 
 8552      43525950 
 8553              	.LASF65:
 8554 1478 4359424C 		.ascii	"CYBLE_EVT_GATTC_READ_BY_GROUP_TYPE_RSP\000"
 8554      455F4556 
 8554      545F4741 
 8554      5454435F 
 8554      52454144 
 8555              	.LASF187:
 8556 149f 54656D70 		.ascii	"TemperaturePrevious\000"
 8556      65726174 
 8556      75726550 
 8556      72657669 
 8556      6F757300 
 8557              	.LASF238:
 8558 14b3 5761726D 		.ascii	"WarmupTime\000"
 8558      75705469 
 8558      6D6500
 8559              	.LASF66:
ARM GAS  C:\Users\alexport\AppData\Local\Temp\cc2gMrRa.s 			page 191


 8560 14be 4359424C 		.ascii	"CYBLE_EVT_GATTC_READ_BY_TYPE_RSP\000"
 8560      455F4556 
 8560      545F4741 
 8560      5454435F 
 8560      52454144 
 8561              	.LASF139:
 8562 14df 4359424C 		.ascii	"CYBLE_GATT_ERR_OUT_OF_RANGE\000"
 8562      455F4741 
 8562      54545F45 
 8562      52525F4F 
 8562      55545F4F 
 8563              	.LASF2:
 8564 14fb 73686F72 		.ascii	"short int\000"
 8564      7420696E 
 8564      7400
 8565              	.LASF128:
 8566 1505 4359424C 		.ascii	"CYBLE_GATTS_ERR_OPERATION_FAILED\000"
 8566      455F4741 
 8566      5454535F 
 8566      4552525F 
 8566      4F504552 
 8567              	.LASF132:
 8568 1526 4359424C 		.ascii	"CYBLE_GATT_ERR_ANS_COMMAND_NOT_SUPPORTED\000"
 8568      455F4741 
 8568      54545F45 
 8568      52525F41 
 8568      4E535F43 
 8569              	.LASF381:
 8570 154f 736C6565 		.ascii	"sleepEnable\000"
 8570      70456E61 
 8570      626C6500 
 8571              	.LASF124:
 8572 155b 4359424C 		.ascii	"CYBLE_GATTS_ERR_PROCEDURE_ALREADY_IN_PROGRESS\000"
 8572      455F4741 
 8572      5454535F 
 8572      4552525F 
 8572      50524F43 
 8573              	.LASF7:
 8574 1589 6C6F6E67 		.ascii	"long int\000"
 8574      20696E74 
 8574      00
 8575              	.LASF52:
 8576 1592 4359424C 		.ascii	"CYBLE_EVT_GAP_DATA_LENGTH_CHANGE\000"
 8576      455F4556 
 8576      545F4741 
 8576      505F4441 
 8576      54415F4C 
 8577              	.LASF254:
 8578 15b3 46726163 		.ascii	"Fractional\000"
 8578      74696F6E 
 8578      616C00
 8579              	.LASF61:
 8580 15be 4359424C 		.ascii	"CYBLE_EVT_GATT_CONNECT_IND\000"
 8580      455F4556 
 8580      545F4741 
 8580      54545F43 
 8580      4F4E4E45 
ARM GAS  C:\Users\alexport\AppData\Local\Temp\cc2gMrRa.s 			page 192


 8581              	.LASF100:
 8582 15d9 4359424C 		.ascii	"CYBLE_EVT_MAX\000"
 8582      455F4556 
 8582      545F4D41 
 8582      5800
 8583              	.LASF113:
 8584 15e7 4359424C 		.ascii	"CYBLE_GATT_ERR_INSUFFICIENT_ENC_KEY_SIZE\000"
 8584      455F4741 
 8584      54545F45 
 8584      52525F49 
 8584      4E535546 
 8585              	.LASF340:
 8586 1610 6D6F6462 		.ascii	"modbusCommand\000"
 8586      7573436F 
 8586      6D6D616E 
 8586      6400
 8587              	.LASF71:
 8588 161e 4359424C 		.ascii	"CYBLE_EVT_GATTC_READ_MULTI_RSP\000"
 8588      455F4556 
 8588      545F4741 
 8588      5454435F 
 8588      52454144 
 8589              	.LASF257:
 8590 163d 426C654E 		.ascii	"BleNotifyReading\000"
 8590      6F746966 
 8590      79526561 
 8590      64696E67 
 8590      00
 8591              	.LASF307:
 8592 164e 43616C53 		.ascii	"CalSpeedPrevious\000"
 8592      70656564 
 8592      50726576 
 8592      696F7573 
 8592      00
 8593              	.LASF237:
 8594 165f 56726566 		.ascii	"VrefTollerance\000"
 8594      546F6C6C 
 8594      6572616E 
 8594      636500
 8595              	.LASF380:
 8596 166e 64656570 		.ascii	"deepSleep\000"
 8596      536C6565 
 8596      7000
 8597              	.LASF126:
 8598 1678 4359424C 		.ascii	"CYBLE_GATT_ERR_MISSING_CRC\000"
 8598      455F4741 
 8598      54545F45 
 8598      52525F4D 
 8598      49535349 
 8599              	.LASF90:
 8600 1693 4359424C 		.ascii	"CYBLE_EVT_L2CAP_CBFC_DISCONN_IND\000"
 8600      455F4556 
 8600      545F4C32 
 8600      4341505F 
 8600      43424643 
 8601              	.LASF137:
 8602 16b4 4359424C 		.ascii	"CYBLE_GATT_ERR_CCCD_IMPROPERLY_CONFIGURED\000"
ARM GAS  C:\Users\alexport\AppData\Local\Temp\cc2gMrRa.s 			page 193


 8602      455F4741 
 8602      54545F45 
 8602      52525F43 
 8602      4343445F 
 8603              	.LASF213:
 8604 16de 416C6572 		.ascii	"Alert1Ascending\000"
 8604      74314173 
 8604      63656E64 
 8604      696E6700 
 8605              	.LASF29:
 8606 16ee 4359424C 		.ascii	"CYBLE_EVT_HOST_INVALID\000"
 8606      455F4556 
 8606      545F484F 
 8606      53545F49 
 8606      4E56414C 
 8607              	.LASF319:
 8608 1705 54657374 		.ascii	"Test_Increment\000"
 8608      5F496E63 
 8608      72656D65 
 8608      6E7400
 8609              	.LASF355:
 8610 1714 6576656E 		.ascii	"eventCode\000"
 8610      74436F64 
 8610      6500
 8611              	.LASF54:
 8612 171e 4359424C 		.ascii	"CYBLE_EVT_GAPC_DIRECT_ADV_REPORT\000"
 8612      455F4556 
 8612      545F4741 
 8612      50435F44 
 8612      49524543 
 8613              	.LASF157:
 8614 173f 4359424C 		.ascii	"CYBLE_DIS_FIRMWARE_REV\000"
 8614      455F4449 
 8614      535F4649 
 8614      524D5741 
 8614      52455F52 
 8615              	.LASF216:
 8616 1756 4C696E65 		.ascii	"Linear1Value\000"
 8616      61723156 
 8616      616C7565 
 8616      00
 8617              	.LASF151:
 8618 1763 68616E64 		.ascii	"handleValPair\000"
 8618      6C655661 
 8618      6C506169 
 8618      7200
 8619              	.LASF48:
 8620 1771 4359424C 		.ascii	"CYBLE_EVT_GAP_KEYINFO_EXCHNGE_CMPLT\000"
 8620      455F4556 
 8620      545F4741 
 8620      505F4B45 
 8620      59494E46 
 8621              	.LASF144:
 8622 1795 61637475 		.ascii	"actualLen\000"
 8622      616C4C65 
 8622      6E00
 8623              	.LASF199:
ARM GAS  C:\Users\alexport\AppData\Local\Temp\cc2gMrRa.s 			page 194


 8624 179f 54656D70 		.ascii	"TemperatureOffset\000"
 8624      65726174 
 8624      7572654F 
 8624      66667365 
 8624      7400
 8625              	.LASF360:
 8626 17b1 53797357 		.ascii	"SysWdtInit\000"
 8626      6474496E 
 8626      697400
 8627              	.LASF3:
 8628 17bc 5F5F7569 		.ascii	"__uint8_t\000"
 8628      6E74385F 
 8628      7400
 8629              	.LASF281:
 8630 17c6 41444645 		.ascii	"ADFESerialNumberString\000"
 8630      53657269 
 8630      616C4E75 
 8630      6D626572 
 8630      53747269 
 8631              	.LASF44:
 8632 17dd 4359424C 		.ascii	"CYBLE_EVT_GAP_DEVICE_DISCONNECTED\000"
 8632      455F4556 
 8632      545F4741 
 8632      505F4445 
 8632      56494345 
 8633              	.LASF136:
 8634 17ff 4359424C 		.ascii	"CYBLE_GATT_ERR_ANCS_ACTION_FAILED\000"
 8634      455F4741 
 8634      54545F45 
 8634      52525F41 
 8634      4E43535F 
 8635              	.LASF256:
 8636 1821 426C6543 		.ascii	"BleControlPrevious\000"
 8636      6F6E7472 
 8636      6F6C5072 
 8636      6576696F 
 8636      757300
 8637              	.LASF88:
 8638 1834 4359424C 		.ascii	"CYBLE_EVT_L2CAP_CBFC_CONN_IND\000"
 8638      455F4556 
 8638      545F4C32 
 8638      4341505F 
 8638      43424643 
 8639              	.LASF219:
 8640 1852 4C696E65 		.ascii	"Linear3Level\000"
 8640      6172334C 
 8640      6576656C 
 8640      00
 8641              	.LASF354:
 8642 185f 53746163 		.ascii	"Stack_Handler\000"
 8642      6B5F4861 
 8642      6E646C65 
 8642      7200
 8643              	.LASF241:
 8644 186d 446E5365 		.ascii	"DnSerialNumberL\000"
 8644      7269616C 
 8644      4E756D62 
ARM GAS  C:\Users\alexport\AppData\Local\Temp\cc2gMrRa.s 			page 195


 8644      65724C00 
 8645              	.LASF377:
 8646 187d 73746172 		.ascii	"startI2CRead\000"
 8646      74493243 
 8646      52656164 
 8646      00
 8647              	.LASF196:
 8648 188a 43616C4C 		.ascii	"CalLevelPrevious\000"
 8648      6576656C 
 8648      50726576 
 8648      696F7573 
 8648      00
 8649              	.LASF298:
 8650 189b 43616C41 		.ascii	"CalAdjustedPrevious\000"
 8650      646A7573 
 8650      74656450 
 8650      72657669 
 8650      6F757300 
 8651              	.LASF28:
 8652 18af 73697A65 		.ascii	"sizetype\000"
 8652      74797065 
 8652      00
 8653              	.LASF299:
 8654 18b8 43616C69 		.ascii	"CalibrationStatus\000"
 8654      62726174 
 8654      696F6E53 
 8654      74617475 
 8654      7300
 8655              	.LASF9:
 8656 18ca 6C6F6E67 		.ascii	"long unsigned int\000"
 8656      20756E73 
 8656      69676E65 
 8656      6420696E 
 8656      7400
 8657              	.LASF178:
 8658 18dc 52656164 		.ascii	"ReadingLinear\000"
 8658      696E674C 
 8658      696E6561 
 8658      7200
 8659              	.LASF278:
 8660 18ea 416C6572 		.ascii	"AlertStatusPrevious\000"
 8660      74537461 
 8660      74757350 
 8660      72657669 
 8660      6F757300 
 8661              	.LASF22:
 8662 18fe 666C6F61 		.ascii	"float\000"
 8662      7400
 8663              	.LASF306:
 8664 1904 43616C53 		.ascii	"CalSpeed\000"
 8664      70656564 
 8664      00
 8665              	.LASF15:
 8666 190d 696E7433 		.ascii	"int32_t\000"
 8666      325F7400 
 8667              	.LASF148:
 8668 1915 4359424C 		.ascii	"CYBLE_GATT_HANDLE_VALUE_PAIR_T\000"
ARM GAS  C:\Users\alexport\AppData\Local\Temp\cc2gMrRa.s 			page 196


 8668      455F4741 
 8668      54545F48 
 8668      414E444C 
 8668      455F5641 
 8669              	.LASF95:
 8670 1934 4359424C 		.ascii	"CYBLE_EVT_L2CAP_CBFC_DATA_WRITE_IND\000"
 8670      455F4556 
 8670      545F4C32 
 8670      4341505F 
 8670      43424643 
 8671              	.LASF316:
 8672 1958 4E756D62 		.ascii	"NumberOfSensors\000"
 8672      65724F66 
 8672      53656E73 
 8672      6F727300 
 8673              	.LASF56:
 8674 1968 4359424C 		.ascii	"CYBLE_EVT_GAP_CONN_ESTB\000"
 8674      455F4556 
 8674      545F4741 
 8674      505F434F 
 8674      4E4E5F45 
 8675              	.LASF373:
 8676 1980 72733233 		.ascii	"rs232RxBuffer\000"
 8676      32527842 
 8676      75666665 
 8676      7200
 8677              	.LASF369:
 8678 198e 6669726D 		.ascii	"firmwareVersion\000"
 8678      77617265 
 8678      56657273 
 8678      696F6E00 
 8679              	.LASF277:
 8680 199e 416C6572 		.ascii	"AlertStatus\000"
 8680      74537461 
 8680      74757300 
 8681              	.LASF183:
 8682 19aa 53746174 		.ascii	"StatusPrevious\000"
 8682      75735072 
 8682      6576696F 
 8682      757300
 8683              	.LASF272:
 8684 19b9 426C654E 		.ascii	"BleNotifyCalibrationStatus\000"
 8684      6F746966 
 8684      7943616C 
 8684      69627261 
 8684      74696F6E 
 8685              	.LASF41:
 8686 19d4 4359424C 		.ascii	"CYBLE_EVT_GAP_AUTH_FAILED\000"
 8686      455F4556 
 8686      545F4741 
 8686      505F4155 
 8686      54485F46 
 8687              	.LASF35:
 8688 19ee 4359424C 		.ascii	"CYBLE_EVT_MEMORY_REQUEST\000"
 8688      455F4556 
 8688      545F4D45 
 8688      4D4F5259 
ARM GAS  C:\Users\alexport\AppData\Local\Temp\cc2gMrRa.s 			page 197


 8688      5F524551 
 8689              	.LASF234:
 8690 1a07 5370616E 		.ascii	"Span_adjust\000"
 8690      5F61646A 
 8690      75737400 
 8691              	.LASF348:
 8692 1a13 74656D70 		.ascii	"tempHandle\000"
 8692      48616E64 
 8692      6C6500
 8693              	.LASF243:
 8694 1a1e 52616E67 		.ascii	"Range\000"
 8694      6500
 8695              	.LASF361:
 8696 1a24 53797357 		.ascii	"SysWdtReset\000"
 8696      64745265 
 8696      73657400 
 8697              	.LASF1:
 8698 1a30 756E7369 		.ascii	"unsigned char\000"
 8698      676E6564 
 8698      20636861 
 8698      7200
 8699              	.LASF8:
 8700 1a3e 5F5F7569 		.ascii	"__uint32_t\000"
 8700      6E743332 
 8700      5F7400
 8701              	.LASF176:
 8702 1a49 52656164 		.ascii	"ReadingPrevious\000"
 8702      696E6750 
 8702      72657669 
 8702      6F757300 
 8703              	.LASF258:
 8704 1a59 426C654E 		.ascii	"BleNotifyStatus\000"
 8704      6F746966 
 8704      79537461 
 8704      74757300 
 8705              	.LASF69:
 8706 1a69 4359424C 		.ascii	"CYBLE_EVT_GATTC_READ_RSP\000"
 8706      455F4556 
 8706      545F4741 
 8706      5454435F 
 8706      52454144 
 8707              	.LASF105:
 8708 1a82 4359424C 		.ascii	"CYBLE_GATT_ERR_INVALID_PDU\000"
 8708      455F4741 
 8708      54545F45 
 8708      52525F49 
 8708      4E56414C 
 8709              	.LASF112:
 8710 1a9d 4359424C 		.ascii	"CYBLE_GATT_ERR_ATTRIBUTE_NOT_LONG\000"
 8710      455F4741 
 8710      54545F45 
 8710      52525F41 
 8710      54545249 
 8711              	.LASF161:
 8712 1abf 4359424C 		.ascii	"CYBLE_DIS_PNP_ID\000"
 8712      455F4449 
 8712      535F504E 
ARM GAS  C:\Users\alexport\AppData\Local\Temp\cc2gMrRa.s 			page 198


 8712      505F4944 
 8712      00
 8713              	.LASF383:
 8714 1ad0 736C6565 		.ascii	"sleepCnt\000"
 8714      70436E74 
 8714      00
 8715              	.LASF185:
 8716 1ad9 4C696665 		.ascii	"LifePrevious\000"
 8716      50726576 
 8716      696F7573 
 8716      00
 8717              	.LASF349:
 8718 1ae6 75706461 		.ascii	"updateOurBleData\000"
 8718      74654F75 
 8718      72426C65 
 8718      44617461 
 8718      00
 8719              	.LASF287:
 8720 1af7 5379734D 		.ascii	"SysMaWarmup\000"
 8720      61576172 
 8720      6D757000 
 8721              	.LASF59:
 8722 1b03 4359424C 		.ascii	"CYBLE_EVT_GAP_SMP_LOC_P256_KEYS_GEN_AND_SET_COMPLET"
 8722      455F4556 
 8722      545F4741 
 8722      505F534D 
 8722      505F4C4F 
 8723 1b36 4500     		.ascii	"E\000"
 8724              	.LASF325:
 8725 1b38 61646472 		.ascii	"addr\000"
 8725      00
 8726              	.LASF43:
 8727 1b3d 4359424C 		.ascii	"CYBLE_EVT_GAP_DEVICE_CONNECTED\000"
 8727      455F4556 
 8727      545F4741 
 8727      505F4445 
 8727      56494345 
 8728              	.LASF282:
 8729 1b5c 53656E73 		.ascii	"SensorSnL64\000"
 8729      6F72536E 
 8729      4C363400 
 8730              	.LASF356:
 8731 1b68 6576656E 		.ascii	"eventParam\000"
 8731      74506172 
 8731      616D00
 8732              	.LASF386:
 8733 1b73 626C6543 		.ascii	"bleConnected\000"
 8733      6F6E6E65 
 8733      63746564 
 8733      00
 8734              	.LASF321:
 8735 1b80 53656E73 		.ascii	"SensorSerialNumber\000"
 8735      6F725365 
 8735      7269616C 
 8735      4E756D62 
 8735      657200
 8736              	.LASF119:
ARM GAS  C:\Users\alexport\AppData\Local\Temp\cc2gMrRa.s 			page 199


 8737 1b93 4359424C 		.ascii	"CYBLE_GATT_ERR_TRIGGER_CODITION_VALUE_NOT_SUPPORTED"
 8737      455F4741 
 8737      54545F45 
 8737      52525F54 
 8737      52494747 
 8738 1bc6 00       		.ascii	"\000"
 8739              	.LASF75:
 8740 1bc7 4359424C 		.ascii	"CYBLE_EVT_GATTS_PREP_WRITE_REQ\000"
 8740      455F4556 
 8740      545F4741 
 8740      5454535F 
 8740      50524550 
 8741              	.LASF246:
 8742 1be6 43624272 		.ascii	"CbBridgeVoltsToll\000"
 8742      69646765 
 8742      566F6C74 
 8742      73546F6C 
 8742      6C00
 8743              	.LASF309:
 8744 1bf8 43616C43 		.ascii	"CalClearing\000"
 8744      6C656172 
 8744      696E6700 
 8745              	.LASF275:
 8746 1c04 41646343 		.ascii	"AdcCounts\000"
 8746      6F756E74 
 8746      7300
 8747              	.LASF372:
 8748 1c0e 6D6F6462 		.ascii	"modbus_txBuffer\000"
 8748      75735F74 
 8748      78427566 
 8748      66657200 
 8749              	.LASF96:
 8750 1c1e 4359424C 		.ascii	"CYBLE_EVT_PENDING_FLASH_WRITE\000"
 8750      455F4556 
 8750      545F5045 
 8750      4E44494E 
 8750      475F464C 
 8751              	.LASF111:
 8752 1c3c 4359424C 		.ascii	"CYBLE_GATT_ERR_ATTRIBUTE_NOT_FOUND\000"
 8752      455F4741 
 8752      54545F45 
 8752      52525F41 
 8752      54545249 
 8753              	.LASF141:
 8754 1c5f 62644861 		.ascii	"bdHandle\000"
 8754      6E646C65 
 8754      00
 8755              	.LASF344:
 8756 1c68 476F546F 		.ascii	"GoToSleep\000"
 8756      536C6565 
 8756      7000
 8757              	.LASF347:
 8758 1c72 75706461 		.ascii	"updateData\000"
 8758      74654461 
 8758      746100
 8759              	.LASF310:
 8760 1c7d 43616C43 		.ascii	"CalClearingPrevious\000"
ARM GAS  C:\Users\alexport\AppData\Local\Temp\cc2gMrRa.s 			page 200


 8760      6C656172 
 8760      696E6750 
 8760      72657669 
 8760      6F757300 
 8761              	.LASF0:
 8762 1c91 7369676E 		.ascii	"signed char\000"
 8762      65642063 
 8762      68617200 
 8763              	.LASF330:
 8764 1c9d 70657269 		.ascii	"period\000"
 8764      6F6400
 8765              	.LASF53:
 8766 1ca4 4359424C 		.ascii	"CYBLE_EVT_GAP_ENHANCE_CONN_COMPLETE\000"
 8766      455F4556 
 8766      545F4741 
 8766      505F454E 
 8766      48414E43 
 8767              	.LASF5:
 8768 1cc8 73686F72 		.ascii	"short unsigned int\000"
 8768      7420756E 
 8768      7369676E 
 8768      65642069 
 8768      6E7400
 8769              	.LASF353:
 8770 1cdb 72616E67 		.ascii	"rangeLE\000"
 8770      654C4500 
 8771              	.LASF368:
 8772 1ce3 53797374 		.ascii	"System\000"
 8772      656D00
 8773              	.LASF94:
 8774 1cea 4359424C 		.ascii	"CYBLE_EVT_L2CAP_CBFC_TX_CREDIT_IND\000"
 8774      455F4556 
 8774      545F4C32 
 8774      4341505F 
 8774      43424643 
 8775              	.LASF279:
 8776 1d0d 53797353 		.ascii	"SysSerialNumber\000"
 8776      65726961 
 8776      6C4E756D 
 8776      62657200 
 8777              	.LASF300:
 8778 1d1d 43616C69 		.ascii	"CalibrationStatusPrevious\000"
 8778      62726174 
 8778      696F6E53 
 8778      74617475 
 8778      73507265 
 8779              	.LASF214:
 8780 1d37 416C6572 		.ascii	"Alert2Ascending\000"
 8780      74324173 
 8780      63656E64 
 8780      696E6700 
 8781              	.LASF17:
 8782 1d47 75696E74 		.ascii	"uint8\000"
 8782      3800
 8783              	.LASF23:
 8784 1d4d 646F7562 		.ascii	"double\000"
 8784      6C6500
ARM GAS  C:\Users\alexport\AppData\Local\Temp\cc2gMrRa.s 			page 201


 8785              	.LASF312:
 8786 1d54 43616C53 		.ascii	"CalSpanErrorPrevious\000"
 8786      70616E45 
 8786      72726F72 
 8786      50726576 
 8786      696F7573 
 8787              	.LASF203:
 8788 1d69 5A65726F 		.ascii	"ZeroCalTollerance\000"
 8788      43616C54 
 8788      6F6C6C65 
 8788      72616E63 
 8788      6500
 8789              	.LASF131:
 8790 1d7b 4359424C 		.ascii	"CYBLE_GATTS_ERR_NETWORK_NOT_AVAILABLE\000"
 8790      455F4741 
 8790      5454535F 
 8790      4552525F 
 8790      4E455457 
 8791              	.LASF39:
 8792 1da1 4359424C 		.ascii	"CYBLE_EVT_GAP_PASSKEY_DISPLAY_REQUEST\000"
 8792      455F4556 
 8792      545F4741 
 8792      505F5041 
 8792      53534B45 
 8793              	.LASF46:
 8794 1dc7 4359424C 		.ascii	"CYBLE_EVT_GAP_CONNECTION_UPDATE_COMPLETE\000"
 8794      455F4556 
 8794      545F4741 
 8794      505F434F 
 8794      4E4E4543 
 8795              	.LASF323:
 8796 1df0 6D796164 		.ascii	"myaddr\000"
 8796      647200
 8797              	.LASF107:
 8798 1df7 4359424C 		.ascii	"CYBLE_GATT_ERR_REQUEST_NOT_SUPPORTED\000"
 8798      455F4741 
 8798      54545F45 
 8798      52525F52 
 8798      45515545 
 8799              	.LASF150:
 8800 1e1c 636F6E6E 		.ascii	"connHandle\000"
 8800      48616E64 
 8800      6C6500
 8801              	.LASF36:
 8802 1e27 4359424C 		.ascii	"CYBLE_EVT_GAPC_SCAN_PROGRESS_RESULT\000"
 8802      455F4556 
 8802      545F4741 
 8802      50435F53 
 8802      43414E5F 
 8803              	.LASF47:
 8804 1e4b 4359424C 		.ascii	"CYBLE_EVT_GAPC_SCAN_START_STOP\000"
 8804      455F4556 
 8804      545F4741 
 8804      50435F53 
 8804      43414E5F 
 8805              	.LASF379:
 8806 1e6a 73656E64 		.ascii	"sendCommand\000"
ARM GAS  C:\Users\alexport\AppData\Local\Temp\cc2gMrRa.s 			page 202


 8806      436F6D6D 
 8806      616E6400 
 8807              	.LASF190:
 8808 1e76 4D614F75 		.ascii	"MaOutput\000"
 8808      74707574 
 8808      00
 8809              	.LASF166:
 8810 1e7f 4359424C 		.ascii	"CYBLE_STATE_ADVERTISING\000"
 8810      455F5354 
 8810      4154455F 
 8810      41445645 
 8810      52544953 
 8811              		.ident	"GCC: (GNU Tools for ARM Embedded Processors) 5.4.1 20160609 (release) [ARM/embedded-5-bran
