:400000000080002011000000210300002103000010B500F0CFFA00F08BF9C04670B51222224B1A6001F0EAF9214801F00DFB012001F004FA302001F0FBF81E4A1E4B1A60CA
:400040001E4C8025ED0525601D4A116802230B4313601C4A1C4B1A6000221C4B1A601C4A136808218B431360FA20C00001F092F9184801F0D3F8C0221201174B1A60174AFB
:40008000174B1A6080221206164B1A608022D202154B1A604022154B1A601549082001F061F8082001F034F8256070BD30001040001BB7000600008004010B400C020B40FB
:4000C00078002E40555500007C002E4064F02E406CF02E40DC0500000003014040FF00800000014008010B4000010B402C0101405515000070B572B600223A4B1A600132BC
:40010000394B1A7000240FE038486200131959000B00411889881A5AC31858880004104300F0F4F80134E4B2012CEDD9002411E02E4EA2001319590071188D89C8890004F6
:4001400028430A8A498A09041143802200F0E4F80134E4B2002CEBD0244918312448483000F0AAF880225200224B1A80FF3A224B1A70EE221206214B1A60214A214B1A6076
:4001800099221204204B1A60204A214B1A6080221203204B1A60982212041F4B1A6006231E4A13601E4A13601E490B783C22934314221343DBB20B701B4A117816230B43E3
:4001C000DBB21370D8221204184B1A600522184B1A60184A184B1A60FFF720FF00F086F870BDC0466CF02E401C700F40F0160000F018000000600F4002600F4000000240B4
:40020000030300000001024000500F400400990010500F4014500F4018500F402000104000800F4001700F4000700F4008000440000104408E0D00000801044010B5064CD2
:400240002378002B07D1054B002B02D0044800E000BF0123237010BD5801002000000000EC160000084B10B5002B03D00749084800E000BF07480368002B00D110BD064B80
:40028000002BFBD09847F9E7000000005C010020EC160000C80000200000000010B562B6002000F089FE012001F0A6F900F090FC00F0F6FBFEE7C046F0B50025002711E0D3
:4002C000BB00C658F3B2FF22964308E06A008A181478A419527822700135013BDBB2002BF4D10137072FEBD9F0BDC0460323044A1360044A13600022034B1A607047C046CA
:400300003000304030003140000E3F4010B50A00002101F0DEF910BD10B501F0D1F910BD10B501F0A1F903680C2B00D1FEE7FEE770B50F4E0F4D13E029686B68AC68002225
:4003400002E001C901C30432A242FAD1E868002202E0002102C304328242FAD11035013E002EE9D101F086F9FFF798FFFEE7C04601000000941A000010B5114A1368012169
:400380008B43136000230AE0032B03D89A000D49505800E00C4899000C4A885001332F2BF2D9FFF7A7FE0A4B1B68002B02D10022074B1A60024A116801230B43136010BD24
:4003C00000001040000000002103000000000020C0000020002306E04218013A12789B189BB2013989B20029F6D1584280B270470047C04610B58022024B1A6000F0EAFE26
:4004000010BDC046C0000020F0B583B00D006B469E1DDA8001230B7048701400AA70130ACB70171DB9B22800FFF7D4FFE855631D000AE854A31D1722EA540734A1B2962370
:400440003200280000F0D4FC03B0F0BD70B505000E001400002802D0002000F081FE002005E0013CAB19E3181B781818C0B2002CF7D170BD10B50C2863D88000404B1B5824
:400480009F460B06591A0B023E4A9446634401225CE00B06591A0B023B4A94466344042254E00B06591A0B02384A9446634402224CE00B06591A0B02354A944663440422D2
:4004C00044E00B06591A0B02324A9446634401223CE00B06591A0B022F4A94466344012234E00B06591A0B022C4A9446634402222CE00B06591A0B02294A944663440222E8
:4005000024E00B06591A0B02264A9446634402221CE00B06591A0B02234A94466344042214E00B06591A0B02204A9446634401220CE00B06591A0B021D4A94466344042252
:4005400004E0002000F00CFE02220023012A02D11878C0B200E00020022A03D11978587800020843042A09D11A785878000210439A7812041043DB781B06184310BDC046AC
:40058000D8190000C0FF0300C1FF0300C5FF0300C9FF0300D0FF0300D1FF0300D6FF0300D2FF0300D4FF0300D8FF0300DCFF0300E0FF030010B50D4B1B68DB0602D40022F9
:4005C0000B4B1A600A4B1B68802B0ED10022084B1A6000210220FFF74DFF002805D000210220FFF747FFFFF703FF10BD00030B40C000002070B5050001000320FFF73AFF69
:40060000441C240229000420FFF734FF241829000320FFF72FFF421C12020023002608E01078411EC9B2FD2900D801261B18DBB20132A242F4D35B42DCB229000120FFF7DF
:4006400019FF844203D1002E03D1062002E0062000E0002070BDC046F0B55F4656464D464446F0B4BA4CA544050000F0B5FB62B600239A4600270A249946002D01D1FF23BA
:4006800000E02B00B34A02A98C4662449621490052A800F0BFFB002D01D0013CE4B2002C01D00028E9D1002800D0E7E1A94B02AA944663441B88062B24D952AA1278012A58
:4006C00022D152A9CA78120289780A439146110007329A421AD896235B009A4218D84A1D52AB9E5C3202081D1E5C164306315B5C172B0FD181B252A8FFF76CFE86420BD1CE
:4007000000260AE0042608E0042606E0032604E0032602E0042600E00826002E00D057E152AB1A7993465A781300313BD9B20A2900D91DE18B008849CB589F46012F00D04E
:4007400048E14B46002B00D047E10020FFF752FF4342434152AA1371012288E1012F00D03EE14B46012B00D03DE15B46012B00D93CE17A4B1B681B685A0CD2B2934503D132
:400780001B0ADB05DB0D05E0934501D9002301E080239B0052AA13711B0A5371FF239371FE3BD371042262E1342A0ED1012F00D01FE14B46032B00D01EE1CC32002107A865
:4007C00000F087FF80235B009A46012F00D016E14B46022B00D815E107A85044DA1E4821FF3102AB9C46614400F06AFF4B4653449BB20422FF32934200D006E152AA937961
:400800001B02527913439A46554B9A4500D90A26002E00D001E15B46580280B2504480B24E4B1B681A68130A9BB2FF21114201D001339BB2834200D9F4E007A900F0CCFB99
:40084000002800D1F6E000239A460133FF3399460A2600220BE1012F00D10DE10426002205E1012F00D0ECE04B46534496225200934200D9E8E007A850444A4653A900F0CF
:400880001FFF53464B449BB29A460022EFE04B46002B00D0DBE004AA324B03CB03C253AA04AB03CB03C200239A4601270822DEE0012F00D0CEE04B46032B00D0CDE052AA97
:4008C00093791B025279134398465B46590241440902234B984500D90A26002E00D0BFE0802252000020FFF7B1FD030001905A46520292B2424492B25946012913D11A49F5
:400900008A4210D100210520FFF7B4FDC0B2019B1B1ADBB2984600210620FFF7ABFDC3B24246D31ADBB25B4252AA137101229EE00020FFF75FFE002802D180220B4B1A6075
:4009400000F052FA00F046FC042600228FE0C04684FDFFFF6E0200000C1A0000CC000020FF010000381A0000FF030000C00000204A4B1E68002E75D0012F76D102AB1A70D7
:400980004A465A8053AB03930C22002104A800F0A0FE04AB9B4653AA0692190002A8B0475B469A882623FF339A4203D953AB0699994207D0069B002B01D1002A05D1049B4F
:4009C000DEB254E00E26002251E00E2600224EE000224CE00426002249E00426002246E00426002243E00426002240E0042600223DE0042600223AE00426002237E00426BC
:400A0000002234E00426002231E000239A460133FF3399460326002229E080235B009946002224E000239A460133FF3399460A2600221CE000239A460133FF339946002284
:400A400015E00426002212E0032600220FE0042600220CE00426002209E00426002206E0002204E00526002201E00526002252A93000FFF7C9FC01E000239A46002D00D121
:400A8000FBE5012F00D1F8E59F239B009D443CBC90469946A246AB46F0BDC0467401002070B50020FFF7A6FD002801D0062400E00024154D2B681A68C03AC0210020FFF7FF
:400AC000C5FC6B681B78C01AC0B24042C0B2834204D10D4B1B681B68002B02D1002000F03FFB0A4B1B68402B01D0002C05D00022064B1A600020FFF7AFFD3220FFF7ACFD9A
:400B0000FFF778FC70BDC046CC000020C000002010B51149012000F025FB0321012000F033FB00220D4B1A7072320D4B1A70523A0C4B1A700C49022000F014FB03210220E6
:400B400000F022FB0622094B1A704132084B1A70453A084B1A7010BDD10E00007801002080000F4081000F40610F000022000F4032000F4083000F4070B500F06EFD050019
:400B8000104A117820230B43DBB213700E4A137810242343DBB21370012000F0B9FA0B4B1A781443E4B21C70022000F0CFFA022000F0AEFAFF2000F02BFD280000F051FDCD
:400BC00070BDC04690000F4091000F4093000F4010B5064B5B78002B04D1FFF799FF0122024B5A70FFF7C8FF10BDC0467801002070B500F032FD04000C4A137820218B430F
:400C0000137000F013FD0A4A13781025AB431370012000F087FA074A1378AB431370022000F080FA200000F01CFD70BD90000F4091000F4093000F4010B5012000F072FA08
:400C4000114A9378DBB2D178C9B21279002A01D18B4210D00D4AD45CE4B20133DBB23F2B00D90023084A93701379002B06D00022054B1A7102E0064B1C78E4B2012000F0F8
:400C800047FA200010BDC04678010020AC01002040000F4010B5012000F044FA134B9A78D2B2DB78DBB29A4205D1104B1B79002B15D0402414E00D4B9A78D2B2DB78DBB24C
:400CC0009A4205D2094AD37894781C1BE4B207E0064AD37894781C1B4034E4B200E00024012000F015FA200010BDC0467801002010B500F0B2FC0C4A117801230B43DBB20A
:400D00001370137801218B43137000F0AAFC012000F008FA054B00229A70DA701A715A71012000F0F5F910BD90000F407801002010B5164BD9799A79D2B2914205D2531EFF
:400D4000CB1A5C426341DBB204E08B1A3F3B5C426341DBB2002BECD1914206D10C4B1B785B0702D40B4B18700EE03F2900D90021094B58540131054BD971054B1B789B07BA
:400D800002D5022000F0D8F910BDC0467801002063000F4043000F40EC01002010B500F05CFC0B4A117801230B43DBB21370137801218B43137000F054FC022000F0B2F954
:400DC000044B00229A71DA71022000F0A1F910BD93000F407801002010B5FFF7F9FEFFF787FFFFF7DBFF10BD10B5FFF701FF10BDF8B506000D001700FFF77AFF002404E097
:400E0000305DFFF795FF0134A4B2AC42F8D33D800020F8BDF0B55F4656464546E0B482B006008A4690461D00002415E0FFF732FF00280CD0FFF72EFF0400192000F0D6F962
:400E4000FFF728FF8442F5D3002301930BE0012000F0CCF90134A4B2AB005B195A009442E4DB05230193002342461380002524E0FFF710FF87B243461A88BB189BB2414683
:400E80000B8053450BD316E073199B46FFF7D4FE5B4618700135ADB20134A4B200E00024BC42F1D37319013B1B78172B05D0052000F09CF901E00A8003E0FFF7EBFE002886
:400EC000D6D1019802B01CBC90469A46A346F0BD1B4B1B78DBB21E221A4204D019481A4001780A4302702022134025D0164A1178C9B2164A1278D2B215488154154A12787C
:400F0000002A02D00121144A117010490A780132D2B20A700A78D2B23F2A02D900210B4A11700A4A1178C9B20C4A1278D2B2914202D10121074A1170002BC9D17047C0468F
:400F400061000F407801002040000F407B010020AC0100207C0100207D0100207A01002013E0104B1B78DBB23F2B02D900220D4B1A700C4A1378DBB20B49CB5CDBB20B49D9
:400F80000B7013780133DBB21370064B1B78DBB2074A1278934203D0064B1B785B07E0D57047C0467E010020EC01002043000F407F01002063000F4004490A68D2B2042341
:400FC0009A438000184010430860704700010440002070470020704730B5C5B004000023439342933D4B984272D8002970D08022520002A800F064FB394B9C4201D9394BE9
:4010000000E0394B0093FF230193384B6A461A603749384A1160C0461B681B0F1B07F0221206934204D1314B1B68FF2213400DE02E4B1B681B0F1B07A0221206934204D00F
:401040002A4B1B68FF22134000E000234393439B002B3FD100F001FB0500FFF7B9FF4290439B002B25D1244A0092009A2404144300941E4A6946116020481E490860C04630
:401080001268120F1207F02109068A4204D1174B1B68FF2213400BE0144A1268120F1207A02109068A4203D0104B1B68FF2213404393429B002B07D1FFF78CFF4290429BBE
:4010C000002B01D0429B4393280000F0CAFA01E004234393439845B030BDC046FF030000FF010000B6D70001B6D70000080010400400008004001040B6D800000500008064
:40110000024B1B68012018407047C0460C002E401F2318401E3B8340014A13607047C04600E100E01F2318401E3B8340014A13607047C04680E100E01F2318401E3B834015
:40114000014A13607047C04600E200E01F2318401E3B8340014A13607047C04680E200E001BE704770B504000D001F2802D90020FFF7F6FF1034A40080239B059C46644431
:401180002068256070BDC04670B504000E00032902D90020FFF7E4FF1F2C02D90020FFF7DFFF03252540ED00063500F056FAA408A400074B9C46644421680323AB40994307
:4011C0000B003100A9401943216000F04AFA70BD00E400E0034A13681B041B0C02490B43136070470CED00E00400FA0510B5040006E0084B586800F027FA074B9C4664446C
:4012000080231B029C42F4D8024B9868604300F01BFA10BDD40000200080FFFF10B5034B1B7B584300F010FA10BDC046D4000020F0B557464E46C0B483B0040000F00DFA93
:401240000190E71E2D2F74D83F4B1B78DBB29C4208D83E4B1B78DBB29A463D4B1B78DBB2994631E03B4B1B78DBB29C4208D83A4B1B78DBB29A46394B1B78DBB2994623E038
:40128000374B1B78DBB29C4208D8364B1B78DBB29A46354B1B78DBB2994615E0334B1B78DBB29C4208D8324B1B78DBB29A46314B1B78DBB2994607E02F4B1B78DBB29A4624
:4012C0002E4B1B78DBB299462D4BDE5D2F2E09D92A2C07D919222B4B1A60052000F0B4F9192503E0274B1D683F231D40B54206D9234BDA5D234B1A60052000F0A5F91F4B0A
:401300009C4664442378DBB21F4A13601F4B52461A601F4B4A461A600520FFF77FFFB5420AD2174BDA5D174B1A60052000F08CF902E00020FFF714FF019800F092F903B0E2
:401340000CBC91469A46F0BD40F3FF0F41F3FF0F42F3FF0F43F3FF0F44F3FF0F45F3FF0F46F3FF0F47F3FF0F48F3FF0F49F3FF0F4AF3FF0F4BF3FF0F4CF3FF0F4DF3FF0F58
:40138000401A00002CFF0B4028FF0B401CFF0B4020FF0B4010B504000F4A116801230B4313600E4A0E4B1A600E4A1368802109020B431360002809D100200CE00120FFF70B
:4013C0002DFFFFF79DFE002804D1013C002CF5D1102000E0002010BD60F02E400220000078002E4010002E40034B1868C0231B02184000D00120704700010B4010B50D4B8C
:401400001A6801218A431A601A68022082431A60094A10683024A043203C204310601068093CA043014311601A68802109060A431A6010BD00F02E4000FF2E4070B51D4B3A
:401440001B6801241C40002802D0012816D02BE0184B19680122914319601968022081431960154B19682E3081432038014319601968093881430A431A6018E00D4B1A68E9
:4014800002218A431A600C4A10680725A84301431160116830208143103801431160196801220A431A6002E00020FFF759FE200070BDC04600F02E4000FF2E4010B500F011
:4014C000CCF8044A1368C02109020B43136000F0C8F810BD00010B4010B500F0BEF808490A68084B1A408024E40122430A600A6813408022120213430B6000F0B2F810BD13
:4015000000010B40FF3FFFFF70B5050000F0A5F80400FFF769FF002803D0FFF7DDFF012100E0002108482840084A1568084B2B40184310601368012901D1FFF7BFFF2000BF
:4015400000F08FF870BDC0460404040010020B40FBFBFBFF10B5244B1B685B0715D5234B5B685B070ED5224B596A042001401F4C62688A4362605A6A82435A629B69002B22
:4015800000D098470420FFF7BFFF174B1B685B0518D5164B5B685B0510D5154B596A8022D2001140114842688A434260596A114A0A405A62DB69002B00D098478020C0000D
:4015C000FFF7A2FF084B1B685B030CD5074B5B685B0304D5064B1B6A002B00D098478020C002FFF791FF10BD10020B40E800002084010020FFFBFFFF04490A68D2B208231E
:401600009A43C000184010430860704700010440044B1B68002BFBDB0002034B1843014B186070470000014040000080034B1B68002BFBDB024A014B1A6070470000014028
:4016400040000040000000000230800803D00138FDD1C046C046C0467047EFF3108072B6704780F310887047014B18687047C046500100200E4B70B500251E000D4CE41A68
:40168000A410A54204D0AB00F35898470135F8E700F0EEF9084B00251E00084CE41AA410A54204D0AB00F35898470135F8E770BD7C1A00007C1A00007C1A0000841A00002C
:4016C000002310B59A4203D0CC5CC4540133F9E710BD03008218934202D019700133FAE770470000001C00000B0000000000000080300F40800300400F40000400300F40DE
:40170000581900008000000080728138830F89018E02920294049E01AA01B202B404B501B601BA02BE54BF10D418D604D804D904DB04DF01000402010308070209290B02DD
:401740000EA1108011801314152019AA1A011B081D401E041F07212022052302270829282B023124320138A43A013C104005430249A04A4051105A085D0265406748695442
:4017800070D07104731487408B08C087C2BFC44FCA0ECC07CE2FD00DD20CD682D8B0E680001002AC030C040C0671070809800A030B13112C134316201C091ED020DC2222DC
:4017C00024142571270E28102A402D712F0631C0321F332034E03530370F392A3A203B803F104003470449FF4A074BFF4C404D204EF04F055008580459045A045F016040EB
:4018000061A86240632080138101820C830A841385138604882089138AC08C408D108E20900A921494809502962097099A159E08A003A214A4E0A8E0AB04B00FB303B4E039
:40184000B510B610B70CBA02BE40BF40C053C102C5EEC60CC70BC817C9FFCAFFCBFFCEF0CF44D00CD401D604D804D904DA04DB04DF01E6C0EA40EB02012A02010320041026
:40188000050A084109180C400E020F201080111415081608170219621B021C101F202005210825012605270629202A102D802F2231083401370239543A013D023E083F2078
:4018C00042204320470449814A105080510455105628571059415A045B106340820189408A108B408C808E048F109154920494159E01A548A610A921C07FC2AFC47ECA5411
:40190000CC82CEEFD046D208D60FD801E26086408A40E64007105240578069026E80831089018F809A40A240C020D460DA80DC20E02010011101000003000F4013300F40C4
:4019400036310F406C320F404B330F4003400F400F410F4002600F40000400800000F3030F08F00041100000F3000C04821800001C3CE342FF00000008000000043C0041A1
:401980000C670018C37F0000C0802C200F1F1C4000802820000000046204050001E0C0000AFFFFFF62A0F0410C0000000000021204040404000000010000000000004002BF
:4019C000001030100010101200000000000000000000000000000000420500008204000092040000A2040000B2040000C2040000D2040000F2040000E20400000205000027
:401A00001205000022050000320500003C0700005C07000070090000A80700005608000070090000620800008E080000A8070000B008000030090000AA116F1A003C01016A
:401A4000030405060708090A0B0C0E0F101112131415161718191B1C1D1E1F2021222325262728292A2B2E2F3031323334354300F8B5C046F8BC08BC9E4670476502000006
:401A800079030000F8B5C046F8BC08BC9E4670473D020000A81A0000C800002090000000D80000000000000000000000E4160000E8160000010000000000C05D80BB000042
:401AC00030000000006CDC02F00000000404040000000000000000000000000000000000000000000000000000000000000000006E1A0000000000000000000000000000E8
:401B0000000000000000000000000000000000000000000000000000000000000000000000000000000000000000000000000000F000002000000000000000000000000095
:401B40000000000000000000000000000000000000000000000000000000000000000000000000000000000000000000000000000000000000000000000000000000000065
:401B80000000000000000000000000000000000000000000000000000000000000000000000000000000000000000000000000000000000000000000000000000000000025
:401BC00000000000000000000000000000000000000000000000000000000000000000000000000000000000000000000000000000000000000000000000000000000000E5
:401C000000800020111C0000F9430000F943000080B500AF024B83F3088802F0F7FBC0460080002080B500AF344B12221A6003F0B1FC334B180005F0FFFA012003F0BAFC9F
:401C4000302003F01DF92F4B2F4A1A602F4B8022D2051A602E4B2E4A126802210A431A602C4B2D4A1A602D4B00221A602C4B2C4A126808218A431A60FA23DB00180003F086
:401C8000F1F9284B180003F033FB274B9C2292021A60264B264A1A60264B274A1A60234B264A1A60264B274A1A60204B264A1A60264BE82252011A601C4B254A1A60254B88
:401CC000802212061A60244B8022D2021A60234B42221A60224B43221A60224B43221A60214B41221A60214B40221A60074B8022D2051A60C046BD4680BDC04630001040CB
:401D0000001BB70004010B40060000800C020B4078002E407C002E405555000064F02E406CF02E40DC050000080301400000014042FF00800C030140007FBB0043FF008021
:401D40000403014000F3010041FF00800003014040FF008008010B4000010B402C010140200101401C010140080101400401014080B586B000AF72B6724B00221A60724BAE
:401D800001221A701723FB1800221A7025E01723FB181A7813005B009B185B006B4A9B183B613B691A78597809020A43997809040A43DB781B06134318003B691A795B7962
:401DC0001B0213439BB2190002F0A0FA1723FB181A781723FB1801321A701723FB181B78022BD4D91723FB1800221A7036E01723FB181A7813009B009B185B00544A9B18E0
:401E0000FB60FB681A78597809020A43997809040A43DB781B061343BB60FB681A79597909020A43997909040A43DB791B0613437B60BA1CFB68197A5B7A1B020B43138008
:401E4000BB1C1A887968BB68180002F06FFA1723FB181A781723FB1801321A701723FB181B78002BC3D03B4A3B4B1100180002F06DFA3A4B802252001A80394B01221A701A
:401E8000384B394A1A60394B03221A60384B902212031A60374B992212041A60364B374A1A60374B802212031A60364BA822D2031A60354B992212041A60344B992212040A
:401EC0001A60334B06221A60324B06221A60324A314B1B78DBB23C218B43DBB214210B43DBB213702D4A2D4B1B78DBB216210B43DBB213702A4B36221A602A4B2A4A1A6078
:401F00002A4B20221A602A4B02221A60294B01221A60294B294A1A60294B2A4A1A602A4B2A4A1A602A4B802292001A60294B01221A60FFF777FE02F04BFAC046BD4606B091
:401F400080BDC0466CF02E401C700F40E8930100FC930100249401000894010000600F4002600F40000002409000EEEE000102400003024000500F4010500F400400990096
:401F800014500F4018500F4020500F4030500F402000104000800F4001700F4000700F400000044008000440B04CDA000C000440180004400001044008010440CE6C03008A
:401FC00008020440B06D1B00080304403610DB000C0304400805044010B5064C2378002B07D1054B002B02D0044800E000BF0123237010BD781500200000000098930100FD
:40200000084B10B5002B03D00749084800E000BF07480368002B00D110BD064B002BFBD09847F9E7000000007C15002098930100E80B00200000000080B582B000AF00209C
:4020400003F0DAF903F068F94A4B1900002003F003FA03F0F7FF484B180004F005F802F07DFA62B600F08EFF002003F0FDFC04F057FF424B180004F065FF01F0E5FF00F0ED
:4020800083FC642003F00EF900F0D8FA03F058FE3B4B180003F074FF03F036FD04F0F4FF384B180005F066F87B1D00221A70FA235B00180003F0F6F8012003F05FFCFB1DDD
:4020C0001B78C72B02D9BB1D00221A70FB1D1B78002B02D1BB1D01221A70BB1D1B78002B05D0FB1D1A78FB1D01321A7004E0FB1D1A78FB1D013A1A7001F0D8FF224B1B78B1
:40210000002B0ED0214B1B78002B0AD11E4B00221A7000F039FC1E4B1B78002B01D000F03DFF1A4B1B78002B0AD0184B00221A7000F062FC174B00221A70012003F01EFC9D
:40214000154B1B78002B11D0114B1B78002B0DD1124B1B78002B09D00F4B00221A7001F0A5FF0223FF33180003F044FB05F0D8FEA5E7C046E122000081220000B122000062
:40218000C9210000A1210000E82700209E150020FD2800209D150020F82800203A2B002080B582B000AF074B01221A7004F0CAFF03007B607B68180004F0CEFFC046BD4620
:4021C00002B080BDFA28002090B583B000AF002004F05AFE04F02CFE224B1B78002B05D0204B00221A70204B00221A701E4B1B785A1CD1B21C4A11701C0003F091FE030052
:40220000DAB21A4B1A55002004F050FF04F03CFF174B1B78DBB2002B10D001F015FF144B00221A70104B00221A70124B01221A70FA235B00180003F035F809E00A4B1B787D
:40224000072B05D9084B00221A700A4B01221A70094B1B687B60094B7A681A60C046BD4603B090BDFA2800209D15002000290020FC2800209E150020CC0F2540C00F2540FA
:4022800090B583B000AFFC1D03F0AEFB03002370BC1D03F09BFB03002370044B00221A7004F0C6FDC046BD4603B090BDFC28002090B583B000AFFC1D03F096FB030023705B
:4022C000BC1D03F083FB0300237001F09FFE034B01221A70C046BD4603B090BDF828002080B500AF094B1B685A1C084B1A60074B1B68074A1288934205D3064B01221A70C3
:40230000024B00221A60C046BD4680BD94150020482B0020E827002090B585B000AF040008001100FB1D221C1A70BB1D021C1A703B1D0A1C1A800E23FA183B1D1B88DB18F4
:4023400013801F4BFA1D12781A701D4BBA1D12785A700E23FB181B88DAB2194B9A700E23FB181B8805339AB20C23FC18144B1100180000F0E7F8030023800E23FB181B882F
:4023800003330C22BA181288120A92B2D1B20C4AD1540E23FB181B8804330C22BA181288D1B2074AD1540E23FB181B8805339BB2180000F085F8C046BD4605B090BDC0463C
:4023C000C8290020B0B584B000AF05000C0010001900FB1D2A1C1A70BB1D221C1A703B1D021C1A80BB1C0A1C1A80334BFA1D12781A70314BBA1D12785A703B1D1B881B0AAB
:402400009BB2DAB22C4B9A703B1D1B88DAB22A4BDA70294B00221A71BB1C1B88DAB2264B5A710C23FC18244B0821180000F08AF8030023800C23FB181B881B0A9BB2DAB2AB
:402440001D4B9A710C23FB181B88DAB21A4BDA71012003F009FB0F23FB1800221A700EE00F23FB181B78144AD35C180003F0A8FC0F23FB181A780F23FB1801321A700F23B2
:40248000FB181B78072BEBD9C04603F0AFFC01000A4B1A6880231B02134001D0012300E00023CB18002BF0D1002003F0DDFAC046BD4604B0B0BDC046C82900200802254090
:4024C00080B584B000AF0200BB1D1A80012003F0CBFA0A2002F0E6FE0E23FB1800221A800EE00E23FB181B88144AD35C180003F067FC0E23FB181A880E23FB1801321A80B0
:402500000E23FA18BB1D12881B889A42E9D3C04603F06CFC01000A4B1A6880231B02134001D0012300E00023CB18002BF0D1002003F09AFAC046BD4604B080BDC8290020E6
:402540000802254080B586B000AF78600A00BB1C1A801623FB18012252421A800A23FB1800221A800823FB1800221A800023FB6000233B6134E03B697A68D3181B7899B24C
:402580001623FB181622BA1812884A401A800823FB601FE01623FB181B88012213400FD01623FB181622BA18128852081A801623FB181622BA1812881F494A401A8006E0F8
:4025C0001623FB181622BA18128852081A80FB68013BFB60FB68002BDCD13B6901333B61BB1C1B889A1E3B699A42C4DC1623FB181B881A020A23FB181A800823FB181622A1
:40260000BA181288120A1A800A23FB180A22B9180822BA18098812880A431A801623FB180A22BA1812881A801623FB181B881800BD4606B080BDC04601A0FFFF80B590B098
:4026400000AF00F0CDF803001A00554B1A70544B1A78544B1A7000F0F1F803001A00524B1A8000F03FF903001A00504B1A804F4B1B884F4A9A429B415B42DBB21A004D4B44
:402680001A7004F0D5FB04F0E5FB484B1B88180001F0C6FC04F0CCFB474B00229A70464B1522DA704549464B0A22180005F0F1FB3023FB18434A03CA03C312781A70424B01
:4026C000FB632423FB180C220021180005F0BEFB3E4A2423FB181100180001F0F7FC3B1D1E220021180005F0B1FB3B1D384A03CA03C32423FB18180005F0B0FB02002423E4
:40270000F9183B1D180005F0B0FB3B1D180005F0A5FB03001A003B1D9A182E4B1000190002231A0005F089FB2B493B1D0622180005F09BFB3B1D180003F044FF2423FB185B
:402740000C220021180005F081FB23492423FB1802330622180005F09CFB2423FB181A000821062004F0E2FA144B1A000A21042004F0DCFA114B1A000A21052004F0D6FA0B
:40278000154B1A000C21022004F0D0FA134B1A000421032004F0CAFAC046BD4610B080BD462B0020502B0020482B0020D22B0020CF0700003A2B0020542B00209C9301000E
:4027C000C82B0020B893010056341200862B0020A8930100B0930100942B0020B493010090B583B000AFFC1D0021502001F0B4FC03002370322002F055FDFB1D1B78FF2BF3
:4028000002D1FB1D01221A70FB1D1B781800BD4603B090BD80B582B000AF0200FB1D1A70FB1D1B781A000021502001F0C9FC642002F038FDC046BD4602B080BD80B582B06A
:4028400000AF0121502001F087FC03009AB2BB1D12021A80322002F025FD0221502001F07BFC030099B2BB1DBA1D12888A181A80322002F017FDBB1D1B88084A934203D0CD
:40288000BB1D1B88F92B02D8BB1DFA221A80BB1D1B881800BD4602B080BDC046FFFF000080B582B000AF0200BB1D1A80BB1D1B881B0A9BB2DBB21A000121502001F080FC6B
:4028C000642002F0EFFCBB1D1B88DBB21A000221502001F075FC642002F0E4FCC046BD4602B080BD80B582B000AF0321502001F033FC03009AB2BB1D12021A80322002F02F
:40290000D1FC0421502001F027FC030099B2BB1DBA1D12888A181A80322002F0C3FCBB1D1B88064A934202D1BB1D054A1A80BB1D1B881800BD4602B080BDC046FFFF00008E
:40294000204E000080B582B000AF0200BB1D1A80BB1D1B881B0A9BB2DBB21A000321502001F02EFC642002F09DFCBB1D1B88DBB21A000421502001F023FC642002F092FC42
:40298000C046BD4602B080BD80B582B000AF612001F0CAFB03007B607B68002B03D0094B08225A7208E0074B00225A72064B1A006E21002001F06AFC7B681800BD4602B080
:4029C00080BDC046542B0020582B002080B582B000AF0200FB1D1A703B1D0A1C1A803B1D1A88FB1D1B781900612001F017FCC046BD4602B080BDC04690B585B000AFE44BE7
:402A00001A78E44B1B789A4204D0E14B1B78FE2B00D09DE2DE4B9B799BB21B0299B2DC4BDB799AB20823FB188A181A80BC1DD84B08211800FFF786FD03002380BA1D0823CA
:402A4000FB1812881B889A4200D083E27B1DD04A52781A70CE4B1B78FE2B1CD17B1D1B78032B00D078E2CA4BDA78BB1C1A80C84B5A793B001A80C84B0022DA70C54B1A78F6
:402A8000C54B1A713B001A887B1D1B781900FE20FFF742FC60E27B1D1B78032B00D0BFE1BB4BDA78BB1C1A80B94B5A793B001A800D23FB1803221A700C23FB183A00128880
:402AC0001A70BB1C1B88632B00D87CE1BB1C1B88643B082B00D96CE19A00B04BD3181B689F460D23FB181B780D22BA18591C11701A00A94B002199540D23FB181B780D22C7
:402B0000BA18591C11701A00A24B1978A24B99540C23FB180C22BA181278013A1A700C23FB181B78002B00D124E10D23FB181B780D22BA18591C11701A00994B1B881B0A61
:402B40009BB2D9B2944B99540D23FB181B780D22BA18591C11701A00914B1B88D9B28E4B99540C23FB180C22BA181278013A1A700C23FB181B78002B00D1FDE00D23FB1878
:402B80001B780D22BA18591C11701A00854B1B881B0A9BB2D9B2804B99540D23FB181B780D22BA18591C11701A007E4B1B88D9B2794B99540C23FB180C22BA181278013AB3
:402BC0001A700C23FB181B78002B00D1D6E00D23FB181B780D22BA18591C11701A00724B1B881B0A9BB2D9B26B4B99540D23FB181B780D22BA18591C11701A006A4B1B889E
:402C0000D9B2654B99540C23FB180C22BA181278013A1A700C23FB181B78002B00D1AFE00D23FB181B780D22BA18591C11701A005E4B1978584B99540D23FB181B780D22C5
:402C4000BA18591C11701A00584B5978524B99540C23FB180C22BA181278013A1A700C23FB181B78002B00D18CE00D23FB181B780D22BA18591C11701A004C4B9978464B86
:402C800099540D23FB181B780D22BA18591C11701A00464BD978404B99540C23FB180C22BA181278013A1A700C23FB181B78002B6AD00D23FB181B780D22BA18591C11704E
:402CC0001A003A4B1979344B99540D23FB181B780D22BA18591C11701A00344B59792E4B99540C23FB180C22BA181278013A1A700C23FB181B78002B48D00D23FB181B781A
:402D00000D22BA18591C11701A00284B9979224B99540D23FB181B780D22BA18591C11701A00224BD9791C4B99540C23FB180C22BA181278013A1A700C23FB181B78002B18
:402D400036D00D23FB181B780D22BA18591C11701A00164B197A104B99540D23FB181B780D22BA18591C11701A00104B597A0A4B99541EE0C0461CE0C0461AE0C04618E0D5
:402D8000C04616E0C04614E0C04612E0C04610E000290020462B0020C8290020C4930100482B0020D22B00204E2B0020C82B0020C0466C4B18783B001A887B1D1B78190022
:402DC000FFF7AAFA2CE00A23FB1800221A8016E00A23FB181B880333BA1C1288013251000A22BA1812888A185F49895C5F4AD1540A23FB181A880A23FB1801321A800A237D
:402E0000FB181A883B001B885B009A42E0DB554B18783B001A887B1D1B781900FFF77CFA7B1D1B78062B00D098E0514B9A78BB1C1A80BB1C1B881B0299B24D4BDB789AB274
:402E4000BB1C8A181A804A4B1A790E23FB181A800E23FB181B881B0299B2454B5B799AB20E23FB188A181A80BB1C1B88642B0DD10E23FB181B88DAB23A4B1A700E23FB180D
:402E80001B88DBB21800FFF7C5FC53E0BB1C1B88652B14D10E23FB181B88F92B03D80E23FB18FA221A80334B0E22BA1812881A800E23FB181B881800FFF7F2FC3AE0BB1C89
:402EC0001B88662B25D10E23FB181B882A4A934203D80E23FB1800221A80284B0E22BA1812881A80254B1B88234A9A429B415B42DBB21A00224B1A700E23FB181B88180082
:402F0000FFF720FD0E23FB181B88180001F088F810E0BB1C1B88022B0CD9BB1C1B88013BDBB2DB18DAB20E23FB181B8819001000FFF74CFD0B4B18780E23FB181C88BB1CDC
:402F40001A887B1D19782300FFF73CFAC04605E0C04604E0C04602E0C04600E0C046BD4605B090BD462B0020542B0020C829002000290020482B0020CF070000D22B002079
:402F80003A2B002080B500AF034B180003F012F9C046BD4680BDC0464D38000080B58CB000AF2723FB1800221A702E23FB1800221A800023BB62F54B1A791423FB181A7043
:402FC000F24B5A791423FB185A70F04B9A791423FB189A70ED4BDA791423FB18DA70EC4B1B78022B01D000F026FC1823FB1812221A811823FB18E74A1A601823FB1801228B
:403000009A80E54A1823F8180023002111F0D8FDE24B5B79002B19D0E04B1A78DF4B5B789A4213D01823F918DB4B1A785B781B021A4300231204120C1B0C1B0413431800F8
:4030400010F04CFBD54B1A78D44B5A701823FB1816221A811823FB181422BA181A601823FB1804229A80CC4A1823F8180023002111F0A6FDC94B9B78002B14D01823F91824
:40308000C54B1A785B781B021A4300231204120C1B0C1B041343180010F020FBC04B10229A5EBF4B5A821823FB181A221A811823FB18BC4A1A601823FB1802229A80B64A61
:4030C0001823F8180023002111F07AFDB34BDB78002B13D01823F918AF4B1A785B781B021A4300231204120C1B0C1B041343180010F0F4FAA94B5A8BA84B9A831823FB1815
:403100001E221A811823FB18A74A1A601823FB1801229A80A04A1823F8180023002111F04FFD1823FB1821221A811823FB189F4A1A601823FB1801229A80974A1823F81816
:403140000023002111F03CFD1823FB1824221A811823FB18964A1A601823FB1802229A808D4A1823F8180023002111F029FD1823FB1827221A811823FB188E4A1A601823D4
:40318000FB1802229A80844A1823F8180023002111F016FD814B9B7C002B19D07F4BDA8A7E4B1B8B9A4213D01823F9187A4B1A785B781B021A4300231204120C1B0C1B046D
:4031C0001343180010F08AFA744BDA8A734B1A831823FB182B221A811823FB182722BA181A601823FB1802229A806B4A1823F8180023002111F0E4FC1823FB182E221A815C
:403200001823FB182722BA181A601823FB1802229A80614A1823F8180023002111F0D0FC1823FB184E221A811823FB18624A1A601823FB1804229A80574A1823F8180023AE
:40324000002111F0BDFC1823FB1851221A811823FB182722BA181A601823FB1801229A804D4A1823F8180023002111F0A9FC474B31229A5C1023FB181A70444B30229A5C5B
:403280001023FB185A701823FB1854221A811823FB181022BA181A601823FB1802229A803D4A1823F8180023002111F089FC1823FB1857221A81414A3B1D1100180000F04D
:4032C00005FF3B1D180004F0C9FD03001A003B1D9A183B4B1000190002231A0004F0ADFD38493B1D0422180004F0BFFD1823FB183A1D1A601823FB180A229A80264A1823C8
:40330000F8180023002111F05BFC1823FB185A221A811823FB182C4A1A601823FB1814229A801D4A1823F8180023002111F048FC1823FB185D221A811823FB18234A1A60C8
:403340001823FB1801229A80134A1823F8180023002111F035FC1823FB1861221A811823FB182722BA181A601823FB1802229A80094A1823F8180023002111F021FC18238E
:40338000FB1865221A811823FB1821E0542B00209A2C00206C2B0020A02C002030270020F02700205C2B0020A9270020462B0020AC27002046270020DA270020862B002019
:4033C000B0930100902B0020AE2700205F2B0020E84A1A601823FB1802229A80E64A1823F8180023002111F0EBFB1823FB186C221A811823FB18E14A1A601823FB18012256
:403400009A80DD4A1823F8180023002111F0D8FBDB4BDB7A002B1DD0D94B9A229A5CD84B9B215B5C9A4215D01823F918D24B1A785B781B021A4300231204120C1B0C1B0443
:403440001343180010F04AF9CD4B9A22995CCC4B9B2299541823FB1870221A811823FB18C84A1A601823FB1801229A80C24A1823F8180023002111F0A3FBC14B1B7B002B2A
:403480001DD0BF4B9C229A5CBD4B9D215B5C9A4215D01823F918B84B1A785B781B021A4300231204120C1B0C1B041343180010F015F9B34B9C22995CB14B9D229954182348
:4034C000FB1874221A811823FB18AF4A1A601823FB1802229A80A84A1823F8180023002111F06EFBA64B5B7B002B1DD0A44B9E229A5AA34BA0215B5A9A4215D01823F9185D
:403500009D4B1A785B781B021A4300231204120C1B0C1B041343180010F0E0F8984B9E22995A974BA02299521823FB1878221A811823FB18954A1A601823FB1801229A8007
:403540008D4A1823F8180023002111F039FB8C4B5B7A002B1DD08A4B92229A56884B93215B569A4215D01823F918834B1A785B781B021A4300231204120C1B0C1B0413438E
:40358000180010F0ABF87E4B922299567C4B932299541823FB187C221A811823FB187C4A1A601823FB1801229A80734A1823F8180023002111F004FB714B9B7A002B1DD0A6
:4035C0006F4B94229A566E4B95215B569A4215D01823F918684B1A785B781B021A4300231204120C1B0C1B041343180010F076F8634B94229956624B952299541823FB1841
:4036000080221A811823FB18624A1A601823FB1802229A80584A1823F8180023002111F0CFFA1823FB1883221A811823FB182722BA181A601823FB1801229A804E4A182383
:40364000F8180023002111F0BBFA1823FB1887221A811823FB18504A1A601823FB1802229A80454A1823F8180023002111F0A8FA434B9B7B002B1DD0414BA4229A5A404B72
:40368000A6215B5A9A4215D01823F9183A4B1A785B781B021A4300231204120C1B0C1B041343180010F01AF8354BA422995A344BA62299521823FB188B221A811823FB18B1
:4036C000364A1A601823FB1801229A802A4A1823F8180023002111F073FA294BDB7B002B1DD0274BA8229A5C254BA9215B5C9A4215D01823F918204B1A785B781B021A4378
:4037000000231204120C1B0C1B04134318000FF0E5FF1B4BA822995C194BA92299541823FB188F221A811823FB181D4A1A601823FB1802229A80104A1823F818002300211C
:4037400011F03EFA0E4B5B7C002B2ED01823F918094B1A785B781B021A4300231204120C1B0C1B04134318000FF0B8FF044B9622995C17E0C8270020A02C0020CA27002078
:4037800030270020CC270020CE270020C2270020C4270020D2270020D4270020D82700206E2B0020264B972299541823FB1893221A811823FB182722BA181A601823FB1864
:4037C00004229A801F4A1823F8180023002111F0F7F91823FB1897221A811823FB181A4A1A601823FB1801229A80164A1823F8180023002111F0E4F9114B1B79002B1BD074
:403800000F4B9A7F0E4BDB7F9A4215D01823F9180C4B1A785B781B021A4300231204120C1B0C1B04134318000FF058FF044B9A7F034BDA7700E0C046BD460CB080BDC046CF
:4038400030270020A02C00204E27002080B584B000AF786039607B68282B16D003D8012B07D000F0CEFB412B22D04C2B40D000F0C8FB012002F0D0F8012002F01DF9154B18
:40388000154A1A60154B164A1A60002002F02AFD144B00221A7003F0CBFA134BDB7C012B01D000F0A6FB104B00221A7000F0A1FBFFF774FB0D4A3B681000190002231A005C
:4038C00004F0BBFA074B01221A7000F09FFB00F098FBC04660F02E40310300000800034002030080FD280020302700204C2B00203B68FB60FB689B89122B22D1FB68181DAB
:40390000DA4A4023002111F05BF9031E12D1FB685B681A78D64B1A70D44B1A785B781B021A4300231204120C1B0C1B04134318000FF020FFCE4B1B789BB219001420FFF7C0
:4039400045F8FB689B89212B1CD1FB68181DC74A4023002111F034F9031E13D1FB685B681978C34B78229954C04B1A785B781B021A4300231204120C1B0C1B0413431800A9
:403980000FF0F8FEFB689B891E2B1CD1FB68181DB64A4023002111F013F9031E13D1FB685B681978B24B79229954B04B1A785B781B021A4300231204120C1B0C1B0413431E
:4039C00018000FF0D7FEFB689B892B2B16D1FB68181DA64A4023002111F0F2F8031E0DD1A24B1A785B781B021A4300231204120C1B0C1B04134318000FF0BCFEFB689B890A
:403A00002E2B16D1FB68181D984A4023002111F0D7F8031E0DD1954B1A785B781B021A4300231204120C1B0C1B04134318000FF0A1FEFB689B894E2B16D1FB68181D8B4ABD
:403A40004023002111F0BCF8031E0DD1874B1A785B781B021A4300231204120C1B0C1B04134318000FF086FEFB689B895A2B16D1FB68181D7D4A4023002111F0A1F8031E3E
:403A80000DD17A4B1A785B781B021A4300231204120C1B0C1B04134318000FF06BFEFB689B89612B16D1FB68181D704A4023002111F086F8031E0DD16C4B1A785B781B028A
:403AC0001A4300231204120C1B0C1B04134318000FF050FEFB689B89242B32D1FB68181D624A4023002111F06BF8031E29D1FB685B6801331B7899B25D4B7C2299525C4BE1
:403B00007C229B5A1B0299B2594B7C229952584B7C229A5AFB685B681B789BB2134399B2534B7C229952514B1A785B781B021A4300231204120C1B0C1B04134318000FF0D5
:403B400019FEFB689B898F2B1CD1FB68181D474A4023002111F034F8031E13D1FB685B681978434B96229954404B1A785B781B021A4300231204120C1B0C1B0413431800C2
:403B80000FF0F8FDFB689B89142B1CD1FB68181D364A4023002111F013F8FB685B681B7801221340DAB2324B5A71304B1A785B781B021A4300231204120C1B0C1B04134366
:403BC00018000FF0D7FDFB689B89182B1CD1FB68181D264A4023002110F0F2FFFB685B681B7801221340DAB2214B9A701F4B1A785B781B021A4300231204120C1B0C1B048F
:403C0000134318000FF0B6FDFB689B891C2B1CD1FB68181D154A4023002110F0D1FFFB685B681B7801221340DAB2114BDA700F4B1A785B781B021A4300231204120C1B0C46
:403C40001B04134318000FF095FDFB689B89292B21D1FB68181D054A4023002110F0B0FFFB685B681B780122134003E0A02C002030270020DAB2E04B9A74E04B1A785B7875
:403C80001B021A4300231204120C1B0C1B04134318000FF06FFDFB689B895F2B1CD1FB68181DD64A4023002110F08AFFFB685B681B7801221340DAB2CF4B9A71CF4B1A78C5
:403CC0005B781B021A4300231204120C1B0C1B04134318000FF04EFDFB689B89632B1CD1FB68181DC54A4023002110F069FFFB685B681B7801221340DAB2BF4B1A72BF4B32
:403D00001A785B781B021A4300231204120C1B0C1B04134318000FF02DFDFB689B896E2B1CD1FB68181DB54A4023002110F048FFFB685B681B7801221340DAB2AE4BDA7201
:403D4000AE4B1A785B781B021A4300231204120C1B0C1B04134318000FF00CFDFB689B89722B1CD1FB68181DA44A4023002110F027FFFB685B681B7801221340DAB29E4B73
:403D80001A739E4B1A785B781B021A4300231204120C1B0C1B04134318000FF0EBFCFB689B89762B1CD1FB68181D944A4023002110F006FFFB685B681B7801221340DAB2EE
:403DC0008D4B5A738D4B1A785B781B021A4300231204120C1B0C1B04134318000FF0CAFCFB689B897A2B1CD1FB68181D834A4023002110F0E5FEFB685B681B780122134083
:403E0000DAB27D4B5A727D4B1A785B781B021A4300231204120C1B0C1B04134318000FF0A9FCFB689B897E2B1CD1FB68181D734A4023002110F0C4FEFB685B681B78012278
:403E40001340DAB26C4B9A726C4B1A785B781B021A4300231204120C1B0C1B04134318000FF088FCFB689B89852B1CD1FB68181D624A4023002110F0A3FEFB685B681B7836
:403E800001221340DAB25C4BDA715C4B1A785B781B021A4300231204120C1B0C1B04134318000FF067FCFB689B89892B1CD1FB68181D524A4023002110F082FEFB685B6895
:403EC0001B7801221340DAB24B4B9A734B4B1A785B781B021A4300231204120C1B0C1B04134318000FF046FCFB689B898D2B1CD1FB68181D414A4023002110F061FEFB6834
:403F00005B681B7801221340DAB23B4BDA733B4B1A785B781B021A4300231204120C1B0C1B04134318000FF025FCFB689B89912B1CD1FB68181D314A4023002110F040FEC1
:403F4000FB685B681B7801221340DAB22A4B5A742A4B1A785B781B021A4300231204120C1B0C1B04134318000FF004FCFB689B89952B1CD1FB68181D204A4023002110F02B
:403F80001FFEFB685B681B7801221340DAB21A4B1A741A4B1A785B781B021A4300231204120C1B0C1B04134318000FF0E3FBFB689B89992B24D1FB68181D104A4023002154
:403FC00010F0FEFDFB685B681B7801221340DAB2094B1A71094B1A785B781B021A4300231204120C1B0C1B04134318000FF0C2FB06E0C04605E0C04630270020A02C0020F8
:40400000C046C046BD4604B080BDC04680B500AF02F020FF002002F037FFC046BD4680BD80B582B000AF0200BB1D1A8002F012FFBB1D1B88180002F037FF002002F024FF7A
:40404000C046BD4602B080BD80B500AF62B60121002001F03BFB144B1900002001F02CFC0121002001F060FB082001F0F9FB0A21012001F021FC0221012001F027FB0121C4
:40408000012001F051FB0223FF33180001F082FB01F0B0FA80235B00180001F0ABFB01F0D3FAC046BD4680BDFF7F000080B500AF082001F049FC80231B01180001F044FCB1
:4040C000C82001F015F9C046BD4680BD80B584B000AF786039600023FB603B68180003F0BDFE0300BB6016E0FB683A68D3181B78202B05D1FB687A68D31800221A7007E0A8
:40410000FB687A68D318FA6839688A1812781A70FB680133FB60FA68BB689A42E4DBC046BD4604B080BDC04680B584B000AF0200FB1D1A70FB1D1B7801220021180000F0D1
:4041400001FC0300FB60012000F0C6FCFB681800BD4604B080BDC04680B584B000AF0200FB1D1A70BB1D0A1C1A70FB1D1B7801220021180000F0E6FBBB1D1B7801211800DB
:4041800000F0ECFCFB1D1B7801220121180000F053FC0A4B01221900012000F019FD02000F23FB181A70012000F096FC00F08CFD024B1B781800BD4604B080BD9F1500207B
:4041C00090B583B000AF040008001100FB1D221C1A70BB1D021C1A707B1D0A1C1A70FB1D1B7801220021180000F0ACFBBB1D1B780121180000F0B2FC7B1D1B78012118008D
:4042000000F0ACFC012000F067FC00F05DFD0A2001F048F8C046BD4603B090BD90B585B000AF040008001100FB1D221C1A70BB1D021C1A703B1D0A1C1A803B1D1B881B0AE6
:404240009AB20F23FB181A700F23FB181A78BB1D1978FB1D1B781800FFF7B2FF0F23FB183A1D12881A70BB1D1B780133D9B20F23FB181A78FB1D1B781800FFF7A1FF0A2035
:4042800001F010F8C046BD4605B090BD80B584B000AF3A60FB1D021C1A703B1D0A1C1A800823FB18FA1D12781A70C04600F0EAFC0300042BFAD00823F9180223012261202A
:4042C00000F010FA0300FB6000F0DCFC0300202B01D12023FB60C04600F0D4FC020002231340F9D03B1D1A8839680123612000F08DFAC04600F0C6FC020001231340F9D026
:40430000FB681800BD4604B080BDC04680B582B000AF786039603A687B680021180003F095FDC046BD4602B080BDC04680B584B000AFF860B9607A607A68B968FB6818005F
:4043400003F07BFDC046BD4604B080BD80B586B000AF7860396000233B6100237B612FE07B699B007A68D3181B68BB600F23FB18BA681A70BB68FF229343BB6018E03B69D4
:404380005B003A68D3181B781A00BB68D31819003B695B003A68D3185B780B703B6901333B610F23FB181A780F23FB18013A1A700F23FB181B78002BE1D17B6901337B6169
:4043C0007B69062BCCD9C046BD4606B080BDC04680B500AF054B03221A60054B03221A60044B00221A60C046BD4680BD3000304030003140000E3F4080B500AF03F0E2FC8B
:4044000003001B680C2B00D1FEE7FEE780B586B000AF224B7B61224B3B61204B7B6135E03B691B68FB603B695B68BB603B699B683B6000237B600CE0FB681A68BB681A60AA
:40444000BB680433BB60FB680433FB607B6804337B607A683B689A42EED13B69DB683B6000237B6008E0BB6800221A60BB680433BB607B6804337B607A683B689A42F2D108
:404480003B6910333B617B69013B7B617B69002BC6D103F09DFCFDF7CFFDFEE70100000058A3010080B582B000AF194B184A126801218A431A6000237B600FE07B68032BEC
:4044C00004D8144B7A689200D35800E0124B134A796889008B507B6801337B607B682F2BECD9FDF745FC0E4B00221A600D4B1B68002B02D10B4B00221A60054B044A126802
:4045000001210A431A60C046BD4602B080BDC04600001040001C0000F943000000000020C8000020C000002080B500AF00F036F8C046BD4680BDC04680B500AF064B064A31
:404540001268802109060A431A6000F019F800F01FF8C046BD4680BD0000244080B500AF064B1B78002B04D1FFF7DEFF034B01221A70FFF7E1FFC046BD4680BDA015002011
:4045800080B500AF092000F055FEC046BD4680BD80B500AFC046BD4680BDC04680B500AF204B00221A60204B204A1A60204B214A1A60214B00221A60204B00221A60204B31
:4045C0001C4A1A601F4B00221A60092000F048FE0321092000F0DAFD1B4B1900092000F0AFFD1A4B00221A60194B00221A60194B00221A60184B00221A60184B00221A601F
:40460000174B00221A60174B10221A70164B00221A80164B00221A60154B00221A60C046BD4680BD000024406000244077080080000324400701008004032440100324400A
:40464000000224400402244059720000C80E2440880E2440480F2440080F2440C80F2440880F2440392C0020482C0020582C0020402C002080B500AF124B124A126852004D
:4046800052081A60104B00221A60104B00221A600F4B0F4A12680F490A401A600E4B00221A600E4B00221A600D4B10221A70054B044A1268802109060A431A60C046BD4659
:4046C00080BDC04600002440680024406C00244060002440FF5CFFFF880F2440C80F2440392C002080B586B000AFF860B9607A603B6004237B61BB68002B20D0344B1B784C
:40470000DBB2102B0CD1092000F0AAFD314B1B680122134001D0082300E000237B610EE02B4B1B78DBB2602B09D12B4B1B889BB2082293439AB2284B1A8000237B617B6939
:40474000002B3CD1224B28221A70244B00221A60234B00221A60234B7A681A60224BBA681A603B68DAB2214B1A70FB685B00FF221340FB60184B1B889BB2022293439AB28D
:40478000154B1A801A4B40221A601A4B1A4A1A601A4B1422FF321A60194B40221A603B680122134005D000F0A7FA164BFA681A6005E0144BFA681A60134B02221A600920F4
:4047C00000F038FD7B691800BD4606B080BDC046392C002064002440482C00203C2C0020402C0020442C00205C2C0020502C0020800F2440000F244017030000080F2440D8
:40480000880F2440400224406800244080B586B000AFF860B9607A603B6004237B61BB68002B20D0394B1B78DBB2102B0CD1092000F016FD364B1B680122134001D008236C
:4048400000E000237B610EE0304B1B78DBB2602B09D1304B1B889BB2082293439AB22D4B1A8000237B617B69002B47D1274B29221A70294B00221A60284B7A681A60284BE3
:40488000BA681A603B68DAB2264B1A70FB685B00FF22134001221343FB601E4B1B889BB2012293439AB21B4B1A801F4B1F4A1A601F4B1422FF321A60184B1B68072B03D803
:4048C0001C4B04221A6009E01B4B1B4A1268802149000A431A60174B08221A603B680122134005D000F008FA144BFA681A6005E0124BFA681A60124B02221A60092000F07F
:4049000099FC7B691800BD4606B080BD392C002064002440482C0020582C0020542C00204C2C0020502C0020000F244017030000080F2440C80F24406000244040022440EA
:404940006800244080B588B000AFF860B9607A600423FB612E4B1B78DBB2102B53D1092000F07EFC2B4B1B680122134002D00823FB6145E07B68FA22920053437B61264B95
:4049800000221A60254B264A1A60264B264A1A60FB685B00FF221340FB60BB68002B03D11B4B24221A7006E0194B25221A70FB6801221343FB601D4BFA681A601C4B0222A0
:4049C0001A60164B1A680823FF331340BB61194B1B68C0221340BA691343BB611423FB18180000F027FA0200BB691343BB61BB69002BE6D0BB69180000F09AF90300FB61AF
:404A0000092000F017FCFB691800BD4608B080BD392C002064002440080F2440000F244017030000C00F2440ED0F00004002244068002440400F244080B588B000AFF860B9
:404A4000B9607A600423FB61204B1B78DBB220221340DBB2002B34D07B68FA22920053437B61FB685B00FF221340FB60BB68002B03D1164B24221A7006E0144B25221A70EB
:404A8000FB6801221343FB6000F036F9104BFA681A60104B1A680823FF331340BB611423FB18180000F0C6F90200BB691343BB61BB69002BEDD0BB69180000F039F90300AA
:404AC000FB61FB691800BD4608B080BD392C002040022440000F244080B586B000AF786004237B61194B1B78DBB220221340DBB2002B26D07B68FA2292005343FB60144BAB
:404B0000144A126820210A4001D0182200E010221A60114B1A681223FF3313403B610C23FB18180000F086F902003B6913433B613B69002BEDD03B69180000F0F9F80300BA
:404B40007B617B691800BD4606B080BD392C00206800244064002440000F244080B586B000AF7860396004237B61164B1B78DBB220221340DBB2002B1FD03B68FA2292003F
:404B80005343FB60104B7A681A60104B1A680823FF3313403B610C23FB18180000F04AF902003B6913433B613B69002BEDD03B69180000F0BDF803007B617B691800BD4634
:404BC00006B080BD392C002040022440000F244080B588B000AFF860B9607A600423FB61224B1B78DBB220221340DBB2002B38D07B68FA22920053433B611D4B1A68022386
:404C0000FF331340BB611B4B1B68042213407B611023FB18180000F00DF90200BB691343BB61BB69002B02D17B69002BE5D07B69002B07D0104B1B68DAB2BB681A700D4B6E
:404C40000E4A1A60BB69180000F072F80300FB61FB69002B05D1FB68002B02D1084B04221A60FB691800BD4608B080BD392C0020000F2440C00F244040032440ED0F000072
:404C80006800244080B582B000AF092000F0E8FA0B4B1B889BB27B600A4B1B78DBB220221340DBB2002B03D07B68042213437B60092000F0BFFA7B681800BD4602B080BD68
:404CC000482C0020392C002080B582B000AF092000F0C6FA074B1B889BB27B60054B00221A80092000F0A6FA7B681800BD4602B080BDC046482C002080B582B000AF012309
:404D00007B60094B1B682022134001D0082300E000237A6813437B60044B7A681A60C046BD4602B080BDC046640024406800244080B584B000AF78600023BB607B68002BA1
:404D400005DA80231B06FB600123BB605AE07B68C022134008D01023FB60314B00221A60304B10221A704DE07B680122134018D00123FB602B4B1B78DBB208221340DBB262
:404D8000002B0BD0284B1A688023DB05134001D10123BB60234B10221A7033E00123BB6030E07A6880235B00134005D080235B00FB600123BB6025E07B680222134002D0B4
:404DC0000223FB601EE00023FB607B681022134003D0144B10221A7014E0124B1B78DBB208221340DBB2002B0CD00E4B1B78DBB201221340DBB2002B01D0252200E02422FA
:404E0000084B1A70BB68012B02D1FFF733FC02E0064B074A1A60FB681800BD4604B080BD68002440392C002060002440000F24401703000080B584B000AF78600A23FB180F
:404E400001221A800023FB607B681B68002B11D00A23FB181B88180000F04AFA7B681B685A1E7B681A607B681B68002B02D180231B06FB60FB681800BD4604B080BDC04623
:404E800090B585B000AF78600C23FC1802F0DDF9030023707B68022B00D8AFE07B68302B00D9ABE05C4B1B78DBB21A007B689A420AD35A4A0F23FB1812781A70584A0E23EA
:404EC000FB1812781A703FE0564B1B78DBB21A007B689A420AD3544A0F23FB1812781A70524A0E23FB1812781A702DE0504B1B78DBB21A007B689A420AD34E4A0F23FB18AF
:404F000012781A704C4A0E23FB1812781A701BE04A4B1B78DBB21A007B689A420AD3484A0F23FB1812781A70464A0E23FB1812781A7009E0444A0F23FB1812781A70434AD9
:404F40000E23FB1812781A707B68DA1E0B23FB183F498A5C1A700B23FB181B782F2B0DD97B682A2B0AD93B4B19221A60052002F063F90D23FB1819221A7007E0354B1B68F6
:404F8000DAB20D23FB183F210A401A700B23FA180D23FB1812781B789A4208D22D4B7A68033A2B498A5C1A60052002F045F92A4B7A6826498C4662441278D2B21A60274BA0
:404FC0000F22BA1812781A60254B0E22BA1812781A60052000F08CF90B23FA180D23FB1812781B789A420CD91A4B7A68033A18498A5C1A60052002F01FF902E0002000F0D3
:4050000045F90C23FB181B78180002F022F9C046BD4605B090BDC04640F3FF0F41F3FF0F42F3FF0F43F3FF0F44F3FF0F45F3FF0F46F3FF0F47F3FF0F48F3FF0F49F3FF0F70
:405040004AF3FF0F4BF3FF0F4CF3FF0F4DF3FF0FD09601002CFF0B4028FF0B401CFF0B4020FF0B4080B584B000AF78600023FB60154B154A126801210A431A60134B144A93
:405080001A60144B134A1268802109020A431A607B68002B12D01023FB600CE0012000F027F900F019F8031E02D00023FB6005E07B68013B7B607B68002BEFD1FB68180098
:4050C000BD4604B080BDC04660F02E4078002E400220000010002E4080B582B000AF054B1B68012213407B607B681800BD4602B080BDC0460C002E4080B584B000AF0200B1
:405100003960FB1D1A7080239B05FB60FB1D1B780F2B02D9002000F0B9F8FB1D1B789B00FA68D3181B68BB60FB1D1B789B00FA68D3183A681A60BB681800BD4604B080BD06
:4051400080B584B000AF02003960FB1D1A7080239B05FB60FB1D1B781F2B02D9002000F095F8FB1D1B7810339B00FA68D3181B68BB60FB1D1B7810339B00FA68D3183A68E3
:405180001A60BB681800BD4604B080BD90B587B000AF0200FB1D1A70BB1D0A1C1A70BB1D1B78032B02D9002000F070F8FB1D1B781F2B02D9002000F069F8FB1D1B780322F2
:4051C0001340DB0006337B611323FC1802F03DF803002370FB1D1B789B08DBB29B00144A944663441B68FB6003227B699A401300DA43FB681340FB60BB1D1A787B699A40E6
:405200001300FA681343FB60FB1D1B789B08DBB29B00074A94466344FA681A601323FB181B78180002F015F8C046BD4607B090BD00E400E080B582B000AF0200FB1D1A70A6
:40524000064BFA1D12781F210A40012191400A001A60C046BD4602B080BDC04600E100E080B582B000AF0200FB1D1A70064BFA1D12781F210A40012191400A001A60C046C9
:40528000BD4602B080BDC04680E100E080B582B000AF0200FB1D1A7001BEC046BD4602B080BDC04680B582B000AF786009E00D4B1B68180001F0C0FF7B680B4A944663440B
:4052C0007B607A6880231B029A42F0D8074B1B687A685343180001F0AFFFC046BD4602B080BDC046F80B00200080FFFFF00B002080B582B000AF0200BB1D1A80BB1D1B88CA
:40530000044A12785343180001F096FFC046BD4602B080BDF40B002080B500AF064B1B68002B04D100F00AF8034B01221A6000F035F8C046BD4680BDBC15002080B582B0FA
:4053400000AF00237B6007E0114B7A6892000021D1507B6801337B607B68042BF4D90D4B19000F20FFF7C8FE012000F045F80A4B1A68FA239900100002F0AEFB03001800B9
:4053800000F02AF800F05EF8C046BD4602B080BDA815002085540000EC0B002080B500AF00F00CF8044B044A126801210A431A60C046BD4680BDC04610E000E080B500AFF8
:4053C000044B044A126802210A431A60C046BD4680BDC04610E000E080B582B000AF7860044B7A681202120A1A60C046BD4602B080BDC04614E000E080B582B000AF786007
:405400007B68012B06D1084B074A126804210A431A6005E0044B044A126804218A431A60C046BD4602B080BD10E000E080B500AF034B1B681B0C012213401800BD4680BDA2
:4054400010E000E080B500AF024B00221A60C046BD4680BD18E000E080B584B000AF78603960074B7A689200D358FB60044B7A6892003968D150FB681800BD4604B080BDA8
:40548000A815002080B582B000AFFFF7CFFF0300012B13D100237B600DE00A4B7A689200D358002B04D0074B7A689200D35898477B6801337B607B68042BEED9C046BD46A0
:4054C00002B080BDA815002090B583B000AFFC1D01F0BBFE03002370074B074A126804218A431A6030BFFB1D1B78180001F0B1FEC046BD4603B090BD10ED00E080B500AFBB
:405500000F4B0F4A126801218A431A600C4B0C4A126802218A431A600A4B0A4A126830218A4310210A431A60064B064A126807218A4301210A431A60C046BD4680BDC046C6
:4055400000F02E4000FF2E4080B500AF0F4B0F4A126802218A431A600D4B0D4A126807218A4302210A431A60094B094A126830218A4320210A431A60044B044A126801215D
:405580000A431A60C046BD4680BDC04600F02E4000FF2E4080B500AFFFF7B0FF044B044A1268802109060A431A60C046BD4680BD00F02E4080B584B000AF78600C4B1B6888
:4055C00001221340FB607B68002B02D0012B03D005E0FFF793FF06E0FFF7B6FF03E00020FFF754FEC046FB681800BD4604B080BD00F02E4090B583B000AFFC1D01F025FE8B
:4056000003002370074B074A1268C02109020A431A60FB1D1B78180001F01BFEC046BD4603B090BD00010B4080B500AF054B1A68C0231B02134001D0012300E000231800C9
:40564000BD4680BD00010B4090B583B000AFFC1D01F0FBFD030023700D4B0D4A12680D490A408021C9010A431A60094B084A126808490A40802109020A431A60FB1D1B780B
:40568000180001F0E6FDC046BD4603B090BDC04600010B40FF3FFFFF80B582B000AF78607B68022B02D90020FFF7F0FD064B1A687B68DB000133DA4013000122134018000B
:4056C000BD4602B080BDC04610020B4080B584B000AF786039607B68022B02D90020FFF7D5FD7B681800FFF7D7FF031E16D10D4B1B687A68D200032191400A00D243134034
:40570000FB603B6803221A407B68DB009A401300FA681343FB60034BFA681A60C046BD4604B080BD0C020B4080B584B000AF786039607B68002B02D07B68012B01D1012343
:4057400000E00023002B02D10020FFF79FFD7B681800FFF7A1FF031E16D10D4B1B687A68D2000232012191400A00D2431340FB607B68DB0002333A689A401300FA68134320
:40578000FB60034BFA681A60C046BD4604B080BD0C020B4080B582B000AF7860144B144A11687A680A431A607B680122134005D0C0460020FFF770FF031EFAD07A6880231B
:4057C0005B00134005D0C0460120FFF765FF031EFAD07A6880235B02134005D0C0460220FFF75AFF031EFAD0C046BD4602B080BD10020B4080B582B000AF7860FFF714FF02
:40580000031E26D1154B154A12687968C9430A401A607B680122134005D0C0460020FFF73BFF031EFAD17A6880235B00134005D0C0460120FFF730FF031EFAD17A68802331
:405840005B02134005D0C0460220FFF725FF031EFAD1C046BD4602B080BDC04610020B4090B585B000AF78600020FFF715FF04000120FFF711FF03001C430220FFF70CFF3F
:4058800003002343FB60FB68002B0DD1084B1B68BB60BB68074A1340BB60BA687B681343BB60034BBA681A60C046BD4605B090BD0C020B40F7F7FFFF80B584B000AF786045
:4058C00039607B68002B02D07B68012B01D1012300E00023002B02D10020FFF7D7FC174B1B689B0F9B0701D1C92300E05D231800FFF7FEFC124B1B68FB607B681B01114A54
:405900009A401300DA43FB681340FB600C4B7A68120139689140FA680A431A60074B1B689B0F9B0701D1432300E01F231800FFF7DFFCC046BD4604B080BDC0460C020B40A8
:4059400008020B40FFFF000080B582B000AF7860084B084A11687A68074802400A431A60C046044B1B68044A1340FAD1C046BD4602B080BD10020B400808080080B584B074
:4059800000AF0200FB1D1A700F4B1B68DAB20F23FB1808218A431A70FB1D1B78DB00DBB208221340D9B20F23FB180F22BA1812780A431A70044B0F22BA1812781A60C04646
:4059C000BD4604B080BDC0460000044080B500AF044B1B68042213409B08DBB21800BD4680BDC0460400044080B582B000AF094B1B68DAB2FB1D04210A401A70054BFA1D73
:405A000012781A60FB1D1B789B08DBB21800BD4602B080BD1000044080B584B000AF0200FB1D1A700F4B1B68DAB20F23FB1808218A431A70FB1D1B78DB00DBB208221340AF
:405A4000D9B20F23FB180F22BA1812780A431A70044B0F22BA1812781A60C046BD4604B080BDC0460002044080B584B000AF0200FB1D1A700F4B1B68DAB20F23FB180421C7
:405A80008A431A70FB1D1B789B00DBB204221340D9B20F23FB180F22BA1812780A431A70044B0F22BA1812781A60C046BD4604B080BDC0460001044080B584B000AF02005A
:405AC000FB1D1A700F4B1B68DAB20F23FB1820218A431A70FB1D1B785B01DBB220221340D9B20F23FB180F22BA1812780A431A70044B0F22BA1812781A60C046BD4604B04E
:405B000080BDC0460001044080B500AF064B1B78002B04D100F00AF8034B01221A7000F033F8C046BD4680BDC015002080B500AF0E4B19000120FFF703FB03210120FFF72C
:405B400025FB0B4B00221A700A4B72221A700A4B20221A70094B06221A70094B47221A70084B00221A70C046BD4680BDF55B0000C115002083000F4082000F4021000F4084
:405B800031000F4080000F4090B583B000AFFC1D01F05BFB03002370134A134B1B78DBB220210B43DBB21370104A104B1B78DBB210210B43DBB213700120FFF73BFB0C4AF8
:405BC0000B4B1B78DBB210210B43DBB21370FF2000F084F8FB1D1B78180001F03AFBC046BD4603B090BDC04693000F4092000F4090000F4080B582B000AFFB1D00221A70A1
:405C00002E4ABB1D12781A707B1DBA1D12781A70BB1D1B781E2213400DD0BB1D1B785BB21E2213405AB2264B1B785BB213435BB2DAB2234B1A70BB1D1B782022134034D08F
:405C4000204A7B1D12781A701F4B1B78DBB219001E4B7A1D12785A54FB1D01221A70FB1D1B78002B21D01A4B1B78DBB2002B02D0184B01221A70144B1B78DBB20133DAB2D6
:405C8000114B1A70104B1B78DBB2072B02D90E4B00221A700C4B1B78DAB20F4B1B78DBB29A4202D10A4B01221A70BB1D1B7820221340A5D1C046BD4602B080BD62000F40B1
:405CC000C115002043000F40C3150020602C0020C4150020C5150020C215002080B582B000AF7860C046074B1B68002BFBDB054B7A68120204490A431A60C046BD4602B0AF
:405D000080BDC046000001404200008080B500AF00F07CF8C046BD4680BDC04680B500AF064B064A1268802109060A431A6000F019F800F01DF8C046BD4680BD0000254062
:405D400080B500AF064B1B78002B04D1FFF7DEFF034B01221A70FFF7E1FFC046BD4680BDC815002080B500AFC046BD4680BDC04680B500AF00F0BCF8C046BD4680BDC04670
:405D800080B582B000AF00237B60044B1B687B607B681800BD4602B080BDC0464003254080B582B000AF054B1B681F2213407B607B681800BD4602B080BDC04608032540CC
:405DC00080B582B000AF7860C046064B1B681F221340082BF9D0044B7A681A60C046BD4602B080BD080225404002254080B582B000AF054B1B681F2213407B607B6818003F
:405E0000BD4602B080BDC0460802254080B500AF214B224A1A60224B00221A60214B224A1A60224B224A1A60224B07221A60224B00221A60214B01221A60214B214A1A60A4
:405E4000214B00221A60214B04221A600320FFF707FA03210320FFF799F91D4B19000320FFF76EF91B4B00221A601B4B00221A601A4B00221A601A4B00221A60194B042294
:405E80001A60194B00221A60174B1B689AB2174B1A80C046BD4680BD0000254009000002400025404800254001000A000003254007020080040325401003254044002540AA
:405EC00000022540070000800402254050002540715F0000880E2540C80E2540480F2540080F2540C80F2540880F2540CA15002080B500AF074B074A1268F0218A4390218F
:405F00000A431A60044B054A12881A60C046BD4680BDC04600000240880F2540CA15002080B582B000AFFFF73BFF031E04D0FFF727FF03007B6002E00B4B1B687B600B4B3E
:405F40001A68D8239B0013403B60084BD82292001A603B681B027A6813437B607B681800BD4602B080BDC04640032540C00F254080B500AF00F0DCF8C046BD4680BDC0462C
:405F800080B582B000AF786000F050F87B68180000F00AF8032000F015F800F03BF8C046BD4602B080BDC04680B582B000AF7860034B7A689A66C046BD4602B080BDC04671
:405FC0000000002090B585B000AF0200FB1D1A701623FB600B23FC1801F037F9030023700A4B0A4A12680A491140FA1D1078FA68904002000A431A600B23FB181B781800DA
:4060000001F027F9C046BD4605B090BD08E400E0FFFF3FFF80B500AF034B8022D2001A60C046BD4680BDC04600E100E080B500AF034B8022D2001A60C046BD4680BDC046A3
:4060400080E100E080B500AF00F068F8054B180000F024F8032000F02FF800F055F8C046BD4680BD9160000080B582B000AF786000F054F87B68180000F010F8032000F059
:406080001BF800F041F8C046BD4602B080BDC04680B500AFC046BD4680BDC04680B582B000AF7860034B7A681A64C046BD4602B080BDC0460000002090B585B000AF020091
:4060C000FB1D1A700623FB600B23FC1801F0BDF8030023700B4B0B4A1268C0218A431100FA1D1078FA68904002000A431A600B23FB181B78180001F0ACF8C046BD4605B03F
:4061000090BDC04600E400E080B500AF024B01221A60C046BD4680BD00E100E080B500AF024B01221A60C046BD4680BD80E100E080B582B000AF094B1B68DAB2FB1D10215C
:406140000A401A70054BFA1D12781A60FB1D1B781B09DBB21800BD4602B080BD1003044080B500AF094B00221A70094B00221A70084B00221A7000F013F8074B00221A7047
:40618000064B00221A70C046BD4680BDA32C00209C2C0020A22C0020682C0020702C002080B500AF00F004FE00F0BAFDC046BD4680BDC046B0B594B004AF78603E23FB18F6
:4061C00000221A802823FA183D4B1000190014231A0001F032FE3B4B1B78002B04D1FFF7BFFF384B01221A707B68002B5CD0364B7A681A603E23FB181B88002B29D11023E0
:40620000FB181C22BA185A601023FB182022BA181A601023FB1800221A812023FB181B221A802023FB181B225A802023FB1804221A711C23FB1808221A703E23FC180E235D
:40624000FA181023FB181100180001F045FF030023803E23FB181B88002B29D13E23FC182823FD18AE231A0118491948194B0293194B0193052300932B0001F083FE0300B7
:4062800023803E23FB181B88002B11D1134B01221A703E23FC18124B1522992118000EF077FC0300238003E03E23FB1801221A803E23FB181B881800BD4610B0B0BDC046A1
:4062C00000970100CC1500206C2C0020D0000020B56800007902000000FB03009A2C00201C97010090B585B000AF0200FB1D1A70FB1D1B78022B04D90E23FB1801221A80AA
:406300004AE0294B1B78042B41D1284B1B78DBB21A00042313403AD1FB1D1B78002B0BD1234B00221A82224B5B6820221A80204B5B6830225A8010E0FB1D1B78012B0CD1D1
:406340001B4B96221A821A4B5B68C822D2001A80174B5B688022D2015A80164BFA1D12781A700E23FC18124B18000CF00FF8030023800E23FB181B88002B0DD10B4B1B78A9
:40638000DBB204221343DAB2084B1A7004E00E23FB180422FF321A800E23FB181B881800BD4605B090BDC0469A2C0020A32C0020300C0020A22C002080B584B000AF786039
:4063C0000A00FB1C1A700023BB60BB68002B20D07B689A79BB681A700F23FB1800221A7012E00F23FB181B780133BA68D3180F22BA18127879688A5C1A700F23FB181A7822
:406400000F23FB1801321A700F23FB181B78052BE7D9C046BD4604B080BDC04680B586B000AF78600A00FB1C1A701623FB1800221A701523FB1800221A701423FB1800229A
:406440001A70FB1C1B78002B07D15C4B3B610F23FB185A4AD27F1A703BE0594B3B610F23FB18574AD27F1A7033E01423FB181B783A69D2181523FB1812781A701523FB189B
:406480001B78002B33D01423FB181A781423FB1801321A701423FB181B783A69D3181B78082B07D01423FB181B783A69D3181B78092B04D11623FB1801221A7009E0142310
:4064C000FB181422B9181522BA18097812788A181A701423FA180F23FB1812781B789A4206D21623FB181B78002BBED000E0C0461623FB181B78002B5BD01523FB181522AE
:40650000B9181422BA18097812788A181A701423FB181A781423FB1801321A701723FB181422BA1812781A7017E01723FB181B783A69D3181722BA1811781422BA18127874
:406540008A1A11007A68521812781A701723FB181A781723FB1801321A701723FA181523FB1812781B789A421BD21723FB181A781423FB181B78D31A1A007B689B181B78B4
:40658000002BD2D10DE01723FB181B783A69D31800221A701723FB181A781723FB1801321A701523FA181723FB1812781B789A42E9D8C046BD4606B080BDC046100C00208E
:4065C000D015002080B586B000AF78601623FB1800221A807B68002B5CD0344B5B885A1E334913009B009B189B00CB1810331B685B683B612D4B5B885A1E2D4913009B0011
:406600009B189B00CB180C331A880F23FB181A701523FB1800221A7012E01523FB181B783A69D3181522BA18127879688A1812781A701523FB181A781523FB1801321A7015
:406640001523FA180F23FB1812781B789A4207D21523FB181B787A68D3181B78002BDCD11523FA180F23FB1812781B789A4206D21523FB181B783A69D31800221A707B6848
:4066800000211800FFF7CAFE7B6801211800FFF7C5FE03E01623FB1801221A801623FB181B881800BD4606B080BDC04610A301001C97010080B582B000AF78607B681B7852
:4066C0009AB27B6801331B789BB21B029BB213439BB21800BD4602B080BDC04690B585B000AF78600F23FB1800221A707B689B890F22934232D17B68181D7A680F23FC18F8
:40670000402300210EF05CFA030023700F23FB181B78002B1AD17B685B681800FFF7CAFF03001A00022313409BB2002B07D00F4B1B687968822252001000984706E00B4BBD
:406740001B6879680622FF3210009847084B1B78DBB201229343DAB2054B1A700F23FB181B781800BD4605B090BDC0466C2C0020A32C002090B585B000AF78600F23FC18B2
:406780007B681800FFF7AAFF03002370154B1B78DBB21A00012313401FD10F23FB181B78002B16D00823FB1812229A707B689A890823FB181A800823FB180F22BA1812789A
:4067C000DA700823FA187B68110018680CF048FF03E07B6818680CF0CDFFC046BD4605B090BDC046A32C002080B582B000AF7860C046BD4602B080BD80B500AF044B002212
:406800005A70034B00221A70C046BD4680BDC046A02C002080B582B000AF7860C046BD4602B080BD80B500AFC046BD4680BDC04680B584B000AF78600E23FB1800221A7066
:406840007B689B79002B1CD10F23FB1800221A7012E00F23FB181B787A68D35C002B04D00E23FB1801221A700BE00F23FB181A780F23FB1801321A700F23FB181B78052B81
:40688000E7D90E23FB181B781800BD4604B080BD80B582B000AF0200BB1D1A80C046BD4602B080BD80B582B000AF7860C046BD4602B080BD80B588B000AF02003960FB1DFE
:4068C0001A70C44B1B78DBB201221343DAB2C14B1A70FB1D1B78412B00D199E123DC212B00D1EFE00DDC022B00D1C1E002DC012B3BD0ECE1052B00D1BFE0062B00D1C1E04A
:40690000E5E1272B00D117E106DC242B00D109E1262B00D11CE1DAE1282B00D114E12A2B00D104E1D3E14F2B00D1C3E10BDC432B00D190E100DA8BE14C2B00D1A8E14E2BC2
:4069400000D1B9E1C3E1572B00D1B7E106DC502B00D1B5E1542B00D19FE1B8E1712B00D132E1FA2B00D19DE1B1E11023FB1807221A701023FB1800225A701023FB181800E1
:4069800003F0B4FA1023FB1807221A701023FB1801225A701023FB18180003F0A7FA0B23002B01D001F0B4FA8B4B1B681800FFF73FFF031E11D0884B1B68180001F0B4FA9B
:4069C000854B1B6800211800FFF7F6FC824B1B6801211800FFF7F0FC36E0804B1B781A003F231A407E4B1B789901FC231B010B401A437C4B1B781903F8235B020B401A43FE
:406A0000794B1B785904FE231B040B401343BB61BB69DAB2754B1A70BB691B0ADAB2734B5A70BB691B0CDAB2704B9A706F4B180001F07AFA6D4B00211800FFF7BDFC6B4B25
:406A400001211800FFF7B8FC00200BF031FB0C23FB183F221A700C23FB1800225A700C23FB1818000BF042FB614B04221A702EE13B681800FFF7CEFE29E13B681A785D4B2F
:406A80001A7024E13B687B617B691B78002B00D018E17B695B78002B0BD1574B0222DA80554B18229A80544B544A1A607B69524A5A60484B1B78DBB201229343DAB2454BD2
:406AC0001A70FFE0434B1B78DBB21A002023134000D0F9E04A4B1B78102B02D1484B0522DA70484B1B78464A110018000BF00CFC03001A000A23FB181A800A23FB181B8830
:406B0000002B06D0404B1B680A22BA18110036209847304B1B78DBB201221343DAB22D4B1A70D1E03B685A78384B1A70CFE03B681800FFF7B7FECAE03B681800FFF7B2FE0D
:406B40002B4B02221A70C2E0294B04221A70BEE0274B1B78022B00D1B8E01E4B1B78DBB21A000123134000D1B0E01A4B1B78DBB21A00042313400BD01D4B03221A70154B0C
:406B80001B78DBB204229343DAB2124B1A709DE0104B1B78DBB21A00082313400BD0144B04221A700B4B1B78DBB208229343DAB2084B1A708AE00E4B1B78032B00D085E034
:406BC0000B4B04221A7081E03B681B881800FFF75FFE7CE0A32C00204C0C00207CF2FF0F7DF2FF0F7BF2FF0F78F2FF0F440C00209A2C00209C2C0020F4150020B00B00208C
:406C0000B4110020A02C00206C2C0020702C00203C4A3B681000190002231A0001F00DF9394B00221A70374B1B781A00262353439E2292009A18354BD3180133344A100018
:406C4000190026231A0001F0F8F8FFF7EBFD3EE0FFF7D2FD3BE03B685B88162B05D81E23FB183A6852881A8003E01E23FB1817221A801E23FB1819883B681A880023120450
:406C8000120C1B0C1B04134318000CF0F3FC1EE03B681800FFF76EFD19E03B681800FFF7A3FD14E01B4B1B7801221343DAB2194B1A700CE0C0460AE0C04608E0C04606E01D
:406CC000C04604E0C04602E0C04600E0C046124B1B78DBB21A00112313400ED00E4B1B78DBB201229343DAB20B4B1A700B4B1B68FA1D1278396810009847C046BD4608B031
:406D000080BDC046A02C00209C2C002000FB0300742C0020682C0020A32C00206C2C002080B500AFC046BD4680BDC04680B586B000AF3A60FB1D021C1A70BB1D0A1C1A70F7
:406D40001623FB1800221A80FB1D1B78082B04D91623FB1801221A8020E0FB1D1B78134A5B00D31802331A880823FB181A81BB1D1B789AB20823FB189A800823FB183A685A
:406D80001A600823F8180023002200210DF018FF031E03D01623FB1801221A801623FB181B881800BD4606B080BDC0461CA3010080B500AFC046BD4680BDC04680B500AFD0
:406DC000094B812292041A60084B0C221A60012000F098F8064B180000F066F8002000F053F8C046BD4680BD0001204024012040204E000090B583B000AFFC1D00F025FAF5
:406E000003002370094B094A126801210A431A60FB1D1B78180000F01CFA1821012000F053F8C046BD4603B090BDC0460000204080B500AF064B1B78002B04D1FFF7BEFF6A
:406E4000034B01221A70FFF7D5FFC046BD4680BDFC15002090B583B000AFFC1D00F0F5F903002370074B074A126801218A431A60FB1D1B78180000F0ECF9C046BD4603B048
:406E800090BDC0460000204080B582B000AF7860044B7A681204120C1A60C046BD4602B080BDC0460801204080B582B000AF7860044B7A681204120C1A60C046BD4602B063
:406EC00080BDC0461401204090B585B000AF786039600F23FC1800F0B8F903002370084B79683A6891400A001A600F23FB181B78180000F0AEF9C046BD4605B090BDC04600
:406F00000800204080B582B000AF7860034B7A681A60C046BD4602B080BDC0463801204080B500AF00F06AF8054B180000F024F8032000F02FF800F055F8C046BD4680BD53
:406F40006D6F000080B582B000AF786000F056F87B68180000F010F8032000F01BF800F041F8C046BD4602B080BDC04680B500AFC046BD4680BDC04680B582B000AF7860AB
:406F8000034B84217A685A50C046BD4602B080BD0000002090B585B000AF0200FB1D1A700E23FB600B23FC1800F04FF9030023700A4B0A4A12680A491140FA1D1078FA6809
:406FC000904002000A431A600B23FB181B78180000F03FF9C046BD4605B090BD10E400E0FF3FFFFF80B500AF034B802292021A60C046BD4680BDC04600E100E080B500AFF6
:40700000034B802292021A60C046BD4680BDC04680E100E080B500AF0A4B812292041A60094B0C221A60012000F07EF8FA235B00180000F04BF8002000F038F8C046BD464A
:4070400080BDC046400120406401204090B583B000AFFC1D00F0F9F803002370094B094A126802210A431A60FB1D1B78180000F0F0F81821022000F039F8C046BD4603B0D2
:4070800090BDC0460000204080B500AF064B1B78002B04D1FFF7BEFF034B01221A70FFF7D5FFC046BD4680BDFD15002080B582B000AF7860044B7A681204120C1A60C04692
:4070C000BD4602B080BDC0464801204080B582B000AF7860044B7A681204120C1A60C046BD4602B080BDC0465401204090B585B000AF786039600F23FC1800F0A6F80300FE
:407100002370084B79683A6891400A001A600F23FB181B78180000F09CF8C046BD4605B090BDC0460800204080B582B000AF7860034B7A681A60C046BD4602B080BDC0460E
:407140007801204080B500AF024B1B681800BD4680BDC0467001204080B582B000AF7860034B7A681A60C046BD4602B080BDC0467001204080B582B000AF786000F050F8C6
:407180007B68180000F00AF8032000F015F800F03BF8C046BD4602B080BDC04680B582B000AF7860034B88217A685A50C046BD4602B080BD0000002090B585B000AF0200ED
:4071C000FB1D1A701623FB600B23FC1800F03DF8030023700A4B0A4A12680A491140FA1D1078FA68904002000A431A600B23FB181B78180000F02DF8C046BD4605B090BDEF
:4072000010E400E0FFFF3FFF80B500AF034B8022D2021A60C046BD4680BDC04600E100E080B500AF034B8022D2021A60C046BD4680BDC04680E100E00230800803D001389A
:40724000FDD1C046C046C0467047EFF3108072B6704780F31088704780B582B000AF00233B60C04B1B68002B02D0BE4B1B689847BD4B1B680122134002D0BC4B00221A6024
:40728000BB4B1B78DBB220221340DBB2002B38D0B84B1A6880235B0013400AD0B64B1B889BB2C022920013439AB2B34B1A8001233B60B04B1B68012213400AD0AE4B1B88DB
:4072C0009BB29022920013439AB2AB4B1A8001233B603B68002B14D0A54B1B78DBB201221340DBB2002B01D0012300E00223A24A128892B213439AB29F4B1A809C4B002229
:407300001A709B4B1B78DBB220221340DBB2002B00D1A4E1974B1B681022134018D0974B10221A60924B1B78DBB201221340DBB2002B01D0012300E002238F4A128892B2DE
:4073400013439AB28C4B1A80894B10221A7090E1874B1B78DBB208221340DBB2002B29D0844B1B68022213400ED0844B02221A60814B1B889BB28822920013439AB27E4B62
:407380001A8001233B6015E0794B1B78DBB201221340DBB2002B03D0754B25221A7009E0734B24221A70764B1B68002B02D0754B10221A606E4B1B78DBB204221340DBB206
:4073C000002B00D113E16A4B1B78DBB201221340DBB2002B5BD06C4B1B680822134033D06A4B1A686A4B1B681F211940694B1B68CB18D31A7B607B68082B02D908237B60D4
:407400001EE07B68002B1BD1634B634A126863490A401A6008237B6001233B6010E0604B1A685C4B1B68D2185E4B1B68DBB21370584B1B685A1C574B1A607B68013B7B602B
:407440007B68002BEBD11EE04F4B1B680422134019D0534B1A684F4B1B68D218514B1B68DBB213704B4B1B685A1C4A4B1A60494B1A68464B1B689A4203D24B4B04221A60C0
:4074800001E001233B60494B494A1A60AFE0394B1B680222134032D0384B02221A60454B1B681F221A40434B196880231B020B4001D0012300E00023D2183F4B1B689A1AF0
:4074C0003D4B1A603C4B1A683C4B1A602A4B1B889BB28422920013439AB2274B1A80384B374A1268802149020A431A60344B344A126834490A401A6001233B6077E0324BB9
:407500001B681022134067D020E02B4B1A681C4B1B689A4221D21A4B1B685A1E264B1B689A4205D1294B40221A60164B40221A60274A284B1968204B1B68CB181B78DBB272
:4075400013601D4B1B685A1C1B4B1A60194B1B681F221340082BD8D100E0C0461B4B10221A6044E0A41500208C0E2440880E2440392C00200C0F2440482C0020000F244008
:40758000442C0020880F2440CC0F2440542C002008032440582C002060002440FFFEFFFF4C2C00204003244068002440C00F2440ED0F0000080224403C2C0020402C0020D3
:4075C00004022440FFFFFEFF8C0F2440800F2440400224405C2C0020284B1B684022134005D0274B1A68274B1A6001233B603B68002B3ED0244B244A126824490A401A6063
:40760000234B00221A60234B00221A60224B1B78DBB202221340DBB2002B15D01F4B1B78DBB201221340DBB2002B01D0092300E00A231B4A128892B213439AB2184B1A80F1
:40764000164B60221A7014E0164B174A126820210A4001D0182200E010221A6009E00F4B1B78DBB210221340DBB2002B01D1FDF701F8C046BD4602B080BDC0468C0F2440EF
:407680003C2C0020402C002060002440FFFEFFFFC80F2440880F2440502C0020392C0020482C0020680024406400244080B582B000AF78600A00BB1C1A80BB1C1A887B68B3
:4076C0001A60C046BD4602B080BDC04680B582B000AF78600A00BB1C1A80BB1C1A887B681A60C046BD4602B080BDC04680B584B000AF494B1B78DBB21B02484A1278D2B24C
:407700001343FB60464B1B78DBB21B02454A1278D2B21343BB60BB68434A934207D1FB68072B04D1414BBB600423FB6009E0BA68D4231B019A4204D1FB68042B01D13B4B13
:40774000BB603B4BBA681A603A4BFA681A603A4B1B78DBB21B02394A1278D2B21343FB60FA6880239B019A4202D0FB68002B01D1334BFB60334BFA681A60334B1B78DBB2E7
:407780001B02324A1278D2B21343FB60FB68304A934206D0FB682F4A934202D0FB68052B01D12D4BFB602D4BFA681A602C4B1B681B097B602B4B1B68AA2B29D17B68012B0A
:4077C00026D9214B1B78DBB20E2B21D1264B1B78DBB29BB21B0299B2244B1B78DBB29AB2BB1C0A431A80224BBA1C12881A60214B1B78DBB29BB21B0299B21F4B1B78DBB2D2
:407800009AB23B000A431A801C4B3A0012881A60C046BD4604B080BD59F1FF0F58F1FF0F5FF1FF0F5EF1FF0F580B0000580D00006C002E4074002E405BF1FF0F5AF1FF0F8A
:407840000220000078002E405DF1FF0F5CF1FF0F0F0F000005050000050F000080002E40EC0F00F0E00F00F06DF2FF0F6CF2FF0F84002E406FF2FF0F6EF2FF0F94002E40AB
:4078800080B582B000AF0200BB1D1A80BB1D1B881800FDF72DFDC046BD4602B080BDC04680B582B000AF78607B681800FDF7FAFCC046BD4602B080BD80B500AF00F0ECF80C
:4078C000C046BD4680BDC04680B500AF00F0F0F8C046BD4680BDC04680B500AF00F0E8F8044B180000F0A2F8032000F0ADF8C046BD4680BDC97A000080B500AF034B180004
:4079000000F080F8C046BD4680BDC046C97A000080B500AF014B1800BD4680BD0202000080B582B000AF78602B231800BD4602B080BDC04680B582B000AF78602B23180024
:40794000BD4602B080BDC04680B582B000AF78602B231800BD4602B080BDC04680B582B000AF78602B231800BD4602B080BDC04680B582B000AF78602B231800BD4602B06E
:4079800080BDC04680B582B000AF78602B231800BD4602B080BDC04680B582B000AF78602B231800BD4602B080BDC04680B582B000AF78602B231800BD4602B080BDC046A0
:4079C00080B500AF2B231800BD4680BD80B582B000AF0200FB1D1A702B231800BD4602B080BDC04680B582B000AF786039602B231800BD4602B080BD80B500AFC046BD4619
:407A000080BDC04680B582B000AF786000F050F87B68180000F00AF8032000F015F800F03BF8C046BD4602B080BDC04680B582B000AF7860034B7A681A67C046BD4602B055
:407A400080BDC0460000002090B585B000AF0200FB1D1A700623FB600B23FC18FFF7F5FB030023700B4B0B4A1268C0218A431100FA1D1078FA68904002000A431A600B23E8
:407A8000FB181B781800FFF7E4FBC046BD4605B090BDC0460CE400E080B500AF034B802252011A60C046BD4680BDC04600E100E080B500AF034B802252011A60C046BD46FA
:407AC00080BDC04680E100E080B500AF11F050FCC046BD4680BDC046002243088B4274D303098B425FD3030A8B4244D3030B8B4228D3030C8B420DD3FF22090212BA030C6F
:407B00008B4202D31212090265D0030B8B4219D300E0090AC30B8B4201D3CB03C01A5241830B8B4201D38B03C01A5241430B8B4201D34B03C01A5241030B8B4201D30B034A
:407B4000C01A5241C30A8B4201D3CB02C01A5241830A8B4201D38B02C01A5241430A8B4201D34B02C01A5241030A8B4201D30B02C01A5241CDD2C3098B4201D3CB01C01A46
:407B8000524183098B4201D38B01C01A524143098B4201D34B01C01A524103098B4201D30B01C01A5241C3088B4201D3CB00C01A524183088B4201D38B00C01A524143082D
:407BC0008B4201D34B00C01A5241411A00D20146524110467047FFE701B5002000F0F0F802BDC0460029F7D076E7704703460B437FD4002243088B4274D303098B425FD345
:407C0000030A8B4244D3030B8B4228D3030C8B420DD3FF22090212BA030C8B4202D31212090265D0030B8B4219D300E0090AC30B8B4201D3CB03C01A5241830B8B4201D321
:407C40008B03C01A5241430B8B4201D34B03C01A5241030B8B4201D30B03C01A5241C30A8B4201D3CB02C01A5241830A8B4201D38B02C01A5241430A8B4201D34B02C01A50
:407C80005241030A8B4201D30B02C01A5241CDD2C3098B4201D3CB01C01A524183098B4201D38B01C01A524143098B4201D34B01C01A524103098B4201D30B01C01A5241D2
:407CC000C3088B4201D3CB00C01A524183088B4201D38B00C01A524143088B4201D34B00C01A5241411A00D201465241104670475DE0CA0F00D04942031000D34042534098
:407D000000229C4603098B422DD3030A8B4212D3FC22890112BA030A8B420CD3890192118B4208D3890192118B4204D389013AD0921100E08909C3098B4201D3CB01C01A18
:407D4000524183098B4201D38B01C01A524143098B4201D34B01C01A524103098B4201D30B01C01A5241C3088B4201D3CB00C01A524183088B4201D38B00C01A5241D9D20B
:407D800043088B4201D34B00C01A5241411A00D20146634652415B10104601D34042002B00D54942704763465B1000D3404201B5002000F005F802BD0029F8D016E7704786
:407DC0007047C046014B18687047C046701500200E4B70B500251E000D4CE41AA410A54204D0AB00F35898470135F8E712F0A2FA084B00251E00084CE41AA410A54204D032
:407E0000AB00F35898470135F8E770BD40A3010040A3010040A3010048A3010030B50024A24208D0035D651C0C5DA34201D0181B02E02C00F4E7002030BD002310B59A42E1
:407E400003D0CC5CC4540133F9E710BD03008218934202D019700133FAE770470023C25C0133002AFBD1581E7047030010B51C78002C0AD00133FAE70C781C70002C07D053
:407E8000002A00D15A7001330131013A541CF3D110BD030030B5002A0DD00C7801335D1E013A2C700131002CF5D19A189A4202D01C700133FAE730BD134A1088810703D000
:407EC0008107890F401A001D11791030484381B25088820703D08207920F801A001D800040180A494030098980B2CA0701D0503080B2890706D504495422091F0978514330
:407F0000081880B270470000C01100200C16002010B501F00BFF10BD10B501F00DFF10BD10B500F05BFA10BD10B50749044609780220002907D1204601F04EFF002802D170
:407F400020460AF0C7F910BD5C13002070B504460120002C12D02368002B0FD0616800290CD0074D06222889208118462968FFF764FF6968606809780170002070BD000096
:407F80000C160020FFB585B0002768460E9D07734F481C460078002802D0082009B0F0BD10990F9801900095029105A807C800F007F90028F2D16946264603AB8446087335
:407FC000002C19D0002115E08A00B75A082F09D990198078002805D0083FB7521878401C187005E0002914D00027B75290198770491CC9B2A942E7D360460028CED10F98E5
:40800000002809D0109901F041FA002804D00120C4E701208446EFE701F08EFE2D480021416081600599016021888180022D07D3A1798171A17AC171A1890181218A418128
:4080400000211EE0481C19E082008B00A75AE65ABE46BE4211D26F463E80B4461E190296B678BE7001967646E6521719029EBB78B3706646A652019EBE70401CA842E3D399
:40808000491CA942DED3134822460C3000906846037B0799069800F01BF90028B8D168460B4C007B60700B480C3001F075FE0028AED1084907480C3107F06AF90028A7D150
:4080C00007F084F90028A3D10121217066E70000BA11002000160020F8B5054636480F460078002802D002242046F8BD002F60D000243249002D16D02A89D0070DD02868C9
:40810000002808D003881B3BE12B04D24088FB2801D81B2801D2012409E0900707D56868002804D1F7E70020088108604860002CDAD122482E8906811F481B21801D01807D
:408140004180042101711C490020891C0870F00705D019480622801D2968FFF76EFE1749B00703D56A68144812788270124D0E46AD1D281F0D60486001F054FE284601F00C
:4081800043FE30890DF054FE30890DF045F828880DF048F830890DF0B5FF03461033FFF78BFE1F21C018890140183880A91F88809AE7012498E70000BA1100200C1600204D
:4081C000FFB58446384F1C460020BB883F78054602460646002F11D100290ED0029999420BD36146002908D0002C06D00A99002906D02E4B0B99994202D2012004B0F0BD19
:40820000002144E0AB001F19BF78002F3BD0E35A002B38D07B43591889B22B0000F04AF8050410161C253100A7782388BC46FF27233BEB37BB4222D26346032B1FD322E09F
:40824000A388002B1FD0302B19D31CE02389002B19D0282B13D316E0A289002A13D01346134F233BBB420AD20DE0268A002A0AD033460F4F233BBB4201D2964203D90120E2
:408280000EE0002001E000280AD16D1CEDB2099B9D42B7D31C2463435B1802998B42ACD89642AAD8AAE70000BA11002079020000BAFF000030B47446641E2578641CAB421E
:4082C00000D21D46635D5B00E31830BC18470000FFB583B0002469460C801F4606468C80002806D00598002803D004983043800701D0012466E0002FFBD0344904980988D9
:408300008842F6D3FFF7F8FAFFF7DEFA00F012FC002855D100F07AFD002851D12C49084601F0E8F805042D0C4AD12A480499066081800021C18007810C98007AC00704D0ED
:40834000684601F012FD040007D10C98007A800703D501A801F012FD0446BF1DFEB2002C20D13146059800F05DF804001AD10DF0D7FE040016D16A46108892880836851818
:40838000144AF1B29088D288AEB29319984207D3401B801A80B201F09DFB050007D000E0FF25012400F05EFA002D04D008E0F8B200F01CF9F6E700F081FA074901200870C4
:4083C00000F0CAFB204607B0F0BD0000BE1100201185000018160020C611002010B503480078012801D101F017FA10BDC611002070B5084B0446DA889E8800205518B5421D
:4084000006D81D68AA182260DA885118D98070BD032070BD18160020014800897047000018160020F0B587B007460D4600208900009006916846FFF7DBFF844600285DD1E5
:40844000304800990160002117E02E4B88001A680629115406D22C4C0419667882185670628805E0C419203CA67A8218567022891B68C018491C4280C9B2A942E5D30024B9
:408480002DE0601CC2B2059025E01E4FA30039689600581840887118039604904E88B04217D938466F46FE80B6464F786E4677710297049F4F800168039F5E18767879181D
:4084C0004E700168764659184E800068029F18184770521CD2B2AA42D7D30598C4B2AC42CFD36046002809D168460699FFF780FF8446002802D1054900980860604607B065
:40850000F0BD0000C811002068A30100CC1100207047000010B5002809D005494A68002A05D0011F08788000105801F081FA10BDC811002010B50446FFF76EFFC0B2801DD5
:40854000A0420CD307484068002808D0A100405801F0E0F9002801D00470001D10BD002010BD0000C8110020F8B516460D460446FFF752FFC0B2801DA04203D20020C0432D
:408580000090F8BDB2B2E9B2684601F0E9F90099481C03D0024AA000526811500098F8BDC8110020F8B50746FFF736FF801DC6B20A49002005460C680DE06178002907D0A7
:4085C0006188B94202D32078FFF7B4FF002804D1241D6D1CEDB2B542EFD3F8BDC811002010B5002801D0FFF795FF10BD70B506460948002504680BE06178002905D06288A0
:408600002078121D0023FFF7AFFF241D6D1CEDB2B542F1D370BD0000C8110020FFB581B00A9F16000C4620D000F0F2F8054604281BD0002F0CD03846FFF7B4FF20492A017A
:4086400051184860002810D03A460499FFF7F5FB1B4928010E504618778101980570200406D47D20C000444304E0FF2005B0F0BD6404640C00F0BAF80746042807D000F08E
:408680004FFAA0420BD800F04BFA201A03E0204600F0AAFA0020F06035720020E6E700F03FFA009000F0B6FA00980121001B009000F0ECF802493A0151180098C860E6E74E
:4086C00024160020F8B5060116483418217A042903D0E068002802D017E00020F8BD00F01FFA054600F096FA00F0A0F804280CD001010C480F18F8680021451900F0C6F8AB
:408700000020F860284600F06FFA6068054D002801D0FFF765FF042020720020A8516081E060DAE724160020FEB500266A46304601232549050169180D7A042D02D0C968AF
:4087400000291BD000211154401CC0B20428F0D300246846005D002830D01B48210108184189476805680291002101604160042241810272C160002E02D015E01354E3E767
:4087800000F054F804280ED001010F4808180190C6680021304600F079F801980021C160304600F021FA0126002D07D038460299A847002F02D03846FFF712FF641CE4B218
:4087C000042CC6D3FEBD0000241600200EB5002005216A460090118150810348694600680EF003FB0EBD0000D0110020074A0020010189180B7A042B02D0C968002903D0FE
:40880000401CC0B20428F3D370470000241600200549002002015218127A042A03D0401CC0B20428F6D370472416002030B50A4B04200A4C00210A011219157A042D06D08A
:40884000D268002A03D09A4201D808461346491CC9B20429EFD330BDFFFF0000241600207047000030B50020074C05460423020111190B72A5504D60401C4D81C0B2CD60BB
:408880000428F4D330BD00002416002030B5094C00231A011219157A042D04D0D568002906D02D18D5605B1CDBB2042BF1D330BD2D1AF7E724160020002070471CB5002462
:4088C00069460C70142001902346054A05480EF091FA04480068401C00D1FF2420461CBD39890000D01100203EB5124A0146FF2000230124126800290DD0012914D004293C
:4089000008D104206946009308814B8110460EF06CFA80B23EBD6846009304814381694610460EF05DFAF4E768460093048143816946EBE7D011002070B5458904684168E9
:4089400000890300FFF7B6FC08280509091E22282628002005F0D8FB1EE0022908D0C8B22A4621460CF0A4FB2046FFF739FE13E002202A4621460CF09BFB2946204600F01B
:408980000DF809E000200DF02FFF05E02046FFF7CBFE01E0FFF730F8002070BD014B0022DB681847D411002070B5448905680089022803D0032809D0FF2070BD2246094C21
:4089C0000023A46829460120A04708E0FFF7A4FA241DA2B200232946022006F08CFB002070BD0000D411002070470000024800214160018041807047D411002070B50C4605
:408A0000002186B016460391012802D0022859D116E003A9012006F0C3FB01281BD1039D324621462846FFF708FA0095287801900220694608814E816846FFF7B5FF41E0C7
:408A4000214D002B686809D0049004A9022006F0A7FB01281DD0022006B070BD002812D0298840182146FFF7E8F928880024801980B228806988091D884206D12C80134847
:408A8000FFF792FF03E00320E6E788421AD96C6018E004986860E278A378110219430B4A698000231060E3565360032313815181A1788170E178C170617841702178017022
:408AC000042028800020C7E7D4110020641600203EB515460C46022803D004280CD000203EBD0091019002206946088107484A8100680EF07AF907E00CF0DAFA044B0022E6
:408B0000DB6829462046984701203EBDD0110020D4110020014AD16090607047D4110020034801688068081A0A214843000970477016002010B5FEF7CFFE4822044905488F
:408B4000FFF77BF903490120C870002010BD000084A30100741A002010B5FEF7ADFE10BD70B5134C2368002B08D0207B1149C20705D04008400020738868A08070BD886804
:408B80000B4AA18880B29268814203D90A4D691A091802E0814202D2411A5118A160A080A0689842EAD30EF03DF900F013F870BD70160020C0102E40FFFF000010B5084623
:408BC0001946FFF7A7FF10BD704710B5FFF780FF10BD000003480021016041608160C1607047000070160020024610B5FF20002A0CD0FFF7EFFF064C0321207B084320731D
:408C000010010A21FEF7EEFF2060002010BD00007016002000B504480A21806848430209FFF7D8FF104600BD701600200248007B8007C00F704700007016002010B54B4902
:408C40000868002802DA4A4B01221A70022290430860484800694549C00B4031096A0246C907C90F0A4259D0012000F097FA3F480E216C30FEF72AFD3E4820218430FEF7C4
:408C800025FD3C4814219C30FEF720FD3948FF21C131A430FEF71AFD3648FF212F31B030FEF714FD33483449BC30FEF70FFD31483249AC30FEF70AFD30492E48491CB430BB
:408CC000FEF704FD2B482E49B830FEF7FFFC29482C49CC30FEF7FAFC26482B490830FEF7F5FC24482949A830FEF7F0FC214828498830FEF7EBFC1F4826498C30FEF7E6FC81
:408D00001C481921C9029030FEF7E0FCFEF7EEFCFEF7FEFDC0B2022812D01FE000290BD0002101420AD0114801216030FEF7CEFC0120FEF7B5FD97E70121F2E7FF2010BDB4
:408D400015491648FEF7C2FC14481549001DFEF7BDFC124800210830FEF7B8FC54200449C043891C0870002010BD000000F02E40E411002000002E40320300002F3F000051
:408D80003102000010520000EC160000FA12000031D000003AE300009956000080012E40F80F000070B50646581C80B245086D00002408E0304600F0C1F81055000A111978
:408DC000A41C4870A4B2AC42F4D3D80705D0D0182038D15CC47FD454C17770BD30B50A4C002100195B1E07E0541864782502545C2C430480891C89B29942F5DB994201D1E0
:408E0000515C018030BD000000102E4010B5FF2000F0C4F90F49FF2048700E481021801D41800121417001700A490020C91C4870FFF704FF04000AD100F010F90721064859
:408E4000FEF734FC044807211830FEF72FFC204610BD0000E4110020CC112E4070B5002405465B1E0AE0284600F068F8010A161971702D1D1055A41CADB2A4B29C42F2DBBF
:408E80009C4203D1284600F059F8105570BD000070B500210A4D5B1E0AE0541864782602545C344346193480001D891C80B289B29942F2DB994202D1515C4019018070BDDC
:408EC00000102E40F0B50599091FCFB200217E1E0BE0541864782502545C2C43164D45192C80001D891C80B289B2B142F1DBFC0712D01C78515C24020F4A0C4381180C805E
:408F00009C785D78001D210280B2294384182180001D80B2D9780CE059781A7809021143054A84182180001DD9789B78090280B2194380180180F0BD00102E400149401853
:408F40000088704700102E4010B50B490020487000F084F8002000F047F9002000F034F907210648FEF7A2FB044807211830FEF79DFB002010BD0000E7110020CC112E40A9
:408F800010B50B46062812D006DC01280CD0032801D1FFF7D9FF10BD0A28FCD00B28FAD105480078107010BDFFF730FF10BD1146184600F035F910BDEA110020F8B5244D33
:408FC000AC6A0127A007234E002816DA307806280ED1286A384328621F480069F903084381B21D481030FEF771FB042000F0D6F8174802212830FEF759FBE00718D000F0A3
:409000001DFF01280FD1002000F06AFF062000F0C5F81049FF20C91E48707078002802D1686B384368630A4801212830FEF73EFBE0050BD53078042802D1052000F0AEF88B
:409040000348FF2101312830FEF730FBF8BD000040F02E40E711002000002E4010B503212348FEF733FB0120FEF70AFC20483038406A204C80076178800F890001431C4869
:409080000C38FEF723FB6078002808D0401E022181401820FEF790FEC000083800E0B82081B21548FEF712FB1348032109021438FEF70CFB10481149B830FEF707FB612155
:4090C00089010F48FEF702FB0D480321001FFEF7FDFA0C490C48FEF7F9FA0B480B496038FEF7F4FA084801218838FEF7EFFA10BD70F02E40EA110020D8102E409089000031
:40910000041E2E40FF0F000058122E40209000000849087806280BD148780749002803D1486B400840004863C86A01221043C86270470000E711002040F02E40014800783C
:4091400070470000E711002000B50300FFF7B2F8080D050D0B070507090D012000BD032000BD042000BD022000BDFF2000BD0000074A9168D26889B2064B92B2994204D10F
:4091800005498A4201D1012100E000210170704780002E4033D000003FE3000010B50446FEF792FB072C01D9FF2C01D102480470FEF782FB10BD0000E711002001494870B3
:4091C00070470000E411002010B5064A012805D01921C9021046FEF779FA10BD1D21C902F8E7000090002E4010B50A4A141D012808D009491046FEF769FA08492046FEF723
:4092000065FA10BD04491046891CFEF75FFA0349491DF3E788002E4031D000003AE3000070B50C460546FEF773FBC0B202280E49287804D0FF2810D04C280CD810E0FF28CA
:4092400009D10A4AD0680004800F032801D0087807E09069000A553803E00878207070BD4F382070087070BDE611002000002E40F0B50122002834D0002932D00424420612
:4092800000D00524792342065B06D21800D0641C034600221EE00C2516466E43124D00277519AF72104F002ABB51696007D0661EB24209D10D4E86197606760E05E05E0690
:4092C000760E8027BE1B00E080269B198919521C2E81D2B2A242DED303480549006B002288611046F0BD0000FC18002079020000F011002018B50020694608700A480069A7
:4093000000280ED0132149014018047E684604704F21C900054800F059F8A04201D0012018BD002018BD0000F011002080160020074900200C2242435218927A012A05D0D8
:40934000401CC0B20628F5D30020704701207047FC180020F8B50E000446154609D0194F19497868A04202D94018A04201D38D4201D90120F8BD31462046FEF74FFD0028D3
:409380001ED02A4631462046FEF757FDE8B200210C224A43D21913895568EE18A6420BD90126641B1B1B9672834209DA1469C01A044AC0B220329676491CC9B20629E7D3D3
:4093C0000020F8BDFC18002079020000034610B50020024604E09C5C2018521CC0B292B28A42F8D310BD000070B500F05FF8084C064A216907480D46FEF71FFD05492846CE
:40940000FFF736FFFFF776FF207070BD79020000F011002080160020002070470020054A002902D0012902D002E0906000E0D06000207047F011002070B5084C154608464E
:409440000549E26889182A46FEF7F7FCE0684019E06028B270BD000080160020F01100203EB50A226946FFF7E7FF044606480A2200686946FEF7D2FC002802D00020C04337
:409480003EBD20463EBD0000F4110020002802D0044A914201D2FF20704703494A6108610020704779020000F0110020024800218160C16070470000F011002070B5074CD7
:4094C00015460548A26880182A46FFF743FFA0684019A06028B270BD80160020F011002010B503490A220968FFF7E8FF10BD0000F411002010B50F4A002313600E4A13603F
:409500000E4B18600E4801600E49012008600E490860000290600E490C4808600D4914300860FF381538506000F0BCF800F0CAF9002010BD241200200C1200203812002087
:409540003C1200202812002018120020441A00201C12002030120020014610B50020002910D0094B1A689C685118A14209D25868196080188A0704D08A07920F891A091D44
:40958000196010BD002010BD0C120020F8B50024164E671E321F3D463168136806E01422624310328A58521C1BD0641C9C42F6D36A1C14D02C461422544322460C3288500C
:4095C0000C214843FFF7C8FF3168002808510AD031680020103408517068401C70602846F8BD2546E4E73846F8BD00001C120020F3B50026F64381B000281BDB1E490968A0
:40960000884217D80299002914D01B4F142204463F1D54432546396810354859401C09D0FEF752F938682F1F4159C359994203DBFEF742F93046FEBD2146083100914658F8
:4096400001590C20704308180C220299FEF7F5FB0948761C001D0068C159B14200D100260549009A091D865008684159491C4151FEF722F90020FEBD18120020002803DB57
:4096800007490968884202D90020C043704704491422091D09685043103008587047000018120020F0B500200D4A451E0346171F50600FE014260146714314680E1DA351AF
:4096C0000C461668083433511668083435511468401C635039688842ECD30020F0BD00001C120020F3B50026F64381B0002841DB2349096888423DD8029900293AD0204F55
:40970000142204463F1D54432546396810354859401C2FD0FEF7D8F83868415900292BD0211D009146580C21005971430F46C1190C220298FEF781FB11480021001D006838
:40974000761C00590C34C0190160416081600C48001D00680159B14200D100260849009A091D865008684159491E4151FEF7A4F80020FEBD3046FEBDFEF79EF8FAE70000F2
:4097800018120020FEB504460D4600201E49089E0860471E009001900290002C11D0486885420ED2002A0CD0002E0AD0642E08D808460C3001681C2068430C18207A0028BE
:4097C00001D03846FEBD0120226020721846FFF7DDFE6060401C13D06681A6810A4827610C3067610179A94200D205710021684601810A462846029B00F040F82846FEBD66
:4098000000202072DDE700002412002038B50124009400F039F838BDFEB50027164EFF433D4600240EE01C20316860430818017A002906D04068FFF721FF002801D0254657
:4098400003E0641C3079A042EDDA681C12D01C2130684D434419FEF737F869466068FFF741FF0546FEF728F8002DD9D1216868468847D5E7FEBD00003012002038B5002413
:40988000009400F001F838BD1FB500220C49541E0A60002811DB496888420ED808491C220C31096850430818406801A9FFF7A0FE401C02D0002004B010BD2046FBE70000AD
:4098C00024120020F0B50021114A4D1E174611710C3F0B46BD6016E008461C2460431668041D355114680646235014680836A3551468361DA353044616680A34335318301C
:409900001468491C255078688142E5D30020F0BD3012002038B500210091002811DB0F49097888420DDA0D4D04010C3529680859002807D0201D0818694600F06FF90028ED
:4099400001D0002038BDFDF7BFFF28680F34015D491E0155FDF7B0FF009838BD40120020F7B582B0002502986E1E06602E48D21C024017462D4A2C4610460C3801781068B9
:4099800005E02301C358002B0FD0641CE4B28C42F7D3711C28D03401211D40180191039900F02AF900281FD101E02646F1E71F48016820460C300F521C480399026820465A
:4099C0000E30115419480399026820460F3011540398784300F0A0F8144900280968085102D00024009011E001251AE00F48016801980818009900F02CF9002801D0012549
:409A000002E00098C0190090641CE4B203988442ECD3002D05D10298066004480179491C0171284605B0F0BDFCFF00004C120020F8B50D4600216A468C461180002839DBB4
:409A400023490978884235DA214B04010C3319680A59002A2ED020460C300B5A801C0E5C184670438018954224D3854222D2002006E007465F43BF18AF4206D0401CC0B2C4
:409A8000B042F6D36046002814D0114E271DC8190C366A46294600F006F900280AD168460088012808D030682946C01900F0D1F8002803D00120F8BD0020F8BDFDF704FFF5
:409AC00030680F34015D491C0155FDF7F5FEF3E740120020F8B50F46002400F031F8002817D10C4900220B460C334A600EE021011D680E466A501D680C36AA53B61C1D6881
:409B00000F31AA551D68641C6A54E4B2BC42EED31A71F8BD4012002000280BD0C01C074A81085068890053884118994203D89368516018187047002070470000401200205C
:409B4000F8B5064600200F4D009029700C0121466846FEF74DFC00280CD129460C3100980860301B001F84B221466846FEF740FC002801D0FF20F8BD6C800098A8600020D7
:409B8000F8BD000040120020F8B5002827DB19490978884223DA174C05010C342168485900281CD028460C30085A009028460E300E5C401C0E5420682F1DC01900F064F8AD
:409BC00000280CD12068002445590EE0094829460C300068C01900F03CF8002801D00120F8BD00982D18641CE4B2B442EED30020F8BD00004012002030B50D4604000BD0F0
:409C0000A800FFF789FF6060002805D000202570C0436080002030BD012030BD70B50D46040005D0002D03D00220205E002801DA012070BDFDF748FE0221615E60688900DF
:409C4000405828606088401E6080FDF735FE002070BD70B50D46040007D0002D05D002212078615E401E814201DB012070BDFDF72BFE6088401C00B26080616880000D5077
:409C8000FDF71AFE002070BD10B5040009D0227800216068FEF7DAF80020C0436080002010BD012010BDF0B500231D46002802D00224045F0AE00120F0BD46689F00F6597F
:409CC0008E4201D1012503E05B1CDBB29C42F4DA15700020F0BD00000148007870470000541200207CB505460024FEF715F9A8796946087000A8062229460130FEF79DF8D4
:409D00000021684604F0C6FC0C2806D0072806D01F2806D0122806D006E0022404E0042402E0272400E0012420467CBD01480121417270477C1B002010B500F05FF9FFF7EA
:409D4000FDF9FFF701FA10BD70B504460025FEF7E3F8002C06D0A079012803D8214602F063FC00E00125284670BD01460120002902D05020088000207047000001460120B9
:409D8000002905D0034854220078504308800020704700005612002010B502460D49FE204870032410460DF043FB002810D10DF0E7FA00280CD105F04FFA002808D100F0E6
:409DC00013FB002804D104F00BFF002800D10024204610BD5412002070B50025044600280ED0A07901280BD8FEF796F8A0790028204602D002F0A6FF03E002F07BFF00E003
:409E00000125284670BD0000014610B50120002904D006220248FEF710F8002010BD00006012002001460120002903D0087802490870002070470000561200200148007A80
:409E4000704700007C1B002038B504460120002C20D0617801291DD800290BD0FF25E535FEF75AF80C4828180088C0B22070072803D00EE0FF25CD35F2E70020694608702B
:409E80006846FFF775F969460878012801D108202070002038BD000000102E40014A0021926810475412002008B500226B461A7026280CD0094A342852680BD0352805D11D
:409EC000900703D50021352005F0A2FA08BD19462620F9E7D007F9D03420F5E75412002001490872704700007C1B0020F8B504460120002C26D06178012902D92278092A35
:409F000020D8002905D0FF25E5352078092803D004E0FF25CD35F8E708202070FDF7FCFF2078114F114E08280DD00020FFF75CF970780128207810D00D4969180880FE20EC
:409F400070700020F8BD0120FFF74EF90720B8810549203188800120F2E7B8810248217820308180EBE70000C0112E405412002000102E4070B50E46050001D0002400E0F8
:409F80000C4C002C11D0E28A500609D5D107C90F022002F06BFFE08A40218843E08204E0D107C90F012002F061FF3146284602F049FC70BDDC1A0020F8B5054600200446AE
:409FC0000D4E009013E022466946284600F0C2FF0098002801D00DF00DFAA878214602F08BFAA878214602F079FA641CE4B2308AA042E8D8F8BD0000A81B002038B51E4C6D
:40A00000FFF79CF8042813D0052811D0062812D003282AD007280AD100206946087002460120FEF7ADFFFFF789F80128FBD138BD00F077FB38BD02F0B5FA00F072FB02F041
:40A0400015FB8007800F0228F4D10C4841880029F0D05B21095D0029ECD101210170A07D0140022002F002FF38BD02F09FFA0120FFF794F838BD0000DC1A00207A1200201D
:40A08000F8B50646002402F05FFF0546304602F075FF03460A480021068A0DE001228A401046174628401F40002803D0002F01D1224394B2491CC9B28E42EFD82046F8BD33
:40A0C000A81B00201CB50020694648706846FFF7BBFE01AA69460A20FEF752FF6946042008561CBD70B50D4601F01AFB04000BD02079002808D0FDF70FFFE178A0782A461B
:40A1000002F026FC002070BD022070BD0148007870470000B41A00204030C07E002800D00120704700B500F001F800BD902148430749084A40186030417F491CC9B2417712
:40A14000D289914201D300214177C8B270470000BC1A0020A81B002013B501F0E1FA04000BD001F07EFE002807D0214601AA0A310620FEF705FF00201CBD02201CBD0000BB
:40A1800010B50C4601F0CCFA00280AD001F069FE002806D0224604490A20FEF7F1FE002010BD022010BD00009D1A0020F3B581B0074601460026029802F0BEFE0446002FAF
:40A1C00001D0002500E0154D002D21D0284601F0DDFA032C04D13946029802F009FF06463846029902F07AF9032C06D0002C10D00121384601F0D0FB03E03146384603F0BA
:40A20000FDF8284602F05EF80221284602F074F8FEBD3846029902F061F9FEBDDC1A002010B5044600F066FA002804D103F0B0FD002801D00C2010BD2078611C02F08AFC18
:40A24000FF2801D01F2010BD02F0D0FCFF280AD02178621C02F0D0F8044821780068026B601C904710BD072010BD0000A012002010B503F08DFD002801D00C2010BD02F084
:40A280004BFC03480068C06A8047002010BD0000A012002070B50D46044610210CF0EAFF1021601806460CF0E5FF334610221946204603F09BFD102130460CF0DBFF0220AD
:40A2C0002870204604F0C2FB70BD0000F8B504464078217802028006870FE0781143A67809050002090D0643084601F019FA00210546F2B2002812D0002C10D0022F0ED05A
:40A30000032F0CD0002A0AD00279092A07D0002A05D0134A5A23527E1B5C9A4207D82889002104F0C8FA20460DF064F8FF21002914D10C48224600682946436930469847A2
:40A34000C0B2FF280AD128464030817EF2B2491C8176FF232146284600F0E3F8F8BD0000741A0020BC1200200020704710B5044603F00EFD002801D00C2010BD2078611C8E
:40A3800002F0E8FBFF2808D002F020FB044821780068426B601C904710BD1F2010BD0000A012002010B500F06BF904F019FC002010BD10B5044600786178E2780843A17897
:40A3C00011430843217908436179084305D003F0D1FC002803D00C2010BD122010BD204602F0B0FC002010BD10B5FDF791FA02F0CDFD044803F038FD02F0F2FA012000F0D8
:40A4000003F810BD841A0020F1B586B003A8009005A8019028489F22817A114081726846FDF794FD002845D169460989C90705D0224806990068C268684690476946098919
:40A44000890706D5002835D11D480068816A0698884700282ED11B4E0025757075737571F575357675767575B570F570B5713746F5730120D03738731F20F880FF21304617
:40A480007972A0300176457600F0BCFA00242046069901F091FC002803D1641C2406240EF5D0FD720749BD72B573C0310D704D704D600D7207B0F0BD741A0020BC12002058
:40A4C000A0120020BC1A002070B505460E46084602F03AFD0446304602F050FD0121A9400A46224001400A4301D0012070BD002070BD10B50446084602F040FD0121A14014
:40A50000014201D0012010BD002010BD10B5FEF715FE032804D102F049F80120FEF73EFE10BDFEB51C4616460F46054601F0CAFEA878FFF7F7FD02460190334639460094D4
:40A54000284600F00DF8002808D1A8780199FFF711FDFF2C02D138460CF04CFFFEBD0000FFB585B005460E980C46FF2810D02B49C00009680A5840180179C0795278814269
:40A5800001D9012601E09006860F6846038108E06078A1788006860FE0780002014368460181284601F068FC070007D021462846079A00F063FC384609B0F0BD304600F0EA
:40A5C00011FD04AE0346039002AA29460096204600F09DFB3C20405D002818D0284601F04BFC012813D0684600890096C0B20190A878231DFF22079902F0D8F8684600897B
:40A60000039BC2B2A878079902F018FCD3E7684600890021C0B20091E9E70000B8120020F8B5002600253046FFF72AFD07001DD090201149704340186030447F12E0601C1E
:40A64000FDF7D0FACCB23846E040C007C00F07D02146304601F03AFF21463046FFF7A6FD6D1CEDB20548018AA942E8D8761C3606360ED7D0F8BD0000BC1A0020A81B002024
:40A6800010B502F0ADF90020FFF7BEFE0CF048FF002010BDF8B5002400F0B2F80123012800D10124104F00203E4620360425082203E0002801D0002100E0314609790029E2
:40A6C00007D001290BD002290BD0114681402143CCB2401C0006000EEBD07C70F8BD1C43F7E72C43F5E70000BC1A002010B5FFF7D1FF10BD10B5044604F0C4FB002802D11F
:40A70000601C00F001F810BD1CB500240094062269460194FDF782FB002800D1122420461CBD10B5FCF791FD0446FEF707FD012809D0FEF703FD022805D0FAF7C5FE20467A
:40A74000FCF787FDEEE72046FCF783FD10BD10B50B4681791943817103D08078114602F03BFB10BD10B582798A43827102D1807802F046FB10BD000030B50C4C0220A28A9C
:40A780000B4B9978002901D0022906D11D785B78EB18282B01D9032002E0032900D101205105490DC0020143A18230BDC0112E407012002000B500F029F8002807D00128EA
:40A7C00005D0032801D0042801D0002000BD012000BD014600B50020C90701D000F010F800BD014600B50020C90701D000F008F800BD0000014800687047000068120020F2
:40A8000001480088000A704720102E400448008B410501D5042070474007800F7047000000102E4001484068704700006812002038B50446000610D5FFF7E8FF01280CD1C8
:40A84000684601F0B9FE6846007800F01BFB012001F0A0FD0220FFF749FF600708D507480179012904D1002101712620FFF71CFB0348006801692046884738BD7412002068
:40A88000A012002010B501460A4A007800241070FFF7B6FF0128084603D002F0BFF9204610BD00F0E7F80400F9D1034801210170F5E70000701200207C1B002070B5044659
:40A8C000FFF79EFF002801D00C2070BDA27B01211F48002A827801D00A4301E05208520082706279012A14D0C17849084900C170184D2868016820468847207901280CD0ED
:40A900006188208802F0F6FF2080207904280FD015E0C2780A43C270EAE72868C168E01D8847E01D02F0FAF90B48808C208006E02868C168E01D8847E01D02F0EFF90749E4
:40A9400020798870204602F077F9002070BD0000BC1A0020A0120020741A00207012002008B50178FFF74CFF814201D10C2008BD002914D0072069460870FFF71BFF012888
:40A9800007D10121684600F0D5F8012801D0092008BDFFF7F1FE02F083F9012011E0FFF709FF012806D1684601F006FE6846007800F09CFA02F06AF9FFF722FF0028FBD138
:40A9C0000220FFF793FE002008BD000010B501460A4A007800245070FFF712FF0128084603D002F0D9F9204610BD00F05DF80400F9D1034801214170F5E700007012002016
:40AA00007C1B002038B568460CF08AFC002801D01F2038BD01210098C90201804180002505714571857107214173857302F004F9009C202200212046FDF708FA25702A46E4
:40AA40000021601CFDF702FA204602F0E7F8204602F0A2F900980CF0CDFC062200210448FDF7F4F902480C388560002038BD000074120020F8B504460025684600950CF0C3
:40AA80004FFC002801D007250AE0064E009830602278611C401CFDF7D0F93168207808702846F8BD68120020F8B504460025684600950CF035FC002801D007250AE0064E3B
:40AAC000009870602278611C401CFDF7B6F97168207808702846F8BD681200200346084800B5834209D8184600F01AFE002804D00089984201D1012000BD002000BD0000EC
:40AB0000FF0E0000074A9179491C8906890E917138220A4092014907090E11430843024908407047BC1A0020FF0E0000C006C00E70470000F8B507460E4600240D4803E0A1
:40AB4000002C01D0002500E005462979002905D0641C2406240EF3D00020F8BD0021204601F02AF92E712046FFF7CCFF28813C700120F8BDDC1A002010B503F06BF9022292
:40AB8000002100F003F801F0D7FE10BD10B5094B40074907000F090F185A595A40185043C0086421FDF71EF8002800D1012080B210BD0000CCA30100F7B53D20405C88B052
:40ABC00015460C46002802D02878042802D200200BB0F0BD6946087200262046FFF79CFA012800D00126204603A938300191009023460327A17E34333246206A03F04EF934
:40AC000002A8089900900B46019120463A4603A9243003F0CBF802466846007A2870204601F0B6F81046D3E7FFB587B00C4605461078694608723D20005D1746002826D02F
:40AC400000262046FFF768FA012800D00126204603A93830019100902346A17E34333246206A03F01BF902A80090291D019120462B1D03A924300A9A03F098F802006846A5
:40AC8000007A388002D1204601F082F810460BB0F0BDF0B505463C20405C89B016460C4600280CD0307869460873002806D000272046FFF731FA012803D003E01F2009B0D8
:40ACC000F0BD012703200890204604A93830019100902346E17E34333A46E06903F0DEF86846007B03A928180290009120462B46019504A92430089A03F08CF802466846B1
:40AD0000007B3070204601F04DF81046D7E7FFB505463C20405C89B016460C46002810D0084601F0A9F801280BD0308869468883002809D000272046FFF7EEF9012805D0A3
:40AD400005E000200DB0F0BD0220FBE70127204603A93830019100902346E17E34333A46E06903F09BF8291D2B1D07A8129A6D4607C5204603A924300C9A03F04BF802462C
:40AD80006846808B3080204601F00CF81046D9E770B50D460446FFF7BFF901280AD0E87AA97A00020143A07801F0C2FC012808D0002070BD00222421204602F0EDFC24207A
:40ADC00070BD28214C200155204600F0B1FB282070BD0000002801D0002000E003484030C07F012800D0002070470000DC1A00200146002049070ED50021084B03E00029B1
:40AE000001D0002200E01A461279022A04D0491C0906090EF3D0704701207047DC1A00200146002049070ED50021084B03E0002901D0002200E01A461279022A04D0491C24
:40AE40000906090EF3D0704701207047DC1A002010B5044680346068002803D00CF0DEFA0020606010BD4030417070474030817070474030017070470171704792001018D2
:40AE8000C166704770B53C2501F09CF9040004D020460021433001F0FFFBFF222946204600F0E8FB002C02D0A07801F00DF970BD10B5002801D0002000E00348002802D0E5
:40AEC000008903F03FFD10BDDC1A002010B5002801D0002000E00448002804D00179072901D100F047F810BDDC1A002010B501F069F9002802D0807801F0E6F810BD00205D
:40AF00007047000070B50546008A00281ED01049F122897A1140C90618D5294640314A8A098A521C4A4392B2D10800D10121540801E0621A94B2A042FBD9FEF7CDFE0128DE
:40AF400004D1298AA878224601F0B8FC70BD0000741A002010B50023054C0B60248A944204D992001018C26E0A60C36610BD0000A81B002038B5044600200090A0790028E7
:40AF800014D14020015D052901D00E290ED168460CF0D6F9002809D12046009902F0DAFB03481021C28A2046FFF7D1FB38BD0000741A002010B50B4604460146184602F00E
:40AFC0004BF8002802D020460CF01EFA10BD13B5044601AA11460620FDF7D2FF6846818861811CBD002800D10220704770470000F8B504462346401D543300909A1EA0782F
:40B00000911E01F0F5FA25464035A88A298A8000FCF7E8FD401E81B2688A884203D96982A07801F05DFF698A8C20015120460021433001F031FB27480088E88102F00AFF88
:40B04000E989891C8AB26179FFF7A0FD01F074FC02F000FF2A8A6179FFF798FD074601F05FFC688A002806D01B49088A032212021043088202E0002001F026FF16488038E2
:40B0800001886E8A002E0CD0304648431349FCF793FE0004000C01D0401C80B21049488002E00F4800214180288A704381B2A07801F080FEFF2228374932B9B21346204635
:40B0C00002F01CFCE98AA07801F0F4FDA07801F025FAF8BD80102E40E0112E40710200007A1200207FB504468034616805460E46183108226846FCF7A0FE31462031082242
:40B1000002A8FCF79AFE102168460CF0B3F86068102108300CF0AEF860682B46083024331022694602F062FE7FBD10B504460821FFF718FB10212046FFF714FB20790528A7
:40B140001FD006281DD008281AD12189002003F071FB072020712046FEF7DEFF014620464030012913D00E21017000210176204600F0BCFF2046FFF76BFE2046FFF7C2FE3D
:40B1800010BD20890122002103F038FBE1E70521EAE70000FFB581B01F4604460821FFF7E1FA10212046FFF7DDFA2079082803D0092804D0042203E00422012501E00922FC
:40B1C0000025204600F044FE264600204036307022712046FFF73CFE0398002D02D0012808D00BE001280AD120890022029903F005FB04E02189029803F01CFB012700206A
:40B200003076012F04D0204600F070FF05B0F0BD02983073204602F0EBFA054605480121C28A2046FFF793FA002DEFD109202071ECE70000741A002070B50C460546FEF7F5
:40B240006BFF012809D108212846FFF78BFA0023012221462846FFF79DFF70BD10B5044600F0F6FD2046FFF7F3FD00214034217010BD70B505461A24FEF74EFF012809D151
:40B2800008212846FFF76EFA0023012221462846FFF780FF70BD0000F8B50446002000900E4668460CF04CF8002801D00D20F8BD8420005908212030009D00F02CFA204689
:40B2C0000421383000F027FA002E02D1204600F0FBFD2946204602F0CCF90E480821C28A2046FFF734FA204600F071FF25464035002808D0204600F023F8002801D0092047
:40B3000028700020F8BD08202870204600F0DAFFF7E70000741A0020014610B540310A460978082906D0092907D00A2901D100F091F810BD0B20107010BD00F001F810BD4E
:40B3400070B50446007925464035052805D0062803D008280FD00C2070BD03220621204602F01AFA0D480821C28A2046FFF7EFF91120287010E006202873204602F038FAD0
:40B380000646AA8A0A20424301212046FFF7DFF9002E01D109202071002070BD741A002038B504460020009068460BF0C9FF002801D00D2038BD2046009D00F0C3F9082009
:40B3C0002071204600F080FD2946204602F084F900213D2001550F2040210855204600F071FF002038BD00B5024600F031FD10214032117000BD10B50446FEF78DFE012855
:40B4000009D04020005D112805D100231A4606212046FFF7BFFE10BD10B5FFF786FE10BD38B504460021684600910BF089FF00280CD12046009902F0D0F905480821C28A30
:40B440002046FFF784F90D204034207038BD0000741A002038B504460021684600910BF06FFF002801D00D2038BD2046009902F0A9F905480821C28A2046FFF768F90C20C6
:40B4800040342070002038BD741A002000787047F8B5002569460D70002801D0002400E01F4C002C18D0204600F0DBFC002813D0207903280BD005280CD026464036B18A1F
:40B4C000A07801F081FCB078012806D01DE0042020711DE006202071F8BD0021204601F0D8FD274680373868002802D00BF096FF3D600020B0702079072802D12046FFF715
:40B5000001FD0221204600F0F7FE20790428E3D1207A694608703420FEF7C6FCF8BD0000DC1A002010B54C22115400F052F810BD10B50446FF21FFF715F909202071A078EB
:40B5400001F068FC10BD000038B5FF216A461180002801D0002400E00B4C002C12D011460620FDF70DFD684601882046FFF72FFD204600F087FC002804D104480068C1690B
:40B580002046884738BD0000DC1A0020BC12002010B504468079002809D022214C200155FF212046FFF7DEF8204600F012F810BD10B5037902464032002B03D01173092B1F
:40B5C00002D003E0002100E02221117300F001F810BDFEB504460089002700902781207926464036002817D0012815D002280AD112E002AA01A9204601F01CFD002807D1DE
:40B6000001980BF001FF204601F03CFD0028F0D02046FEF7D1FCB776254680352868002802D00BF0FBFE2F606868002802D00BF0F5FE6F60317B002919D0009800F064F853
:40B64000A078002100F086FF2046FFF795FAA07801F058F8A07800F037FDFF212046FFF781F80B20FFF742F800F068FCFEBD1F213173E2E7F8B517460E46054602F0E6FB14
:40B6800004003CD020460C3000F0F6FF2046062200211830FCF7DAFB2046062200211230FCF7D4FB1648224600683946436A28469847074626702846FEF72EFD01214840BF
:40B6C0006070002D10D02889608028464030C1782171002E0FD169796171018AE180418A2181808A608106E00648008BC005C00F2071002060803946204603F01EF8F8BDA6
:40B70000A012002000102E400A4610B50146002003F030F910BD10B50BF088FB10BD000000B50146FFF702FA002801D0002000E00348002802D002898A4200D0002000BD14
:40B74000DC1A002038B5044680346068002806D168460BF005FE002801D100986060606838BD000010B5014600F086FB0128887802D0FEF7DBFC10BD902148430249401856
:40B780006030007F10BD0000BC1A002070B5054604464035A87F012811D1A1789020084A484380186030067F3046FEF78DFE002805D10220A877A078314601F04DF870BDDC
:40B7C000BC1A002010B50C4CA07A002813D0FEF727FF0A48027F417F408B00F0B7FB012809D10020A07200F0FDFE05498989090B01D000F03BFA10BD8C1B0020BC1A0020E2
:40B80000A0102E4070477047490510B5490F0B00FCF750FD060704080C0C0F073E21FFF781FE10BD0821FFF7C3FE10BDFFF7D1FE10BDFFF7ADFE10BDF8B507460025002DE5
:40B8400001D0002600E0204E00F09AFE3046403044890021418100F09DFE304600F001FB01282BD1A00702D52846FFF711FEE00602D52846FFF768FEA00601D5FEF7D0FE9C
:40B88000600601D500F014FB200602D5284600F01DF8600702D5284600F02CFA380402D52846FFF713FB780402D52846FFF700FBE00703D021463046FFF7A6FF6D1C2D06F6
:40B8C0002D0EBCD0F8BD0000DC1A0020F8B5002801D0002400E0284C002C4BD025464035A878012846D1FF278820493700593E46002805D02149897A890601D5878AC68AB6
:40B900002046FEF709FC012834D002F0A3FA2A8A6179FFF73BF9009001F002F800983346283081B23A46204601F0E8FFE98AA07801F0C0F912480188688A124E002810D0EC
:40B9400048431149FCF738FA0004000C01D0401C80B27080A07DC107C90F002001F086FA01E000207080288A698A484381B2A07801F020FAF8BD0000DC1A0020741A002020
:40B9800060112E407A120020710200000149096809680847BC12002070B50D460026194A0146002801D0002401E014462034002C26D0204600F060FA01280AD1902048431B
:40B9C00080186030007FFEF77FFD002801D101F08FFE0D48006881692046884700280CD020464030817EA94202D3491B817600E086762089294602F05EFF204600F062FCF0
:40BA000070BD0000BC1A0020BC12002070B503460088FFF785FE040013D000F022FA00280FD02079092819D02546997840352973204601F0DDFE0646A878012803D0AA8A7E
:40BA400002E0022070BDEA880A20424301212046FEF77DFE002E01D109202071002070BD0EB5002217216B460292198100905A810120029B00990BF071FD0EBDF8B5184876
:40BA80000024807A002822D1164E0025B089000B22E0204600F010FE1249A039401807882A462146384600F051FA012810D00E480122478305770A4944778A72002D01D09F
:40BAC000002000E02030002801D000F0FBFBF8BDB089000B641CE4B20028DAD1F8BD00008C1B0020A0102E40BC1A002010B50088FFF716FE002809D0014640310C460978C2
:40BB0000082905D00B2903D00C2010BD022010BDFFF716FC002801D009202070002010BD70B503460088FFF7FBFD040008D0254640352878082805D00B2803D00C2070BDC5
:40BB4000022070BD8420005910220830991CFCF774F92046FFF7C6FA2878082804D02046FFF778FC002801D00A202870204600F0A9FB002070BD000010B50C46002121709F
:40BB80000088FFF7CDFD03000BD000F06AF9002807D00948F121807A0840C00603D4112010BD022010BD022020701A8A1889002102F0FCFE002010BD741A0020F8B50F463D
:40BBC000002100910088FFF7ABFD040012D000F048F900280ED0E079410641D4617E02264A07002A08DB8907402500291ADA2843E07135E00220F8BD02F028F900210170D7
:40BC000021894180A1898180217E4170E189C1803E7005460178134802F0A2FB284602F069FE1DE0204600F02DF9012806D068460BF086FB002803D00720F8BD2A20F8BDD8
:40BC4000E07900992843E071204601F0FBFD607E0421304360760448C28A2046FEF777FD0020F8BD1D040000741A00203EB500220F236C460292238100910190628169468B
:40BC80000EC900200BF06AFC3EBD0000F8B50F46054600F097FA040025D003202071254600264035EE76E6702046FFF7A1F900F0EDFF0920FEF71AFDA07800F011FD0121B7
:40BCC000204600F019FB2E706E70AE703A4600212046FFF7CFFC0649887B401C8873A078FFF754FEF8BD284601F094F8F8BD0000BC1A002010B5002801D0002000E0094815
:40BD000000280DD0014640310A464978022901D100215170807DC107C90F002001F0A6F810BD0000DC1A002070B503460D460088FFF7F6FC04000BD000F093F8002807D09D
:40BD40001248F121807A0840C00603D4112070BD022070BD20464030418A008A491C41430804C10C5888884201D2122070BD20822079072802D12046FFF7C4F802202870F3
:40BD80002089002102F03AFE002070BD741A0020016A491C016204D1817E491C4906490E81767047C169491CC16104D1C17E491C4906490EC1767047F0B5074687B003A842
:40BDC000009005A800260D460190002F01D0002400E01B4C002C05D06846FCF7B7F8002803D00BE0022007B0F0BD68460089C00704D1902200212046FCF728F811482946ED
:40BE00000068826820469047050016D1A77066762746267140373E70204600F019F8204601F02CF9084820820848BE77807AF121084000D001202075E682E8B2D3E700007B
:40BE4000DC1A0020BC120020B80B0000741A0020002101628176C161C17620300177417770470079002805D0012803D0022801D001207047002070474030807F002800D0BF
:40BE80000120704740300078002807D0012805D0052803D00E2801D0012070470020704710B5807801F06AF8002800D0012010BD10B500F097FB03498989090B01D0FFF799
:40BEC000D5FE10BDA0102E4070B5054604464035A87F002825D1FF206075A0789021154A484380186030417F9023491CC9B24177A0785843104B8018DB896030994201D3ED
:40BF000000214177A0789021484380186030467F0677A1783046FEF7D7FA002802D00120A87770BD0220A877A078314600F094FC70BD0000BC1A0020A81B00200020401CDC
:40BF40000006000EFBD0002070470000F0B515468207920F85B0000A02926A469080002D01D0002400E0564C002C28D0084600F0A3FB07466846808800280BD002980128E1
:40BF800043D0022841D003280BD03D20005D012879D08FE04B48381801882046FFF717F888E00020029002A80BF0AAF9002807D03D20005D012802D12046FFF7E9FE7CE005
:40BFC0006846029E8388324600213846FCF7EAFE3C48381801882046FEF7F9FF284600F0A9FA01AA21463046FEF7E6FD002806D030460BF0F5F93D204C21085531E0F577E4
:40C000003146204601F0A2F957E0002000902089039068460BF064F9002802D0002005B0F0BD6846009E8388321D00213846FCF7B9FE2448381801882046FEF7C8FF28462E
:40C0400000F078FA2046FFF70CFF002805D025464035287E002810D107E030460BF0B6F92BE02046FFF764FA27E001AA21463046029BFEF7D9FD002806D030460BF0A6F99A
:40C080003D202873EDE712E00298FEF7AFFF0399317003990001090A0143717068468088B070000AF0703046FFF7DAFC05E02046FFF76EFE284600F03DFA0120AFE70000F8
:40C0C000DC1A002000102E4010B5074A917B002901D0491E91730021FFF76EFE002801D0002010BD012010BDBC1A0020F8B5074606464037B87F00282DD0B0789021009056
:40C100004843234945186035287F0099FEF7F1F901281ED0287F401CC4B21E48C089A04200D800240020B877FF276F772F77A87702460146009800F0FBFC717DFF2903D0C3
:40C14000304600F05CFF777501F0D2FA0025114F19E00320B877F8BD00200090224669463046FEF7F7FE0099002904D0FF231A463046FEF7D6F9641CF889E4B2A04200D806
:40C1800000246D1CEDB2F889A842E5D8F8BD0000BC1A0020A81B002010B502460021084B03E0002901D0002000E018460479944204D0491C0906090EF3D0002010BD00005F
:40C1C000DC1A002000B50120FFF7E6FF00BD10B5044601F03BFE2189018080346168416061682831816002F03FFB10BDF7B50646087982B00C46092807D0A078F07708466B
:40C20000FFF73AFE012806D010E030460BF0FCF8022005B0F0BDA1789020294A484380186030007FFEF750F9012810D0A078FEF7D1FD01280BD037780121304601F004FA2E
:40C2400025462035062F38D00B2F0FD107E06846027C21463046FEF7ADFE0D20D9E72046FDF75AFF012801D1002028772046FFF779FA054604AA21463046FEF70AFD0120FB
:40C280005F2108556946097C002001910090A07833463A46294600F089FA69460A7CA0780323294600F0CAFDA0782946FDF762FE30460BF0A9F80020ABE70120D5E7000023
:40C2C000BC1A002010B502464032937F0021002B03D1927E002A00D00121064A927A002A00D000210279092A00D10121807800F0DDFD10BD8C1B002070B50C460546FDF747
:40C300000BFF00280BD1012C06D92879092806D02846FFF7C5FD0446002C02D004E0012402E0A87DC007FAD1A87DC107C90F204600F09CFD70BD0000012807D0082804D145
:40C3400004480282034808300180704701488038FAE70000A0102E40014908817047000000102E4010B50446FF20F130012C01D1FF20D530002200F0CBFD044A108A0449A9
:40C3800080B2A0430880108210BD000000102E407E120020034B198A034A89B2814311801982704700102E407E12002010B50446012802D0082C07D102E0FF20D53001E008
:40C3C000FF20F13000F09CFD0348018A034A89B221431180018210BD00102E407E120020034B198A034A89B2014311801982704700102E407E120020F8B505460120A840D4
:40C4000086B214460F46012231467C2000F080FD3A463146782000F07BFD6078267800020643E078A2780002024360792379000203430C2045430D208001054928184418F8
:40C440002680001D44182280001D40180380F8BD00102E40CB065B0E0343480901021943D00108430121C902084301490881704780142E404278037812021343084A13823A
:40C48000C37880781B021843908248780B78000203431383C8788978000201439183704700142E40024A1080000C90801181704700142E40044A002180180288491C89B2D6
:40C4C0001029FAD37047000000102E40024A10820148803081817047A0102E4010B5054A1082084600F038FD024A0021A03A8018018010BDA0102E4010B50B46044600F09F
:40C5000005F819462046FFF7E1FF10BD024A10820148803001817047A0102E4010B504490882FF20002220211D3000F0F1FC10BDA0102E40000202494D300880704700002C
:40C5400000102E400249888A0422904388827047C0112E4010B5084B074C0202A03B0029208202D075321A8010BD04490020088088807632F7E70000A0102E40201A2E40A9
:40C5800000B5034908884880FFF704FF00BD00007E12002000B502484088FFF721FF00BD7E12002010B5FCF7B3FD10BD014952200880704700102E4000210170704700007B
:40C5C0000748808806492039098B884201D8081A03E00022D243101A401880B27047000020112E400148008AC0B27047A0102E4070B5084C049D2082074804890548603030
:40C6000006880E8001891180808818806007400F287070BDA0102E40E0112E400148008970470000C0102E4000280FD00D4A108B0870000A4870908B8870000AC87009488B
:40C64000203000880871000A48717047064A10880870000A487090888870000AC8701089F0E7000040102E40C0112E400148008A70470000001A2E40064B1A8999891B8A41
:40C680000270120A42708170090AC1700371190A4171704760102E40012904D00549098BC90B017070470349403109898907C90FF7E7000000102E4001484089704700006F
:40C6C000A81B0020044A10820448028980894843101880B270470000A0102E40A81B00209021074B414300B5C918FF2260314A770A7700228A77114600F01AFA00BD0000AE
:40C70000BC1A002090225043074A10B58018FF21603041770177002181770448418EFF201D3000F0EDFB10BDBC1A0020741A002000B5044A1082034880308088022200F09B
:40C7400003F800BDA0102E4010B50023884201D8081A03E00024E443201A4018044980B2884201D8824200D90123184610BD0000FF7F000070B55478157824022543D47892
:40C7800088232602947834435679127936023243002900D09823044908820348A038181805808480028170BDA0102E40FFB581B014460D4607460A9E0B9BFFF783FF002E14
:40C7C0000AD0009333460021049AFCF77BFB05484019C45505B0F0BD0021049AFCF758FBF5E700008212002070B502460448054D808808242C800B460021FCF749FB70BDB4
:40C80000A81B0020A0142E4010B5212402466401044953200880102300212046FCF738FB10BD000000102E40417802780902044B0A431A83C17880780902084398837047F9
:40C8400060142E40034A1082802001430148803001817047A0102E40054A1082044A6032908B0009000108439115084390837047A0102E4030B500210F4B0A46012809D007
:40C88000032802D005280AD107E04021198102210A2204E004210C2201E004210D221882054C20342088C0B205460D42FAD022800021198230BD000080142E4010B50446BD
:40C8C00007480482074801808280032189030820FFF76CFD200202497530A039088010BDA0102E40201A2E40054A1082044A60321183000202494B30A0390880704700001F
:40C90000A0102E40054A491E1082044A60321183000202494C30A03908807047A0102E400349884200D908460249088070470000FF0F000060112E400349884200D908462D
:40C940000249888070470000FF0F000060112E408823002900D09823084908820748A038191808881070000A507088889070000AD07008891071000A50717047A0102E4048
:40C9800010B51446024606480B46C0880021FCF765FA012C02D103495420088010BD0000A81B002000102E40064A11880170090A417091888170090AC1700349542008808C
:40C9C0007047000080142E4000102E400121814010B589B200227C2000F09AFA10BD0000FEB5FF210120FFF7BDFCFF210820FFF7B9FC3020FFF7CEFC3F48802101803F4838
:40CA00003F4D00784007400F02286FD001286BD100202880002211460320FCF7B1FA394E3949B08D8882384F002420373248A0300482308F38822046FFF764FE641C240689
:40CA4000240EF3D0B08F38832E48103000F052F9716930690191009069464879C021084369464871684600F06DF900F055F82548214C40304188A03421838188A1831E49DD
:40CA8000C088C0318880708E38802048002606823920FFF7A5FC184F532038801C490720088354203880E020FFF704FDE820FFF701FDF020FFF7FEFC0020FEF75DF81348EC
:40CAC0008682282101838015A0810F48403086815B203880094800784007400F022807D0012801D10B482880FEBDFFE7032090E70848C01CF7E7000000102E40A81B0020AE
:40CB0000001F2E40741A0020C0112E40001A2E4080142E40E0230000044800218183018302497420603908807047000060102E40074B1882064B6033988B0009000108431C
:40CB400099158843002A01D11021484098837047A0102E40F3B50D2284B0920100924A780B78120213430393CA788B78120213434A790979FF20120211431A4A8C46918B55
:40CB80009E460291118B01911649742260390A80154900220F7821E00121124B9140009C603BE3181D8889B21C881B88039E6E407546654064462E435C4026430CD1029BBE
:40CBC000194209D00199D140CB070499DB0F8B4202D1104606B0F0BD521CD2B29742DBD8F8E7000060102E40B41A002030B50949FF208C8B084A00210125137805E02A4695
:40CC00008A40224204D0491CC9B28B42F7D830BD084630BD60102E40B41A002010B50446E020FFF747FC20782246401CC3B20021E020FCF7D3F810BD42790021012A02D9DB
:40CC400001214171090342790A430179042914D049001143827B032A01D8D2001143427B52010A43817909021143012252031143054A1183008890837047114601229202B6
:40CC800011430222E5E7000000102E4000B50120FFF780FB01494120088000BD00102E4000B50120FFF79CFB01494020088000BD00102E40024A10820148603081817047BD
:40CCC000A0102E4010B5044C208204488180028183815143018210BDA0102E40A0132E40034B1882024820388180028070470000A0102E404178027809020A4306490A8022
:40CD0000C2788378120213438B804279007912021043088170470000C0112E404178027809020A4306490A81C2788378120213438B81427900791202104308827047000043
:40CD400060102E40417802780902084B0A431A83C178827809020A439A8341790079090208430249203108807047000040102E404178027809020A4306498A80C278837877
:40CD8000120213430B814279007912021043888170470000001F2E4010B50446E820FFF789FB20782246401CC3B20021E820FCF715F810BD024A108202488183704700005A
:40CDC000A0102E40001A2E40024A10820148603081807047A0102E4010B5044688000521FAF700FF04490C8204498880200202497230A039088010BDA0102E40001A2E4040
:40CE000003490882000202497330A03908807047A0102E4003490882000202497030A03908807047A0102E4003490882000202497130A03908807047A0102E40F8B505460B
:40CE40001C4617460E46084600F086F8054AB90021431582034AA03A80180180024880194455F8BDA0102E408712002030B50E4C238A01251A46012804D0022804D0002902
:40CE80000BD00CE02A430AE0002908D12A4322825008400020821A4601E05A0852009A4200D0228230BD0000001A2E40054A1082044A6032908B4023984389010143918351
:40CEC00070470000A0102E40044A118A0223002801D0194300E0994311827047001A2E4000B5064A1082054860300181002901D0012000E00020FFF7E7FF00BDA0102E40A4
:40CF0000024A801802880A430280704700102E4070B5084BC5182C880023080003D104E040085B1C9BB2C607FAD08C439A4022432A8070BD00102E40024A1018405C8007F6
:40CF4000800F704787120020024908820148803080897047A0102E408000FF3041307047044B02461B8AFF208B4202D902484018805C7047A81B002082120020024908828B
:40CF80000148803000897047A0102E40174902460B680020002B08D10A605207520F012A04D0022A10D0086012207047112292018A80CA80032252020A810122D2024A817B
:40CFC00040228A8105220DE0092252028A80CA80012252030A810322D2024A81012252028A810422CA810A8270470000A81B00200A4600B501461046FFF7B2FF00BD38B50A
:40D000000C4605460021684600910AF099F9002804D1009928464C7000F006FC38BD10B5044680780021FFF745FE01212046FFF763F910BD436E002B0CD00B6001466031BD
:40D040008B781370826E4266CA788A700021816608467047FF20704710B50346446E6033002C04D0846E002C04D0FF2010BD41669A7001E08166DA70002010BD00214166CA
:40D0800081667047406E002801D000207047FF20704770B50446C0790D46810610D5DF210840E07100F0D2FE0570218941804034218A8180618AC180A18A018101F010FBE9
:40D0C00070BD000010B50446FEF7D6FE01280AD1A1789020054A484380186030007FFDF7F3F9012801D000F003FB10BDBC1A0020F8B50E460446FDF70FF801282BD020794F
:40D10000042801D0072825D1F079B77900020743A0783946FFF70CFB25464035012820D03A46711C204600F090FA02212046FDF79AFEA07DC107C90F0220FFF797FE688AFD
:40D14000002807D0E87E002804D1032109020820FFF72CF9F8BD01222421204600F01CFBF8BD282028732046FEF7E2F9F8BD70B50D460646FDF70CFE002852D1202130460A
:40D18000FDF7F0FA3446687840346073E87820220002E081A9780843E0816879010228790843218A814203D0F1791143F1712082E8790102A8790843618A814203D0F17990
:40D1C0001143F1716082687A0102287A0843A18AE180814203D0F1791143F171A082A08A218A8000FAF7FEFC401E618A80B2814200D9608201213046FDF738FEE87AA97AE1
:40D20000000201430022304600F036FB608A002807D0E07E002804D1032109020820FFF7C5F870BDF8B50C4605460027FCF774FF012847D0284EB07AC00709D0284640303F
:40D2400000900078002806D0102803D01F212CE01A212AE001272846FEF774FA002823D02E4680360822611C7068FAF7E6FD7068617A20300172A17A4172706821461830B0
:40D2800008220B31FAF7D9FD21462846042213313430FAF7D2FD39462846FDF7FDFF002810D1002F0FD012E007210322284600F073FAF28A08212846FDF749FA11212846F6
:40D2C000FDF7D7FDF8BD06212846FDF7D5FD009801210176F8BD0000741A002010B5FEF71BF810BD38B504460020009020790D46032803D0042801D007281BD12046FCF7E6
:40D300000BFF012817D068460AF01AF8002811D10C486A78807A00991040F12210402075607E082210436076204600F0BDF92046FDF7E5FD38BD08222421204600F02CFAA5
:40D3400038BD0000741A002070470000F3B581B004460298FEF79AF806462046FEF781FD00282FD0162E04D32046029900F0FFF828E025464035287800270300FAF79AFF84
:40D380000E1B1B1B08081B1B1B0808080808081B0298194A01780020135C8B4201D1012702E0401C0728F7D3E87E002801D1072901D0002F0AD01049B00008310A582046EB
:40D3C0000299904702980AF00BF8FEBDA078FFF721FD002301223D212046FDF7DBFE3D2028732046FFF71BFE029809F0F9FF2046FEF7EFF8FEBD0000DCA3010070B50D4679
:40D400000021002801D0002400E00C4C002C14D020464030C177807F032802D12046FEF765FE2046FFF74EFE162D04D20449A800095820468847FEF781FD70BDDC1A00209B
:40D440003CA4010010B5014640310C4609780E2903D1FDF7A5FF0120207610BD10B54021095C0F2901D1FDF7BEFF10BD4021095C0F2902D1002120304177704738B5044659
:40D4800000220E4800920D46807AF1210840C0060ED52046FEF7F6FC012809D0684609F04FFF002803D12046009900F05FF938BD2946204600F05BF838BD0000741A0020DB
:40D4C00010B51021FDF74EF910BD10B54978FDF7B3FE10BD10B5FDF78EFF10BD012120304177704710B54021095C0C2901D1FDF797FF10BD10B54021095C0D2901D1FDF7D2
:40D500008BFF10BD70B5044600790D46052803D0062801D0082802D12046FDF79FFE68784C21085509212046FDF7A6FC2046FFF776FD2046FCF7F0FD0128A07805D0FFF76F
:40D5400069FC2046FEF7BEFE70BDFFF76DFCF8E710B50446FF21FDF705F916214C200155A078FFF757FC2046FEF7ACFE10BD70B50C460546FEF780FC002802D020786875D5
:40D5800070BD21782846FFF73AFD70BD70B5054648780C46032802D12846FDF76AFE6078122803D110212846FDF7DCF803482146006842682846904770BD0000BC12002022
:40D5C000704738B5044600200D46009004212046FDF7C8F868782076E8780002A081A9780843A08168790002E08129790843E081607E04210843607680070CD4684609F0B1
:40D600009FFE00281ED12046009900F01BF9607E022108436076E079410613D5BF210840E07100F013FC00210090017021894180A1898180217E4170E189C18001F05AF91A
:40D64000FEF77CFC38BD7047704770B50446C07815460A4600280AD00020E070C1B2A078FFF788F8A0782946FFF73EF970BD0120F3E770B50546042008700C46842041599D
:40D6800008222031601CFAF7D8FB29462046042238310930FAF7D1FB0D2229462046FEF7A5FD002070BD000070B5054609200C46087008220021601CFAF7C8FB287D60701A
:40D6C00004480922C07AA07029462046FEF78EFD002070BD741A00200B4610B501460B20187001221846FEF781FD002010BD0000FEB50024164F03E0002C01D0002500E007
:40D700003D462846FFF7BEFC00281BD15F20405D002817D16A4601A92846FFF78BFC002810D1019869460A7806782946FEF75EFD022E07D1A8780121FFF7B8FB0921284628
:40D74000FDF79AFB641C2406240ED5D0FEBD0000DC1A002010B50B46122119708178D977014601221846FEF741FD10BD10B50B46132119708178D97706490989C90603D14B
:40D78000C18A40221143C182014601221846FEF72DFD10BD20112E4038B50546002000900C46684609F0CCFD002801D0072038BD00980D210170447002222946FEF716FD8D
:40D7C000002038BD0B4610B501460520187001221846FEF70BFD002010BD0B4610B501460620187001221846FEF700FD002010BD38B5054600200090684609F0A1FD0028DF
:40D8000001D01F2038BD009C022020704C20405D6070A878E0772846FFF701FC022229462046FEF7E3FC38BD10B50B46072119708178D977014602221846FEF7D7FC002061
:40D8400010BD000010B50B460A49044608880C221A704A795A709870000AD870C8881871000A5871062221461846FEF7BFFC002010BD0000741A0020F8B50446403417464D
:40D880000E460546E289617B8078FFF729FA002F0DD100F0DFFAE2896979FDF777F9FFF74BF8608A002800D00120FFF70DFBE388A08A984200D90346628A218AA878FFF772
:40D8C00001FAE089E188C0080A30081881B21920C001814200D90146A878FFF775FAA8783146FFF70FF8A87DC107C90F0220FFF7BDFAF8BD00B500F017F800BD10B5044647
:40D900008818C018FF302D300649FAF76BF94034401C228A81B28A4200D211465000401AE08210BD7102000040184008704770B505461446100702D5A8B2FDF77DFFE0078F
:40D9400002D0280CFCF774FF70BD70B5044660C8FCF754FBFBF704F92089C01F0300FAF7A9FC0C07140C181B1E0C0C210C110D0C294630466289FFF7DAFF70BD284600F008
:40D9800055FC70BDFDF71EFF70BD2846FCF79EFC70BDFCF745FE70BDFDF734FF70BDFDF732FF70BDE8B2FEF769F870BDF3B589B00021069103910491009101910291CF49CD
:40D9C0000D8928400590680713D5CC484030048A0598400708D50694A00803D1FBF726F9012801D101200490214600220420FEF7A3FCC34E290730462030C0360890002994
:40DA00007EDABE48A0300189BE48CA0704D0428907231B029A43428142890C460A43428100220820FEF788FC0598000768D508980790002002900394E00705D06005400F10
:40DA4000022801D1FBF7BAFBAD482206203001468031403001910090002A02DA418A0198C160600637D50198C068002833D00098C17E00292FD14178022902D0807801284C
:40DA80000ED1A004400F062814D0012812D00798807DC107C90F0020FFF7E8F901200290994F387800280DD00120FFF70DFA012078700AE00798807DC107C90F0220FFF78F
:40DAC000D5F9EDE70298012805D19049088A0322120290430882E0062BD500984178022902D08178012913D10199C96800290FD0C07E00280CD1FEF763FD022808D800E05A
:40DB000020E00798807DC107C90F0220FFF7AEF90220FBF753FB3079C00704D07C480122C1681143C1607B480078002801D0012004901020844303D1FBF778F8012801D1AE
:40DB400001200490E8077CD06C48203004880598C0070DD0039920040843039020460221884303D1FBF762F8012801D101200490600712D5684F798800290ED03888401CF9
:40DB800080B23880884208D3FEF7DCFCFFF77EF800203880788001203871A0074CD50220FBF70CFB574F4037B87DC00710D0787E00280DD0387EF97D884209D2387E574905
:40DBC0008001096840181130FFF7D2F8002078763078012812D1E020FEF76CFCFCF70AFE4B4F02467860037800215B1CE020FBF7F5F8786809F0FEFB002030707078012871
:40DC000012D1E820FEF756FCFCF70CFE404F0246B860037800215B1CE820FBF7DFF8B86809F0E8FB002070703079800704D538480222C1681143C160214600220120FEF7FC
:40DC40007BFBE80605D50120FBF7A8FA1020FEF783FBA8062BD52D48E0380689808B089C8006C70FFEF7DAFC294908800120FBF795FA2B4900200870002E15D0002F13D1A0
:40DC8000214E70700120FFF71FF9E08A01060BD53178002908D1C107C90F0120FFF7E6F8E08A80218843E0822020FEF755FB680602D54020FEF750FB0720694608810698B6
:40DCC000009003980190059848810498002807D069460EC90A9800280CD0002009F01AFC0B4CE068002803D0FCF7D8F80020E0600BB0F0BD002009F031FCF1E700102E404B
:40DD0000BC1A00201C1B00207A120020E0112E408C120020B212002074120020A412002066120020F0B587B0054605A81E461746019100900C9C04AB06AA02A903A800F0D1
:40DD4000C8F82846FEF760FD21463046FEF74CFD6846017A0398FEF7A5FB05A904A8FEF789FB6846027E21463846FEF773FB07B0F0BD000070B50548C4782046FCF729FDD5
:40DD800005462046FDF734F8284370BDBC1A002070B5054884782046FCF723FD05462046FDF73EF8284370BDBC1A0020F8B5069E1F463478042C17D3231FDDB23B46009551
:40DDC000FFF7B0FF3819001FFEF72EFD0520FEF751FD0446012229460798FEF7D1FD3570E00701D00020F8BD1F20F8BD70B51C4615460E46FEF708FD29463046FEF7F4FC28
:40DE00000320FEF737FD012229462046FEF7B8FD1F2070BDF8B5069D089E2C780094FFF781FF0120FEF726FD0746002221460798FEF7A6FD3046FEF7B7FD241D2C70F807A3
:40DE400001D00020F8BD1F20F8BD000000487047BC1B002008B56A4600210B20FBF790F86846007808BD000010B50B4C094923460833A160002142189278002A00D05A54B4
:40DE8000491CC9B20429F6D3FF21A0689A314843A06010BD04030201BC1A002070B5059C049D2070060A6670060CA670000EE0704806D101400E0843207104221946601D92
:40DEC000F9F7BBFF2046042229460930F9F7B5FF70BDF8B5079C0E46E178069D09020160A77839430902016067783943090201602778394301602079611D4006400E3070D2
:40DF00002079C009107004221846F9F796FF2146042209312846F9F790FFF8BD10B5FEF77DFB094A916848400849096848408108C3084409414063405940C30F594040082C
:40DF4000C9070843906010BDBC1A00209C120020704700207047FF20704710B50446400606D5FF210020FDF791FE0220FCF7BEFBE00603D500213520FBF796FF10BD7047A1
:40DF800070477047002070477047002070470020704700207047002070470020704703460020002A05D0002B03D11B2901D3FB2901D912207047C900703111807047704763
:40DFC000FF20704770470120704770470020704700207047014AD26812691047B0120020014AD26812691047B012002010B5012200F016F810BD000010B505480278012184
:40E00000002A017002D10120FAF76EFC002010BDC012002010B5002200F002F810BD0000F8B5204D0F4629781646012904D02978022901D01120F8BD0C2148431A49441815
:40E04000E078A178884201D31220F8BDF9F73CFC62780C2361685A4351188CCF8CC1E178601C491CE1706178491CC9B20170A278914201D1002101706868401C6860287868
:40E08000012803D0F9F718FC0020F8BD02202870F9F712FC002E03D00020FAF725FCF3E70120FAE7C01200203C1D002010B51148002101704160C0220F48F9F7C7FE0E48C4
:40E0C00090220021C030F9F7C1FE182200210B48F9F7BCFE0948102181700C21817306494160C03101610649816006494161FAF7E3FB10BDC0120020EC1B00203C1D002030
:40E100004BD900009DF20000F8B50025114C01262F462078002811D001280FD0022802D0032813D111E000F017F8F9F7CDFB6068002800D12670F9F7BFFB07E0207800285D
:40E1400006D02078012803D000E02770002DE0D00020F8BDC0120020FEB51F4D1F4E0027FF2400200C2141438919C978002901D0044602E0401C0228F4D3FF2C2AD0F9F708
:40E18000A3FB0C204443A41921780C2260685143081801460EC9029301920091076047608760E078401EE0702078401CC0B22070A178884200D127706868002802D0686861
:40E1C000401E6860F9F778FBA1680029C8D068468847C5E7FEBD0000C01200203C1D002010B5830A082B02D009F0BEF910BD00F0D5F810BD10B50C460146207800F0F6FC47
:40E200000028204603D000F0FBFF002010BD00F04AFC1F2010BD10B5820A082A02D009F055FA10BD00F0B4F910BD0000F8B504464078257800020543002069460870284645
:40E24000FFF7E9FF012827D16946A0780978884222D01C498D4208D0891D8D4205D0C91C8D4202D0C91C8D4204D11221284600F077F80CE00022022805D32079E178000232
:40E2800001430A05120D12212846FFF7A9FF204609F07EF81220F8BD0B4EA80A08282A4631460AD0E01C09F05BFA204609F070F83146284600F00AF8F8BDE01C00F078F9FB
:40E2C000F3E700000D200000541D0020F8B50D4604460020694608701D4884420FD0801D84420CD0C01C844209D0C01C844206D017481830844202D0401C844201D1012065
:40E300000870A00A08280A462946204609D009F079FA064668460078002805D0012815D110E000F065F9F4E70022002D05D068782978000201430A05120D31462046FFF79E
:40E340004FFF03E03146204600F00AF83046F8BD0D2000000148007B704700008C1B0020F8B5054600200E4600906946082000F093FB002801D00720F8BD009C0F20207082
:40E38000A670FFF7E7FFE0702571280A6071042060702146FF20FFF72DFFF8BDF7B582B00646002001900420694608707149724B701A0C22F51806278E422BD008DC002DC6
:40E3C0001FD0012D1FD0052D20D00D2D08D11DE0032818D005281FD006281DD0072812D0664930460968884769460978401869460870634930460968884769460978401886
:40E4000005E0781C03E06846027007E005206946087003E00B20FAE7684607706846007801A9001D00F038FB002802D0072005B0F0BD019C31462046039A00F0CBF8042098
:40E44000694608704C481338301805D0052803D0062801D00D2806D10499A17104996846090AE1710770039800281FD14149891F701A8E4251D007DC424F002D1ED0012D7B
:40E480002FD0052D06D141E006284DD009285AD00D2860D03C4B6A461B682146304698473A4B6A461B682146304698476846007860702146FF20FFF79DFEB8E76946097862
:40E4C000387E6118887069460978000A6118C87069460878801CC0B20870797E2018817017E06946087808222018801C0021F9F7ADFCB87AF121084069460978611888702A
:40E5000069460978F87A6118C8702DE0FBF7DAFD05E069460878401C29E0FBF7F7FD6946097861188870F4E7684600782118891C0498FBF7D7FD002801D06071B6E769465B
:40E540000878401D13E06946087808212018801C08F06CFC08E0694608780A492018801C08221C31F9F769FC69460878083008709CE7000015200000FEDFFFFFF41200209D
:40E58000E4120020741A0020F0120020E0120020064AC0B21378834206D3401E1269C0B2105C08700120704700207047C812002030B4074BD2B21C78944206D39B6892000E
:40E5C000D218403AD26B30BC104730BC70470000C812002070B504460E2016460D462070FFF7B8FEA070E570280A2071667170BDF8B50D4D16460F46C1B22A780120914225
:40E6000010D88C00E868314620184038C26B38469047002806D16868314620184038C26B38469047F8BD0000C812002070B5154C0546212200212046F9F708FC2122124919
:40E640002046F9F7FAFB114AF121907A0840C3060F48017802D53023194301E0CF2319400170907AC007207F02D00721084301E0C008C0002077212221462846F9F7DDFB3F
:40E6800070BD0000BC1B00209DA60100741A0020DC1B002010B5FBF7C3FD10BD10B5FBF7E7FD10BD002070470120704710B5FBF75BFE10BD0020704710B5FBF757FE10BD45
:40E6C000044A0178D180407800020143D1800020704700008C1B002010B5FBF76AFE10BD38B504460020009069460E2000F0D4F9002801D0072038BD00993E200870032001
:40E7000088702078C870A07808716088000A487120798871A088000AC871A0790872E088000A4872207A88722089000AC8720A2048700320FFF75EFD38BDF8B50546002035
:40E7400000906946232000F0A7F9002801D00720F8BD009C3E2020700A2100F047FA01460120002946D001260A20A07007462878E070A978217169880622090A61716878F6
:40E78000A0712879E0712046294608300C31F9F754FB0C20002E0ED0204629460E3006221231F9F74AFB20462946143006221831F9F743FB1820AA7921188A70EA88801C8E
:40E7C000120ACA702A7A21188A702A89801C120ACA70AA7A21188A706A89801C120ACA70221869799170401C607021463846FFF701FDF8BD0026A0700127B8E7F8B5044640
:40E8000000200E46009015466946082000F044F9002801D00020F8BD0099082008708E70CC70200A08714D7104204870FF20FFF7E1FCF8BD38B50C46002105460091694665
:40E84000072000F029F9002801D0002038BD0099302008708D70CC70200A087103204870FF20FFF7C7FC38BD38B50546002000906946112000F010F9002801D0002038BD9D
:40E88000009C3E2020700520A0702878E07028880822000A2071601D6968F9F7CEFAA9680D200A7862734978A173607021460520FFF7A0FC38BD38B5054600200C460090A7
:40E8C0006946092000F0E8F8002801D0002038BD00991320087001208870CD70280A08714C71200A8871052048700722042000F03BFCEBE738B504460020009069460C2058
:40E9000000F0CAF8002801D0002038BD00990C20087020788870A078C8706088000A08716078487120798871A088000AC871A0790872E088000A487208204870FF20FFF74D
:40E9400059FC38BD38B50446002000906946062000F0A2F8002801D0072038BD0099572008708C70200AC87002204870FF20FFF741FC38BDF8B5064600200C460090154695
:40E980006946082000F088F8002801D00020F8BD0099052008708E70CC70200A08714D7104204870FF20FFF725FCF8BDFEB507460020009010480E4601901546694608208B
:40E9C00000F06AF8002801D00720FEBD009C324620460199FFF7FEFDA771380AE0710620002E03D1290A25726172082060702146FF20FFF7FFFBFEBD7B0C0000F8B50546CD
:40EA000000200E4600900C4F6946062000F044F8002801D00720F8BD009C324639462046FFF7D8FDA571280AE071062060702146FF20FFF7DFFBF8BD7C0C000010B5FDF702
:40EA400055F810BD10B5FDF76BF810BDF8B505460020074600900D4E6946142000F01CF8002801D00720F8BD009C3A4631462046FFF7B0FD1022A01DA918F9F7DEF9142040
:40EA800060702146FF20FFF7B5FBF8BD1720000010B5FBF7FFFB10BD0A4610B5C1B2104608F006FC10BD10B508F07CFC10BD0000F8B50546C078AF78164C00020743A07D27
:40EAC00026468000203E8019103004222946F9F7B4F9A07DB38E800082191032291D042B16D03550A07D0023400080190784A57D204610302B54A07D401CC0B2A07504280F
:40EB000000D3A375B08E401CB086104600F069FBF8BD0000B81D0020FEB5144C0025E17D204610300D54E07D26468000203E305808F04CFCE07D401CC0B2E075042800D33B
:40EB4000E575B08E401EB0860948807A00280CD00095019511206A4602951081558129460A460020029B08F0F9FCFEBDB81D00208C1B002010B5184C207A002827D1FAF75C
:40EB800023F8164900208875C8752039888620726072A072A08210BDA07A00280DD0401EA0720D4A0006410D403A8818515C4068022907D0042907D101E00920F0E708F02C
:40EBC000F1FB01E0FFF7A8FFE07A401EE072E07A0128E1D810BD0000101E0020B81D002010B5FFF7C7FF002010BD00001B4B10285A7A2DD00CDC0C2823D004DC05281ED06E
:40EC0000082829D124E00E2824D00F2824D121E0302818D004DC13281CD01A281CD114E03E2802D0572817D111E0500614D5491E01208840D98880B201420BD10CE0012007
:40EC400006E0802004E0202002E0022000E00420024201D001207047002070478C1B002010B50B460178401C197001460622581CF9F7E3F810BD034610B508460822194683
:40EC8000F9F7DBF810BD704770477047427812020A8003781A430A8080788870704770B50D460446014610222846F9F7C6F8214610221031A818F9F7C0F870BD42781202AA
:40ECC0000A80007802430A80704710B50B4641780A021A800178801C0A431A8001461022981CF9F7AAF810BD427812020A80007802430A807047427812020A800078024324
:40ED00000A8070477047427812020A80007802430A807047427812020A8003781A430A80807888707047007808707047427812020A80007802430A80704710B50B46017898
:40ED4000401C197001460622581CF9F776F810BD10B502780B460A701F2A03D8411C581CF9F76BF810BD00780870704770B5054640780C4600020880297806220843208022
:40ED8000E87800026080A978084360802879207168796071A879A071E91DE01DF9F74DF8687B6073A87BA07370BD0022835C0B70521C491CD2B2082AF8D3704770470346D7
:40EDC00010B5084606221946F9F737F810BD7047704710B502780B460A701F2A03D8411C581CF9F72AF810BD70B5054640780C46000208802978082208432080A91C201D85
:40EE0000F9F71BF8E87A102200026080A97A08436080294620460C310C30F9F70EF870BD02780A7042784A70807888707047427812020A8003781A430A80C27812024A80B9
:40EE4000807802434A80704710B504460088FBF745FE00280AD0A078152811D008DC05280ED013280CD0142808D109E0022010BD1A2805D0292803D03B2801D0122010BD6F
:40EE8000002010BD0078012801D9122070470020704700207047002070470020704710B50088FBF71BFE002801D0002010BD022010BD10B50088FBF711FE002801D0002011
:40EEC00010BD022010BD10B50088FBF707FE002801D0002010BD022010BD002070470078272801D912207047002070470078012801D9122070470020704710B50179038800
:40EF0000428804291BD801290ED0934217D80124A403A24213D8202B11D3817B03290ED8012901D0042902D18179032907D84179032904D8407B410701D0C00800D01220E3
:40EF400010BD00781F2801D912207047002070474178CA088178D2001143C2780A430179114342790A438179C0791143084300D01220704700207047002070470020704754
:40EF800000207047002070470178272902D88078072801D9122070470020704710B50088FBF79CFD002801D0002010BD022010BD10B50088FBF792FD002801D0002010BDDE
:40EFC000022010BD10B504460088FBF787FD002804D0A078012803D9122010BD022010BD002010BD0020704710B504460088FBF775FD002804D06088002803D0002010BD83
:40F00000022010BD122010BD704700207047002070477047014A1268126A1047EC12002010B50B48017A01290ED0C17A00290CD001210172407A064BC000403BC1184A88AF
:40F040004968185CF9F7C1FD10BD0021017210BD101E002070B503461448C47A092C0BD3022B05D0042B02D10846FFF71CFD70BD0846FFF751FD70BD847AE5000B4C403C23
:40F080006355837ADB001B195960817AC90009194A80C17A491CC172817A491CC9B281720929E8D30021817270BD0000101E002010B50F4CE17A002918D0617A2246C9006E
:40F0C000403A515C022904D0042904D1FFF7EBFC01E0FFF721FDE07A401EE072607A401CC0B26072092801D30020607210BD0000101E00207047FEB5002406460D462046ED
:40F10000009401940294012E05D0022E1AD10846FBF7DCF815E012206946088100954A81002B69460EC90ED0002008F0F3F9040007D000F02FF8002803D02946304600F0C9
:40F1400043F8E0B2FEBD002008F008FAEFE7000010B5FFF7ADFF034800210172FFF760FF10BD0000101E002010B5FFF773FFFFF757FF10BDF8B5154607465C1B2046069E45
:40F18000F8F75BFEA81982B221463846FFF7ECFFF8BD00000148007B704700007C1B002010B5012802D002280AD103E0084608F06FF802E0084608F0B3F80006000E01D058
:40F1C000002010BD012010BD10B5012805D0022802D1084608F00EF910BD084608F0D8F810BD08B50B46C17882780902891889B20091014604220220FFF7BCFF002008BD99
:40F200003EB54178002216236C46029223810090891C61810120029B009908F09FF900203EBD10B500210846FFF79AF810BD0EB500210191029118216B46198100900120FD
:40F240005881002A69460EC902D008F063F90EBD012008F083F90EBD10B50B4B0B4A0C490C48F9F7ABFC0C480021017241728172C172017402468182403A116641828173DB
:40F28000C173084610BD00002FF20000F5F00000F7F0000023F20000101E002010B50189162907D017290BD0182902D10068FFF74FFF10BD428901680420FFF755FF10BD33
:40F2C0000068FFF7F5FB10BD70B58AB0284801F047FE00280FD1274801F03CFB00280AD1264925480860084600F0C8F8002802D1234806F0E5F9054602A802F0A3FD002425
:40F3000002AE07E0E000001B8019401CFAF7EAFC641CE4B26846007AA042F3D8002D24D10020694688716846FAF70EFD062269461448F8F782FD684602F0A6FE012069463B
:40F3400088716846FAF700FD062269460E48F8F774FD0021012000F05BF80C480078012803D10021FD2000F053F828460AB070BD65030100C105010065270100FC12002064
:40F38000892501000C14002018140020F011002070B504000ED0206800280BD00A4DA8600420687000F076FD204601F00FF8002802D006E0012070BD02F050FE204603F07C
:40F3C00089FD0021297070BDF812002010B5002422460A490A4800F01DFD0A49884200D108240949884205D00849884202D0491C884200D10324204610BD0000C9F2000069
:40F40000FD240100111000000520000011110000002804D0024A9268002A00D010477047F812002030B5054608480C000CD0002D0AD0284600F00EF8002805D16978044ACE
:40F4400009018918C988218030BD0000112F0000341E002001464A780648002A09D1064A137ADB439B0704D409781278914200D100207047132F0000341E002008490028CD
:40F4800009D00068002806D006490A68002A04D00348C01C704708467047086000207047112F000004130020F7B586B0069815460E4600280AD0152E05D01E2E09D9D22E3E
:40F4C00007D0522E05D0FC4809B0F0BDFA48401EFAE7002000900698694640780490FF2008730698FFF7B6FF07002DD11B2E0CD01D2E0AD0F0070BD0012E06D004980101C5
:40F50000EE480818007BB0421CD1F00703D010E01E2EF3D0F9E71E2E17D004980101E7480818407B002804D0522E0ED0D22E09D10BE01D2E09D104980101E0480818407BB2
:40F54000002802D0DC4FBF1CCEE0012E1CD004980101DA480818C088001DF9F723F8040014D0D5490120091D0F2E70D011DCD44A3300F8F79FFE0F292BF745F653F56FF49E
:40F580007CF38FF283F129000920E6E7CA4F0D3FAAE0182E71D009DC3246103A1300F8F789FE08DEB2F92C1313E2E2131E2E24D006DC192E21D01B2E01D01D2E04D1E9E00B
:40F5C000522EFCD0D22E7DD0BB4F8AE0E87804280BD00498A9780201B8481018007B401E814202D0B44FBF1C7BE0A87860712888A071000AE071E878F7E06946488154E018
:40F6000028881738904201D30F466AE003206946488128886071000AA07146E02879012816D0102702206B46588128796071EA885889BF1C231D7A43C0182968F8F7FDFBA9
:40F640006B46E88859897843081858812DE04FE00227E7E769464881A88829688200601DF8F7EBFB69464889A9888900F3E002206B465881A888801C5CE08EE129680029A9
:40F6800002D0A988002905D1012100916946488100200190012221462846049B00F042FB070023D0009800281BD0267100206A4690735673304600F00DFA6A461073069991
:40F6C0000B7800E035E113724978517201945189091D5181014601AA002002F0D7FA070002D02046F8F77CFF3846EDE6E88817E169464881AA88601D2968F8F79EFB6946FB
:40F700004889A988A7E0E888002800D17CE7A8880028FBD0049A1301684A9A18D288521E9042F3DA28680028F0D002206B465881A888001DA8806071AA88E8885B8942435D
:40F74000201D18182968F8F778FBA888E9886B4648435989401878E7D9E0BEE0B5E0E1E046E034E021E02A89002ACFD06B4658812989221D81545B89090A671DD9556B46A5
:40F780005889801C81B25981A88988545989000AC85552E0012221462846049B00F09EFA07009ED1E888C01C27E7288817389042ACD203206946488128886071000AA07102
:40F7C0000498298802013D48101841806DE7288800289BD06A88002A98D0904296D86071000AA0716888E071000A2072052004E72A89002A8AD06B89002B87D09A4285D831
:40F800006B4658812A89211D4254100A5B89621D98546B465F896889A31DF8546B465B89000AE71DD8556B465889001D87B25F81A88978545989000A885458892146801C77
:40F8400082B25A812846049B00F06CFA0700A8D169464889E9884018CFE69A42BED86B4658812A88211D4254100A5B89621D98546B465F896888A31DF8546B465B89000A79
:40F88000E71DD8556B465889001D87B25F81287D012805D078181022291DF8F7CEFA04E0A88878545989000A885468464189287D012807D0102006E0122F0000341E00205F
:40F8C000F90100000220081897E62888002891D06071000AA07103208FE62A88002A89D06A46508128886071000AA0715089801C81B251816888221D88546A46010A528925
:40F90000601D11546A465089801C5081CDE621462846049A00F0BEF9070098D1E8884000401C6AE62A88002AD1D06B88002B94D16AE62989002900D1D3E669464881298977
:40F94000271DC1550A0A69464989601D0A5469464889801C48810498010117480818C0880F3880B2E880A988884200D9E9806B465889EA88C0192968F8F75FFA6B4658890D
:40F98000E9880C22401880B25881C019A918F8F754FA6B4658890C3057E62A78002A01D0012AC5D1694648812978221D815469464889401C22E60000341E002010B50A486B
:40F9C00000210160094804224270012282601722C2804280828001734173054A1721042001F0FEFA10BD000004130020341E0020F5FA0000704700004079034A00018018A1
:40FA00008068086000207047341E0020F8B5074640790E46010120480C18A568304609301FD0042805D00C210D280CD0112831D122E06078042803D0F8F744FE0420607075
:40FA40000020607316E06078042806D10091601C3B46124A1E21F8F7E1FD787A401C607317E06078042803D0F8F72CFE042060700020207335400DE06078042806D100914F
:40FA8000601C3B46054A1E21F8F7C8FD787A401C20733543A560F8BD341E002069FD000070B502010A481418A16001290FD160780425042802D0F8F705FE65700120A06084
:40FAC0001720E0806080A08000202073607370BD341E0020032809D9C10704D01B2804D01D2802D003E01E2801D0F1207047F22070470000F0B585B0054603294AD803D1A1
:40FB0000002A47D0002B45D0444801248446FF206E4630717071B4722E78414827463F01103FC75D641EBE4209D127013F18BF68012F04D06E4674712878307107E0002C0C
:40FB4000ECD16646002E02D0012923D124E0012920D0022945D01078142801D9162805D31E2850D9D2284ED052284CD0FF206946087248720092CB806846017A6A460020F7
:40FB800002F084F82549491E884203D10121062007F044F805B0F0BD0A461201103A12189268491E012A02D00029F5D1E4E7CAB26B465A712C781C712B7809014354022108
:40FBC0001046FFF76DFF81206B461872587203A9284600F0D1FA03A8009007206B46D880CAE7E0B20121FFF75BFF822069460872487203A9284600F0BFFA03A80090072008
:40FC00006946C880B8E769464872FFF763FF6946521C08725B1E0092ADE70000132F0000341E0020F8B50546447A807A0E46012821D1287A81281ED082281CD0002E0ED188
:40FC40001E2C0CD0E00702D01D2C06D009E0522C05D0D22C03D01B2C01D0082108E0E00702D01B2C02D106E01E2C04D10421C9432846FFF7CBFE06480768002F06D0E888E8
:40FC8000009032462146281D2B68B847F8BD000004130020F0B5868801240568330016D00C4F1201D21994466246D288A71CBA4209D32A880C192271120A5B1EAD1C627149
:40FCC000BCB2002BF0D1F11AC1800020F0BD0248F0BD0000341E0020162F0000F8B505899C468E46002D16D08188961C8F1919010B4B0A4CCB18DB889F420AD87146891855
:40FD00000D712A0A4A71B2B26346714600F00AF804462046F8BD01480A38F8BD202F0000341E0020F8B50D4684880168002C01D0002909D01F010A4BA618FB18DB889E423D
:40FD400004D99B1AC38002E00648F8BDC480C388A818001D1A46F8F770F80020F8BD0000341E0020112F000070B504464079002501010D480D4E08188068C04341070029A4
:40FD800001DB691F03E000070DD40821C9432046FFF73CFE607A3146401C60722560E5802046FFF73FFF70BD341E0020172F000070B50446C38804C8042101F0DDF80500EB
:40FDC0000FD1617AC8070ED01D2912D0522908D0D22906D01B2904D00821C9432046FFF715FE284670BD5229FBD0D229F9D01E29F2D00421F2E70000002804D0034909781E
:40FE0000017000207047024870470000081300201310000070B5154D04462878012801D0134870BD02202870696006F009FF06F061FC00F0BDF8F8F713FDF8F7D5FD07F0F8
:40FE4000DFFD204604F054FF040003D105F0F8F9040002D00120287005E000F031FD07F0D0FD06F092FF204670BD0000081300201110000010B506480178022905D10321BE
:40FE800001704068002800D08047002010BD00000813002010B50D4C2078002814D1606006F088FF06F0D2FE06F078FC00F0B2F9F8F79CFD07F0ABFD05F056FA00F042FDDC
:40FEC00007F0A6FD0120207010BD000008130020FEB5054633480F0062D0002D60D0284600F0A2F9040023D02E48801C844222D0BE79022E01D0032E1DD106223946684632
:40FF0000F7F79BFFB61E684686716946284600F08BF904000CD02348801C84420BD002A9684605F009FC002809D16846007A28701C4C641C33E01B48C01C844228D12878F9
:40FF40000E22194C5043B9790019817128783946504300190622F7F770FF14480E22817928785043001941732878104950430019C01D0622F7F761FF0C490024491E0878EE
:40FF8000401CC0B20870052809D107F049FD06E00448801C844202D1384607F03FFD2046FEBD000011140000441E002011130020F8B505240C4F0026641E0E206043C5190B
:40FFC000062200212846F7F741FFAE71E81D06220021F7F73BFF6E73002CEDDC0348067007F01FFDF8BD0000441E00201013002010B5062200210548F7F728FF0348062280
:020000040001F9
:400000000021801FF7F722FF10BD0000901E002010B50C46014606220648F7F70EFF002C05D0044806222146801FF7F706FF002010BD0000901E002070B5040004D02078C9
:40004000052804D3144870BD1348001F70BD0E214843124D062240190021F7F7F7FE20780E2148430026401986712078062248434019C01D3146F7F7E9FE20780E214843C7
:400080004019074946730878401E0870204607F0C6FC002070BD000015140000441E0020101300200B0010B50D4906D0002804D00278052A03D3081D10BD084610BD0E217B
:4000C0004A4308495218527B9A7100780E2250434118C91D06221846F7F7AFFE002010BD11140000441E0020F0B50646002085B005460490029003901D480C46002906D0B1
:40010000002E04D03078052803D31948001D05B0F0BD184F0622B91D02A8F7F77FFE002806D00622B91D2046F7F787FE01201BE021463046FFF7B6FF0490A079022814D381
:4001400002D0032803D005E06846857102E00120694688716846F9F7F7FD062269462046F7F76BFE68468079A0710498CFE70000111400008A1E00200B0010B50D4906D062
:40018000002804D00278052A03D3081D10BD084610BD0E214A430849521892799A7100780E225043411806221846F7F746FE002010BD000011140000441E00207CB50026F3
:4001C000054612480C4600960196002906D0002D04D02878052802D30C48001D7CBD06220B496846F7F71AFE002807D0062208492046F7F722FE0120A07104E02146284688
:40020000FFF7BAFF064630467CBD0000111400008A1E002010B50021024A084606F052FD10BD00001D030100F3B583B0064604981D4900281FD0002E1DD005248F1C3470A1
:40024000002069460090888088710498641E81790E202246424315481518A879814206D1294606220498F7F7D9FD002806D03078052806D014E0084605B0F0BD0027347097
:4002800010E068468079A979884209D1294606226846F7F7C3FD002802D1034F3470FF1C002CD2DC3846E7E711140000441E002010B50C46002808D0014606220448F7F755
:4002C000BCFD03488471002010BD024810BD0000111300201114000010B50E4A002907D0002805D00278052A04D30A48001D10BD104610BD0E235A43074B8C79D21894718B
:4003000000780E225043C0180622F7F796FD002010BD000011140000441E002070B5104D002A0FD0012A0CD100240E206043421900210E23084606F0BBFC641CE4B2052CF6
:40034000F3D370BD00240E206043421900210E23084606F011FD641CE4B2052CF3D370BD441E002008B502290DD003290AD150786B46000218801178014319806946722054
:40038000FFF746F808BDD0789178000201436846018069467120F3E710B509480068002801D0F8F71DF907480068002801D0F8F717F905480068002801D0F8F711F910BDC5
:4003C000541300203413002030130020F8B56349074600240C701E20C870B8790326002800D101208870F879002800D1012048703A89002A02D0121F8A8000E08C807A8958
:40040000002A02D0121FCA8000E0CC801C214843F8F7C8F85249002808607DD04F4D142168784843F8F7BEF84E490028086073D02846807824214843F8F7B4F84A4D00284F
:40044000286078D0002600F091F8444B009432E0242041432868242244500099514308184460009829685043401884600098296850434018C460009829685043401804610C
:4004800000982421484329684018446100982421484329684018846100982421484329684018848300982421484329684018C4830098401C0090987800998142C8D3284825
:4004C0002146009425E01C225143026889188C6000991C225143026889188C8100991C22514302688918CC8100991C225143026889180C6100991C225143026889188C8286
:4005000000991C22514302688918CC820099491C00915A78914200E00DE0D4D31D462046009405E0684600F0BDFD0098401C009069788842F6D3384600F050F8F8F732F8EE
:4005400006490028886007D0002E03D000F00EF8FFF722FF3046F8BD0326F7E71813002054130020341300203013002010B51048104C0068002805D062781C214A430021C6
:40058000F7F764FC0C480068002805D0627814214A430021F7F75AFC08480068002805D0A27824214A430021F7F750FC10BD000054130020181300203413002030130020CE
:4005C00013B5684604490078087069460520FEF71FFF00201CBD0000181300208088452800D8452070470000F3B581B06846007914210246484322494032096800240F5CCF
:4006000041184D8900928878022806D0032806D0052804D0062805D103E0012402E0082400E0042401A800F03DFD164EE0070DD0182047431448242138183268001D6943C4
:40064000891800234F681946029AB84760070DD50E490298884201D1002100E001462420326868438018C26800989047200706D52420454330682818816800988847FEBD7C
:400680003413002030130020981E002038230000FFB583B00E46082B05D00021304601F07DFA07B0F0BD5079147900020443D0799579000205432548254F0078402C0FD3B2
:4006C000014640318C420BD214213A686143891805221202891A8978002901D0204640386946087203982146C2B202A800F052FD002808D16846007A14214843396840185A
:400700008088A84208D000230222314601950094039801F073FAC4E7082307222146304601F0A4FA44200B49704341188C75200AC8750D76280A4876304601F065F9684691
:400740000549007AFFF750FFABE700001913002034130020A01F00203823000070B50D46082B37D15079167900020643D079010290790843194940280A7819490B682AD3D9
:4007800011464031884226D2142141430524C9182402091B897800291DD001464039CCB2A24217D014216143C9188A88B24211D1897806290ED144210A4A694389184989F9
:4007C000814207D10121284601F0E8F906492046FFF70AFF70BD1146E1E700001913002034130020A01F002038230000F8B50746694600F07FF9002851D1012207210098D1
:4008000000F0DEF801220821009800F0D9F8244E0024E0003558002D04D004236A4602213846A847641C032CF3D300241D4E1E4D04E0E0B23146FFF7D7FE641C28788442D5
:40084000F7D300240121204601F0A8F9641CF9D01648174C0088002808D000981821484300194188134802888918018012491B2008800098182148430019083007F040FC9B
:400880000098002201461823D243584322520019FF220271094A1720490050520020F8BD881F0020372300001913002028130020981E0020581300202A1300202C130020FC
:4008C00010B500211C48C9430180FF2101711B4A17201080184A00201832142343439B18401C19740A28F8D314490A200839486100220A700320886107200A62C8610E4816
:400900008A704A70E0300260C2728280501E4862094B88621046F033C400401C1A510328FAD307480123827343600281042303704274CA6210BD0000981E00202C130020FD
:40094000A01F0020024800218180C1807047000024130020002803D0024908620020704701487047241300201623000070B50024114A0146651E142060438018007CFF2846
:4009800008D0641C0A2CF6D30121084606F046F9284670BD2046142600237043135080188381C3814560017404490868401E086000F0B6F8204670BDB01E002038130020C0
:4009C000F8B50F461F4916460C68601C38D01E48006884421CD014201C4960434018406812E01421194A41438D18297CB94209D1142363439A1869685160002E03D000F04E
:400A000049F800E004466868411CEAD10E4804600C4A142110680D4B4143C9180B7CBB420ED10B4C0023E372A38049681160064A1368984200D11160002E01D000F02AF87A
:400A4000F8BD0000481300204C130020B01E0020781F002010B50C4A0C4914680C4B641C0FD00A6814246243D218506008600868142100224843D243C018426000F056FA0E
:400A800010BD08601060F2E7481300204C130020B01E002070B5054614200D4E4543AC19207C072801D0082804D17059002801D0F7F796FD00207051A081E081FF2020748A
:400AC00004480168491C016000F02AF870BD0000B01E002038130020044A1288824202D1002008607047024870470000981E00201123000010B5074A074C1388A34206D05B
:400B000000781279904202D10020086010BD034810BD0000981E0020FFFF00001123000030B411480268002A01D0012300E000230E48104C01680E4805682078A94201D895
:400B400000280DD00C4D2D68A9420BD3012809D100202070012B05D130BC89B2C0B210470120F6E730BC704744130020381300203C1300202413002040130020FEB541491B
:400B80000020087040480568681C72D014203F49684344183E48C17A808808180004000C02D1284600F080F83949284600F0BEF800285ED1207C009001280CD1A0684421F1
:400BC000344B41430022C9184A74097C012902D1002100F0E3FF2C48019501688D4201D161680160207CA6686568082834D11C20374647432848A389016879180A8BD2187A
:400C0000121F92B20A83016879188B8A9A4223D104460869F7F7E4FC216800207918086121681E4A7918888221687918C882216879180883142112687143891849892422F6
:400C40005143174A30464030126880B2891800230C6A1A461946A0470198FFF71BFF681C07D00098082891D1F0B200F005FD8DE7FFE705480068401C02D10A49401E0860F4
:400C8000FEBD00002513002048130020B01E0020781F0020A01F00205413002034130020301300204C130020142148431B4910B54018C289036800219C18194B1C60848999
:400CC000A21A94B29C80027C012A04D0072A0FD0082A16D10EE080684421484311494018807B002801D005210BE00020988010BD017A06E08068142148430B490968401888
:400D00008188D87A001DC0B2D8720019001F1873000A58739973080AD87310BDB01E0020781F0020A01F002034130020F0B50C46C97AA28885B089188EB2002103915249FC
:400D4000142309684F4A5943504BC918142358434E4B097CC018012904D007290ED0082912D115E08068442148434949401847681820394641434748405A02E08068070C8B
:400D80000CE0009090420ED10020E072A08076E0806814214843404909680F5C18203D497843085AEDE73D48008800282ED064E03B480088002803D038480088002825D0C0
:400DC00038480588AE4200D83546701B86B23648C07A00281DD0002002906A460098107100980123010A02980001014303988001014351719571280AD071042201A9022065
:400E0000F7F7FCFD0298002805D010E0012005B0F0BD0120E0E72146E27A00230C310220F7F7ECFDE07A281A85B20020E072A088002812D0A84200D8054600232A46022084
:400E40002168F7F7DBFDA088A84201D3401B00E00020A0802068401920601820394641430C4808184188491C41800D480088002803D00A480188491E0180002E98D1002071
:400E8000C5E70000FFFF000048130020B01E0020A01F0020981E00203413002058130020281300202A130020781F0020074B084A18801180002801D0002902D10020108097
:400EC0001880044910880880704700002A130020281300205813002038B50C466946FFF7FBFD00281BD10098182148430C4940184188A14201D2002100E0091B4180094844
:400F00000088002807D0084A1188091989B21180814200D91080002C01D000F007F838BD981E0020281300205813002010B50948017800290DD108490988002909D00749BE
:400F40000968491C05D00121017000210846FFF715FE10BD251300205813002048130020002803D00249086000207047014870475013002012230000F8B51C0015460E46DB
:400F800006D0002D04D0002802D0311F032901D31148F8BD6946FFF7ADFD002802D00E484230F8BD0720FFF7E1FC411C10D000990A4B0A041421324341430E46C9188A60BC
:400FC0009D518C810422CA81FFF744FD0020F8BD0148401CF8BD000012230000B01E0020002A02D0031F032B01D306487047C300054818180346203B9980403802620020DE
:401000007047000012230000881F002038B51446002801D0042901D0074838BD6946FFF769FD002802D00448423038BD0098034940000C52002038BD122300002C13002098
:4010400030B504460B480D4B01780B481A68491E14254D43AD18AD78002D02D00029F6D130BD217014241B68002001226143C9188A7030BD191300202B2300003413002056
:4010800030B40D46C100064808184038046A002C04D02846A44630BC0321604730BC7047881F0020F8B5394F04463A68002A6AD0374E3168002966D02078142343439A1862
:4010C00092880025402A1CD31C22504341188868002816D08989002913D0F7F781FA20781C21484331684018856020781C21484331684018858120781C21484331684018CB
:40110000C58120781C214843316840180069002813D0F7F765FA20781C21484331684018056120781C21484331684018858220781C21484331684018C5822178142041435F
:40114000386801224254217814225143081885802078396850434018C580207839685043401805812078396850434018056120781421484339684018C56020781421484323
:401180003968401885700020F8BD00003413002054130020F0B505461048124C037810482468402917D31E464036B14213D214264E43052736193F02F61BB678002E0AD0A6
:4011C00040398B4205D014234B43E35C934200D100202970F0BD1946F3E70000191300207023000034130020F0B587B005460E4600206946488108811446888102AF0E2B5C
:4012000002D00223009735E06079A279010220790843E17909020A43411E0692FF29F0D2617A6B460A02217A0A431A81E17A09025981A37A19436B465981172A03D31729E7
:4012400001D3914202D90B23009713E004A900F0DBFA0028D5D1607B694600028881217B08436946888101A8FFF7EAFE002808D00423009700223146284600F0DFFA07B0F4
:40128000F0BD6A4611791420404C414320684554138A117914225143081843816A4611791422514322680698891888806A4611891079142250432268801801816A461079BF
:4012C0001422504322683249801801616A4610791422504322682F4980186A46C16011791C2041432C489389026889188B806A46538911791C225143026889184B806A465B
:40130000938911791C225143026889188B806A46127900211C235A430368D21891606A4612791C235A430368D21891816A4612791C235A4300680E231018C1816A461779C9
:40134000152240373946304600F090FC6A4610791421484321684018467010791422504322680321801881706A46118A242041430A480368C818828B1820454308485C58B4
:401380002818001D02AB3946A04778E734130020FD140100751601005413002030130020981E0020FFB587B00898442148434C490025401844890E2B7ED150791179000262
:4013C0000143D0798E4603029079694603430B82507A00024882117A0843694648828446D07A00028882917A084369468882507B167B000206433B483B4900780A68402CE4
:401400001ED3014640318C421AD214216143052789183F02C91B8978002911D021464039C9B26F463971884257D014204143881881782D4F022950D1002E03D001252AE07E
:401440000146EDE7172B01D39C4501D9274EF5E7052181706B461979142359433B687046C91888806B46198A1879142358433A686B468018018118791C2148431C499A8ABA
:401480000B68C01882806B465A8A18791C2309685843401842800121089800F07FFB002D02D001A8FFF7FEFD07981821484311494018001D694600E00FE009791422514393
:4014C0003A6804AB89184989242251430A4A126889184D6832462146A8470BB0F0BD0000A01F002019130020341300208123000054130020981E002030130020FEB50578CE
:401500000020164601902C461C20564A444310680F462118C88800282DD0401EC880002002905048006821188A89002A26D08868C9898B1993426CD8081832463946F6F787
:401540007CFC484800682018C189891989B2C1814448006820188689B1426BD1012187680291404A0021816010682018818110682018C18133E03C480190D0E778783B4BC7
:40158000020238781B68104314226A43D218D288824266D3B21E0092904202D1BF1C96B21DE0904218DD2F4A888112680021A218D181F6F7F7FF0190002852D0B21EB91C03
:4015C000F6F73BFC274801990268A2189160006800992018C1812DE023482A380190002E13D0224914200968684340184089242148431F49334609683A46401800690199D9
:401600008446284640306646B047029801280ED010E0144EF6F7E4FF316800206118886031686118888131686118C88102E03846F6F7D6FF1420294641430C4800680818E7
:401640004189242041430A48006808180549C28B09686118C9888A4203D34269284640309047FEBD5413002071230000341300203013002070470000F1B584B00020029043
:40168000304B049D1C201A684543A8184188525B914200D31146019101690391818AC08A081A039986B2002901D0002E39D1002005B0F0BD0820FFF759F90090401CF7D0E3
:4016C00001983446864200D90446201DF6F76AFF070030D01B48224600682818C18A03980918381DF6F7A9FB00991420164B4143C818049A82605F50211D81810421C1818A
:401700000098FFF7A7F90F48006828188188491E8180301B86B20B4800682818C18A0919C1820848006828188088002801D0002EC0D10298BCE70098FFF7ACF903480290D8
:40174000F7E7000054130020B01E002005230000F8B58C46082B47D15079137900020343D0799279000202432148224E007800240546376809E014216143C91989889942FD
:4017800001D1254603E0641CE4B28442F3D3A8422AD01C202F4647431748184B0068391888888018984201D9154C03E08880002A1BD000240121604600F0F0F92846FFF7E7
:4017C0005BFF0D4831680068381882881420684340184089242148430A490968401883692846214640309847F8BD054C641CE1E7191300203413002054130020FFFF00005D
:40180000732300003013002030B50A4A0A4B0446074812781B68521E24255543ED18AD8BA54202D10A80002030BD002AF3D130BD222300001A13002030130020FFB581B0E7
:401840000298442148431249164644181F460E23152231460A9D029800F008FAA675300AE075287820762888000A6076A878A0766888000AE07628792077A888000A607715
:40188000A777380AE077029800F0BEF805B0F0BDA01F0020FEB50646981F1D4614460F4605283FD20121384600F078F9442047431D481E4A381840891D4940281CD30B78D5
:4018C0004033984218D2142317684343DB1905273F02DB1B9B78002B0ED04038C0B26B461871097881420CD014214843116840188078022802D004E00878EFE701A8FFF760
:40190000D1FB0C480768002F0CD0182046430A48694630180079AD1E0870A21CABB203216846B847FEBD0000A01F0020341300201913002050130020981E0020F8B52C4E8E
:401940000179427935780068012A01D0022A41D100283FD1274A284B128800249A4239D06A4600F037F9002834D100984421234F4143C919497C012908D101221146FFF71A
:401980001FF8009844214843C0194474009844214843C019042101704489052C1DD0402C19D330784030844215D21549142009686043401805210902401A807800280AD075
:4019C00020464038C5B23078A84206D10021009800F0E4F8F8BD3078F4E70021009800F0DDF8052CF6D007492846FEF7FDFDF8BD19130020981E0020FFFF0000A01F002096
:401A0000341300201823000070B5064644201549704344180120FEF7A9FF0546401C03D0607C012806D00CE00021304600F0B6F80D4870BD012211463046FEF7C1FF002146
:401A400061741421094A694388182346123386605350A18981812846FEF7FCFF01206074002070BDA01F002013230000B01E0020FEB50E4C2468002C06D018250C4E4543FD
:401A8000AD196E79002E06D0002200921346019200F0B4F8FEBD28796E4630729B1EA971921C9BB2012102A8A047FEBD50130020981E0020F8B517460D4D0A4629681E4649
:401AC000002914D0182148430A494418607901280DD10121104600F061F8207969460870B61EBA1C2C68B3B202216846A047F8BD50130020981E0020FEB59C460B4601466F
:401B0000214C08A8A1C8A67B002E01D01F48FEBD00263E60A274071F27753F1267756160E6736381A0816674002A01D0D00706D06046E0742574E07CA0730020FEBD144A38
:401B400001231078401CC0B21070002800D113701278E274002DEDD10E486F46007820817B723A72019108210091014601AB0A4A2046F6F753FD0028DCD0A6730420207090
:401B800002480938FEBD0000A01F00202F230000261300201B1300203D190100F8B5442205460B4E55430027AC19012907D1617C012904D101221146FEF702FF6774A77332
:401BC000705D042803D0F6F77DFD04207055F8BDA01F002010B5074CA37CDB0708D1A37B8B4205D16168814202D10020106010BD014810BDA01F00202E230000FFB581B09B
:401C000050001E46801D0A9D144683B2012229460B9F029800F02AF80298442148430E4940181230210A04714171002C0ED0012C02D0022C0AD103E08671310AC17105E02A
:401C40008571290AC1710772390A41720298FFF7DBFE05B0F0BD0000A01F00201CB50022009213460192FFF7C9FF1CBD10B544246043054C001982741C1F04752212427519
:401C80008381418110BD0000A01F0020F7B5002614225043234B0F46C41882B0354631468446227C12E00C20E3684843185CB8420AD108460C256843054608355D5B001D28
:401CC000185AAEB285B203E0491C89B28A42EAD814488A4202D1144805B0F0BD614642586946049890470746009916E0A068F200805808420FD0F000A168001D0958002937
:401D00000DD00498884762680746002A07D001460498904703E0761CB6B2AE42E6D93846DAE70000C0A70100111300007047000008B50120694608700549002088800146B9
:401D4000044802F0E5FF69460220FDF761FB08BD5C1300200A2000002F4B00B5FF21C21A98424FD026DC122848D00EDC07284DD006DC012846D0022842D0032849D13BE037
:401D80000C283FD0112844D13EE0244BC21A984238D007DC23283BD03B282FD0204A801837D12FE0FF3AFF3A013A2BD0FF3A013A2FD123E01B48131A824223D011DC1A4BDB
:401DC000D01A9A421AD007DC012A19D0022A15D0164810181DD119E001280FD0052818D10EE0134818180300F6F764FA09080A130C130C13130C13002A210AE0012108E0FC
:401E0000072106E0022104E02B2102E0032100E02D21084600BD00001314000012110000EFEEFFFF070C0000FF0B00000EF4FFFF09F2FFFF10B5FCF7B2F8002801D0FFF776
:401E40008BFF10BD70B5002586B004462E4603950495002810D01D220021F5F7F7FF684606702078C100081A0119491C6846FEF783F9002802D023E0012528E0207806222A
:401E8000C100081A0119491C03A8F5F7C7FF002816D02078C100081A0119491C05A8FEF7C3F900280CD101A905A803F063FB002806D168464079012802D12078401C20706A
:401EC00069460878401CC0B208700428C9D9284606B070BD7CB50D46411C80788B7802020878294E10436A461371284AC91CB41CD27FB04216D1002B28D124482038C17F77
:401F0000002913D00246204602F016FF0106090E01D0FFF721FF7CBD00F0F4F87CBD00F0C9F97CBDA04204D1002B0FD1002AF6D0F2E7154AD21C904202D1002BEFD005E056
:401F4000114A121D904215D1002B02D001A904200DE00F488188002907D00020034600900B480C4A801CF6F759FB01A92620FDF74FFA7CBD044A11329042FAD12D1FAAB24C
:401F8000184604F03EFE7CBD06200000042000205C130020311D0100FEB50678401C2E4D0F460446012E0CD0032E3AD00A460146AB6830469847EB683A4621463046984797
:401FC000FEBDA888002802D0A878F6F77BFB2078694608723C281FD00028F1D10121297069460870207B00024880E17A084369464880A07B00028880617B08436946888014
:40200000207C0002C880E17B08436946C880FDF7EFFF6946272001E002A92620FDF7F8F9FEBD207869460870207900024880E178084369464880A07900028880617908434D
:4020400069468880207A0002C880E17908436946C8802A20E2E700005C13002010B5084C0420A070202200210648F5F7EFFE0548202200212030F5F7E9FE0020207010BD60
:402080005C130020E41F002010B5012100280CD08279002A06D0012A07D14279D2431206920F02D105F05AFD0021084610BD000038B50024042801D9012412E00A490870A8
:4020C000684605F001FD002805D100982B3002F0E5FD002801D0032403E00098002120308172204638BD0000A8140020024610B50120002A04D000211046FCF7E1FA0020B3
:4021000010BD0000074810B5C17F0246064802F013FE0106090E02D0FFF71EFE10BD002010BD0000042000200920000008B56A461080518000216846FCF76CFF002801D0C8
:40214000FFF70AFE08BD0000FFB583B00E4600206946019008721C46154602A9039805F07DFC070009D16846007A012804D0002E04D0012E34D077E04A4F7BE0201DF6F766
:4021800011FA494F0028B8617ED022462946F5F754FEB969386B0855BB69010A621C9954BB69010CA21C9954010EBA69E01C11543946386B20310871020A4A71020C8A71F1
:4021C000000EC87101223949039805F02BFC241D38461C300090A2B2344B0020B96940E020460C38C1B26818C27883781202134340781A0210430202685C2D4910430A6B03
:40220000824202D9FF2001902EE0083CA4B208630F462046F6F7C6F9B86100283DD022462946F5F70AFE224829191C3008220546F5F703FEB8698178090239814278C01CED
:4022400011433981E11FB9801849386000221031039805F0E7FB154B0095103322460120B96903F05DF9074611200002874211D0002F0FD0002E12D00D4CA069002805D076
:40228000F6F7AEF9002000E007E0A0613846FFF763FD0190019807B0F0BD0427F6E7024CEBE70000162E000078200020242000204420002010B50121054802F029FD0106E1
:4022C000090E02D0FFF748FD10BD002010BD00000A20000010B5012100280FD08279002A02D0012A04D009E001460622044802E0014606220348F5F7A0FD0021084610BDED
:402300000C1400201814002033B500248BB00D46002911D0A878C01F0A280DD2E8780F280AD200F019FA002802D12878132803D06878012802D015E0012422E002A8FFF7A7
:4023400081FD6846007A042800D3042469460BA803F010F9002803D168464078012801D0002C0ED1A87805F007FC05232A4681210BA803F05FF90106090E05D0FFF7ECFCAA
:40238000044620460DB030BD0024FAE7F0B50446012085B000250190002C58D06068002855D02178002904D1007901284FD003284DD8E06800280DD0C67F002E0AD02022D6
:4023C00000214A48F5F742FD4848C677E168CA7FF5F733FDA268002A53D0D37F002B50D00020694608700126EC460CE0115C00290BD0401CC0B2175CB74202D16146087067
:4024000003E04018C0B29842F0D360460378A668F25C012A07D060680079002817D0012815D0042813D02178022910D8012A10D15B1CF05CFB221040814208D1012808D1E0
:40244000208A002803D0B42801D8012901D0012548E0002D46D12649208A88802348202200212038F5F7F2FC2049F07F2039C877A1681E48CA7F2038F5F7DFFC019801284B
:4024800030D160686E468179857B437BC21D2EC6437902794188008802F0BAFF0106090E05D0FFF759FC0546002D02D01AE00025FAE760684079022802D0032803D011E0ED
:4024C00000210C480CE00120694688716846F7F73BFC062269460848F5F7AFFC00210648FDF796FD284605B0F0BD0000042000205C1300200C140020181400201CB50B46DA
:40250000132831D0002B2FD0102827D008DC05280DD008281AD00E281BD00F2824D12AE0302821D03E2821D057281DD118E0187869460870002807D112490870D878694619
:40254000087101A928200DE004200BE0D91C292008E011461846FFF7BDFC05E0032001E00021FB20FCF754FF00201CBD11461846FFF712FDF8E70878694608700028E3D1EA
:40258000F2E700005C130020FFB59FB00025289A19951C461A951B951C95049520A805952E46102780880B00F5F784FE10CD09363B3E5C438ECDCD9E94B3B8AEC7CD00281F
:4025C00001D021A96CE01DA91F98FDF7D5FD050079D169461F9802F0CDFF0500F8D16846C67069462420FCF713FF684640780128EED11DA8F7F776FB0546F6F799FE00282B
:4026000061D0002D05D020A8808800285BD1002C59D00021FA2094E0002C54D0214621208FE0002122208CE0002C4CD02146232087E0002C47D018A805F046FA050042D160
:40264000412207A81899F5F7F8FB6079102805D23A1A07A940180021F5F7F8FB412307AA84212CE0002C6ED0607A227A00020243214619AB1F9805F039FA050063D104A997
:402680001F9802F077FF00280CD000231A4683211F9802F0CFFF054606206946087606A925204EE06846807C102805D23A1A19A940180021F5F7CAFB102319AA83211F984F
:4026C00002F0B8FF05463EE0002C3CD021682C20189136E0002805D1002C03D01146204601F01CF8194C08E0002805D1002C03D01146204600F0DAFC154CA069002822D0EC
:40270000F5F76EFFA6611EE0002C1CD021462D2017E0002C17D021462E2012E00D4900284E7003D1002C01D0214604E06946087001960E7302962F2003E0002C03D02146F7
:402740003320FCF765FE284623B0F0BD44200020782000205C13002010B503F063FB0421084010BDFFB599B000200090229F032008A90877002669468E821A98887506202C
:40278000C8751C46154601210820179604F046FA1A98812842D0822840D0FF283ED010A91998FCF73FFE10A80088F94E401E874216DC1A98522817D0D22817D0401EC0B29A
:4027C0001E280BD2F34A4100505CFF2806D08918497801290CD0B84200D80026002E1DD01A98C00707D016E01320EBE71420E9E7B842F2D0F2E71A9852280CD0D2280AD054
:402800001E2808D004206946C87505AA01211998FCF74AFE064630461DB0F0BDDE48854207D100F067FB0FA90220FCF7F1FD0020F2E7A11C1A981591791E1691391F1028C3
:402840007BD00BDC0300F5F735FD10F62943617A9FA9F5F4F3F2F1F0EFEEEDF6BA1E92B21B286BD009DC11380300F5F723FD09EBEAE9E4E4E8E7E6E5E400812815D006DCAD
:402880001D2879D01E2878D052280DD113E2822815D0D22872D0FF28F7D15DE2002C03D02146199800F024FCD1E2002DFCD119980121007805F02AF94120199905E0002D5A
:4028C000F2D100F017FB42201999FCF7A1FDBEE2B148401E854207D104206946C8750020888202208875ACE219986A46017811714078507160780002D08021780843A54920
:40290000D080891F088001A94320DEE7002CCBD019986A46017811714078507160780002D080217808439B49D080891F0A88904200D2088001A94420C7E7F7E02BE2002D34
:40294000B2D1002CB0D060786A4600021083217808431083E17809025183A27811436A465183002832D0002930D088422ED806A9199800F0BFFFC9E022E236E23AE26946A9
:40298000088B6EE1C8755CE2002C8DD01698237882B2611C199800F039FC58E2002D96D1002C94D060786A4600021083217808431083E17809025183A27811436A46518345
:4029C000002803D0002901D0884202D901201146D8E76079BF1F00021085217908431085B9B211840522D202904202D0521C904235D10EAD102903D002293CD00D20A1E1AC
:402A00001022A11D11A8F5F718FA09A911A800F029FA002817D011A8079010206946088402201BE020E108E1FFE0E9E0DBE0C5E072E031E028E001E28AE17BE172E151E1FE
:402A40001FE121E1B0E069460795888C08A90876000A487602206946088413E000900AAB07AA06A9199800F0F1FE06464A481238864284D0EBE10795E079A179000208437D
:402A8000694608870120E9E7002C86D03A462146199800F057FBDAE1002DEBD1002CE9D060786B4600021883227810431883E27812025A83A3781A436B465A83002803D008
:402AC000002A01D0904201D901204CE00420022902D0102906D046E0607921790002014399840DE0211D102211A8F5F7A6F909A911A800F0B7F9002802D0022311AA01E04F
:402B0000012309AA06A9199801F062F82249064612398842ADD09AE1002CABD01698217883B2621C199800F08BFC90E1002DA1D1002C9FD060786B460002188322781043C8
:402B40001883E27812025A83A3781A436B465A830028B9D0002AB7D09042B5D80420022903D0102907D019460CE76079217900020143998412E0211D102211A8F5F75DF9F1
:402B800009A911A800F06EF9002807D00A20D9E0FFFF000076130020172F000009AA06A9199800F0ABFFB1E7002CB4D01698217883B2621C199800F0FBFB48E1002DAAD12D
:402BC000002CA8D06078247800020443002221461A9B199801F002F906469F4886429AD169468C823EE0002C95D019986A4601781171407850710294978101A9492064E6E7
:402C0000002D88D1002C86D06078257800020543E078A2780002024329461A9B199801F0DDF87AE069468D821CE0002C04D03A462146199800F08CFB09E1002D71D1002CD1
:402C40006FD07A082146199801F04EF882490646884266D16078694600028882217808436946888211208DE6002C5AD019986A4601781171407850710294978101A94B206A
:402C800023E64D20199920E6002D4AD1002C48D01998694603780B714078487160780002088221780843694608828A811598029001A94C2009E6002D33D1002C31D01998B3
:402CC000694603780B714078487160780002088221780843694608828A811598029001A94E20F2E5002D1CD1002C1AD06078257800020543E078A678000206438AB2684669
:402D000002845648211D00680790F5F796F807AB32462946199800F07FFE4F490646884280D094E0002C04D03A462146199800F0BDFA8CE0002D0AD12178002904D001291C
:402D400002D0042069461DE6199800F01BFD7EE0199800F0E7F97AE0002C78D02078142801D9162803D31E2801D8C10707D004206946C875207888750020888261E0002194
:402D80006A46199B118090700620D07001211846FCF78AFB5BE0002C59D01998694603780B714078487160780002088221780843694608828A811598029001A9522084E518
:402DC000002C44D01998694603780B714078487160780002088221780843694608828A811598029001A953206FE5002D2FD1542019996AE5002D2AD1002C28D0781CF5F721
:402E0000D1FB050023D0199915480A78027149784171D22028703A462146681CF5F70DF80F487F1C001DBBB200782A460121FFF78BF906462846F5F7D3FB08E0179800283E
:402E400005D005AA01211998FCF72EFB06460021082003F0E3FEDEE4052F0000D8130020701300207FB50D4604002BD0002D29D0FB206A461070342050709B2090705F208D
:402E8000D07080211171002050719071D1711072102151729072D072217B1173617B51739073D0730A4E102269462046F4F7B6FF002809D1607B00022880217B0843288076
:402EC000002601E0024E0F3E304604B070BD000020C4000010B50446054817210180A188091F418000F060F8204600F0A5FB10BD7013002010B507491720088006490020DB
:402F0000C86108620865486500F09AF800F0F8FB10BD0000701300204420002070B5002416460D4600281BD0522D03D0D22D01D01B2D03D119490978012925D02946FCF7DE
:402F4000B3FA00280ED01649884209D0491E884206D0091D884203D011490D3188420FD1012418E00F49032D02D0022D06D012E030880A8890420ED208800CE03088FBE718
:402F80000749491C884201D1022404E004490E39884200D10324204670BD000018130020132F00007013002010B500F049F810BDF1B5214D214CE888E188012741188BB2C2
:402FC000E3802278214609890026042A05D0052A03D0062A26D199420ED0994202D16770E680F8BDA988091AA980A9890918A98129680818286015E0E6806079401CC0B2FB
:4030000060712179884201D16770F8BD6269030198188188218106892E818089A881D0582860A98060780028EFD1034A16216846FCF73AFAF8BD0000F8200020B41300209D
:4030400070B5164D0024A878012804D1AC7000215620FCF7DDF9FF20287011486C70048010220021F4F7F2FE6C612C716C710C48EC802C814C3004810460848009498181FB
:4030800006480E30048041800548263004804480848004750448046370BD0000B4130020AC200020FFFF00007820002010B50E4C0A46216B491C2163014620462830F4F79A
:4030C000BCFEE26AA16A606A62612161E0602246D2210648FFF722FF2068002803D0F5F77FFA0020206010BD78200020741300207CB50C460546FFF7A3FF287869460870CF
:403100006878487020788870A078000288806178084369468880E07888714020FCF778F97CBD000008B501786A4611704078507003486946C07890705120FCF769F908BD80
:40314000B4130020F0B585B015460E4601786A4611704078002450701472204604E0117A491C001D1172C0B2A842F8D3107A8000F5F718FA019000283AD000201AE03218E3
:40318000019F5378A1007B52019F1B027B52375C641C3B43019FE4B27B52019FD378891C7B52019F1B027B5292781343019A001D5352C0B2A842E2D369464820FCF728F938
:4031C000A0000199801E085A0E494A89904203D20D4A9278002A0DD0062069460873FFF72FFF03A95820FCF713F90198F5F7F8F905B0F0BD401C0881024A06216846FFF7F1
:403200008DFEF2E7E8200020B4130020FFB585B00025059816460C460495027869460A70407848700B7301941F460E814720FCF7EFF8002E19D0012F02D0022F0BD014E0B5
:40324000002005E021184978255C09020D43001DB042F7D309E0002005E021184978255C09020D431230B042F7D30F48807800280ED10D480A304188A94209D96D1C05804F
:40328000024604210598FCF70FF90498012808D1042069460874FFF7D3FE04A95820FCF7B7F809B0F0BD0000B4130020F0B50546487885B0040208786E4604433481C878E6
:4032C0008E78000230436E46121FB08192B2B280091D00911C49002309891C4E1F468C4213D119498C89A0420FD1C88882420CD108689A4207D00099C45CC95CA14204D192
:403300005B1C9BB2F5E7002F05D00020F070F0806946087410E0287869460870687848700098FFF745FE707801280AD100207070012069460874F07004AA18212846FFF7CB
:40334000EDFD05B0F0BD0000F8200020B41300207FB51446054600786A461070687850700191148169464A20FCF752F80E480088401E84420EDB0D48807801280AD00B49B5
:403380000E3148880A46001948800C212846FCF78BF87FBD0C2069460873FFF751FE03A95820FCF735F87FBD70130020B4130020FFB585B0002716460D46039701786A4659
:4033C000117040785070158108985081694645200196FCF71DF818488078002820D1F01C04900024B61C29460898F4F7FBFB07E0234604996B43595C9F5D09020F43641CFA
:40340000A042F5D80D484188B94209D97F1C0780024610216846FFF781FD0398012808D1102069460873FFF70BFE03A95820FBF7EFFF09B0F0BD0000B4130020BC200020E2
:40344000FFB589B0164601786A461170407850703948002700781C46032805D0012803D0002801D0FE2808D132460A99009800F069F831480078032847D0002520460A9906
:40348000F4F7B0FB01902DE00A9928464843711C415C375C09020F432749097802291FD184192648007D012802D002280AD017E0A079617900020143204826380088884247
:4034C00008D00DE01D481022611D2638F4F7A6FC002805D10A9B22461946009800F032F801986D1CA842CFD8144A5088B84203D9114B997800290AD0082069460871FFF776
:403500009FFD01A95820FBF783FF0DB0F0BD7F1CB9B211801A78022A05D0084A08216846FFF7FCFCF1E76A4611815081012010770348908102AAF1E7B4130020D220002042
:40354000032800001FB584B06C46208A208001922181638169464620FBF75AFF08B010BD1CB504460020694608704C700620FBF74FFF002C02D1019800F08CF81CBD0000B5
:4035800010B50120FFF7ECFF054800218170017001614161C18001818180417010BD0000CC13002010B5002200280DD00749C968002909D0884207D3054B1B88CC1884427F
:4035C00002D3401A181A82B2104610BDCC13002072130020F8B5174D0446696906200091002923D02969002920D0A888A28886461018EA8890421AD82A896878824216D9FA
:403600000201944650182246CCCACCC00098624670448850A2882168F4F70FFC6878401C6870A088A9884018A8800020F8BD0920F8BD0000CC13002010B5002400F060F876
:4036400005480088F4F7AEFF04490028C86000D10324204610BD000072130020CC13002013B50120002904D00A4601216846FFF755FC1CBD13B506496A46098892880120B8
:40368000914204D301AA03216846FFF747FC1CBD7213002010B500281CD0C288002A19D08188002916D00C4C8B07E18012D1228100686061401800212061A18061701201E5
:4036C000F4F7C4FBE28800216069F4F7BFFB0120A070207010BD0000CC13002013B5012000290AD0054A8B881288D21E934204DC0A461B216846FFF711FC1CBD7013002054
:403700000449002088700870086148610249086370470000CC130020442000207FB5134C0A462346216B203319710D0A5D710D0C9D71090ED971014618460830F4F77DFB48
:40374000206B6A46401C2063094801781170407850702089908120680190A088108169465520FBF755FE002020607FBD442000207413002001B5002213216846FFF7CEFBF7
:4037800008BD0000F3B52F480F4600248178006985B022462546002946D005996B460E781E7049785970274E0190707818725F721A7369465020FBF72BFE012F1DD168463A
:4037C000007B002802D06A4651890EE031692001401881894223059A00F066FF002808D032692101891809896A4611820125114613E07078641C8442E8D3002219210598E1
:40380000FBF752FE1049884208D131692001401800896946012508821120C874FFF7B0FE012D06D007B0F0BD0E216A46D1740089108218206946887404AA01210598FBF755
:4038400033FEEFE7CC130020052F0000FFB587B00D46002069460881012405A90798FBF7E1FD002802D021480BB0F0BD204E0127009703A928460A9B099A00F093FF0E2824
:403880001DD000281BD16946C989491C29806946F268898911551219090A51706946C9899170090AD1706946241D898AA4B28C4203D86B461A89521C1A818C42D8D369469B
:4038C0000989002905D0F06801AA401C0721019007E029886A46118206219174D07404AA01210798FBF7E0FDBEE70000132F0000CC130020F3B58FB00F46002069464884DA
:403900000A90022401250BA90F98FBF78BFD002802D03F4811B0F0BD08A80D9006A80C9038887988884201D101200A900D990F9801910090002302AA38460C9901F034F8B0
:4039400006460E284AD0002E48D16846408C002808A807D00078A84244D1012D04D0022D19D02EE00578F8E72A48C0680019FFF719FE042832D36946088B2649020AC96861
:403980000855081942706946097A81706946497AC170241D14E01F48C0680019FFF702FE12281BD31B496846008BC968020A085508194270801C102202A9F4F73EFA12342A
:4039C000A4B26846808D844203D86A46518C491C51840A99012901D08442A1D36846408C002808D008A805700A4807AAC068801C0521079008E0388869468884042008A91B
:403A00008871CE7109AA01210F98FBF74DFD81E7132F0000CC130020FFB51C460D4603CB8BB0089009916846334E0585B0780027002801D1FFF794FD69460D9888830D83D1
:403A400003CC0490059104A8FFF7C4FD04002AD10B98694602780A704078487030690190707808724C724F20FBF7D2FC3078012801D006241BE06846447A002C13D1442312
:403A800008A80B9A0D9900F00FFE040003D0072C01D00D2C0BD104AA17210B98FBF704FD0746002C24D0072C22D00D2C20D069468D8116208873CC7303AA01210B98FBF756
:403AC000F3FC0746092C0ED0706900280BD06846818AB288914206D87078002806D0401E7070501AB0807078002801D1FFF748FD38460FB0F0BD0000CC130020F7B58AB04D
:403B0000002668460D46C681022408A90A98FBF789FC002802D02C480DB0F0BD3746102069462A4E8882F06800970019001D049004AA07A928460C9B00F034FE0E282BD0F2
:403B4000002829D16946C9896A460029918A2DD09289914224D16946C98B491C29806946F268898B1155090A121951706946C98B9170090AD170049906916946898A241D2C
:403B800009198CB26946098C8C4203D86B46DA89521CDA818C42C6D36946C989002907D0F06802AA801C1121029009E09181D2E729886A46918010219171D07101AA0121A8
:403BC0000A98FBF771FCA7E7132F0000CC130020FFB506468BB000206946C8810546022405A93046FBF71EFC002802D03B480FB0F0BD08A83A4F0990F86806AB0019801C80
:403C000006900EA8019000960D9A09990C9800F0CBFE0E2847D0002845D16946098C14230A465A432F4B1B68D218403A126BD243D20112D432786B461A7072785A7059805A
:403C4000187169465720FBF7E3FB41233246002106A800F029FD002825D169468A8B898A091F8A4201D96A4691836946C9890029694624D0898BA94219D16946FA68098C21
:403C80001155090A121951706946898BA41C09198CB26946898A8C4203D86B46DA89521CDA818C42A8D36946C989002909D068468581F86802AA801C0921029009E08D8B0F
:403CC000DBE76A46118C118208219174D07404AA01213046FBF7E8FB89E70000132F0000CC130020EC130020F7B58AB00F4600240125264608A90A98FBF794FB002802D006
:403D000033480DB0F0BD6100C81940786A4600029082795C08432F499082C9684919039100F02AFF002827D16946898A14228C465143294A126889184039096BC943C90127
:403D400010D40A996B460A781A71497859716146D980187201A95720FBF75AFB6B46187A002809D14123002103A80A9A00F09CFC0E2824D0002811D00E216B469970620062
:403D8000D119497809021980BA5C11431980D8706A4601210A98FBF787FBB2E76946088A641C41198DB26946098C8D4202D8801986B201E0491E8EB20C988442A3D36846BA
:403DC0008683044806AAC068401C0F210690E1E7132F0000CC130020EC130020F0B589B00C4606460020694608831D461746204600F0C2FE002845D1294A1421126861439C
:403E000089184039096BC943C9010ED4327869460A7372784A73CC81087403A95720FBF7F7FA6946087C00282CD105A93046FBF7F9FA002802D01B4809B0F0BD6946888A0B
:403E4000888019484123C06800900C8132463946684600F029FC002814D106A9204600F04FFA00280ED10C2D06D16946888A098B884201D90B2005E06A460A2D0CD00C2DFF
:403E80000CD0042069468D778C83C87707AA01213046FBF709FBCFE70B21F9E70D21F7E7EC130020132F0000CC130020F7B5002684B0059935463746039600290ED0142123
:403EC00048433449096840184038046B0698C10740070290002904D0E00605E00E2007B0F0BD800F01D0E004060F2B48044204D0270FBF1D03F004FE03900698C00703D0B9
:403F0000E00708D1022543E00298800F40D0E00501D403253CE0002E3AD00020009001906946059801F026FBF10722D0002813D16846C07801F04EFB012801D00F2527E01E
:403F4000B00703D568460078022805D3300705D568460078032801D2052519E0062F08D068468078B84202D30399884201D20C250EE00698C00701D0200704D40298800FFA
:403F800006D0200504D505480078002800D108252846A4E7EC13002002020000E41300207FB50B46050008D000226946184600F019F80400286803D00DE00E2004B070BD1A
:403FC00000280DD0AA88002A0AD06946F3F726FF002800D00E20002800D00A242046EDE70020F8E7F7B582B007460026684606801446380003D0474909888F4202D901206B
:4040000005B0F0BD00F00EFB012802D00A252846F6E73B46142043433F4800681918084620384039096BC0890A0101D5102104E0490101D5042100E002210025002C06D014
:40404000022914D0042914D0102912D02670334E821BB04226D014DC314E821BB04221D00ADC304A821A1DD0012A12D11AE0012200E002222270EAE7012A13D0FE2A08D1F0
:4040800010E0012A0ED0022A0CD0032A0AD0042A08D0234A521C02290BD0042911D010290FD035E00399002C0880B0D001202070ADE71949096859184039498B039908800C
:4040C000A5E7154C206818184038468B96420AD1806A00289BD04168002998D010220398F3F7ABFE93E7102912D36946384600F007F905008BD1206818184038C06B00286F
:4041000085D04068002882D0694609884118E5E70E257CE7E8130020EC130020012900000228000000280000F8B50E2415460F460646002930D000F075FA01282CD114209A
:40414000314641431C4800680818014620390246403A126BC989130101D5022201E05201D20F164B994208DA154BCC1A0BD0012C09D0022C07D0032C10D02B463946304645
:4041800000F04AF905E0002D05D13946304600F0ABF9044600E007242046F8BD002DFAD14068010101D5022201E04001C20F3946304600F0D3F8ECE7EC1300200129000090
:4041C00000280000FFB505460A2017461180002D03D01D4A1288954202D9012004B0F0BD14220E465643194A05241268E402B218203AD389A34202D0641CA342EED19489C4
:40420000AC42EBD2928AAA42E8D30C4610E01422624351182039CA890D498A4206D121462846039A00F080F800280BD0641CA4B2064909687218203A928AA242CED3A54206
:40424000E5D2CBE73C80C9E7E8130020EC13002003280000F0B507461420134A414310680A2608182038848A85893D8014E01420214641430C48006808182038C0890B4920
:40428000884202D0491E884204D1204600F0CAF9012805D0641EA4B2AC42E8D83046F0BD3C800026FAE70000EC13002003280000F0B501230A220B80002803D00E4B1B8818
:4042C000984201D90120F0BD0525ED020B4C6E1C142327684343DB19203BDB89AB4201D0B34201D108800022401E0004000C01D00A2AEDD01046F0BDE8130020EC130020A7
:4043000014225043074A126880184038C06B002804D04268002A01D0008800E00020088000207047EC13002030B5142461430A4C0346246800200C19214620398D899D4221
:4043400002D8898A994201D20A2030BD403C218EC906C90E117030BDEC130020F8B506460E2015460C46002953D02068FFF71AF900270146A780022D27D0012D25D0052079
:40438000884244D8304614214843224923680A68761C8218403A126B120C1A70A288521C92B2A28023689E54320AA68823689B195A70A288921C92B2A280022D07D0012D4E
:4043C00005D0002D14D00A2722E01320D8E7096840184038C06B002807D04168002904D0206880181022F3F728FDA08810300CE00968401820382168008B8854A288216828
:40440000000A89184870A088801CA08000E00E273846F8BDEC130020FFB585B000266846068186810674009686800D460868FFF7B9F8074601A90598FFF762FF04004CD1F7
:40444000AE8002A90598FFF733FF040045D1059869460989064614225643884210D02048204A006830182038C089904208D004AB03AA0598FFF7A6FE04002ED101200090CD
:40448000694689880898174B081A80B26946888013495B1C0968711840394A8B9A4206D0009A012A03D0B84205D90E2415E0B84201D968468780C86B002809D0406800283E
:4044C00006D008996A46411892882868F3F7B5FC6946A88889884018A880204609B0F0BDEC13002002280000F8B507460E2016460C46002976D02068FFF754F814214F439C
:4045000000253949A58009687B188C4619462039CA890527FF02BA4202D07F1CBA4222D1022E05D0012E03D0002E11D00A2558E0102855D3403BD86B002806D041680029DE
:4045400003D010222068F3F778FCA088103008E0022803D3088B216808703AE00E25A088801CA0803DE0214B1F4F9A4239D10B8B14221946514362468A18403A126B160147
:4045800001D5022201E05201D20F062828D320680370180AA68823689B195870A088801C83B2A3803868266808182038808AF054A6882368000A9B195870A088801C83B229
:4045C000A380002A0DD13868081820382168008BC854A2882168000A89184870BFE701E00E252846F8BD0000EC1300200228000070B50D46014614204543094800240068B4
:4046000028184038C06B002808D04068002805D080181A46F3F711FC204670BD0E2070BDEC130020FEB50546C0081E4F6A070126385C520F31469140084209D00024002C7B
:404640002BD069462846FFF733FE002802D024E00124F4E7684601888D421ED0C8084A07385C520F3346934018420AD00024002C13D002AB01AA2846FFF7A4FD002802D0E9
:404680000BE00124F3E768468088C1084007795C400F8640314202D000242046FEBD0124FBE7000008210020F0B585B00E46044600206946088020891D461346002803D057
:4046C000364F3988884202D9012005B0F0BD690605D52A461946FFF7E9FB01005CD1208901A9FFF7E5FD010001D00A2154E06A46928820899446604510D0142302465A43E2
:404700007B68D218203AD289254B9A4206D003AB02AA6146FFF756FD01003DD1E80711D020896946FFF7ECFD010035D168460088864201D900282CD1208932462146FFF7F3
:40474000F3FC22E0A80701D4680725D5208914227B684243D318203B114FDA897F1CBA421AD0FF1EBA4217D07F1CBA4214D0A2881B8B97199F420AD8AB070DD52468134653
:40478000014632462046FFF733FF014604E0B34201D8072100E00D21084696E7E813002002280000FFB587B004460020694608800A980A250088A9021646884204D0491C7E
:4047C000884201D01025EAE02788DFE069463846FFF76EFD054668460088FFF723FF002D7DD169460988B9427AD10128F8D1142041436C48406805900818014640390A6B99
:40480000D24312010AD4C86B00280ED0416800290BD0102201A8F3F710FB06E02038017E6A461171008B000A50711098012802D0002808D080E0B28801A93068F3F7EEFA26
:4048400000280AD078E00A98018814204743059838182038C08981426ED1684600881421504F48437968401820388189089801806846018805A8FFF7EDFC6846808A142164
:404880004843796840182038818A089841806846008814214843796840184038006BC043010101D540011CD41098012804D03068FEF778FE10283DD368460088142148436C
:4048C000796840184038C06B002806D04168002903D010223068F3F7B0FA10201EE036E033E01098012804D03068FEF75BFE022820D36946098814207A6841438918203908
:404900003268097E1170694609884143786808182038008B3168000A48700220B0806846008814214843796840182038808A401C208034E00E2532E06846008814214843A5
:4049400018490A25496840180AE0012803D028430BD00A2523E0142041431248406808182038808A401C20800FE068460088142148430C494A6880182038808A401C80B294
:4049800020800988884200D90A2587B26188B8B2884204D203490988884200D816E728460BB0F0BDE8130020FFB587B00546002268460F46027329880A26002970D0688851
:4049C0000028FBD081426BD80A9800280AD01198007802280998009006D00220694688802C8850E00092FBE71020F7E704A92046FFF75EFC06466846008AFFF713FE002E6D
:404A000035D16946098AA1422FD101282FD1584914204968604340182038C089694688820098002806D0022205A9F3F7F7F9002800D00E2000284CD13C800A98002807D03D
:404A4000142044434A48406820182038808A5BE014204443464869884068201820388089401C814279D3288077E0012819D03C80142044433E480A26406820182038808A06
:404A8000401C84B22C806988A0B2884203D8384909888842AAD90A9800285CD0002E35D063E01420224642433148324B406810180246203AD2899A420CD0288803AB06AA5B
:404AC000FFF780FB06466846008BFFF7ABFD002E09D032E04038008E6946C006C00E08732046FFF79FFD0A99002924D0012824D121466846FFF754FA06001ED16846007BF8
:404B0000C00715D03C802888401C28803888694608810A984123006800900A988088888000216846109AFFF7BFFD00280ED01BE002263C8019E0012803D03C800A26288810
:404B40009EE73C802888401C2880A4E7684681880A98818009E0002E07D13888119A0999FFF740FA002800D0064630460BB0F0BDE813002002280000002803D003490988F0
:404B8000884201D90120704700207047E813002010B500240346002801D0002900D101240548436001804280402200210348F3F74DF9204610BD0000E81300200821002075
:404BC00070B5002803D0002A03D1002B01D00E2070BD0489002C03D0054D2D88AC4201D9012070BD02242343FFF75EFD70BD0000E813002010B51446114A00290DD00028CA
:404C00000BD0002C09D000210E4A21705179002913D09178012902D00FE0104610BD1188018021780A2359430918121D891C1046FBF7A2FA2078401C2070002010BD0000D7
:404C4000132000001214002038B50C461149002817D0002C15D010494979002905D001466846FBF7E1FA00280DD00020002802D08178012909D00020C04320800548001DDF
:404C800038BD084638BD0448F0E700882080002038BD0000132000001214002010B5002805D006220349F3F7C8F8002010BD024810BD00000C140020132000001FB50400B4
:404CC0000FD003AA01216846FFF794FF002806D16946097B002902D003490978217004B010BD0248FBE700001E1400201320000001460020002905D0034A1368002B00D1E9
:404D00001160704701487047081400201320000013B501AA012100F055F81CBD10B51346002904D00A46194600F04CF810BD014810BD00001320000070B588B013000C465B
:404D4000054604D01F2C05D90D4808B070BD0C48401CFAE768460470224619466E46401CF3F76BF81F20021B3019401C0021F3F76DF86A462021284600F024F8E5E7000032
:404D800012200000064A08B5914201D9054808BD6A461170090A5170022100F013F808BDFF0E00001220000008B56A461070000A507091700321024800F004F808BD0000F7
:404DC00006040000F8B5064617460D46C81CF3F7E9FB040018D02670300A6070E01CA570002F03D02A463946F3F727F8ED1CABB222460649012001F08BFC050002D02046C4
:404E0000F3F7EEFB2846F8BD0148F8BDB98201000520000010B500221146FFF7D3FF10BD10B50179C27809020A438178104601F06FF810BDF8B5044680783A4901280870F2
:404E400002D90120087001E0002801D003F06CFA2079E5780002054362D03348854203D10622A11D314851E0314885420FD1E079A6790002277A064339463046FCF716F8F9
:404E8000002E01D0002F43D10C20607140E028491631481E8D4201D085420ED1854206D124490878A070FF2805D0401C0870204601F010F82CE00020F8E71F48854212D149
:404EC00000F0A2F9012823D100F098F906001FD001466A460020FCF7ADFF684601883046FDF724F914E06079002811D11048001D854204D1114812490078087008E00C4858
:404F0000C01C854204D106220E490F48F2F795FF0E480078002803D16179284600F0CCF9F8BD0000F4130020091000000C14002002200000FA130020030C000026140020F2
:404F4000251400201F14002018140020F813002070B50446C07813490128087002D90120087001E0002801D003F0DEF9A578607924790002044313D00B48201805D1002D05
:404F800003D02946204603F0E5F908480078002806D10748844203D12946204600F08CF970BD0000F4130020F3DFFFFFF8130020630C00007CB501A8FAF71EFF00281ED1C1
:404FC0006846007903281AD10D4D0024687900280AD028880B49884206D0284600F08EFA281D0321FBF702FC0320694608700C20487001238C7003221846F3F7FFFC7CBD41
:4050000012140020FFFF000070B50024094D0A4E09E024216143705C89194A78891C00F047F8641CE4B228788442F2D30020287070BD0000F01300204821002070B5242A1A
:405040000FD8084C2378022B0BD024256B43064DE85458194270801CF2F7EFFE2078401C207070BDF01300204821002010B5C01C01F016F801490020087010BDF713002061
:4050800070B58578C41C0FE060782178000201430A05E078A1780002120D01431046FBF71BFF6D1EEDB2241D002DEDD170BD0000F7B582B002980C46022802D004280FD1AC
:4050C0000FE00498211D001F82B2204602F076FE4349884204D12146049A0298FFF7AEFF7AE02078009004986178801E0190814272D13C4D01202870009A102A27D008DC3E
:40510000052A0DD0082A13D00E2A16D00F2A52D118E0132A1ED0302A0AD03E2A4BD11EE02046049903F02EFA287800283BD03FE020460499FFF774FE3AE020460499FFF76D
:4051400079FE35E020460499FFF702FF30E0FFF731FF2DE020460499FFF792FF28E0A0780026214F012808D00A2806D01F49052809880ED0032813D01DE02046049903F018
:4051800029F91A480088B84212D019482E70067009E0B94206D120460499FFF767FF07E0B94208D02E702146049A0298FFF746FF2878012808D10F480368002B04D001984A
:4051C000A11CC2B2009898470B4C2078022803D1FAF750FE01202070002005B0F0BD00002C230000F7130020FFFF000004140020F013002008140020F8130020014840895D
:4052000070470000F41300200248007AC007C00F70470000F41300200149088170470000F41300200021054A002803D01B2802D2012070471B20508108467047F413002015
:4052400070B518480024046084800C300460154D84800120183D28706C70E87028461E3000F04CF9AC81EC810F4AAC700020C100545089188C80401C8C710228F7D32C71B9
:405280006C710020AC71C04328820848417E08480088FBF70BFE022028710648FFF7BAFD70BD00000C14002090210020741A0020B4120020030C000030B51FA30CCB87B0F9
:4052C000019300921EA30CCB039302921EA30CCB05931F4B0492C21A02241E4D984215D00DDC1D4A80181AD0022811D0622804D1082204A91948FFF711FD07B030BD042A20
:4053000014D0174810180ED00128F6D12C71F4E70029F2D11048082269464042EBE7082202A91048E7E70A48001D01E00B48401CFFF770FDE1E70000FFFFFFFFFFFFFF2FFE
:4053400000008000000000003F0000000000000005100000F4130020FFF3FFFF0120000004F0FFFF630C00000149002048617047F413002010B50C46124988B000281DD010
:40538000002C1BD0104B002A01D0197811701978FF2915D0491C1970014610226846F2F74CFD1022214604A8F2F747FD054820216A46001DFFF706FD08B010BD0846FBE70E
:4053C0000021E8E713200000F913002000B585B0002905D00C4A904205D90C4805B000BD0A48401CFAE76A461070000A507000A810220230F2F721FD044812216A460830A7
:40540000FFF7E0FCEAE70000FF0E000012200000F0B5044685B00F2004900B980A9D002832D027461A4E203F1A48B7422AD20F46203FB74226D2042A24D8032B22D8012D7F
:4054400020D80C9E761E072E1CD20D9E032E19D868460470240A44708170090AC1700271437185710622C01D0B99F2F7E6FC68460C9941730D99817306486A460C380499BC
:40548000FFF7A0FC05B0F0BD0248401CFAE70000E13F00001220000038B50B4C6279002A08D101466846FAF713FD0849884203D0002801D0002038BD684600782071012033
:4054C0006071014838BD0000121400201214000010B5094B5A79002A0BD0002294001C5B844204D19000C0180860034810BD521CF4D00020086010BD1214002010B5FF21DE
:4055000001710021054B02248A00835212189470491CF9D00021417110BD0000FFFF0000FFB5114881B01D4617460E0019D0002D17D00E4C217EFF2913D1204601F062FA48
:405540000198002800D0012060746660278125600A98E0600820207405486061034801F0A9F905B0F0BD0000112E0000E8240020D957010070B50C4600281FD00178FF29FB
:405580001CD0002C1AD00021104DC94300F0CCFE052818D0A42148430D494518687A0107090FE170890701D4C0060AD5E87A214600F012FA287BA070002504E00348401E06
:4055C00070BD024D2D1D284670BD0000122E0000A02100200007800F022801D00020704701207047F8B50C00054614D101466846FAF71AFE002802D16846FAF71DFD0A4EF6
:40560000A42130784843094940180D302946FAF763FE0520307006480268002A02D02146284690470020F8BD2D140020A021002028140020FFB583B015460E4600281FD085
:405640000178FF291CD00021C94300F06DFE05281AD0832E1BD0174C002100F003FE0746012824D0304600F01DFE694688720020C872009506980881384600F095FE15E04D
:405680000C48C01E07B0F0BD0A48801EFAE7A4214843094940184088002D03D02946FFF795FE03E001460548FFF76CFB04462046E8E70000142E0000A02100201B20000018
:4056C000002803D002490860002070470148704730140020112E000070B50C46014606221048F2F7AAFB1048104D0460052028700F48104E0024A421614389194A7AD20660
:4057000008D58A7A920605D52831064800F042F8002804D0641CE4B2052CECD370BD2C7070BD000034140020281400202D140020192E0000A0210020F3B5144E144D81B064
:4057400007460024A42060434119487AC0060ED5887A80060BD53820BA79405C824206D1393106223846F2F759FB002805D0641CE4B2052CE6D33046FEBDA4204443601923
:40578000417B029800260170F5E70000122E0000A021002070B50A0007D0002805D00C4D2978FF2904D00B4870BD0A48801F70BDC11CA860104600F017FE0400F7D1032039
:4057C00028700121092001F029FA204670BD0000D4240020172E000008B50848417C00290AD00B21027EFF230376037C0093C368052000F02DFA08BD0A21F3E7E82400203F
:40580000F0B50146002085B02E4D074601902878FF26022802D0032843D107E028460C30082603220746F2F708FB3AE00322A868F2F7F4FA002801D023480190FF20AF6860
:40584000287022480478052C2AD00622394602A8F2F7F3FA012069468873019800281AD0641CE4B2052C14D2A4202146414318480918487AC006F3D5887A8006F0D528318F
:405880001448FFF787FF0028EAD11048047005B0F0BD052C05D102A80199FFF7A3FE00E00926FF2028700021092001F0B7F9FF2EEDD0062000903B4631460520019A00F024
:4058C000C7F9E4E7D4240020FFFF00002D140020A021002034140020F3B583B00021039800F0C0FC060004D100F052FA304600F0A1FC0398A4214843204900254418607A51
:405900002F46030904981B01002818D19B1CF32003400833002E12D1002001900290E07A01A900F059F8207B69468871D80604D44879012801D11020034301AD0527637262
:40594000039800F011FD0498002809D1002D07D0607B002102F0DAF80320039902F0C0F90021092001F05AF92B4600970121049A039800F06DF905B0F0BD0000A021002038
:4059800070B506463446A421114D00204C43C043611948804860285DF32210402855487A0009000148720021304600F05BFC012803D008493046FFF78FFF285D8007800F90
:4059C000022803D10121304600F07CFC70BD0000A0210020182E000000220A718207920F012A00D000224A70020701D5032204E0420701D5022200E001220A70020709D528
:405A0000420701D501220A71C00603D50879022210430871704730B54278012A00D000220378FB241D072D0F0423022D03D02240032D02D010E01A43FAE70C2500792A435B
:405A4000C50701D01A4300E02240800702D51020024301E0EF2002400A7030BD042807D8042905D88A008918024A8918085C704700207047FCA7010010B5084B04461B78C6
:405A80000020072B09D98C4200D22146994204D20349104600F0FAF8024810BDAA14002006040000FFFF0000024610B500200B46120704D40249184600F0E8F8014810BD7B
:405AC00003040000FFFF00007CB50B46A42148430F4900264418657AA807800F022801D0E80612D5A07A0009C00702D1E07A00070BD5E07A6946FFF76FFF207B694688705B
:405B00001946684600F07CF9657230467CBD0000A021002070B50646124800240578002D1DD0002A01D1012E05D008070BD5480707D508200CE0080701D5202008E010209B
:405B400006E0042004E0480701D5022000E00120054204D10449184600F098F8034C204670BD0000A914002003040000FFFF000010B50078002807D104484168FF2903D0B7
:405B800000780349FFF7A8FE10BD000028250020152E000070B50C4C2278012A12D1014620460F3003220546F2F747F9607C40214006400E084360742946606800F014FC37
:405BC0000220207070BD0000D4240020042807D8042905D88A008918024A8918085C70470020704715A80100FFB50646581D85B281B01F462846F2F7D5FC040016D00298E3
:405C000020713A46601D0399F2F717F9A4200E49704340180D302B4622460621FBF7ACF9050006D02046F2F7DBFC0AE0074805B0F0BD0021304600F015FB002801D100F02A
:405C40008DF82846F3E70000A0210020052E0000FEB50B4C089D2468002C0ED0FF266F463E71052805D2A4267043064E8019407B387101A80095A047FEBD0348FEBD0000BD
:405C800030140020A0210020112E000038B5054601200C4680028143009101236A4605212846FFF7A1FF21462846FFF715FE002038BD0000F7B50646087882B00D46009060
:405CC000491C0498FFF7A7FE04982C4680782872E87B019011342F7C012E09D1FF2007460190E41F04990098FFF7EEFE002831D1221D2146601C01F0EDFE049840780028C0
:405D000000D120700098A4214843134940180D30A11C01F06DFF207841074006490F400F022E08D10A4601461046AA7B23799A4200D31A462A7226706A78E270019A384003
:405D400011406171A0710623621C31460098FFF74BFF002005B0F0BDA021002001B582B06846007A00F014F8012000906846007A90214843044902AB40185830034A1E210F
:405D8000F2F74CFC0EBD000028250020715B01009021484310B5054944184034207E042803D0F2F78FFC0420207610BD2825002010B5827804794379012905D1D20664074E
:405DC000D20E640F5B075B0F0178042911D8417801290ED851090CD19107890F012908D8C078102805D8072803D3072C01D8072B01D9024810BD002010BD0000FFFF00004F
:405E000002780B7812071B07120F1B0F9A4203D380788978884201D20148704700207047FFFF000001484088704700002C14002001494880704700002C140020F8B504249C
:405E4000194E1A4F00252046A42148433554801900214780C9434160014603460E3180331961103159610A3199611031D961C91D1962083088220021F1F7E8FF641EE2D5AD
:405E8000002000F0D7F90A4C0A4A412106206560FBF7A6F80849FF200870143108762146087005206070F8BDA0210020FFFF00002C14002085600100D424002010B5044AF7
:405EC0000021012000F0FEFE01F0B0FE10BD00000166010070B5027941781302C27800251A430A4B4479D21808D0012A05D1091F8AB2811D204600F023FB70BD091F8BB299
:405F0000821D2146284600F0DBFA70BDE9DFFFFF13B5144984B00024A422624352185288824203D0641CE4B2052CF5D3052C11D00021204600F096F901280DD007216A466D
:405F400091720121D17205AA00926A461181694600F02AFA06B010BD6846017D2046FFF7BBFCF7E7A0210020FEB50F4604466946FAF702F9204600F0CBF90646052821D081
:405F8000A42011497043441825782807800F012818D03868606002A8FEF790FEEF2005406846007A002800D010200543F32005402D1D2570A11C6846FEF746FE314602205B
:405FC00001F08EFEFEBD0000A0210020F7B584B00E460699022941D3002E3FD00021C94300F0A2F90390052838D03778012F02D00025294608E00125002100F033F90446DF
:4060000001280ED10121039800F02CF90446012802D0012D05D008E0012D1FD18121C9001FE00121092000F0F9FD384600F03AF969468872FF2813D02046FFF78FFE6846B2
:40604000807A092800D001276946CF720698761C0096401E0881204600F0A6F907B0F0BD02490398FFF712FEF8E700000704000010B50968002000F057F9052801D0FFF7A7
:406080007FFC10BD30B41546044A890089184039CC6B2946A44630BC1A46604730A801007FB5054640782A780002024314480024A421614309184988914203D0641CE4B255
:4060C000052CF5D3052C11D00021204600F0CAF80A2101280BD008226B469A730122DA73AD1C0195998101A900F05EF97FBD0091AB1C002205212046FFF7AAFD7FBD000050
:40610000A0210020014610B50020490707D500F05DFE0446F43400F064FA001980B210BD3EB50024FFF77EFEFFF7ECFF002829D00020009001900290F4216846F2F758F9A8
:4061400004001FD1104C0098F12200216060F1F77DFE0E496068C86500F038FE014601A8F2F746F904000DD1019800F033FE00F038FA014602A8F2F73BF9040002D1029819
:4061800000F032FA20463EBD3C1400202825002001480078704700003C14002010B50F228B5C845C63408B54521EF9D510BD0000F8B500250746052069461D4E08702C460B
:4061C000A4216143705C8007800F02D0022802D00BE025460DE088194068401C05D168460078052801D168460470641CE4B2052CE6D3052C12D168460078052807D1002121
:40620000684601F027FD6846007805280FD068460178012001F064FD68460578284600F0A3F8A42068433978801941732846F8BDA0210020F8B505469020094F4543EC19AD
:40624000204690220021E66DF1F700FEFF20E66578557F2160600855042040342076F8BD2825002070B5012909D001460B4C002522788A4210D12070FF2902D00AE0FF21A2
:40628000F4E7FFF7CFFD400702D505484068E06501206060284670BD012070BD282500203C140020064A10214B00D35C834203D14800801840787047491EF5D5FF20704758
:4062C0003CA8010070B505281FD20A46A4210F4D41434C190E46012A09D10146012001F0FFFC20460D30F9F7A7FEFF2060730020A855401E608060602046083088220021C1
:40630000F1F7A4FD002000F009FD70BDA021002010B500210446C94300F006F8052802D12046FFF745FF10BD30B505460D4C0020A4224243A35C9B070ED04B1C03D0131940
:406340005B688B420CD0002D06D02B78FF2B03D01219527B9A4203D0401CC0B20528E7D330BD0000A021002010B5A421074C48430119497A235C0222C90600D50122990894
:406380008900114321548807800F10BDA02100204068902200785043024A80184068086000207047282500200EB56A461070C3B2902253430A4A9B18029390235843105C1C
:4063C0006A465070A4225043064A8018019068464860887A0A4601460120FBF757FC0EBD28250020A021002010B588B0002400940194029403940A786B461A704A785A702D
:406400008978997004AA6946FEF7B4FF002801D101490C7008B010BD2C140020F0B515460A46044610468DB00D3004A90646F9F7C5FE06A93046F9F757FE6946887D04AFC1
:40644000C007C00F0870887F06AEC007C00F4870012D31D025462835214600A807220A310230F1F7EAFC214602A8072211310130F1F7E3FC2046803000210160416081600D
:40648000C16006223146F1F7D8FC2046062239468630F1F7D2FC69462846FFF77FFE204608AA69464830FEF765FF002802D101216034E1770DB0F0BD25463835CCE70000C1
:4064C00070B51D4CFF21E07F88B0FF2815D025460026603D01281CD002282BD003280AD106206D46A872EE7200922B81E17730466946FFF759FF08B070BD104B1878FF288A
:40650000F9D00028F7D1197003211046FFF778F9F1E7294680310E461046FFF73FFE284603AA31464830FEF725FF0028E3D10220E077E0E70420D4E7882500202C14002018
:406540003EB5174D08462B7816490024012B03D14968FF290BD02C7012496031CB7F042B0FD0072B0DD01146FFF714FB3EBD01F0A7FB02202870F1F723FA0028F6D02C707A
:406580003EBDFF22CA7703216A469172D47200901020108169462046FFF706FF3EBD00005D1300202825002070B51346054688B00E4604464835082219466846F1F73DFC94
:4065C0000822314602A8F1F738FC04AA69462846FEF7D0FE002802D103216034E17708B070BDFF2009307047044988604130C86035300861413048617047000044140020C2
:4066000010B5002A04D0012A01D100F005F810BD00F03AF810BD0000F8B5002069460870012301466A46184600F042FB69460878002824D00024124F1DE0A42026464643D1
:40664000F5192A46083288230021012000F030FB0C4A287A1178884200D91070B85DF32180088000401CB855687A084080088000641C6872E4B2684600788442DDD3F8BDA9
:40668000A0210020AD14002038B500206946184D0870A4214143695C8907890F012903D16A461178491C1170401CC0B20528F0D301236A460021184600F05EFB68460078AC
:4066C000002813D000242046A4214843295C8907890F012906D14219083288230021012000F04AFB641CE4B2052CECD338BD0000A021002010B50548012102780170002A2B
:4067000002D10420F2F7F0F8002010BD6C140020F8B51F4E9C463378012B03D0022B01D01C48F8BDC3001C481B18581C9F785D785C680C235D436359002B06D001210420F7
:4067400000F06CFA1348401CF8BD615103780C256B431B1961461981002A04D001780C23594309194A600178491CC9B20170B94201D1002101707068401C706030780128CA
:4067800004D1022030700420F2F7AEF80020F8BD6C140020111100000026002010B51048002404704460242221460E48F1F74EFB0C48242200212430F1F748FB0948032176
:4067C00084640465483081708172064941602431C1600470047244704472002010BD00006C140020B8250020F8B500250C4C01262F462078002810D001280ED0022802D03F
:40680000032808D106E000F00DF86068002802D1267000E02770002DEBD00020F8BD00006C140020F8B500262048F1000C18A0786568009021780C2041436A58002A31D051
:406840004B19002019890746002901D001275868904717480078032827D0012F0CD120780C21484340194068F1F7BAFE21780C22002051434919486020780C2250430021F6
:40688000401901812078504329502078401CC0B22070009A904200D1217005484168491E4160C7E7761C022EBED3F8BD002600206C140020F0B5044685B01F4801214460AA
:4068C000657C01706A461D49206800F09EF9112636020746B04204D1207E14210843207605E0002F03D16946204600F099F8380001D0B0421AD1002D02D0012D03D006E0A0
:40690000217E202201E0217E40221143217600280CD1204600F008F9002807D1002D07D0012D03D1217EBF221140217605B0F0BD217EDF22F8E700007414002024AA010087
:4069400030B5C37B0E215B00C373425C4318D4095D78520025435D704254491EF5D530BD7FB527480D460178012913D14468FB21207EC206002A0EDAEF2210402076420751
:4069800001D5084020762946204600F049F8204600F0CAF87FBD8207FCD54207FAD508402076628BA18B531E994204D12946204600F05EF87FBD914209D1FD21084020763F
:4069C0002946204600F0EEF8606980477FBD6068090140186A46294600F00AF92A466946206800F012F9112109028842EED1A08B0421401CA083207E084320767FBD0000F2
:406A000074140020002101604160C160416101810174418381834174012101760020704770B5044605461E340E462E3510222046F1F703FA2046FFF783FFF07B000604D57C
:406A400022461146094800F0D3F8102221462846F1F7F3F92846FFF773FFE07B000604D52A461146014800F0C3F870BD34AA010030B50D46418B89B00446002907D0207A78
:406A80000207120F39D00020012838D002E001206083227A002000900190029003901020811A68460818014680232039CB776168002905D0638B1B01103BC918F1F7BDF9B1
:406AC00021466A462E31104600F092F804AA2946684600F08DF86A4604A9206800F095F8054611200002854215D1A08B0421401CA083207E0843207613E00120C4E708016D
:406B000062681038111810226846F1F796F921466A461E31D7E7002D03D16946204600F041F8284609B030BD30B50446008989B0010900076183000F01D0491C618300211C
:406B40000091019102910391217E0222114314482176002517E060682901401804AA694600F046F86A4604A9206800F04EF8002807D0A18B0422491CA183217E1143217651
:406B800005E06D1CADB2618B491EA942E3DC217E490703D469462046FFF76AFF09B030BDFFFF000070B5002606760446027C1020801A4518607C002802D0012805D011E0B2
:406BC0002946E068F1F739F90CE02846E168F1F725F9002806D0227C2946E068F1F72DF9FF2020760148067070BD00007414002030B50F23C45CCD5C6C40D4545B1EF9D5F6
:406C000030BD10B5FFF7ACFE10BD08B56A46FEF7B1FB002801D11120000208BD012909D80C2807D20122054B82401868012902D09043186070471043FBE700007C14002085
:406C400001490020086070477C140020704700007CB5054601AA694600F09EF8134C00280CD101212846F2F7D9FB002806D12846F2F7F6FB401C01D000240CE020467CBDF4
:406C80000099A0000B58002B03D001222946FF209847641CE4B2684600798442F0D301212846F2F7B9FB00207CBD000012A1000010B5144608461A462146F2F7BDFB80B2A4
:406CC00010BD0000FEB5140008460DD001AA694600F062F80100104808D169460B79FF2202AE0021009D0AE00B48401EFEBDFF2A03D18F00EF59002F0CD0491CC9B299424D
:406D0000F5D38B42F2D06846007A009980000C500020FEBD3170F4E712A100007CB5054601AA694600F038F8124C002805D100212846F2F773FB002801D020467CBD284617
:406D4000F2F7CEFB00240AE00099A0000B58002B03D000222946FF209847641CE4B2684600798442F0D300212846F2F755FB00207CBD000012A1000010B5144608461A46C3
:406D80002146F2F79BFB80B210BD10B5F2F72CFB0020FFF75DFF10BD002801D00348704704201070024808600020704711A10000102600200020044902468300401CC0B2A4
:406DC000CA500428F9D3704710260020FF2051307047000001490860704700008014002010B50EC9F2F712FD10BD10B50EC9F2F745FD10BD38B50024E443054600290AD085
:406E0000052000904B68097804A0F2F7BBFC2860401C00D00024204638BD00007461736B0000000010B5F1F7D1FC10BDF8B50E460546F7F773F8002300906C46AB20E15CE6
:406E4000002900D1E0545B1CDBB2042BF7D32A463146204600F002F8F8BD0000F7B58AB03A480890001D054606900898019038480F460168069800910291039001260024EE
:406E80001835042233A10898F0F7D7FF0099069880310A7902704979417006980422801C0A99F0F7CAFF8E206946087530460899303048702819049001A800F04FF800204D
:406EC00021186A5C002A01D130226A54401CC0B21428F5D31434761CF6B2E4B2032EE5D9281D029000200390019568460475174E0024082F1DD908273019049001A800F00C
:406F00002DF8002030222118735C002B00D17254401CC0B21428F6D36946097D3120685469461434087DE4B2401CC0B2087500212954BC42E0D3002004E00C99325C0A549A
:406F4000401CC0B2B842F8D30DB0F0BD20260020841400203030303000000000F0B5BD4E07463446C56885B04034BB482060BB486060B948C043A060B848C043E060B8485C
:406F80002061387C362801D8402104E0762801D8802100E0C021019104280AD23968042208180021F0F752FF3A7C3968802088541CE088280DD2796804220818001F0021A8
:406FC000F0F744FF3A7C796880208918203908770CE0B9680422081888380021F0F736FF3A7CB96880208918A039087600200090387C694640098870387CC000C87001985F
:40700000800903900020D2E00020844602988001864660467146800009183A7CC9B28A421AD3042901D23A6806E0882902D2091F7A6801E0BA68883951180A78120232504D
:407040004B781A43120232508B781A4312023250C9780A43325016E0019A083A8A4201DB00210FE06A4611780902315052781143090231506A4692781143090231506A4610
:40708000D278114331506046401CC0B284461028BFD32068286060686860A068A860E068E86020692861002084460007000F86466046102817D37046C01E0007800E315811
:4070C000704608300007800E305841407046801C0007800E32587046800033585A4051401F22D14131506046142809D26968AA6808461040EA688A431043E06159481EE043
:40710000282807D2A96868684840E9684840E061554814E03C280BD2A868EA680346696810430840194611400843E0614F4806E0A96868684840E9684840E0614C48A061E9
:40714000E0692969A269411828681B23D8411018091870468000305808186061E8682861A868E86068680221C841A86028686860606928606046401CC0B28446502894D306
:4071800020682968401820606068696840186060A068A9684018A060E068E9684018E06020692969401820610298401CC0B203990290884200D227E7F9682078C87020887E
:4071C000F968000A88702068F968000C48702068F968000E0870F9682079C871A088F968000A88716068F968000C48716068F968000E0871F968207AC8722089F968000A6A
:407200008872A068F968000C4872A068F968000E0872F968207BC873A089F968000A8873E068F968000C4873E068F968000E0873F968207CC874208AF968000A88742069F9
:40724000F968000C48742069F968000E087405B0F0BD00007C2600200123456789ABCDEFF0E1D2C39979825AA1EBD96EDCBC1B8FD6C162CA30B500224B1E4C0805E0815CDB
:40728000C55C8554C154521C5B1E9442F7DC30BD10B5044605480069F2F73CFB2060002801D0002010BDFF2010BD00008814002070B50A4D0446302905D8A869F2F72AFB34
:4072C0002060002805D16869F2F724FB2060002801D0002070BDFF2070BD00008814002010B5044605484068F2F714FB2060002801D0002010BDFF2010BD0000881400205F
:4073000010B504460548C068F2F704FB2060002801D0002010BDFF2010BD00008814002010B5044605480068F2F7F4FA2060002801D0002010BDFF2010BD0000881400202A
:4073400010B5044605488068F2F7E4FA2060002801D0002010BDFF2010BD00008814002010B504460548C069F2F7D4FA2060002801D0002010BDFF2010BD000088140020AA
:4073800010B5F6F793FEF6F737FE002010BD0000014610B502480069F2F74AFB10BD00008814002070B5084C05460146A069F2F73FFB002806D029466069F2F739FB002853
:4073C00000D0FF2070BD000088140020014610B502484068F2F72CFB10BD000088140020014610B50248C068F2F722FB10BD000088140020014610B502480068F2F718FB57
:4074000010BD000088140020014610B502488068F2F70EFB10BD000088140020014610B50248C069F2F704FB10BD00008814002070B5040068D02068344D00782876206812
:407440008078E876206800796876F0F761FAC0B2022806D1687E042803D120680079401E6876287E81070BD08107890F401A0C3082B2697E2648F2F773FA002844D101E043
:407480000830F5E7E87E81070CD08107890F401A0C3082B21E480421001DF2F761FA002832D101E00830F4E71948202204210830F2F756FA002827D11548202203210C30A1
:4074C000F2F74EFA00281FD11148502201211030F2F746FA002817D10D48482201211430F2F73EFA00280FD10948302204211830F2F736FA002807D10548402202211C3048
:40750000F2F72EFA002800D0FF2070BD741A0020881400201FB501A9F6F768FD04B010BD10B50D4C6069F2F72FFBA069F2F72CFB2069F2F729FB2068F2F726FB6068F2F74F
:4075400023FBA068F2F720FBE068F2F71DFBE069F2F71AFB002010BD881400201FB501A9F6F758FD04B010BDF7B5054682B000205249534A00900427681AAE188D421BD029
:407580000ADC002E1AD04E2E1AD04F2E18D0F5208000301A15D10DE001280BD0032807D0072803D0474940180BD107E00A2708E00B2706E00C2704E0442702E0072700E0FA
:4075C00006276946381DF7F767FA002802D0072005B0F0BD009C294667702046039AF6F7F9FF0398002864D1344B2A465B1CE81A049F049D34493F0AEDB29A4238D008DCED
:40760000002E23D0F5208000301A3CD0012850D14CE002280BD0062804D02A49491C401847D11BE0A11D0020F4F7FEFF41E0087EA071000AE071087E2072487E6072000AEB
:40764000A072487E21460931E0722CE0214608310498F2F795FD06E060712AE0214608310498F2F779FDA571E771002821D0F3E7251DA01D08220021F0F7E8FBA879602109
:407680000843A87115E00879A0710889E071000A2072487960720888A072000AE072C88821460A312073000AC87002E0A01DF6F7BDFF2146FF20F6F79DFD89E70210000032
:4076C000D3F3FFFFFDFBFFFF741A002030B51E4B0224C21A984235D015DC1C4B0325C21A984225D008DC1A4A801826D0172826D0184A80181AD11DE02A2A1ED0602A19D026
:40770000782A13D11BE0144BD01A9A4210D007DC124810180CD001280AD0022806D107E0042805D001229202801A08D0002030BD002000E00820087002E00D7000E00C7005
:40774000012030BD0420F6E77C0C0000030C0000FAFBFFFF05F8FFFF890300007BFCFFFF10B5224C131BA2423CD016DC204C131BA24228D008DC1F4BD2182DD0172A2ED047
:407780001D4BD21808D121E02A2B22D0602B1DD0782B01D1F7F7A8FA10BD184C1A1BA34211D007DC164A9A180DD0012A0BD0022AF2D108E0042A06D001239B02D21AEBD191
:4077C000F7F7A1FA10BDF7F760FA10BDF7F753FA10BDF7F79FFA10BDF7F758FA10BDF7F7A5FA10BDF7F723FB10BD00007C0C0000030C0000FAFBFFFF05F8FFFF8903000071
:407800007BFCFFFF70B50C460146304E01208B1B0546B1424ED01DDC2D4E8B1BB14238D00CDC2C4BC91839D017293DD02A4BC91803D11146204600F055F870BD2A2B23D030
:40784000602B3DD0782BF8D115701146204600F091F870BD214D591BAB4213D007DC204959180FD001290DD00229F2D10AE0042908D001239B02C91AEBD11146204600F0DD
:4078800088F870BD002070BD1146204600F085F870BD1146204600F088F870BD15701146204600F05BF870BD15701146204600F078F870BD15701146204600F082F870BDC3
:4078C0001146204600F036F870BD00007C0C0000030C0000FAFBFFFF05F8FFFF890300007BFCFFFF10B5104B0422597A3024114059720E4A0168114001600D4A41681140AD
:407900004160026850080843810A2140C00D422420400143587A120989242240104301435972002010BD00008C1B00209088000200800020084AFB23517A1940517201238F
:407940000168DB0519400160507A490D0423194008435072002070478C1B002070B50C460546F7F771FA002803D121462846F4F74DF870BD70B50C46002121700546214695
:40798000F7F70CFB002803D121462846F4F7F4F870BD10B5F7F70CFB10BD10B5F7F712FB10BD10B5F4F70AF910BD70B50C460546F7F718FB002803D121462846F2F7F2FCFE
:4079C00070BD70B50C460021217005462146F7F70BFB002803D121462846F4F7A5F970BD10B5F2F74FFF10BD10B5F2F7B9FF10BD10B5F2F763FF10BD10B5F2F7E7FF10BDCA
:407A0000704710B5FEF71AFAF7F7D8FF10BD704710B5FEF753FAF7F7EDFF10BD704770477047704737B50C4600211546C9436846FEF77AFC0849012D08D0A4225043411806
:407A40003F3110222046F0F7F8F93EBDA422504341188031F5E70000A021002073B500250C46002915D068460078FF2811D000202070411E6846FEF757FC05280ED0A4215B
:407A8000484308494018407A0007800F022802D006E005487CBD0120207001E0024D6D1C28467CBDA0210020112E000004494A6802600878002801D00020704701487047F8
:407AC000B0140020FFFF00000149016000207047C814002010B5044B1C780470D878087018791070002010BDA814002010B5184610220249F0F7A1F9002010BDC81400205E
:407B00000148007970470000A814002010B5114B0022A4245443E418647B844214D1A4204243985C8007800F012807D1012906D0D0184F3041220849F0F77FF910BDD11844
:407B40004F3141220448F7E7521CD2B2052AE0D310BD0000A0210020C814002010B5054982798A720146034806220B30F0F765F910BD0000E81400200149087100207047B3
:407B8000A8140020400701D5002A01D00020704700487047FFFF00007CB50C0009D06946F8F7EAFA002805D10E4DE879012802D00DE00D487CBD68468079A979884206D1CB
:407BC000294606226846F0F729F9002801D007487CBD2946093110222046F0F72EF900207CBD0000DC260020112E0000FFFF00007CB50C46002121706946F8F7BDFA0028FD
:407C000011D1094DE87901280DD168468079A979884208D1294606226846F0F7FFF8002801D1287A20707CBDDC26002010B5002406484B222146F0F709F905480721447071
:407C40008170102101710830047010BDDC260020A8140020F8B50525074600206B46154E1D7004462246A4235A43B35C9B079B0F012B0BD1921953685B1C07D1137A834294
:407C800004D91846527B6B4625461A70641CE4B2052CE7D3052D08D0002902D06846F8F76BFA01212846FEF70DFB684600783870F8BD0000A021002010B5FDF70DFD10BD8D
:407CC00010B5002806D0014610220348F0F7B5F8002010BD014810BDB8140020112E0000F8B5254D254FA4224A436C79D219012807D0022801D003283DD1107A00281BD0B4
:407D00001DE0167A002E36D00020107288420CD0A4224243BB5C9B079B0F012B05D1D3191A7AB24201D9521E1A72401CC0B20528ECD3641E6C711BE0641C6C711472137ABC
:407D4000012B15D001201072002088420CD0A4224243BC5CA407A40F012C05D1D219147A9C4201D2641C1472401CC0B20528ECD30020FEF7D3FFF8BDA8140020A021002082
:407D800010B50446407B217B00020143E07B0202A07B10432268002A01D0206810BD042806D0062804D00846F0F7FCFB206010BD01480068FAE7000020130020F7B5A54974
:407DC0008AB0164609786A461173A34A002815D00B99002912D0417803780C0223438C06A50FC47880781B0524021B0D89092043864203D1002901D1022D02D910460DB056
:407E0000F0BD05A91846F8F767FE002801D09348F5E7059818214843914944180834E07A002802D0022D0BD001E0012D0BD0A07A0790E588002006900890019002906EE08D
:407E4000204600F05DF976E0B54201D9374600E02F46E81B85B2E07A042809D3617B227B09020A430292E17BA27B09020A4301920799012902D0022949D118E021460C317B
:407E800040183A460B99EFF7D8FFE07AC019E072002D3CD1607B257B000205430295E07BA17B000201430220019107902FE0A088002815D103A800903B4621460B9A0598BC
:407EC00000F0D4F80028BBD10298B04202D8E07A042812D02046FFF753FF20600028AFD0A18820683A4640180B99EFF7A6FFA088C019A080002D08D009E00B9820600298EB
:407F0000A08001200690089001E0012006900B98C0190B90F01B86B2069801280DD0002E92D10698012808D00798A072E58001210A20FEF773FE002061E7019805281FD027
:407F400004287AD0062878D005980199C2B203A8F9F720F93F4801786846007B814209D0142358433F4BA2881B682168C018036903A8984708980128A5D1002020605FE76C
:407F8000A08825684DE02F7868780690E878AE78000206430C98001F8642EBDC06980028E8D0781E152841D8F80704AA1CD006990598F9F70FFE002822D0012104A8002754
:407FC00000970191029001220021069B0598F9F793FD00281FD1009700231A46019704990598F9F70BFE16E0012100206B4607C302460146069B0598F9F77EFD00280AD1D9
:40800000301D83B21849B80040184038C76B2A4604990598B8470C98AD192D1D801B001F80B20C900028AED1A4E706E0012004A90027009702910190C5E7059818214843E9
:408040000749A38841182268091D0198F9F718F890E7000019130020FFFF00002C230000981E00203413002068A7010070B50346487B0D7B00020543C87B00240202887B15
:40808000049E1043621E0A812246402810D2CC80052805D0042805D0062806D0124A21E017241BE05800114917E01148848A15E00146DAB23046F9F76DF8020012D10D4B48
:4080C000307814211B684143C91809690A4B994204D11C214843094909680C5AA54201D9014A493A104670BD702300002C130020881F002034130020FD1401005413002088
:4081000070B50446E17A0020042903D3E07B0102A07B08430025E572A5802168002907D0042804D0062802D00846F0F759FA25600120A0720420E08000210A20FEF76EFDF5
:4081400070BD0000F3B54F4983B00020087091E04D484E490088C0004518A87901287DD1A88804902C68002660782778000207434748391A87421BD011DC4648391A87427F
:4081800033D006DC444838182FD04449401852D12BE04348081845D001284CD148E0891F0B00F0F787F808223C22223C3C22223CE17B012906D03B48F8F77AF8E079002842
:4081C00002D038E03848F7E72146062209316846EFF733FE207A694688716846FDF75CF9002836D00621817025E020790102E078084302A9FDF76CF9002803D00298807855
:40820000012801D0224E0A3623484042874206D11F480A3086420ED0029907208870002E09D016E00622E11C2048EFF706FE02E01F49207A0870012321461846049AF0F7C8
:40824000DDFB14484738874203D01A480178491E01702046F0F7C4F9002100E00FE0A9712960094AA9801088401C80B21080022800D111800F480078002800D068E705B0D6
:40828000F0BD0000F613002000140020902100200D2000007C0C0000FAFBFFFF8BF7FFFF77ECFFFF0C140020181400201F14002026140020F4130020F8B50D4600280ED0F4
:4082C000002D0CD0164E074630881649C0004418A079002804D001210220FEF79FFCF8BD2846F0F75FF920600028F8D02A463946EFF7A3FD00F018F80027002804D02068B6
:40830000F0F76EF92760F8BDA5800120A0713088401C80B230800228F5D13780F8BD0000021400209021002010B5084C00202178002909D100231A4605491846FEF7E8F929
:40834000002801D10121217010BD0000F6130020458101000F4910B540181AD10E4806224079002815D00C4800218B001B189B78934206D18A0002231418A370DB1E835241
:4083800001E0491CF1D0012903D0002901D1FDF7B5F810BDF3DFFFFF121400201CB5014606226846EFF749FD0120694688716846FDF772F8064C002803D113212088FCF72E
:4083C000F3FC0020C0432080FCF71EFE1CBD000004140020F0B589B00546C7788679C079694688712946062208316846EFF725FD5C484079002805D0694607A8F7F714FF24
:40840000002803D00024002C02D076E0554CFAE768468479022C01D0032C27D10146062202A8EFF70AFDA41E68468473002E0DD104A902A8FDF780F9002807D102A904A8E2
:40844000F7F74AFF6846017C4648017145484079002805D002A904A8F7F7E6FE002803D00024002C02D048E03E4CFAE7002F33D1012E06D13C48017801290BD03B48F7F7D2
:4084800017FF68468079012806D0002826D0012807D02DE03648F2E7684640798009012806D068464079C0430006800F16D01FE0694607A8F7F7B8FE002819D02D49684674
:4084C000FFF7FAFB002813D168792A7900022A4902432A480A80067009B0F0BD07A96846FDF72AF9002803D1694607A8F7F7F4FE6846FCF7D1FF040010D0002F16D0002135
:40850000C94321800221A17005A9201DFDF732F81B4988421ED0002818D01EE068790102287908431321FCF73FFCD5E7687932460002208029790843208001210F48A17027
:4085400006702188201D00F0DBFEC5E76846407D002802D1201DF7F76FFD2046FCF7CEFFBAE7000012140020251400200C140020181400209D830100041400201E14002090
:40858000122E00007CB5044681780079E57800020543002916D169462846FCF799FF002810D001796A46117100998A78022A09D00B4A0C4B12889A4205D0954203D10A49E6
:4085C000002008707CBD02228A700B804179012901D1FCF793FF617901A8F8F707F97CBD04140020FFFF0000F713002010B50446EFF7B4F92B2804D1606802494078FDF732
:4086000045FB10BD0704000010B50446EFF79CF92B2804D1606802494078FDF737FB10BD0704000010B50446EFF7A2F92B2804D1606802494078FDF729FB10BD0704000034
:4086400010B50446EFF76CF92B2804D1606802494078FDF71BFB10BD0704000010B50446EFF768F92B2804D1606802494078FDF70DFB10BD0704000000487047112E000070
:40868000FEB5416802460E7848788C684B681168A27D67781207150EE27D09782A433D0703D5EF252A405208520000290AD1550702D001256D0306E055066D0F02D0012566
:4086C000AD0300E00125DF72277A1F739A726272902256430E4AB218556001225203954210D1997A6A464907490F1172197B5172002101910821009101AB00220621FDF773
:40870000A7FA03E0012D01D1FDF7E6F80020FEBD2825002038B5044600200090032020816846FFF7C3F900280BD12168009808702268010A51702268010C91702168000E6E
:40874000C8702146012000F0E1FB38BDFEB541680E784A7800924A6801928F6804687D7AE8070CD01023224606210098FDF73CFA22460A23103207210098FDF735FAA807EB
:408780000DD5224610231A3208210098FDF72CFA224607232A3209210098FDF725FA680706D52246102331320A210098FDF71CFA6806400F02D00120800300E00120902158
:4087C0004E43074971184860012806D101987978C17200210098FDF77FF80020FEBD000028250020F8B501464068012284680578467860685205904203D003221205904286
:4088000003D10846EFF7D2F8F8BD0868214610221831EFF703FB002805D00E493046FDF735FA0D48F8BD224628321023174604213046FDF7D9F92246394638322046FDF726
:40884000B3FE902255430121044A4902AA185160F8BD000004040000FFFF00002825002010B54068416848880E31FCF7AFFD10BDF8B504464068067845783046FDF788FA50
:408880003046FDF7D7FC208900900022052128462368FDF7DDF90020F8BD000070B5416801228B680D784E7859689204914201D00A0302D5EFF770F870BDC27A002A02D0A1
:4088C00000F01EFC70BD4024802902D020290ED000E010240389026803213046FDF784F990204543054828184460002070BD0289016818461830EFF7A0FAF1E72825002011
:4089000000487047162E000010B5416800684A7801781046FCF7E0FF002010BDFEB5064640680025017842780292426801928468012260685204904206D0D200904203D0B2
:4089400005225204904203D13046EFF71BF8FEBDF27A3248002A09D02746FF22902338370132594308184260012039E090235943202208184260207BE17C274628370840E7
:40898000012816D06078400729D50298A42148432349085CC006C017401C0090A17CE07AFDF75CF800280BD003282ED002280CD00EE00198214648310D30FFF7EDF80EE0EA
:4089C0006078FB210840607009E0009800281CD01448FCF71FFA04217F20134D015500200090328938463168EFF727FA002D0ED00E48854207D10020034602460090032106
:408A00000298FDF725F90020FEBD084DE7E72046009A0199FDF702FDF5E7000028250020A021002018200000172E0000FFFF0000F0B5064687B0002001900290706801789E
:408A400000914178039144688768607A04900020356805900098FDF781F9F17A00290DD03C460A342846FDF7A3F9002817D024490398FDF70BF9234807B0F0BD2846791CA7
:408A8000FCF7C9FF01237A1C0B210398FDF7ACF8049880088000401C60720598ECE7FDF777FB002804D0A8780399FCF7FDFF05E0A97868780022039BFDF72CF80028DBD101
:408AC0000120207032892946601CEFF7B6F92079694688710098902250430B4A022180184160E07801A9FCF777FF0520009001AB002202210398FDF7ABF80020BCE70000B5
:408B00000A040000FFFF000028250020F0B50746406889B006784178079141680091F97A84683D68002906D02846FDF741F9002827D096497FE0E978002903D00798FDF7F4
:408B4000A5F821E1A17BA878079AFCF795FF002875D12A4621460220FDF7ACF800286ED1607B61780422024011438207920F0823121D03401A431023184002430A4062700C
:408B800060E0FDF705FB002804D0A8780799FCF78BFF05E0A97868780022079BFCF7BAFF00284CD10220607420463A8929461230EFF743F9E07BA27DC043C1B2207CC0432C
:408BC000C0B20A42B5D1E17D0142B2D1207BE17C02460A40012A14D0227D637B1A40120701D508430DD1A17CE07AFCF737FF0246A9786078FEF7C6FF002802D06349C91F5C
:408C000019E0207D61780422024011438207920F0823121D03401A431023184002430A406270A07BE978884200D30846217A814207D95649091F0798FDF728F8544809B085
:408C4000F0BD2072534F100728D45348FCF7E2F890214E430820F1194860204604216030C177227B002A06D0E27C012A03D18177607808436070002005900690607805A973
:408C8000FCF7AAFE207A694688750520009005AB01220F210798FCF7DBFF75E0009803A90D300546F7F78AFA01A92846F7F71CFA2046062203A97730EFF7BFF820460622F4
:408CC00001A97030EFF7B9F86846807C2546C007C00F603568776846807AC007C00FA875207BE17C084301280AD06078400712D5A17CE07AFCF76AFFA877002806D00CE0F1
:408D00000420A87761780143617006E06078FB210840607001E00020A877002005900690607805A9FCF758FE207A69468875052405AB01220F2100940798FCF789FF079817
:408D4000A42148431549085CC00606D501209021C0034E43F119486016E0902101204E430004F1194860EC770020EEF72FFE8124E400002803D1EEF723FE002804D02146D6
:408D80000798FCF783FF5AE7002058E70A040000FFFF00002825002018200000A021002070B5416802890D784C6889680E7A016820460E30EFF741F81020821BA0190E3072
:408DC0000021EFF743F890214D4301200249C00269184860002070BD28250020F0B5416885B00F784A780392C57A8E684C6802890168A8000019806FEFF71FF8707A072DD6
:408E000004D0092D04D00A2D04D005E0EF2102E0DF2100E0BF21084070724006410F144801D0054600E0012590214F43114979184D60854211D0A07A69464006400F087219
:408E4000207B487220460E3001900820009001AB002207210398FCF7FBFE012D05D17078E07200210398FCF737FD002005B0F0BD00400000282500203EB54168044648783D
:408E80008D682168002922D0687800070AD500206946087202A92046EEF7A4FD6946097A012920D068686A4600010028206800681ADA1070010A5170000C9070042269466D
:408EC0001048EEF7BAFF68462060042014E069780A070D4905D56035AA7F052A01D10A490B31FCF7D3FE3EBD1071010A5171000C907101A82060032020812146002000F048
:408F000005F83EBD0915002001040000F0B50746486887B006784578426805928468042002906078000701D5042008810A892046096848300490EEF780FF384601277F049A
:408F4000012876D160786749000733D520464030C27A1302827A1A431302427A007A1A4312021043EEF73EFE01916068BA02904202D05D4A904237D15C4A0B0A1170537000
:408F80009C46080C90700B0ED370E26DC0321170E26D6146C0325170E16D1022C0318870E06DC030C370E06D0146C031B030EEF744FF19E020464030827A1207120F827295
:408FC000437A120213431A02037A134301938B4201D2194603E0434949425918019101720A0A4272090C8172204660300390807F052801D10E2002900420009001AB0022BF
:4090000028460299FCF724FE009001216068C906884202D0344A90421BD1A422344B6A439A5CD20606D49020324970434018476003E01DE0884338436060E16D0020E03115
:40904000087403980721C1772B48FBF7E3FE00283BD16078000700983CD42849884207D12146019840310872020A4A72000C88726068010130D5A4211D4A6943515CC90689
:4090800005D4902046431B483018476004E00121C906884338436060E06D1022C0300499EEF7CBFEE06D10220146C031B030EEF7C4FEE16D0020E031087407206034E0776C
:4090C0000D48FBF7A7FE002804D08121C9002846FCF7DCFD07B0F0BD002220460599FDF79DF9F7E740420F000000080809150020A02100202825002018200000A02E0000BE
:40910000F8B5416805468C680F7848786168102640290DD0802620462A8918302968EEF78CFE902047430648381846600020F8BD2246102318320321FCF756FDEBE7000093
:409140002825002010B50449827A0C46012A01D1F6F768FD204610BD182F000070B50446807A0025012805D02046F6F721FE0546284670BD61790B4A090120688918497B4F
:409180000078491E814204D10421C9432046F6F73DFC20680321C078090241182046F6F741FDE5E7341E002010B5817A0024012904D0F6F7FDFD0446204610BD02685178EB
:4091C000127809020A43172A01D2054C04E04179044B0901C9188A802146F6F723FDEBE7162F0000341E0020F8B505464679A97A0068002907D04178047809020C43172C35
:409200000AD2174F1AE08179447909020C43154831010818808803E01248310108184088844200D9044622460421281DF7F7EEFE070003D10B4831010818C480A87A01282F
:4092400002D0002F05D008E039462846F6F7EAFC03E02846F6F7ACFD07463846F8BD0000162F0000341E002010B5817A0024012904D0F6F79DFD0446204610BD4179084A60
:4092800009018918097B002906D0417A522903D0D22901D01B29EFD10021F6F7C3FCEBE7341E002010B5817A0024012904D0F6F77FFD0446204610BD417ACA0701D11E2929
:4092C00006D14179054A09018918497B002903D00021F6F7A7FCEDE7014CEBE7341E0020FFFF000010B5817A0024012902D0034C204610BD0021F6F795FCF9E7122F0000ED
:40930000F8B50023154E00933488154DAC4211D131807271B360F374B3810121B1740421F1810078307117200E497380088000240D4F01E00D48F8BDE0003D58002D08D052
:409340000098182148438019001D04236A460121A847641C032CEFD30020F8BD981E0020FFFF00002C130020881F00202B23000010B50748806A002802D0EFF71FFE10BD9D
:40938000F1F7C4F80348008A0121F4F70FFB10BD40F02E4000102E400000000030312E30302E30300000000053412D3230302D00200000005231000031313131313131310C
:4093C00000000000E22A00002A2B00007C2B0000CE2B0000202C00006A2C0000B22C0000FA2C0000422D000000300F40800200330F40000100400F400004000080320F40FF
:40940000509601008000000003000F4063300F4034310F4018320F4053330F400E410F4002600F40800F8238837202200413060C09020B010D081013110112041302150BEB
:4094400016201803190B1A141D041E082215240A261430103108320F3304342035033A083E113F044032410546CE470B481C49FF4AFF4BFF4EF04F44500C5401580459047A
:409480005A045B045F0166C06A406B0281808313841086AC8A038E20930C9414952C97439C099ED0A00CA171A271A30EA4DCA571A622A706A810AA40AB08B21FB330B50F6B
:4094C000B6E0B7C0B988BA80BB20BF04C002C704C9FFCA07CBFFCC40CD20CEF0CF05D008D804D904DA04DF01E040E1A8E240E3200002010804900508081009A00BA00D8405
:40950000130914401604170819281A401B081C101FC0211022062580272A2C482D082F80310232803314370A39603F02432847204B804C404F0351245280540856045812E9
:409540005A4860026280C0ECC2AFC47CCAE0CCCFCE8CD026D208D60F02010404064A080E0901120118081A24240E28022A343060320E3401350136103E113F1054185604C9
:40958000580459045B045F01008803280402050406100704088009020A200B040D100F841080121213101504172019011A011B681C401D441E042082212022182340261060
:4095C000288029402B28308031243202380839203B413C1040404120420148044A025001531059015D0164406520668069446B14708472087310810283218480869C884004
:4096000089018A08901091209540972099209F14A202A401A502B321C077C25FC46FCA0FCC0FCE2FD00DD20CD681D8B0E280078052806E2071408380868089408A10C020E5
:40964000D420DA80DC20E080E6101001110100000021000073180C001F4060005C1923E4010000667F60000002FF0000041000000808000003E700180C1900E2000063015C
:40968000101F2C600F004C800080282200000100650201000400E0C028FFFFFF62A0F0410C00000000000213040404040000000100000000000040020010301000101012EF
:4096C00000000000000000000000000000000000030405060708090A0B0C0E0F101112131415161718191B1C1D1E1F2021222325262728292A2B2E2F30313233343500007A
:4097000024000300300001002800020024000100240001000C000E000F00000001000028010000000B0000000018000000000000020003280100020003000000002A00008A
:40974000000000000300002A010002010300000015000000940E0020040003280100020005000000012A0000000000000500012A0100020105000000020000009C0E002077
:40978000060003280100020007000000042A0000000000000700042A010002010700000008000000A40E0020080003280100020009000000A62A0000000000000900A62A3E
:4097C000010002010900000001000000AC0E00200A000328010002000B000000C92A0000000000000B00C92A010002010B00000001000000B40E00200C0000280100000026
:409800000F00000001180000000000000D000328010020000F000000052A0000000000000E00052A000020010F00000004000000BC0E00200F00022901010A010F000000B8
:4098400002000000C40E00201000002801000000380000002CB80000000000001100032801001A0014000000A7140000000000001200A71401011A0114000000010000007A
:40988000CC0E00201300012901000201130000000A000000D40E00201400022901010A011400000002000000DC0E0020150003280100120018000000EB3E0000000000004E
:4098C0001600EB3E010012011800000004000000E40E00201700012901000201170000000B000000EC0E00201800022901010A011800000002000000F40E00201900032896
:40990000010012001C000000C9380000000000001A00C938010012011C00000002000000FC0E00201B000129010002011B0000000A000000040F00201C00022901010A018B
:409940001C000000020000000C0F00201D00032801000A001F00000015D50000000000001E0015D501010A011F00000001000000140F00201F000129010002011F0000004E
:409980000C0000001C0F00202000032801000A0022000000E5F00000000000002100E5F001010A012200000001000000240F00202200012901000201220000000A0000000E
:4099C0002C0F00202300032801000A00250000003A2400000000000024003A2401010A012500000002000000340F00202500012901000201250000000C0000003C0F002028
:409A000026000328010012002900000059D9000000000000270059D9010012012900000002000000440F0020280001290100020128000000070000004C0F00202900022908
:409A400001010A012900000002000000540F00202A00032801000A002C000000981C0000000000002B00981C01010A012C000000020000005C0F00202C00012901000201EC
:409A80002C0000000B000000640F00202D00032801000A002F0000009B400000000000002E009B4001010A012F000000020000006C0F00202F000129010002012F00000001
:409AC0000B000000740F00203000032801000A003200000030780000000000003100307801010A0132000000020000007C0F00203200012901000201320000000F00000012
:409B0000840F00203300032801000A0035000000DD850000000000003400DD8501010A0135000000020000008C0F00203500012901000201350000000F000000940F002073
:409B40003600032801000200380000005F8000000000000037005F800100020138000000020000009C0F00203800012901000201380000000E000000A40F0020390000286B
:409B8000010000004B0000000A180000000000003A000328010002003B000000292A0000000000003B00292A010002013B00000013000000AC0F00203C000328010002001C
:409BC0003D000000242A0000000000003D00242A010002013D00000006000000B40F00203E000328010002003F000000252A0000000000003F00252A010002013F0000005A
:409C00000C000000BC0F0020400003280100020041000000272A0000000000004100272A010002014100000004000000C40F0020420003280100020043000000262A00005C
:409C4000000000004300262A010002014300000004000000CC0F0020440003280100020045000000282A0000000000004500282A010002014500000002000000D40F00201D
:409C8000460003280100020047000000232A0000000000004700232A010002014700000008000000DC0F00204800032801000200490000002A2A00000000000049002A2AFA
:409CC000010002014900000001000000E40F00204A000328010002004B000000502A0000000000004B00502A010002014B00000007000000EC0F00204C000028010000001B
:409D00009900000051E50000000000004D00032801000A004F00000051600000000000004E00516001010A014F00000004000000F40F00204F000129010002014F00000083
:409D400003000000FC0F00205000032801000200520000000B6700000000000051000B67010002015200000001000000041000205200012901000201520000000B00000048
:409D80000C100020530003280100020055000000F7FD0000000000005400F7FD010002015500000002000000141000205500012901000201550000000C0000001C10002086
:409DC00056000328010002005800000047850000000000005700478501000201580000000A000000241000205800012901000201580000000F0000002C1000205900032811
:409E000001000A005B000000BD320000000000005A00BD3201010A015B00000013000000341000205B000129010002015B0000000A0000003C1000205C00032801001200B1
:409E40005F0000004C4A0000000000005D004C4A010012015F00000001000000441000205E000129010002015E000000120000004C1000205F00022901010A015F000000A4
:409E800002000000541000206000032801001A00630000005D6400000000000061005D6401011A0163000000020000005C1000206200012901000201620000001000000020
:409EC000641000206300022901010A0163000000020000006C100020640003280100020066000000D6DF0000000000006500D6DF010002016600000002000000741000205B
:409F00006600012901000201660000000C0000007C10002067000328010012006A0000004F7D00000000000068004F7D010012016A00000002000000841000206900012999
:409F400001000201690000000C0000008C1000206A00022901010A016A00000002000000941000206B000328010012006E000000AD710000000000006C00AD710100120107
:409F80006E000000010000009C1000206D000129010002016D0000000E000000A41000206E00022901010A016E00000002000000AC1000206F00032801001200720000006B
:409FC00054B3000000000000700054B3010012017200000001000000B410002071000129010002017100000008000000BC1000207200022901010A01720000000200000056
:40A00000C410002073000328010012007600000095EC000000000000740095EC010012017600000002000000CC10002075000129010002017500000009000000D4100020E2
:40A040007600022901010A017600000002000000DC10002077000328010012007A00000057B1000000000000780057B1010012017A00000001000000E410002079000129B1
:40A0800001000201790000000C000000EC1000207A00022901010A017A00000002000000F41000207B000328010012007E000000F7860000000000007C00F78601001201E8
:40A0C0007E00000001000000FC1000207D000129010002017D0000000C000000041100207E00022901010A017E000000020000000C1100207F0003280100020081000000AB
:40A10000EBE80000000000008000EBE8010002018100000002000000141100208100012901000201810000000A0000001C110020820003280100120085000000EF2E000044
:40A14000000000008300EF2E010012018500000001000000241100208400012901000201840000000B0000002C1100208500022901010A0185000000020000003411002009
:40A18000860003280100120089000000CA1E0000000000008700CA1E0100120189000000020000003C1100208800012901000201880000000C00000044110020890002297C
:40A1C00001010A0189000000020000004C1100208A000328010012008D000000B7040000000000008B00B704010012018D00000001000000541100208C0001290100020113
:40A200008C0000000E0000005C1100208D00022901010A018D00000002000000641100208E00032801001A00910000006D270000000000008F006D2701011A019100000044
:40A24000020000006C11002090000129010002019000000012000000741100209100022901010A0191000000020000007C110020920003280100120095000000251800008F
:40A280000000000093002518010012019500000004000000841100209400012901000201940000000E0000008C1100209500022901010A0195000000020000009411002022
:40A2C0009600032801001200990000005091000000000000970050910100120199000000010000009C1100209800012901000201980000000C000000A4110020990002291A
:40A3000001010A019900000002000000AC110020010003000500070009000B0039003B003D003F00410043004500470049004B0043000000F8B5C046F8BC08BC9E467047D7
:40A3400001200000A5440000F8B5C046F8BC08BC9E467047D91F000090AB0100E80B002090090000301700000004040001040800020414000304200004042C00050448000B
:40A380007C0100003101000007080012FF00F10000C20100809519294980409C1B04041BFFFFFFFF000000000008080007070400F216FBE0FBE01F60427EF56DF70096BE18
:40A3C0002090000008502604060037D7F401FA00960064004B0032001E00140003040506020D11006FD10000F1D0000005D5000025D200006FD500006FD50000E5D400003A
:40A400008DD50000E5D200008DD5000045D400005DD40000C3D50000CBD400006FD500006FD500006FD500006FD500007DD40000C1D40000D5DF0000E1DF0000C1D5000020
:40A44000C1D5000051D50000C1D50000DDD20000DDD40000F5D40000C1D50000C1D5000049D30000C1D500006DD4000047D60000D5D40000C1D50000C1D50000C1D50000BA
:40A48000C1D50000C1D50000C1D50000C1D50000C1D500008BDF000093DF00008FDF000089DF00005BDF000083DF000081DF000053DF000057DF000097DF000085DF0000BE
:40A4C0007FDF00009BDF00009BDF000051DF0000BFDF0000CBDF0000CDDF0000D1DF00006FD50000C1DF0000C7DF0000C5DF0000C1E60000A5E60000A5E60000A5E60000C0
:40A50000D9E60000F1790100A5E60000E1790100F9790100E9790100A9E60000A9E60000A9E60000A9E60000B5E600009DE6000095E60000B9E60000A9E60000A9E60000A3
:40A54000ADE60000A9E6000091EA0000A5E60000A9E6000045EA00003DEA0000A5E60000A9E60000A9E60000A9E60000A9E60000A9E60000ABED00008BEC00008BEC0000F2
:40A580008BEC0000BFED00006DED00008BEC000051ED0000D3ED000067ED0000D1ED0000CFED000089EC00008BEC00008BEC00008BEC000061EC00003BED000087EC000019
:40A5C000BDED0000F7EC000005ED00009FEC00008BEC0000E9ED0000CBEC0000BDEC00008BEC000027ED000021EE00008BEC00008BEC00008BEC000051EF000097EE0000E0
:40A6000097EE000097EE000079EF0000FBEE000097EE000043EF000043EF0000EDEE000081EF00007DEF000097EE000097EE0000DBEE000093EE000085EE000085EE0000E5
:40A6400097EE000075EF0000C7EE000097EE00009BEE000097EE000097EE0000B3EE00009FEE000097EE0000DFEE000089EF000085EF000097EE000097EE000008000000A6
:40A68000060F0020200107021900000007070E05020220001C1202000103000E032000800000C00000000004000000A822000000000000040000F7FFFF7F000000300000C2
:40A6C0008BEC000097EE0000A9E600008BEC000097EE0000A9E600008BEC000097EE0000A9E600008BEC000097EE0000A9E600008BEC000097EE0000A9E600008BEC00002C
:40A7000097EE0000A9E600008BEC000097EE0000A9E600008BEC000097EE0000A9E600008BEC000097EE0000A9E600008BEC000097EE0000A9E600008BEC000097EE0000DD
:40A74000A9E600008BEC000097EE0000A9E600008BEC000097EE0000A9E600008BEC000097EE0000A9E60000951801005D1C01005D1C01005D1C01005D1C0100910601007B
:40A780005D0701005D1C01005D1C01005D1C01005D1C01005D1C01005D1C01005D1C01005D1C01005D1C01005D1C0100711A0100B51A0100E9110100A513010051170100F7
:40A7C000F9F9000000000000A4AA010044AA010008000000916301000000000014A9010060A801000F00000000000000000000000000000000000000000000000000010055
:40A80000010000010001020203000200000000000202010002000001000100050100050202030002000000000002050100050000695F010071600100CD5F010001010B010C
:40A8400002028102820503040403840906090709080909090A09050A0C0B0D0D0E0E000001000000010000000000000002000000040000000200000003000000070000006A
:40A8800005000000040000000A00000008000000050000000C0000000B000000060000000E0000000D00000007000000100000000F000000080000001300000011000000EE
:40A8C0000900000016000000140000000A0000001700000017000000FF00000018000000180000000B0000001B000000190000000C0000001D0000001C0000000D0000002D
:40A900001F0000001E0000000E000000210000002000000001000000318A0100FEFFFFFF0189010001000000318A0100060000000D8B0100F8FFFFFF018901001800120042
:40A940001D890100A000000C1587010047FFEDFB01890100E0000C009D88010000012000E58701001FFED3FF01890100A000000C798E01005FFFFFFB01890100000200007B
:40A98000A18D0100FFFDFFFF01890100000C000081860100FFF3FFFF0189010000080000618801000100000071880100FEF7FFFF01890100002000004D87010000400000B4
:40A9C000DD8D0100FF9FFFFF01890100FFFFFFFF09890100FFFFFFFF79860100008000005D8601000000010041860100FF7FFEFF018901000080010009860100FF7FFEFF7B
:40AA00000189010000008003ED850100FFFF7FFC0189010000801F0A25860100FF7FE0F50189010000000000000000000000000000000000870000000000000000000000D7
:40AA400000000000810000000000000000000000820000000100000001000000010000000200000002000000020000000400000003000000030000000600000005000000B5
:40AA8000F10000000700000007000000F20000000900000008000000FF0000000A0000000A000000020000006992010001000000699201000E0000005D9101000200000087
:40AAC000A99101000C0000004591010002000000E99101000C000000459101000E000000699201000C000000A592010002000000459101000E000000E59201005369676E9A
:40AB00006174757265003030303142383030303130323033303430353036303730383039304130423043304430453046313031313132313331343135313631373138313920
:40AB4000314131423143314431453146323032313232323332343235323632373238323932413242324332443245324633303331333233333334333533363337333833394D
:40AB80003341334233433344334541420000000000000000006CDC0280BB0000300000000000C05D010000002000300000000000000050A00007000002010616094C414EA7
:40ABC000434520544F5550532032333435363738393003022CB8001E02000000000C0020100C0020D01500200000000000000050A000000000F4FF0F4C414E434520544F88
:40AC00005550532032333435363738393000002800380000001E00000000000000005359535F52454D4F5445000000005359535F52454144494E4700005359535F535441DA
:40AC4000545553005359535F43414E5F4348414E005359535F43414E5F494400005359535F43414C5F4C4F4F5000005359535F41444300005359535F414C4552545F3100C0
:40AC8000005359535F414C4552545F3200005359535F414C4552545F315F41534300005359535F414C4552545F325F41534300005359535F4652414354494F4E414C5361FF
:40ACC0006665677561726420416E616C797469637353412D313030534E3030310000000000000020205232465730314E410000000000000000000100000000000030303048
:40AD00003050494E0053454E534F525F54595045000053454E534F525F52414E4745545950554E4B4E4F574E53454E534F525F4741535F4E4F544553414645475541524473
:40AD400020414E414C595449435353454E534F525F5441470053454E534F525F54454D5045524154555245000053454E534F525F43414C5F4C4556454C000043414C5F5A06
:40AD80005F434F554E545300005A45524F5F52454144494E470043414C5F5A45524F5F4552524F520043414C5F53544550000043414C5F53504545440043414C5F41535F3A
:40ADC000464F554E440043414C5F41444A5553544544000043414C5F434F554E54530053454E534F525F4C494645000043414C5F434C454152494E470043414C5F53504169
:40AE00004E5F4552524F52000043414C4942524154494F4E5F5354415455530000000052454144494E475F5343414C454400414C4552545F5354415455530000150000009B
:40AE4000500C002002000000650C002008000000670C0020010000006F0C002001000000700C002004000000710C002002000000742C002001000000750C00200A000000E0
:40AE8000760C002002000000762C002004000000800C00200B000000840C002002000000782C0020020000008F0C00200A000000910C0020020000007A2C002001000000AE
:40AEC0009B0C00200C0000009C0C002001000000A80C00200A000000A90C002002000000B30C00200C000000B50C002002000000C10C002007000000C30C0020020000004E
:40AF00007C2C002002000000CA0C00200B000000CC0C002002000000D70C00200B000000D90C002002000000E40C00200F000000E60C002002000000F50C00200F000000D4
:40AF4000F70C002002000000060D00200E000000080D002013000000160D002006000000290D00200C0000002F0D0020040000003B0D0020040000003F0D0020020000003E
:40AF8000430D002008000000450D0020010000004D0D0020070000004E0D002004000000550D002003000000590D0020010000005C0D00200B0000005D0D0020020000007A
:40AFC000680D00200C0000006A0D00200A000000760D00200F000000800D0020130000008F0D00200A000000A20D002001000000AC0D002012000000AD0D00200200000040
:40B000007E2C002002000000BF0D002010000000C10D002002000000802C002002000000D10D00200C000000D30D002002000000DF0D00200C000000E10D00200200000056
:40B04000822C002001000000ED0D00200E000000EE0D002002000000842C002001000000FC0D002008000000FD0D002002000000862C002002000000050E0020090000007E
:40B08000070E002002000000882C002001000000100E00200C000000110E0020020000008A2C0020010000001D0E00200C0000001E0E0020020000008C2C002002000000A3
:40B0C0002A0E00200A0000002C0E002001000000360E00200B000000370E0020020000008E2C002002000000420E00200C000000440E002002000000902C00200100000014
:40B10000500E00200E000000510E002002000000922C0020020000005F0E002012000000610E002002000000942C002004000000730E00200E000000770E002002000000B8
:40B14000962C002001000000850E00200C000000860E002002000000982C002010011000010000000000FFFF00000000000000000000000000000000000000000000000073
:40B1800000000000000000000000000000000000000000000000000000000000FCAA01000000000000000000000000000000000000000000000000000000000000000000E8
:40B1C00000000000000000000000000000000000000000000000000000000000000000000000000000000000000000000000000000000000000000000000000000FE000051
:40B20000000000000000000000000000000000000000000000000000000000000000000000000000000000000000000000000000000000000000000000000000000000000E
:40B24000000000000000000094A40100000000000000000000000000000000001B00000000000000D0A40100000000000000000021000000F0A4010074A50100F8A5010097
:40B280007CA60100C0A6010009F000000BF000002CA7010038A7010013F000000FF0000000000000000000000000000000000000000000000000000000000000000000005A
:40B2C000000000000000000000000000000000000000000000000000000000000000000000000000000000000000000000000000000000000000000000000000000000004E
:40B300000000000000000000000000002D1D01002D1D0100000000000000000000000401020102010401050006000400060003000201000004010000040000000600050038
:40B340000200000102000E000400040001010001FF000200FF00020000010000FF0000000000000000000000000000000000000000000000000000000000000000000000AD
:40B38000000000000000000000000000000000000000000000000000000000000000000000000000000000000000000000000000000000000000000000000000000000008D
:40B3C00000000000000000000000000000000000000000000000000000000000000000000000000000000000000000000001656C74620000000000000000000000000000A5
:40B4000000000000BE83605ADB0B376038A5F5AA9183886C00000000000000000000000000000000000000000000000006AB0100000000000000000000000000000000005E
:40B44000000000000000000000000000000000000400077710000000000000000000000000BDA5A00BDA5A00BDA5A00BDA5A00BDD693E8A4235548991D7761E6632B108EA6
:40B48000991F261EF609972EAD7E0A2DF465E3BD7B491EB4C095951346730000C0FFEEDEDA90D5069592ED91D7A89E2CDC4A935BF90000000000000000000000000000005A
:40B4C00000000000000000000000000000000000000000000000000030A3010000000000000000000000000000000000000000000000000000000000000000000000000078
:40B5000000000000000000000000000000000000000000000000000010150020000000000000000000000000000000000000000000000000000000000000000000000000C6
:40B5400000000000000000000000000000000000000000000000000000000000000000000000000000000000000000000000000000000000000000000000000000000000CB
:40B58000000000000000000000000000000000000000000000000000000000000000000000000000000000000000000000000000000000000000000000000000000000008B
:40B5C000000000000000000000000000000000000000000000000000000000000000000000000000000000000000000000000000000000000000000000000000000000004B
:40B60000000000000000000000000000000000000000000000000000000000000000000000000000000000000000000000000000000000000000000000000000000000000A
:40B6400000000000000000000000000000000000000000000000000000000000000000000000000000000000000000000000000000000000000000000000000000000000CA
:40B68000000000000000000000000000000000000000000000000000000000000000000000000000000000000000000000000000000000000000000000000000000000008A
:40B6C000000000000000000000000000000000000000000000000000000000000000000000000000000000000000000000000000000000000000000000000000000000004A
:40B700000000000000000000000000000000000000000000000000000000000000000000000000000000000000000000000000000000000000000000000000000000000009
:40B7400000000000000000000000000000000000000000000000000000000000000000000000000000000000000000000000000000000000000000000000000000000000C9
:40B780000000000000000000000000000000000000000000000000000000000000000000000000000000000000000000000000000000000000000000000000000000000089
:40B7C0000000000000000000000000000000000000000000000000000000000000000000000000000000000000000000000000000000000000000000000000000000000049
:40B800000000000000000000000000000000000000000000000000000000000000000000000000000000000000000000000000000000000000000000000000000000000008
:40B8400000000000000000000000000000000000000000000000000000000000000000000000000000000000000000000000000000000000000000000000000000000000C8
:40B880000000000000000000000000000000000000000000000000000000000000000000000000000000000000000000000000000000000000000000000000000000000088
:40B8C0000000000000000000000000000000000000000000000000000000000000000000000000000000000000000000000000000000000000000000000000000000000048
:40B900000000000000000000000000000000000000000000000000000000000000000000000000000000000000000000000000000000000000000000000000000000000007
:40B9400000000000000000000000000000000000000000000000000000000000000000000000000000000000000000000000000000000000000000000000000000000000C7
:40B980000000000000000000000000000000000000000000000000000000000000000000000000000000000000000000000000000000000000000000000000000000000087
:40B9C0000000000000000000000000000000000000000000000000000000000000000000000000000000000000000000000000000000000000000000000000000000000047
:40BA00000000000000000000000000000000000000000000000000000000000000000000000000000000000000000000000000000000000000000000000000000000000006
:40BA400000000000000000000000000000000000000000000000000000000000000000000000000000000000000000000000000000000000000000000000000000000000C6
:40BA80000000000000000000000000000000000000000000000000000000000000000000000000000000000000000000000000000000000000000000000000000000000086
:40BAC0000000000000000000000000000000000000000000000000000000000000000000000000000000000000000000000000000000000000000000000000000000000046
:40BB00000000000000000000000000000000000000000000000000000000000000000000000000000000000000000000000000000000000000000000000000000000000005
:40BB400000000000000000000000000000000000000000000000000000000000000000000000000000000000000000000000000000000000000000000000000000000000C5
:40BB80000000000000000000000000000000000000000000000000000000000000000000000000000000000000000000000000000000000000000000000000000000000085
:40BBC0000000000000000000000000000000000000000000000000000000000000000000000000000000000000000000000000000000000000000000000000000000000045
:40BC00000000000000000000000000000000000000000000000000000000000000000000000000000000000000000000000000000000000000000000000000000000000004
:40BC400000000000000000000000000000000000000000000000000000000000000000000000000000000000000000000000000000000000000000000000000000000000C4
:40BC80000000000000000000000000000000000000000000000000000000000000000000000000000000000000000000000000000000000000000000000000000000000084
:40BCC0000000000000000000000000000000000000000000000000000000000000000000000000000000000000000000000000000000000000000000000000000000000044
:40BD00000000000000000000000000000000000000000000000000000000000000000000000000000000000000000000000000000000000000000000000000000000000003
:40BD400000000000000000000000000000000000000000000000000000000000000000000000000000000000000000000000000000000000000000000000000000000000C3
:40BD80000000000000000000000000000000000000000000000000000000000000000000000000000000000000000000000000000000000000000000000000000000000083
:40BDC0000000000000000000000000000000000000000000000000000000000000000000000000000000000000000000000000000000000000000000000000000000000043
:40BE00000000000000000000000000000000000000000000000000000000000000000000000000000000000000000000000000000000000000000000000000000000000002
:40BE400000000000000000000000000000000000000000000000000000000000000000000000000000000000000000000000000000000000000000000000000000000000C2
:40BE80000000000000000000000000000000000000000000000000000000000000000000000000000000000000000000000000000000000000000000000000000000000082
:40BEC0000000000000000000000000000000000000000000000000000000000000000000000000000000000000000000000000000000000000000000000000000000000042
:40BF00000000000000000000000000000000000000000000000000000000000000000000000000000000000000000000000000000000000000000000000000000000000001
:40BF400000000000000000000000000000000000000000000000000000000000000000000000000000000000000000000000000000000000000000000000000000000000C1
:40BF80000000000000000000000000000000000000000000000000000000000000000000000000000000000000000000000000000000000000000000000000000000000081
:40BFC0000000000000000000000000000000000000000000000000000000000000000000000000000000000000000000000000000000000000000000000000000000000041
:40C000000000000000000000000000000000000000000000000000000000000000000000000000000000000000000000000000000000000000000000000000000000000000
:40C0400000000000000000000000000000000000000000000000000000000000000000000000000000000000000000000000000000000000000000000000000000000000C0
:40C080000000000000000000000000000000000000000000000000000000000000000000000000000000000000000000000000000000000000000000000000000000000080
:40C0C0000000000000000000000000000000000000000000000000000000000000000000000000000000000000000000000000000000000000000000000000000000000040
:40C1000000000000000000000000000000000000000000000000000000000000000000000000000000000000000000000000000000000000000000000000000000000000FF
:40C1400000000000000000000000000000000000000000000000000000000000000000000000000000000000000000000000000000000000000000000000000000000000BF
:40C18000000000000000000000000000000000000000000000000000000000000000000000000000000000000000000000000000000000000000000000000000000000007F
:40C1C000000000000000000000000000000000000000000000000000000000000000000000000000000000000000000000000000000000000000000000000000000000003F
:40C2000000000000000000000000000000000000000000000000000000000000000000000000000000000000000000000000000000000000000000000000000000000000FE
:40C2400000000000000000000000000000000000000000000000000000000000000000000000000000000000000000000000000000000000000000000000000000000000BE
:40C28000000000000000000000000000000000000000000000000000000000000000000000000000000000000000000000000000000000000000000000000000000000007E
:40C2C000000000000000000000000000000000000000000000000000000000000000000000000000000000000000000000000000000000000000000000000000000000003E
:40C3000000000000000000000000000000000000000000000000000000000000000000000000000000000000000000000000000000000000000000000000000000000000FD
:40C3400000000000000000000000000000000000000000000000000000000000000000000000000000000000000000000000000000000000000000000000000000000000BD
:40C38000000000000000000000000000000000000000000000000000000000000000000000000000000000000000000000000000000000000000000000000000000000007D
:40C3C000000000000000000000000000000000000000000000000000000000000000000000000000000000000000000000000000000000000000000000000000000000003D
:40C4000000000000000000000000000000000000000000000000000000000000000000000000000000000000000000000000000000000000000000000000000000000000FC
:40C4400000000000000000000000000000000000000000000000000000000000000000000000000000000000000000000000000000000000000000000000000000000000BC
:40C48000000000000000000000000000000000000000000000000000000000000000000000000000000000000000000000000000000000000000000000000000000000007C
:40C4C000000000000000000000000000000000000000000000000000000000000000000000000000000000000000000000000000000000000000000000000000000000003C
:40C5000000000000000000000000000000000000000000000000000000000000000000000000000000000000000000000000000000000000000000000000000000000000FB
:40C5400000000000000000000000000000000000000000000000000000000000000000000000000000000000000000000000000000000000000000000000000000000000BB
:40C58000000000000000000000000000000000000000000000000000000000000000000000000000000000000000000000000000000000000000000000000000000000007B
:40C5C000000000000000000000000000000000000000000000000000000000000000000000000000000000000000000000000000000000000000000000000000000000003B
:40C6000000000000000000000000000000000000000000000000000000000000000000000000000000000000000000000000000000000000000000000000000000000000FA
:40C6400000000000000000000000000000000000000000000000000000000000000000000000000000000000000000000000000000000000000000000000000000000000BA
:40C68000000000000000000000000000000000000000000000000000000000000000000000000000000000000000000000000000000000000000000000000000000000007A
:40C6C000000000000000000000000000000000000000000000000000000000000000000000000000000000000000000000000000000000000000000000000000000000003A
:40C7000000000000000000000000000000000000000000000000000000000000000000000000000000000000000000000000000000000000000000000000000000000000F9
:40C7400000000000000000000000000000000000000000000000000000000000000000000000000000000000000000000000000000000000000000000000000000000000B9
:40C780000000000000000000000000000000000000000000000000000000000000000000000000000000000000000000000000000000000000000000000000000000000079
:40C7C0000000000000000000000000000000000000000000000000000000000000000000000000000000000000000000000000000000000000000000000000000000000039
:40C8000000000000000000000000000000000000000000000000000000000000000000000000000000000000000000000000000000000000000000000000000000000000F8
:40C8400000000000000000000000000000000000000000000000000000000000000000000000000000000000000000000000000000000000000000000000000000000000B8
:40C880000000000000000000000000000000000000000000000000000000000000000000000000000000000000000000000000000000000000000000000000000000000078
:40C8C0000000000000000000000000000000000000000000000000000000000000000000000000000000000000000000000000000000000000000000000000000000000038
:40C9000000000000000000000000000000000000000000000000000000000000000000000000000000000000000000000000000000000000000000000000000000000000F7
:40C9400000000000000000000000000000000000000000000000000000000000000000000000000000000000000000000000000000000000000000000000000000000000B7
:40C980000000000000000000000000000000000000000000000000000000000000000000000000000000000000000000000000000000000000000000000000000000000077
:40C9C0000000000000000000000000000000000000000000000000000000000000000000000000000000000000000000000000000000000000000000000000000000000037
:40CA000000000000000000000000000000000000000000000000000000000000000000000000000000000000000000000000000000000000000000000000000000000000F6
:40CA400000000000000000000000000000000000000000000000000000000000000000000000000000000000000000000000000000000000000000000000000000000000B6
:40CA80000000000000000000000000000000000000000000000000000000000000000000000000000000000000000000000000000000000000000000000000000000000076
:40CAC0000000000000000000000000000000000000000000000000000000000000000000000000000000000000000000000000000000000000000000000000000000000036
:40CB000000000000000000000000000000000000000000000000000000000000000000000000000000000000000000000000000000000000000000000000000000000000F5
:40CB400000000000000000000000000000000000000000000000000000000000000000000000000000000000000000000000000000000000000000000000000000000000B5
:40CB80000000000000000000000000000000000000000000000000000000000000000000000000000000000000000000000000000000000000000000000000000000000075
:40CBC0000000000000000000000000000000000000000000000000000000000000000000000000000000000000000000000000000000000000000000000000000000000035
:40CC000000000000000000000000000000000000000000000000000000000000000000000000000000000000000000000000000000000000000000000000000000000000F4
:40CC400000000000000000000000000000000000000000000000000000000000000000000000000000000000000000000000000000000000000000000000000000000000B4
:40CC80000000000000000000000000000000000000000000000000000000000000000000000000000000000000000000000000000000000000000000000000000000000074
:40CCC0000000000000000000000000000000000000000000000000000000000000000000000000000000000000000000000000000000000000000000000000000000000034
:40CD000000000000000000000000000000000000000000000000000000000000000000000000000000000000000000000000000000000000000000000000000000000000F3
:40CD400000000000000000000000000000000000000000000000000000000000000000000000000000000000000000000000000000000000000000000000000000000000B3
:40CD80000000000000000000000000000000000000000000000000000000000000000000000000000000000000000000000000000000000000000000000000000000000073
:40CDC0000000000000000000000000000000000000000000000000000000000000000000000000000000000000000000000000000000000000000000000000000000000033
:40CE000000000000000000000000000000000000000000000000000000000000000000000000000000000000000000000000000000000000000000000000000000000000F2
:40CE400000000000000000000000000000000000000000000000000000000000000000000000000000000000000000000000000000000000000000000000000000000000B2
:40CE80000000000000000000000000000000000000000000000000000000000000000000000000000000000000000000000000000000000000000000000000000000000072
:40CEC0000000000000000000000000000000000000000000000000000000000000000000000000000000000000000000000000000000000000000000000000000000000032
:40CF000000000000000000000000000000000000000000000000000000000000000000000000000000000000000000000000000000000000000000000000000000000000F1
:40CF400000000000000000000000000000000000000000000000000000000000000000000000000000000000000000000000000000000000000000000000000000000000B1
:40CF80000000000000000000000000000000000000000000000000000000000000000000000000000000000000000000000000000000000000000000000000000000000071
:40CFC0000000000000000000000000000000000000000000000000000000000000000000000000000000000000000000000000000000000000000000000000000000000031
:40D0000000000000000000000000000000000000000000000000000000000000000000000000000000000000000000000000000000000000000000000000000000000000F0
:40D0400000000000000000000000000000000000000000000000000000000000000000000000000000000000000000000000000000000000000000000000000000000000B0
:40D080000000000000000000000000000000000000000000000000000000000000000000000000000000000000000000000000000000000000000000000000000000000070
:40D0C0000000000000000000000000000000000000000000000000000000000000000000000000000000000000000000000000000000000000000000000000000000000030
:40D1000000000000000000000000000000000000000000000000000000000000000000000000000000000000000000000000000000000000000000000000000000000000EF
:40D1400000000000000000000000000000000000000000000000000000000000000000000000000000000000000000000000000000000000000000000000000000000000AF
:40D18000000000000000000000000000000000000000000000000000000000000000000000000000000000000000000000000000000000000000000000000000000000006F
:40D1C000000000000000000000000000000000000000000000000000000000000000000000000000000000000000000000000000000000000000000000000000000000002F
:40D2000000000000000000000000000000000000000000000000000000000000000000000000000000000000000000000000000000000000000000000000000000000000EE
:40D2400000000000000000000000000000000000000000000000000000000000000000000000000000000000000000000000000000000000000000000000000000000000AE
:40D28000000000000000000000000000000000000000000000000000000000000000000000000000000000000000000000000000000000000000000000000000000000006E
:40D2C000000000000000000000000000000000000000000000000000000000000000000000000000000000000000000000000000000000000000000000000000000000002E
:40D3000000000000000000000000000000000000000000000000000000000000000000000000000000000000000000000000000000000000000000000000000000000000ED
:40D3400000000000000000000000000000000000000000000000000000000000000000000000000000000000000000000000000000000000000000000000000000000000AD
:40D38000000000000000000000000000000000000000000000000000000000000000000000000000000000000000000000000000000000000000000000000000000000006D
:40D3C000000000000000000000000000000000000000000000000000000000000000000000000000000000000000000000000000000000000000000000000000000000002D
:40D4000000000000000000000000000000000000000000000000000000000000000000000000000000000000000000000000000000000000000000000000000000000000EC
:40D4400000000000000000000000000000000000000000000000000000000000000000000000000000000000000000000000000000000000000000000000000000000000AC
:40D48000000000000000000000000000000000000000000000000000000000000000000000000000000000000000000000000000000000000000000000000000000000006C
:40D4C000000000000000000000000000000000000000000000000000000000000000000000000000000000000000000000000000000000000000000000000000000000002C
:40D5000000000000000000000000000000000000000000000000000000000000000000000000000000000000000000000000000000000000000000000000000000000000EB
:40D5400000000000000000000000000000000000000000000000000000000000000000000000000000000000000000000000000000000000000000000000000000000000AB
:40D58000000000000000000000000000000000000000000000000000000000000000000000000000000000000000000000000000000000000000000000000000000000006B
:40D5C000000000000000000000000000000000000000000000000000000000000000000000000000000000000000000000000000000000000000000000000000000000002B
:40D6000000000000000000000000000000000000000000000000000000000000000000000000000000000000000000000000000000000000000000000000000000000000EA
:40D6400000000000000000000000000000000000000000000000000000000000000000000000000000000000000000000000000000000000000000000000000000000000AA
:40D68000000000000000000000000000000000000000000000000000000000000000000000000000000000000000000000000000000000000000000000000000000000006A
:40D6C000000000000000000000000000000000000000000000000000000000000000000000000000000000000000000000000000000000000000000000000000000000002A
:40D7000000000000000000000000000000000000000000000000000000000000000000000000000000000000000000000000000000000000000000000000000000000000E9
:40D7400000000000000000000000000000000000000000000000000000000000000000000000000000000000000000000000000000000000000000000000000000000000A9
:40D780000000000000000000000000000000000000000000000000000000000000000000000000000000000000000000000000000000000000000000000000000000000069
:40D7C0000000000000000000000000000000000000000000000000000000000000000000000000000000000000000000000000000000000000000000000000000000000029
:40D8000000000000000000000000000000000000000000000000000000000000000000000000000000000000000000000000000000000000000000000000000000000000E8
:40D8400000000000000000000000000000000000000000000000000000000000000000000000000000000000000000000000000000000000000000000000000000000000A8
:40D880000000000000000000000000000000000000000000000000000000000000000000000000000000000000000000000000000000000000000000000000000000000068
:40D8C0000000000000000000000000000000000000000000000000000000000000000000000000000000000000000000000000000000000000000000000000000000000028
:40D9000000000000000000000000000000000000000000000000000000000000000000000000000000000000000000000000000000000000000000000000000000000000E7
:40D9400000000000000000000000000000000000000000000000000000000000000000000000000000000000000000000000000000000000000000000000000000000000A7
:40D980000000000000000000000000000000000000000000000000000000000000000000000000000000000000000000000000000000000000000000000000000000000067
:40D9C0000000000000000000000000000000000000000000000000000000000000000000000000000000000000000000000000000000000000000000000000000000000027
:40DA000000000000000000000000000000000000000000000000000000000000000000000000000000000000000000000000000000000000000000000000000000000000E6
:40DA400000000000000000000000000000000000000000000000000000000000000000000000000000000000000000000000000000000000000000000000000000000000A6
:40DA80000000000000000000000000000000000000000000000000000000000000000000000000000000000000000000000000000000000000000000000000000000000066
:40DAC0000000000000000000000000000000000000000000000000000000000000000000000000000000000000000000000000000000000000000000000000000000000026
:40DB000000000000000000000000000000000000000000000000000000000000000000000000000000000000000000000000000000000000000000000000000000000000E5
:40DB400000000000000000000000000000000000000000000000000000000000000000000000000000000000000000000000000000000000000000000000000000000000A5
:40DB80000000000000000000000000000000000000000000000000000000000000000000000000000000000000000000000000000000000000000000000000000000000065
:40DBC0000000000000000000000000000000000000000000000000000000000000000000000000000000000000000000000000000000000000000000000000000000000025
:40DC000000000000000000000000000000000000000000000000000000000000000000000000000000000000000000000000000000000000000000000000000000000000E4
:40DC400000000000000000000000000000000000000000000000000000000000000000000000000000000000000000000000000000000000000000000000000000000000A4
:40DC80000000000000000000000000000000000000000000000000000000000000000000000000000000000000000000000000000000000000000000000000000000000064
:40DCC0000000000000000000000000000000000000000000000000000000000000000000000000000000000000000000000000000000000000000000000000000000000024
:40DD000000000000000000000000000000000000000000000000000000000000000000000000000000000000000000000000000000000000000000000000000000000000E3
:40DD400000000000000000000000000000000000000000000000000000000000000000000000000000000000000000000000000000000000000000000000000000000000A3
:40DD80000000000000000000000000000000000000000000000000000000000000000000000000000000000000000000000000000000000000000000000000000000000063
:40DDC0000000000000000000000000000000000000000000000000000000000000000000000000000000000000000000000000000000000000000000000000000000000023
:40DE000000000000000000000000000000000000000000000000000000000000000000000000000000000000000000000000000000000000000000000000000000000000E2
:40DE400000000000000000000000000000000000000000000000000000000000000000000000000000000000000000000000000000000000000000000000000000000000A2
:40DE80000000000000000000000000000000000000000000000000000000000000000000000000000000000000000000000000000000000000000000000000000000000062
:40DEC0000000000000000000000000000000000000000000000000000000000000000000000000000000000000000000000000000000000000000000000000000000000022
:40DF000000000000000000000000000000000000000000000000000000000000000000000000000000000000000000000000000000000000000000000000000000000000E1
:40DF400000000000000000000000000000000000000000000000000000000000000000000000000000000000000000000000000000000000000000000000000000000000A1
:40DF80000000000000000000000000000000000000000000000000000000000000000000000000000000000000000000000000000000000000000000000000000000000061
:40DFC0000000000000000000000000000000000000000000000000000000000000000000000000000000000000000000000000000000000000000000000000000000000021
:40E0000000000000000000000000000000000000000000000000000000000000000000000000000000000000000000000000000000000000000000000000000000000000E0
:40E0400000000000000000000000000000000000000000000000000000000000000000000000000000000000000000000000000000000000000000000000000000000000A0
:40E080000000000000000000000000000000000000000000000000000000000000000000000000000000000000000000000000000000000000000000000000000000000060
:40E0C0000000000000000000000000000000000000000000000000000000000000000000000000000000000000000000000000000000000000000000000000000000000020
:40E1000000000000000000000000000000000000000000000000000000000000000000000000000000000000000000000000000000000000000000000000000000000000DF
:40E14000000000000000000000000000000000000000000000000000000000000000000000000000000000000000000000000000000000000000000000000000000000009F
:40E18000000000000000000000000000000000000000000000000000000000000000000000000000000000000000000000000000000000000000000000000000000000005F
:40E1C000000000000000000000000000000000000000000000000000000000000000000000000000000000000000000000000000000000000000000000000000000000001F
:40E2000000000000000000000000000000000000000000000000000000000000000000000000000000000000000000000000000000000000000000000000000000000000DE
:40E24000000000000000000000000000000000000000000000000000000000000000000000000000000000000000000000000000000000000000000000000000000000009E
:40E28000000000000000000000000000000000000000000000000000000000000000000000000000000000000000000000000000000000000000000000000000000000005E
:40E2C000000000000000000000000000000000000000000000000000000000000000000000000000000000000000000000000000000000000000000000000000000000001E
:40E3000000000000000000000000000000000000000000000000000000000000000000000000000000000000000000000000000000000000000000000000000000000000DD
:40E34000000000000000000000000000000000000000000000000000000000000000000000000000000000000000000000000000000000000000000000000000000000009D
:40E38000000000000000000000000000000000000000000000000000000000000000000000000000000000000000000000000000000000000000000000000000000000005D
:40E3C000000000000000000000000000000000000000000000000000000000000000000000000000000000000000000000000000000000000000000000000000000000001D
:40E4000000000000000000000000000000000000000000000000000000000000000000000000000000000000000000000000000000000000000000000000000000000000DC
:40E44000000000000000000000000000000000000000000000000000000000000000000000000000000000000000000000000000000000000000000000000000000000009C
:40E48000000000000000000000000000000000000000000000000000000000000000000000000000000000000000000000000000000000000000000000000000000000005C
:40E4C000000000000000000000000000000000000000000000000000000000000000000000000000000000000000000000000000000000000000000000000000000000001C
:40E5000000000000000000000000000000000000000000000000000000000000000000000000000000000000000000000000000000000000000000000000000000000000DB
:40E54000000000000000000000000000000000000000000000000000000000000000000000000000000000000000000000000000000000000000000000000000000000009B
:40E58000000000000000000000000000000000000000000000000000000000000000000000000000000000000000000000000000000000000000000000000000000000005B
:40E5C000000000000000000000000000000000000000000000000000000000000000000000000000000000000000000000000000000000000000000000000000000000001B
:40E6000000000000000000000000000000000000000000000000000000000000000000000000000000000000000000000000000000000000000000000000000000000000DA
:40E64000000000000000000000000000000000000000000000000000000000000000000000000000000000000000000000000000000000000000000000000000000000009A
:40E68000000000000000000000000000000000000000000000000000000000000000000000000000000000000000000000000000000000000000000000000000000000005A
:40E6C000000000000000000000000000000000000000000000000000000000000000000000000000000000000000000000000000000000000000000000000000000000001A
:40E7000000000000000000000000000000000000000000000000000000000000000000000000000000000000000000000000000000000000000000000000000000000000D9
:40E740000000000000000000000000000000000000000000000000000000000000000000000000000000000000000000000000000000000000000000000000000000000099
:40E780000000000000000000000000000000000000000000000000000000000000000000000000000000000000000000000000000000000000000000000000000000000059
:40E7C0000000000000000000000000000000000000000000000000000000000000000000000000000000000000000000000000000000000000000000000000000000000019
:40E8000000000000000000000000000000000000000000000000000000000000000000000000000000000000000000000000000000000000000000000000000000000000D8
:40E840000000000000000000000000000000000000000000000000000000000000000000000000000000000000000000000000000000000000000000000000000000000098
:40E880000000000000000000000000000000000000000000000000000000000000000000000000000000000000000000000000000000000000000000000000000000000058
:40E8C0000000000000000000000000000000000000000000000000000000000000000000000000000000000000000000000000000000000000000000000000000000000018
:40E9000000000000000000000000000000000000000000000000000000000000000000000000000000000000000000000000000000000000000000000000000000000000D7
:40E940000000000000000000000000000000000000000000000000000000000000000000000000000000000000000000000000000000000000000000000000000000000097
:40E980000000000000000000000000000000000000000000000000000000000000000000000000000000000000000000000000000000000000000000000000000000000057
:40E9C0000000000000000000000000000000000000000000000000000000000000000000000000000000000000000000000000000000000000000000000000000000000017
:40EA000000000000000000000000000000000000000000000000000000000000000000000000000000000000000000000000000000000000000000000000000000000000D6
:40EA40000000000000000000000000000000000000000000000000000000000000000000000000000000000000000000000000000000000000000000000000000000000096
:40EA80000000000000000000000000000000000000000000000000000000000000000000000000000000000000000000000000000000000000000000000000000000000056
:40EAC0000000000000000000000000000000000000000000000000000000000000000000000000000000000000000000000000000000000000000000000000000000000016
:40EB000000000000000000000000000000000000000000000000000000000000000000000000000000000000000000000000000000000000000000000000000000000000D5
:40EB40000000000000000000000000000000000000000000000000000000000000000000000000000000000000000000000000000000000000000000000000000000000095
:40EB80000000000000000000000000000000000000000000000000000000000000000000000000000000000000000000000000000000000000000000000000000000000055
:40EBC0000000000000000000000000000000000000000000000000000000000000000000000000000000000000000000000000000000000000000000000000000000000015
:40EC000000000000000000000000000000000000000000000000000000000000000000000000000000000000000000000000000000000000000000000000000000000000D4
:40EC40000000000000000000000000000000000000000000000000000000000000000000000000000000000000000000000000000000000000000000000000000000000094
:40EC80000000000000000000000000000000000000000000000000000000000000000000000000000000000000000000000000000000000000000000000000000000000054
:40ECC0000000000000000000000000000000000000000000000000000000000000000000000000000000000000000000000000000000000000000000000000000000000014
:40ED000000000000000000000000000000000000000000000000000000000000000000000000000000000000000000000000000000000000000000000000000000000000D3
:40ED40000000000000000000000000000000000000000000000000000000000000000000000000000000000000000000000000000000000000000000000000000000000093
:40ED80000000000000000000000000000000000000000000000000000000000000000000000000000000000000000000000000000000000000000000000000000000000053
:40EDC0000000000000000000000000000000000000000000000000000000000000000000000000000000000000000000000000000000000000000000000000000000000013
:40EE000000000000000000000000000000000000000000000000000000000000000000000000000000000000000000000000000000000000000000000000000000000000D2
:40EE40000000000000000000000000000000000000000000000000000000000000000000000000000000000000000000000000000000000000000000000000000000000092
:40EE80000000000000000000000000000000000000000000000000000000000000000000000000000000000000000000000000000000000000000000000000000000000052
:40EEC0000000000000000000000000000000000000000000000000000000000000000000000000000000000000000000000000000000000000000000000000000000000012
:40EF000000000000000000000000000000000000000000000000000000000000000000000000000000000000000000000000000000000000000000000000000000000000D1
:40EF40000000000000000000000000000000000000000000000000000000000000000000000000000000000000000000000000000000000000000000000000000000000091
:40EF80000000000000000000000000000000000000000000000000000000000000000000000000000000000000000000000000000000000000000000000000000000000051
:40EFC0000000000000000000000000000000000000000000000000000000000000000000000000000000000000000000000000000000000000000000000000000000000011
:40F0000000000000000000000000000000000000000000000000000000000000000000000000000000000000000000000000000000000000000000000000000000000000D0
:40F040000000000000000000000000000000000000000000000000000000000000000000000000000000000000000000000000000000000000000000000000000000000090
:40F080000000000000000000000000000000000000000000000000000000000000000000000000000000000000000000000000000000000000000000000000000000000050
:40F0C0000000000000000000000000000000000000000000000000000000000000000000000000000000000000000000000000000000000000000000000000000000000010
:40F1000000000000000000000000000000000000000000000000000000000000000000000000000000000000000000000000000000000000000000000000000000000000CF
:40F14000000000000000000000000000000000000000000000000000000000000000000000000000000000000000000000000000000000000000000000000000000000008F
:40F18000000000000000000000000000000000000000000000000000000000000000000000000000000000000000000000000000000000000000000000000000000000004F
:40F1C000000000000000000000000000000000000000000000000000000000000000000000000000000000000000000000000000000000000000000000000000000000000F
:40F2000000000000000000000000000000000000000000000000000000000000000000000000000000000000000000000000000000000000000000000000000000000000CE
:40F24000000000000000000000000000000000000000000000000000000000000000000000000000000000000000000000000000000000000000000000000000000000008E
:40F28000000000000000000000000000000000000000000000000000000000000000000000000000000000000000000000000000000000000000000000000000000000004E
:40F2C000000000000000000000000000000000000000000000000000000000000000000000000000000000000000000000000000000000000000000000000000000000000E
:40F3000000000000000000000000000000000000000000000000000000000000000000000000000000000000000000000000000000000000000000000000000000000000CD
:40F34000000000000000000000000000000000000000000000000000000000000000000000000000000000000000000000000000000000000000000000000000000000008D
:40F38000000000000000000000000000000000000000000000000000000000000000000000000000000000000000000000000000000000000000000000000000000000004D
:40F3C000000000000000000000000000000000000000000000000000000000000000000000000000000000000000000000000000000000000000000000000000000000000D
:40F4000000000000000000000000000000000000000000000000000000000000000000000000000000000000000000000000000000000000000000000000000000000000CC
:40F44000000000000000000000000000000000000000000000000000000000000000000000000000000000000000000000000000000000000000000000000000000000008C
:40F48000000000000000000000000000000000000000000000000000000000000000000000000000000000000000000000000000000000000000000000000000000000004C
:40F4C000000000000000000000000000000000000000000000000000000000000000000000000000000000000000000000000000000000000000000000000000000000000C
:40F5000000000000000000000000000000000000000000000000000000000000000000000000000000000000000000000000000000000000000000000000000000000000CB
:40F54000000000000000000000000000000000000000000000000000000000000000000000000000000000000000000000000000000000000000000000000000000000008B
:40F58000000000000000000000000000000000000000000000000000000000000000000000000000000000000000000000000000000000000000000000000000000000004B
:40F5C000000000000000000000000000000000000000000000000000000000000000000000000000000000000000000000000000000000000000000000000000000000000B
:40F6000000000000000000000000000000000000000000000000000000000000000000000000000000000000000000000000000000000000000000000000000000000000CA
:40F64000000000000000000000000000000000000000000000000000000000000000000000000000000000000000000000000000000000000000000000000000000000008A
:40F68000000000000000000000000000000000000000000000000000000000000000000000000000000000000000000000000000000000000000000000000000000000004A
:40F6C000000000000000000000000000000000000000000000000000000000000000000000000000000000000000000000000000000000000000000000000000000000000A
:40F7000000000000000000000000000000000000000000000000000000000000000000000000000000000000000000000000000000000000000000000000000000000000C9
:40F740000000000000000000000000000000000000000000000000000000000000000000000000000000000000000000000000000000000000000000000000000000000089
:40F780000000000000000000000000000000000000000000000000000000000000000000000000000000000000000000000000000000000000000000000000000000000049
:40F7C0000000000000000000000000000000000000000000000000000000000000000000000000000000000000000000000000000000000000000000000000000000000009
:40F8000000000000000000000000000000000000000000000000000000000000000000000000000000000000000000000000000000000000000000000000000000000000C8
:40F840000000000000000000000000000000000000000000000000000000000000000000000000000000000000000000000000000000000000000000000000000000000088
:40F880000000000000000000000000000000000000000000000000000000000000000000000000000000000000000000000000000000000000000000000000000000000048
:40F8C0000000000000000000000000000000000000000000000000000000000000000000000000000000000000000000000000000000000000000000000000000000000008
:40F9000000000000000000000000000000000000000000000000000000000000000000000000000000000000000000000000000000000000000000000000000000000000C7
:40F940000000000000000000000000000000000000000000000000000000000000000000000000000000000000000000000000000000000000000000000000000000000087
:40F980000000000000000000000000000000000000000000000000000000000000000000000000000000000000000000000000000000000000000000000000000000000047
:40F9C0000000000000000000000000000000000000000000000000000000000000000000000000000000000000000000000000000000000000000000000000000000000007
:40FA000000000000000000000000000000000000000000000000000000000000000000000000000000000000000000000000000000000000000000000000000000000000C6
:40FA40000000000000000000000000000000000000000000000000000000000000000000000000000000000000000000000000000000000000000000000000000000000086
:40FA80000000000000000000000000000000000000000000000000000000000000000000000000000000000000000000000000000000000000000000000000000000000046
:40FAC0000000000000000000000000000000000000000000000000000000000000000000000000000000000000000000000000000000000000000000000000000000000006
:40FB000000000000000000000000000000000000000000000000000000000000000000000000000000000000000000000000000000000000000000000000000000000000C5
:40FB40000000000000000000000000000000000000000000000000000000000000000000000000000000000000000000000000000000000000000000000000000000000085
:40FB80000000000000000000000000000000000000000000000000000000000000000000000000000000000000000000000000000000000000000000000000000000000045
:40FBC0000000000000000000000000000000000000000000000000000000000000000000000000000000000000000000000000000000000000000000000000000000000005
:40FC000000000000000000000000000000000000000000000000000000000000000000000000000000000000000000000000000000000000000000000000000000000000C4
:40FC40000000000000000000000000000000000000000000000000000000000000000000000000000000000000000000000000000000000000000000000000000000000084
:40FC80000000000000000000000000000000000000000000000000000000000000000000000000000000000000000000000000000000000000000000000000000000000044
:40FCC0000000000000000000000000000000000000000000000000000000000000000000000000000000000000000000000000000000000000000000000000000000000004
:40FD000000000000000000000000000000000000000000000000000000000000000000000000000000000000000000000000000000000000000000000000000000000000C3
:40FD40000000000000000000000000000000000000000000000000000000000000000000000000000000000000000000000000000000000000000000000000000000000083
:40FD80000000000000000000000000000000000000000000000000000000000000000000000000000000000000000000000000000000000000000000000000000000000043
:40FDC0000000000000000000000000000000000000000000000000000000000000000000000000000000000000000000000000000000000000000000000000000000000003
:40FE000000000000000000000000000000000000000000000000000000000000000000000000000000000000000000000000000000000000000000000000000000000000C2
:40FE40000000000000000000000000000000000000000000000000000000000000000000000000000000000000000000000000000000000000000000000000000000000082
:40FE80000000000000000000000000000000000000000000000000000000000000000000000000000000000000000000000000000000000000000000000000000000000042
:40FEC0000000000000000000000000000000000000000000000000000000000000000000000000000000000000000000000000000000000000000000000000000000000002
:40FF000000000000000000000000000000000000000000000000000000000000000000000000000000000000000000000000000000000000000000000000000000000000C1
:40FF40000000000000000000000000000000000000000000000000000000000000000000000000000000000000000000000000000000000000000000000000000000000081
:40FF80000000000000000000000000000000000000000000000000000000000000000000000000000000000000000000000000000000000000000000000000000000000041
:40FFC0000000000000000000000000000000000000000000000000000000000000000000000000000000000000000000000000000000000000000000000000000000000001
:020000040002F8
:4000000000000000000000000000000000000000000000000000000000000000000000000000000000000000000000000000000000000000000000000000000000000000C0
:400040000000000000000000000000000000000000000000000000000000000000000000000000000000000000000000000000000000000000000000000000000000000080
:400080000000000000000000000000000000000000000000000000000000000000000000000000000000000000000000000000000000000000000000000000000000000040
:4000C0000000000000000000000000000000000000000000000000000000000000000000000000000000000000000000000000000000000000000000000000000000000000
:4001000000000000000000000000000000000000000000000000000000000000000000000000000000000000000000000000000000000000000000000000000000000000BF
:40014000000000000000000000000000000000000000000000000000000000000000000000000000000000000000000000000000000000000000000000000000000000007F
:40018000000000000000000000000000000000000000000000000000000000000000000000000000000000000000000000000000000000000000000000000000000000003F
:4001C00000000000000000000000000000000000000000000000000000000000000000000000000000000000000000000000000000000000000000000000000000000000FF
:4002000000000000000000000000000000000000000000000000000000000000000000000000000000000000000000000000000000000000000000000000000000000000BE
:40024000000000000000000000000000000000000000000000000000000000000000000000000000000000000000000000000000000000000000000000000000000000007E
:40028000000000000000000000000000000000000000000000000000000000000000000000000000000000000000000000000000000000000000000000000000000000003E
:4002C00000000000000000000000000000000000000000000000000000000000000000000000000000000000000000000000000000000000000000000000000000000000FE
:4003000000000000000000000000000000000000000000000000000000000000000000000000000000000000000000000000000000000000000000000000000000000000BD
:40034000000000000000000000000000000000000000000000000000000000000000000000000000000000000000000000000000000000000000000000000000000000007D
:40038000000000000000000000000000000000000000000000000000000000000000000000000000000000000000000000000000000000000000000000000000000000003D
:4003C00000000000000000000000000000000000000000000000000000000000000000000000000000000000000000000000000000000000000000000000000000000000FD
:4004000000000000000000000000000000000000000000000000000000000000000000000000000000000000000000000000000000000000000000000000000000000000BC
:40044000000000000000000000000000000000000000000000000000000000000000000000000000000000000000000000000000000000000000000000000000000000007C
:40048000000000000000000000000000000000000000000000000000000000000000000000000000000000000000000000000000000000000000000000000000000000003C
:4004C00000000000000000000000000000000000000000000000000000000000000000000000000000000000000000000000000000000000000000000000000000000000FC
:4005000000000000000000000000000000000000000000000000000000000000000000000000000000000000000000000000000000000000000000000000000000000000BB
:40054000000000000000000000000000000000000000000000000000000000000000000000000000000000000000000000000000000000000000000000000000000000007B
:40058000000000000000000000000000000000000000000000000000000000000000000000000000000000000000000000000000000000000000000000000000000000003B
:4005C00000000000000000000000000000000000000000000000000000000000000000000000000000000000000000000000000000000000000000000000000000000000FB
:4006000000000000000000000000000000000000000000000000000000000000000000000000000000000000000000000000000000000000000000000000000000000000BA
:40064000000000000000000000000000000000000000000000000000000000000000000000000000000000000000000000000000000000000000000000000000000000007A
:40068000000000000000000000000000000000000000000000000000000000000000000000000000000000000000000000000000000000000000000000000000000000003A
:4006C00000000000000000000000000000000000000000000000000000000000000000000000000000000000000000000000000000000000000000000000000000000000FA
:4007000000000000000000000000000000000000000000000000000000000000000000000000000000000000000000000000000000000000000000000000000000000000B9
:400740000000000000000000000000000000000000000000000000000000000000000000000000000000000000000000000000000000000000000000000000000000000079
:400780000000000000000000000000000000000000000000000000000000000000000000000000000000000000000000000000000000000000000000000000000000000039
:4007C00000000000000000000000000000000000000000000000000000000000000000000000000000000000000000000000000000000000000000000000000000000000F9
:4008000000000000000000000000000000000000000000000000000000000000000000000000000000000000000000000000000000000000000000000000000000000000B8
:400840000000000000000000000000000000000000000000000000000000000000000000000000000000000000000000000000000000000000000000000000000000000078
:400880000000000000000000000000000000000000000000000000000000000000000000000000000000000000000000000000000000000000000000000000000000000038
:4008C00000000000000000000000000000000000000000000000000000000000000000000000000000000000000000000000000000000000000000000000000000000000F8
:4009000000000000000000000000000000000000000000000000000000000000000000000000000000000000000000000000000000000000000000000000000000000000B7
:400940000000000000000000000000000000000000000000000000000000000000000000000000000000000000000000000000000000000000000000000000000000000077
:400980000000000000000000000000000000000000000000000000000000000000000000000000000000000000000000000000000000000000000000000000000000000037
:4009C00000000000000000000000000000000000000000000000000000000000000000000000000000000000000000000000000000000000000000000000000000000000F7
:400A000000000000000000000000000000000000000000000000000000000000000000000000000000000000000000000000000000000000000000000000000000000000B6
:400A40000000000000000000000000000000000000000000000000000000000000000000000000000000000000000000000000000000000000000000000000000000000076
:400A80000000000000000000000000000000000000000000000000000000000000000000000000000000000000000000000000000000000000000000000000000000000036
:400AC00000000000000000000000000000000000000000000000000000000000000000000000000000000000000000000000000000000000000000000000000000000000F6
:400B000000000000000000000000000000000000000000000000000000000000000000000000000000000000000000000000000000000000000000000000000000000000B5
:400B40000000000000000000000000000000000000000000000000000000000000000000000000000000000000000000000000000000000000000000000000000000000075
:400B80000000000000000000000000000000000000000000000000000000000000000000000000000000000000000000000000000000000000000000000000000000000035
:400BC00000000000000000000000000000000000000000000000000000000000000000000000000000000000000000000000000000000000000000000000000000000000F5
:400C000000000000000000000000000000000000000000000000000000000000000000000000000000000000000000000000000000000000000000000000000000000000B4
:400C40000000000000000000000000000000000000000000000000000000000000000000000000000000000000000000000000000000000000000000000000000000000074
:400C80000000000000000000000000000000000000000000000000000000000000000000000000000000000000000000000000000000000000000000000000000000000034
:400CC00000000000000000000000000000000000000000000000000000000000000000000000000000000000000000000000000000000000000000000000000000000000F4
:400D000000000000000000000000000000000000000000000000000000000000000000000000000000000000000000000000000000000000000000000000000000000000B3
:400D40000000000000000000000000000000000000000000000000000000000000000000000000000000000000000000000000000000000000000000000000000000000073
:400D80000000000000000000000000000000000000000000000000000000000000000000000000000000000000000000000000000000000000000000000000000000000033
:400DC00000000000000000000000000000000000000000000000000000000000000000000000000000000000000000000000000000000000000000000000000000000000F3
:400E000000000000000000000000000000000000000000000000000000000000000000000000000000000000000000000000000000000000000000000000000000000000B2
:400E40000000000000000000000000000000000000000000000000000000000000000000000000000000000000000000000000000000000000000000000000000000000072
:400E80000000000000000000000000000000000000000000000000000000000000000000000000000000000000000000000000000000000000000000000000000000000032
:400EC00000000000000000000000000000000000000000000000000000000000000000000000000000000000000000000000000000000000000000000000000000000000F2
:400F000000000000000000000000000000000000000000000000000000000000000000000000000000000000000000000000000000000000000000000000000000000000B1
:400F40000000000000000000000000000000000000000000000000000000000000000000000000000000000000000000000000000000000000000000000000000000000071
:400F80000000000000000000000000000000000000000000000000000000000000000000000000000000000000000000000000000000000000000000000000000000000031
:400FC00000000000000000000000000000000000000000000000000000000000000000000000000000000000000000000000000000000000000000000000000000000000F1
:4010000000000000000000000000000000000000000000000000000000000000000000000000000000000000000000000000000000000000000000000000000000000000B0
:401040000000000000000000000000000000000000000000000000000000000000000000000000000000000000000000000000000000000000000000000000000000000070
:401080000000000000000000000000000000000000000000000000000000000000000000000000000000000000000000000000000000000000000000000000000000000030
:4010C00000000000000000000000000000000000000000000000000000000000000000000000000000000000000000000000000000000000000000000000000000000000F0
:4011000000000000000000000000000000000000000000000000000000000000000000000000000000000000000000000000000000000000000000000000000000000000AF
:40114000000000000000000000000000000000000000000000000000000000000000000000000000000000000000000000000000000000000000000000000000000000006F
:40118000000000000000000000000000000000000000000000000000000000000000000000000000000000000000000000000000000000000000000000000000000000002F
:4011C00000000000000000000000000000000000000000000000000000000000000000000000000000000000000000000000000000000000000000000000000000000000EF
:4012000000000000000000000000000000000000000000000000000000000000000000000000000000000000000000000000000000000000000000000000000000000000AE
:40124000000000000000000000000000000000000000000000000000000000000000000000000000000000000000000000000000000000000000000000000000000000006E
:40128000000000000000000000000000000000000000000000000000000000000000000000000000000000000000000000000000000000000000000000000000000000002E
:4012C00000000000000000000000000000000000000000000000000000000000000000000000000000000000000000000000000000000000000000000000000000000000EE
:4013000000000000000000000000000000000000000000000000000000000000000000000000000000000000000000000000000000000000000000000000000000000000AD
:40134000000000000000000000000000000000000000000000000000000000000000000000000000000000000000000000000000000000000000000000000000000000006D
:40138000000000000000000000000000000000000000000000000000000000000000000000000000000000000000000000000000000000000000000000000000000000002D
:4013C00000000000000000000000000000000000000000000000000000000000000000000000000000000000000000000000000000000000000000000000000000000000ED
:4014000000000000000000000000000000000000000000000000000000000000000000000000000000000000000000000000000000000000000000000000000000000000AC
:40144000000000000000000000000000000000000000000000000000000000000000000000000000000000000000000000000000000000000000000000000000000000006C
:40148000000000000000000000000000000000000000000000000000000000000000000000000000000000000000000000000000000000000000000000000000000000002C
:4014C00000000000000000000000000000000000000000000000000000000000000000000000000000000000000000000000000000000000000000000000000000000000EC
:4015000000000000000000000000000000000000000000000000000000000000000000000000000000000000000000000000000000000000000000000000000000000000AB
:40154000000000000000000000000000000000000000000000000000000000000000000000000000000000000000000000000000000000000000000000000000000000006B
:40158000000000000000000000000000000000000000000000000000000000000000000000000000000000000000000000000000000000000000000000000000000000002B
:4015C00000000000000000000000000000000000000000000000000000000000000000000000000000000000000000000000000000000000000000000000000000000000EB
:4016000000000000000000000000000000000000000000000000000000000000000000000000000000000000000000000000000000000000000000000000000000000000AA
:40164000000000000000000000000000000000000000000000000000000000000000000000000000000000000000000000000000000000000000000000000000000000006A
:40168000000000000000000000000000000000000000000000000000000000000000000000000000000000000000000000000000000000000000000000000000000000002A
:4016C00000000000000000000000000000000000000000000000000000000000000000000000000000000000000000000000000000000000000000000000000000000000EA
:4017000000000000000000000000000000000000000000000000000000000000000000000000000000000000000000000000000000000000000000000000000000000000A9
:401740000000000000000000000000000000000000000000000000000000000000000000000000000000000000000000000000000000000000000000000000000000000069
:401780000000000000000000000000000000000000000000000000000000000000000000000000000000000000000000000000000000000000000000000000000000000029
:4017C00000000000000000000000000000000000000000000000000000000000000000000000000000000000000000000000000000000000000000000000000000000000E9
:4018000000000000000000000000000000000000000000000000000000000000000000000000000000000000000000000000000000000000000000000000000000000000A8
:401840000000000000000000000000000000000000000000000000000000000000000000000000000000000000000000000000000000000000000000000000000000000068
:401880000000000000000000000000000000000000000000000000000000000000000000000000000000000000000000000000000000000000000000000000000000000028
:4018C00000000000000000000000000000000000000000000000000000000000000000000000000000000000000000000000000000000000000000000000000000000000E8
:4019000000000000000000000000000000000000000000000000000000000000000000000000000000000000000000000000000000000000000000000000000000000000A7
:401940000000000000000000000000000000000000000000000000000000000000000000000000000000000000000000000000000000000000000000000000000000000067
:401980000000000000000000000000000000000000000000000000000000000000000000000000000000000000000000000000000000000000000000000000000000000027
:4019C00000000000000000000000000000000000000000000000000000000000000000000000000000000000000000000000000000000000000000000000000000000000E7
:401A000000000000000000000000000000000000000000000000000000000000000000000000000000000000000000000000000000000000000000000000000000000000A6
:401A40000000000000000000000000000000000000000000000000000000000000000000000000000000000000000000000000000000000000000000000000000000000066
:401A80000000000000000000000000000000000000000000000000000000000000000000000000000000000000000000000000000000000000000000000000000000000026
:401AC00000000000000000000000000000000000000000000000000000000000000000000000000000000000000000000000000000000000000000000000000000000000E6
:401B000000000000000000000000000000000000000000000000000000000000000000000000000000000000000000000000000000000000000000000000000000000000A5
:401B40000000000000000000000000000000000000000000000000000000000000000000000000000000000000000000000000000000000000000000000000000000000065
:401B80000000000000000000000000000000000000000000000000000000000000000000000000000000000000000000000000000000000000000000000000000000000025
:401BC00000000000000000000000000000000000000000000000000000000000000000000000000000000000000000000000000000000000000000000000000000000000E5
:401C000000000000000000000000000000000000000000000000000000000000000000000000000000000000000000000000000000000000000000000000000000000000A4
:401C40000000000000000000000000000000000000000000000000000000000000000000000000000000000000000000000000000000000000000000000000000000000064
:401C80000000000000000000000000000000000000000000000000000000000000000000000000000000000000000000000000000000000000000000000000000000000024
:401CC00000000000000000000000000000000000000000000000000000000000000000000000000000000000000000000000000000000000000000000000000000000000E4
:401D000000000000000000000000000000000000000000000000000000000000000000000000000000000000000000000000000000000000000000000000000000000000A3
:401D40000000000000000000000000000000000000000000000000000000000000000000000000000000000000000000000000000000000000000000000000000000000063
:401D80000000000000000000000000000000000000000000000000000000000000000000000000000000000000000000000000000000000000000000000000000000000023
:401DC00000000000000000000000000000000000000000000000000000000000000000000000000000000000000000000000000000000000000000000000000000000000E3
:401E000000000000000000000000000000000000000000000000000000000000000000000000000000000000000000000000000000000000000000000000000000000000A2
:401E40000000000000000000000000000000000000000000000000000000000000000000000000000000000000000000000000000000000000000000000000000000000062
:401E80000000000000000000000000000000000000000000000000000000000000000000000000000000000000000000000000000000000000000000000000000000000022
:401EC00000000000000000000000000000000000000000000000000000000000000000000000000000000000000000000000000000000000000000000000000000000000E2
:401F000000000000000000000000000000000000000000000000000000000000000000000000000000000000000000000000000000000000000000000000000000000000A1
:401F40000000000000000000000000000000000000000000000000000000000000000000000000000000000000000000000000000000000000000000000000000000000061
:401F80000000000000000000000000000000000000000000000000000000000000000000000000000000000000000000000000000000000000000000000000000000000021
:401FC00000000000000000000000000000000000000000000000000000000000000000000000000000000000000000000000000000000000000000000000000000000000E1
:4020000000000000000000000000000000000000000000000000000000000000000000000000000000000000000000000000000000000000000000000000000000000000A0
:402040000000000000000000000000000000000000000000000000000000000000000000000000000000000000000000000000000000000000000000000000000000000060
:402080000000000000000000000000000000000000000000000000000000000000000000000000000000000000000000000000000000000000000000000000000000000020
:4020C00000000000000000000000000000000000000000000000000000000000000000000000000000000000000000000000000000000000000000000000000000000000E0
:40210000000000000000000000000000000000000000000000000000000000000000000000000000000000000000000000000000000000000000000000000000000000009F
:40214000000000000000000000000000000000000000000000000000000000000000000000000000000000000000000000000000000000000000000000000000000000005F
:40218000000000000000000000000000000000000000000000000000000000000000000000000000000000000000000000000000000000000000000000000000000000001F
:4021C00000000000000000000000000000000000000000000000000000000000000000000000000000000000000000000000000000000000000000000000000000000000DF
:40220000000000000000000000000000000000000000000000000000000000000000000000000000000000000000000000000000000000000000000000000000000000009E
:40224000000000000000000000000000000000000000000000000000000000000000000000000000000000000000000000000000000000000000000000000000000000005E
:40228000000000000000000000000000000000000000000000000000000000000000000000000000000000000000000000000000000000000000000000000000000000001E
:4022C00000000000000000000000000000000000000000000000000000000000000000000000000000000000000000000000000000000000000000000000000000000000DE
:40230000000000000000000000000000000000000000000000000000000000000000000000000000000000000000000000000000000000000000000000000000000000009D
:40234000000000000000000000000000000000000000000000000000000000000000000000000000000000000000000000000000000000000000000000000000000000005D
:40238000000000000000000000000000000000000000000000000000000000000000000000000000000000000000000000000000000000000000000000000000000000001D
:4023C00000000000000000000000000000000000000000000000000000000000000000000000000000000000000000000000000000000000000000000000000000000000DD
:40240000000000000000000000000000000000000000000000000000000000000000000000000000000000000000000000000000000000000000000000000000000000009C
:40244000000000000000000000000000000000000000000000000000000000000000000000000000000000000000000000000000000000000000000000000000000000005C
:40248000000000000000000000000000000000000000000000000000000000000000000000000000000000000000000000000000000000000000000000000000000000001C
:4024C00000000000000000000000000000000000000000000000000000000000000000000000000000000000000000000000000000000000000000000000000000000000DC
:40250000000000000000000000000000000000000000000000000000000000000000000000000000000000000000000000000000000000000000000000000000000000009B
:40254000000000000000000000000000000000000000000000000000000000000000000000000000000000000000000000000000000000000000000000000000000000005B
:40258000000000000000000000000000000000000000000000000000000000000000000000000000000000000000000000000000000000000000000000000000000000001B
:4025C00000000000000000000000000000000000000000000000000000000000000000000000000000000000000000000000000000000000000000000000000000000000DB
:40260000000000000000000000000000000000000000000000000000000000000000000000000000000000000000000000000000000000000000000000000000000000009A
:40264000000000000000000000000000000000000000000000000000000000000000000000000000000000000000000000000000000000000000000000000000000000005A
:40268000000000000000000000000000000000000000000000000000000000000000000000000000000000000000000000000000000000000000000000000000000000001A
:4026C00000000000000000000000000000000000000000000000000000000000000000000000000000000000000000000000000000000000000000000000000000000000DA
:402700000000000000000000000000000000000000000000000000000000000000000000000000000000000000000000000000000000000000000000000000000000000099
:402740000000000000000000000000000000000000000000000000000000000000000000000000000000000000000000000000000000000000000000000000000000000059
:402780000000000000000000000000000000000000000000000000000000000000000000000000000000000000000000000000000000000000000000000000000000000019
:4027C00000000000000000000000000000000000000000000000000000000000000000000000000000000000000000000000000000000000000000000000000000000000D9
:402800000000000000000000000000000000000000000000000000000000000000000000000000000000000000000000000000000000000000000000000000000000000098
:402840000000000000000000000000000000000000000000000000000000000000000000000000000000000000000000000000000000000000000000000000000000000058
:402880000000000000000000000000000000000000000000000000000000000000000000000000000000000000000000000000000000000000000000000000000000000018
:4028C00000000000000000000000000000000000000000000000000000000000000000000000000000000000000000000000000000000000000000000000000000000000D8
:402900000000000000000000000000000000000000000000000000000000000000000000000000000000000000000000000000000000000000000000000000000000000097
:402940000000000000000000000000000000000000000000000000000000000000000000000000000000000000000000000000000000000000000000000000000000000057
:402980000000000000000000000000000000000000000000000000000000000000000000000000000000000000000000000000000000000000000000000000000000000017
:4029C00000000000000000000000000000000000000000000000000000000000000000000000000000000000000000000000000000000000000000000000000000000000D7
:402A00000000000000000000000000000000000000000000000000000000000000000000000000000000000000000000000000000000000000000000000000000000000096
:402A40000000000000000000000000000000000000000000000000000000000000000000000000000000000000000000000000000000000000000000000000000000000056
:402A80000000000000000000000000000000000000000000000000000000000000000000000000000000000000000000000000000000000000000000000000000000000016
:402AC00000000000000000000000000000000000000000000000000000000000000000000000000000000000000000000000000000000000000000000000000000000000D6
:402B00000000000000000000000000000000000000000000000000000000000000000000000000000000000000000000000000000000000000000000000000000000000095
:402B40000000000000000000000000000000000000000000000000000000000000000000000000000000000000000000000000000000000000000000000000000000000055
:402B80000000000000000000000000000000000000000000000000000000000000000000000000000000000000000000000000000000000000000000000000000000000015
:402BC00000000000000000000000000000000000000000000000000000000000000000000000000000000000000000000000000000000000000000000000000000000000D5
:402C00000000000000000000000000000000000000000000000000000000000000000000000000000000000000000000000000000000000000000000000000000000000094
:402C40000000000000000000000000000000000000000000000000000000000000000000000000000000000000000000000000000000000000000000000000000000000054
:402C80000000000000000000000000000000000000000000000000000000000000000000000000000000000000000000000000000000000000000000000000000000000014
:402CC00000000000000000000000000000000000000000000000000000000000000000000000000000000000000000000000000000000000000000000000000000000000D4
:402D00000000000000000000000000000000000000000000000000000000000000000000000000000000000000000000000000000000000000000000000000000000000093
:402D40000000000000000000000000000000000000000000000000000000000000000000000000000000000000000000000000000000000000000000000000000000000053
:402D80000000000000000000000000000000000000000000000000000000000000000000000000000000000000000000000000000000000000000000000000000000000013
:402DC00000000000000000000000000000000000000000000000000000000000000000000000000000000000000000000000000000000000000000000000000000000000D3
:402E00000000000000000000000000000000000000000000000000000000000000000000000000000000000000000000000000000000000000000000000000000000000092
:402E40000000000000000000000000000000000000000000000000000000000000000000000000000000000000000000000000000000000000000000000000000000000052
:402E80000000000000000000000000000000000000000000000000000000000000000000000000000000000000000000000000000000000000000000000000000000000012
:402EC00000000000000000000000000000000000000000000000000000000000000000000000000000000000000000000000000000000000000000000000000000000000D2
:402F00000000000000000000000000000000000000000000000000000000000000000000000000000000000000000000000000000000000000000000000000000000000091
:402F40000000000000000000000000000000000000000000000000000000000000000000000000000000000000000000000000000000000000000000000000000000000051
:402F80000000000000000000000000000000000000000000000000000000000000000000000000000000000000000000000000000000000000000000000000000000000011
:402FC00000000000000000000000000000000000000000000000000000000000000000000000000000000000000000000000000000000000000000000000000000000000D1
:403000000000000000000000000000000000000000000000000000000000000000000000000000000000000000000000000000000000000000000000000000000000000090
:403040000000000000000000000000000000000000000000000000000000000000000000000000000000000000000000000000000000000000000000000000000000000050
:403080000000000000000000000000000000000000000000000000000000000000000000000000000000000000000000000000000000000000000000000000000000000010
:4030C00000000000000000000000000000000000000000000000000000000000000000000000000000000000000000000000000000000000000000000000000000000000D0
:40310000000000000000000000000000000000000000000000000000000000000000000000000000000000000000000000000000000000000000000000000000000000008F
:40314000000000000000000000000000000000000000000000000000000000000000000000000000000000000000000000000000000000000000000000000000000000004F
:40318000000000000000000000000000000000000000000000000000000000000000000000000000000000000000000000000000000000000000000000000000000000000F
:4031C00000000000000000000000000000000000000000000000000000000000000000000000000000000000000000000000000000000000000000000000000000000000CF
:40320000000000000000000000000000000000000000000000000000000000000000000000000000000000000000000000000000000000000000000000000000000000008E
:40324000000000000000000000000000000000000000000000000000000000000000000000000000000000000000000000000000000000000000000000000000000000004E
:40328000000000000000000000000000000000000000000000000000000000000000000000000000000000000000000000000000000000000000000000000000000000000E
:4032C00000000000000000000000000000000000000000000000000000000000000000000000000000000000000000000000000000000000000000000000000000000000CE
:40330000000000000000000000000000000000000000000000000000000000000000000000000000000000000000000000000000000000000000000000000000000000008D
:40334000000000000000000000000000000000000000000000000000000000000000000000000000000000000000000000000000000000000000000000000000000000004D
:40338000000000000000000000000000000000000000000000000000000000000000000000000000000000000000000000000000000000000000000000000000000000000D
:4033C00000000000000000000000000000000000000000000000000000000000000000000000000000000000000000000000000000000000000000000000000000000000CD
:40340000000000000000000000000000000000000000000000000000000000000000000000000000000000000000000000000000000000000000000000000000000000008C
:40344000000000000000000000000000000000000000000000000000000000000000000000000000000000000000000000000000000000000000000000000000000000004C
:40348000000000000000000000000000000000000000000000000000000000000000000000000000000000000000000000000000000000000000000000000000000000000C
:4034C00000000000000000000000000000000000000000000000000000000000000000000000000000000000000000000000000000000000000000000000000000000000CC
:40350000000000000000000000000000000000000000000000000000000000000000000000000000000000000000000000000000000000000000000000000000000000008B
:40354000000000000000000000000000000000000000000000000000000000000000000000000000000000000000000000000000000000000000000000000000000000004B
:40358000000000000000000000000000000000000000000000000000000000000000000000000000000000000000000000000000000000000000000000000000000000000B
:4035C00000000000000000000000000000000000000000000000000000000000000000000000000000000000000000000000000000000000000000000000000000000000CB
:40360000000000000000000000000000000000000000000000000000000000000000000000000000000000000000000000000000000000000000000000000000000000008A
:40364000000000000000000000000000000000000000000000000000000000000000000000000000000000000000000000000000000000000000000000000000000000004A
:40368000000000000000000000000000000000000000000000000000000000000000000000000000000000000000000000000000000000000000000000000000000000000A
:4036C00000000000000000000000000000000000000000000000000000000000000000000000000000000000000000000000000000000000000000000000000000000000CA
:403700000000000000000000000000000000000000000000000000000000000000000000000000000000000000000000000000000000000000000000000000000000000089
:403740000000000000000000000000000000000000000000000000000000000000000000000000000000000000000000000000000000000000000000000000000000000049
:403780000000000000000000000000000000000000000000000000000000000000000000000000000000000000000000000000000000000000000000000000000000000009
:4037C00000000000000000000000000000000000000000000000000000000000000000000000000000000000000000000000000000000000000000000000000000000000C9
:403800000000000000000000000000000000000000000000000000000000000000000000000000000000000000000000000000000000000000000000000000000000000088
:403840000000000000000000000000000000000000000000000000000000000000000000000000000000000000000000000000000000000000000000000000000000000048
:403880000000000000000000000000000000000000000000000000000000000000000000000000000000000000000000000000000000000000000000000000000000000008
:4038C00000000000000000000000000000000000000000000000000000000000000000000000000000000000000000000000000000000000000000000000000000000000C8
:403900000000000000000000000000000000000000000000000000000000000000000000000000000000000000000000000000000000000000000000000000000000000087
:403940000000000000000000000000000000000000000000000000000000000000000000000000000000000000000000000000000000000000000000000000000000000047
:403980000000000000000000000000000000000000000000000000000000000000000000000000000000000000000000000000000000000000000000000000000000000007
:4039C00000000000000000000000000000000000000000000000000000000000000000000000000000000000000000000000000000000000000000000000000000000000C7
:403A00000000000000000000000000000000000000000000000000000000000000000000000000000000000000000000000000000000000000000000000000000000000086
:403A40000000000000000000000000000000000000000000000000000000000000000000000000000000000000000000000000000000000000000000000000000000000046
:403A80000000000000000000000000000000000000000000000000000000000000000000000000000000000000000000000000000000000000000000000000000000000006
:403AC00000000000000000000000000000000000000000000000000000000000000000000000000000000000000000000000000000000000000000000000000000000000C6
:403B00000000000000000000000000000000000000000000000000000000000000000000000000000000000000000000000000000000000000000000000000000000000085
:403B40000000000000000000000000000000000000000000000000000000000000000000000000000000000000000000000000000000000000000000000000000000000045
:403B80000000000000000000000000000000000000000000000000000000000000000000000000000000000000000000000000000000000000000000000000000000000005
:403BC00000000000000000000000000000000000000000000000000000000000000000000000000000000000000000000000000000000000000000000000000000000000C5
:403C00000000000000000000000000000000000000000000000000000000000000000000000000000000000000000000000000000000000000000000000000000000000084
:403C40000000000000000000000000000000000000000000000000000000000000000000000000000000000000000000000000000000000000000000000000000000000044
:403C80000000000000000000000000000000000000000000000000000000000000000000000000000000000000000000000000000000000000000000000000000000000004
:403CC00000000000000000000000000000000000000000000000000000000000000000000000000000000000000000000000000000000000000000000000000000000000C4
:403D00000000000000000000000000000000000000000000000000000000000000000000000000000000000000000000000000000000000000000000000000000000000083
:403D40000000000000000000000000000000000000000000000000000000000000000000000000000000000000000000000000000000000000000000000000000000000043
:403D80000000000000000000000000000000000000000000000000000000000000000000000000000000000000000000000000000000000000000000000000000000000003
:403DC00000000000000000000000000000000000000000000000000000000000000000000000000000000000000000000000000000000000000000000000000000000000C3
:403E00000000000000000000000000000000000000000000000000000000000000000000000000000000000000000000000000000000000000000000000000000000000082
:403E40000000000000000000000000000000000000000000000000000000000000000000000000000000000000000000000000000000000000000000000000000000000042
:403E80000000000000000000000000000000000000000000000000000000000000000000000000000000000000000000000000000000000000000000000000000000000002
:403EC00000000000000000000000000000000000000000000000000000000000000000000000000000000000000000000000000000000000000000000000000000000000C2
:403F00000000000000000000000000000000000000000000000000000000000000000000000000000000000000000000000000000000000000000000000000000000000081
:403F40000000000000000000000000000000000000000000000000000000000000000000000000000000000000000000000000000000000000000000000000000000000041
:403F80000000000000000000000000000000000000000000000000000000000000000000000000000000000000000000000000000000000000000000000000000000000001
:403FC00000000000000000000000000000000000000000000000000000000000000000000000000000000000000000000000000000000000000000000000000000000000C1
:404000000000000000000000000000000000000000000000000000000000000000000000000000000000000000000000000000000000000000000000000000000000000080
:404040000000000000000000000000000000000000000000000000000000000000000000000000000000000000000000000000000000000000000000000000000000000040
:404080000000000000000000000000000000000000000000000000000000000000000000000000000000000000000000000000000000000000000000000000000000000000
:4040C00000000000000000000000000000000000000000000000000000000000000000000000000000000000000000000000000000000000000000000000000000000000C0
:40410000000000000000000000000000000000000000000000000000000000000000000000000000000000000000000000000000000000000000000000000000000000007F
:40414000000000000000000000000000000000000000000000000000000000000000000000000000000000000000000000000000000000000000000000000000000000003F
:4041800000000000000000000000000000000000000000000000000000000000000000000000000000000000000000000000000000000000000000000000000000000000FF
:4041C00000000000000000000000000000000000000000000000000000000000000000000000000000000000000000000000000000000000000000000000000000000000BF
:40420000000000000000000000000000000000000000000000000000000000000000000000000000000000000000000000000000000000000000000000000000000000007E
:40424000000000000000000000000000000000000000000000000000000000000000000000000000000000000000000000000000000000000000000000000000000000003E
:4042800000000000000000000000000000000000000000000000000000000000000000000000000000000000000000000000000000000000000000000000000000000000FE
:4042C00000000000000000000000000000000000000000000000000000000000000000000000000000000000000000000000000000000000000000000000000000000000BE
:40430000000000000000000000000000000000000000000000000000000000000000000000000000000000000000000000000000000000000000000000000000000000007D
:40434000000000000000000000000000000000000000000000000000000000000000000000000000000000000000000000000000000000000000000000000000000000003D
:4043800000000000000000000000000000000000000000000000000000000000000000000000000000000000000000000000000000000000000000000000000000000000FD
:4043C00000000000000000000000000000000000000000000000000000000000000000000000000000000000000000000000000000000000000000000000000000000000BD
:40440000000000000000000000000000000000000000000000000000000000000000000000000000000000000000000000000000000000000000000000000000000000007C
:40444000000000000000000000000000000000000000000000000000000000000000000000000000000000000000000000000000000000000000000000000000000000003C
:4044800000000000000000000000000000000000000000000000000000000000000000000000000000000000000000000000000000000000000000000000000000000000FC
:4044C00000000000000000000000000000000000000000000000000000000000000000000000000000000000000000000000000000000000000000000000000000000000BC
:40450000000000000000000000000000000000000000000000000000000000000000000000000000000000000000000000000000000000000000000000000000000000007B
:40454000000000000000000000000000000000000000000000000000000000000000000000000000000000000000000000000000000000000000000000000000000000003B
:4045800000000000000000000000000000000000000000000000000000000000000000000000000000000000000000000000000000000000000000000000000000000000FB
:4045C00000000000000000000000000000000000000000000000000000000000000000000000000000000000000000000000000000000000000000000000000000000000BB
:40460000000000000000000000000000000000000000000000000000000000000000000000000000000000000000000000000000000000000000000000000000000000007A
:40464000000000000000000000000000000000000000000000000000000000000000000000000000000000000000000000000000000000000000000000000000000000003A
:4046800000000000000000000000000000000000000000000000000000000000000000000000000000000000000000000000000000000000000000000000000000000000FA
:4046C00000000000000000000000000000000000000000000000000000000000000000000000000000000000000000000000000000000000000000000000000000000000BA
:404700000000000000000000000000000000000000000000000000000000000000000000000000000000000000000000000000000000000000000000000000000000000079
:404740000000000000000000000000000000000000000000000000000000000000000000000000000000000000000000000000000000000000000000000000000000000039
:4047800000000000000000000000000000000000000000000000000000000000000000000000000000000000000000000000000000000000000000000000000000000000F9
:4047C00000000000000000000000000000000000000000000000000000000000000000000000000000000000000000000000000000000000000000000000000000000000B9
:404800000000000000000000000000000000000000000000000000000000000000000000000000000000000000000000000000000000000000000000000000000000000078
:404840000000000000000000000000000000000000000000000000000000000000000000000000000000000000000000000000000000000000000000000000000000000038
:4048800000000000000000000000000000000000000000000000000000000000000000000000000000000000000000000000000000000000000000000000000000000000F8
:4048C00000000000000000000000000000000000000000000000000000000000000000000000000000000000000000000000000000000000000000000000000000000000B8
:404900000000000000000000000000000000000000000000000000000000000000000000000000000000000000000000000000000000000000000000000000000000000077
:404940000000000000000000000000000000000000000000000000000000000000000000000000000000000000000000000000000000000000000000000000000000000037
:4049800000000000000000000000000000000000000000000000000000000000000000000000000000000000000000000000000000000000000000000000000000000000F7
:4049C00000000000000000000000000000000000000000000000000000000000000000000000000000000000000000000000000000000000000000000000000000000000B7
:404A00000000000000000000000000000000000000000000000000000000000000000000000000000000000000000000000000000000000000000000000000000000000076
:404A40000000000000000000000000000000000000000000000000000000000000000000000000000000000000000000000000000000000000000000000000000000000036
:404A800000000000000000000000000000000000000000000000000000000000000000000000000000000000000000000000000000000000000000000000000000000000F6
:404AC00000000000000000000000000000000000000000000000000000000000000000000000000000000000000000000000000000000000000000000000000000000000B6
:404B00000000000000000000000000000000000000000000000000000000000000000000000000000000000000000000000000000000000000000000000000000000000075
:404B40000000000000000000000000000000000000000000000000000000000000000000000000000000000000000000000000000000000000000000000000000000000035
:404B800000000000000000000000000000000000000000000000000000000000000000000000000000000000000000000000000000000000000000000000000000000000F5
:404BC00000000000000000000000000000000000000000000000000000000000000000000000000000000000000000000000000000000000000000000000000000000000B5
:404C00000000000000000000000000000000000000000000000000000000000000000000000000000000000000000000000000000000000000000000000000000000000074
:404C40000000000000000000000000000000000000000000000000000000000000000000000000000000000000000000000000000000000000000000000000000000000034
:404C800000000000000000000000000000000000000000000000000000000000000000000000000000000000000000000000000000000000000000000000000000000000F4
:404CC00000000000000000000000000000000000000000000000000000000000000000000000000000000000000000000000000000000000000000000000000000000000B4
:404D00000000000000000000000000000000000000000000000000000000000000000000000000000000000000000000000000000000000000000000000000000000000073
:404D40000000000000000000000000000000000000000000000000000000000000000000000000000000000000000000000000000000000000000000000000000000000033
:404D800000000000000000000000000000000000000000000000000000000000000000000000000000000000000000000000000000000000000000000000000000000000F3
:404DC00000000000000000000000000000000000000000000000000000000000000000000000000000000000000000000000000000000000000000000000000000000000B3
:404E00000000000000000000000000000000000000000000000000000000000000000000000000000000000000000000000000000000000000000000000000000000000072
:404E40000000000000000000000000000000000000000000000000000000000000000000000000000000000000000000000000000000000000000000000000000000000032
:404E800000000000000000000000000000000000000000000000000000000000000000000000000000000000000000000000000000000000000000000000000000000000F2
:404EC00000000000000000000000000000000000000000000000000000000000000000000000000000000000000000000000000000000000000000000000000000000000B2
:404F00000000000000000000000000000000000000000000000000000000000000000000000000000000000000000000000000000000000000000000000000000000000071
:404F40000000000000000000000000000000000000000000000000000000000000000000000000000000000000000000000000000000000000000000000000000000000031
:404F800000000000000000000000000000000000000000000000000000000000000000000000000000000000000000000000000000000000000000000000000000000000F1
:404FC00000000000000000000000000000000000000000000000000000000000000000000000000000000000000000000000000000000000000000000000000000000000B1
:405000000000000000000000000000000000000000000000000000000000000000000000000000000000000000000000000000000000000000000000000000000000000070
:405040000000000000000000000000000000000000000000000000000000000000000000000000000000000000000000000000000000000000000000000000000000000030
:4050800000000000000000000000000000000000000000000000000000000000000000000000000000000000000000000000000000000000000000000000000000000000F0
:4050C00000000000000000000000000000000000000000000000000000000000000000000000000000000000000000000000000000000000000000000000000000000000B0
:40510000000000000000000000000000000000000000000000000000000000000000000000000000000000000000000000000000000000000000000000000000000000006F
:40514000000000000000000000000000000000000000000000000000000000000000000000000000000000000000000000000000000000000000000000000000000000002F
:4051800000000000000000000000000000000000000000000000000000000000000000000000000000000000000000000000000000000000000000000000000000000000EF
:4051C00000000000000000000000000000000000000000000000000000000000000000000000000000000000000000000000000000000000000000000000000000000000AF
:40520000000000000000000000000000000000000000000000000000000000000000000000000000000000000000000000000000000000000000000000000000000000006E
:40524000000000000000000000000000000000000000000000000000000000000000000000000000000000000000000000000000000000000000000000000000000000002E
:4052800000000000000000000000000000000000000000000000000000000000000000000000000000000000000000000000000000000000000000000000000000000000EE
:4052C00000000000000000000000000000000000000000000000000000000000000000000000000000000000000000000000000000000000000000000000000000000000AE
:40530000000000000000000000000000000000000000000000000000000000000000000000000000000000000000000000000000000000000000000000000000000000006D
:40534000000000000000000000000000000000000000000000000000000000000000000000000000000000000000000000000000000000000000000000000000000000002D
:4053800000000000000000000000000000000000000000000000000000000000000000000000000000000000000000000000000000000000000000000000000000000000ED
:4053C00000000000000000000000000000000000000000000000000000000000000000000000000000000000000000000000000000000000000000000000000000000000AD
:40540000000000000000000000000000000000000000000000000000000000000000000000000000000000000000000000000000000000000000000000000000000000006C
:40544000000000000000000000000000000000000000000000000000000000000000000000000000000000000000000000000000000000000000000000000000000000002C
:4054800000000000000000000000000000000000000000000000000000000000000000000000000000000000000000000000000000000000000000000000000000000000EC
:4054C00000000000000000000000000000000000000000000000000000000000000000000000000000000000000000000000000000000000000000000000000000000000AC
:40550000000000000000000000000000000000000000000000000000000000000000000000000000000000000000000000000000000000000000000000000000000000006B
:40554000000000000000000000000000000000000000000000000000000000000000000000000000000000000000000000000000000000000000000000000000000000002B
:4055800000000000000000000000000000000000000000000000000000000000000000000000000000000000000000000000000000000000000000000000000000000000EB
:4055C00000000000000000000000000000000000000000000000000000000000000000000000000000000000000000000000000000000000000000000000000000000000AB
:40560000000000000000000000000000000000000000000000000000000000000000000000000000000000000000000000000000000000000000000000000000000000006A
:40564000000000000000000000000000000000000000000000000000000000000000000000000000000000000000000000000000000000000000000000000000000000002A
:4056800000000000000000000000000000000000000000000000000000000000000000000000000000000000000000000000000000000000000000000000000000000000EA
:4056C00000000000000000000000000000000000000000000000000000000000000000000000000000000000000000000000000000000000000000000000000000000000AA
:405700000000000000000000000000000000000000000000000000000000000000000000000000000000000000000000000000000000000000000000000000000000000069
:405740000000000000000000000000000000000000000000000000000000000000000000000000000000000000000000000000000000000000000000000000000000000029
:4057800000000000000000000000000000000000000000000000000000000000000000000000000000000000000000000000000000000000000000000000000000000000E9
:4057C00000000000000000000000000000000000000000000000000000000000000000000000000000000000000000000000000000000000000000000000000000000000A9
:405800000000000000000000000000000000000000000000000000000000000000000000000000000000000000000000000000000000000000000000000000000000000068
:405840000000000000000000000000000000000000000000000000000000000000000000000000000000000000000000000000000000000000000000000000000000000028
:4058800000000000000000000000000000000000000000000000000000000000000000000000000000000000000000000000000000000000000000000000000000000000E8
:4058C00000000000000000000000000000000000000000000000000000000000000000000000000000000000000000000000000000000000000000000000000000000000A8
:405900000000000000000000000000000000000000000000000000000000000000000000000000000000000000000000000000000000000000000000000000000000000067
:405940000000000000000000000000000000000000000000000000000000000000000000000000000000000000000000000000000000000000000000000000000000000027
:4059800000000000000000000000000000000000000000000000000000000000000000000000000000000000000000000000000000000000000000000000000000000000E7
:4059C00000000000000000000000000000000000000000000000000000000000000000000000000000000000000000000000000000000000000000000000000000000000A7
:405A00000000000000000000000000000000000000000000000000000000000000000000000000000000000000000000000000000000000000000000000000000000000066
:405A40000000000000000000000000000000000000000000000000000000000000000000000000000000000000000000000000000000000000000000000000000000000026
:405A800000000000000000000000000000000000000000000000000000000000000000000000000000000000000000000000000000000000000000000000000000000000E6
:405AC00000000000000000000000000000000000000000000000000000000000000000000000000000000000000000000000000000000000000000000000000000000000A6
:405B00000000000000000000000000000000000000000000000000000000000000000000000000000000000000000000000000000000000000000000000000000000000065
:405B40000000000000000000000000000000000000000000000000000000000000000000000000000000000000000000000000000000000000000000000000000000000025
:405B800000000000000000000000000000000000000000000000000000000000000000000000000000000000000000000000000000000000000000000000000000000000E5
:405BC00000000000000000000000000000000000000000000000000000000000000000000000000000000000000000000000000000000000000000000000000000000000A5
:405C00000000000000000000000000000000000000000000000000000000000000000000000000000000000000000000000000000000000000000000000000000000000064
:405C40000000000000000000000000000000000000000000000000000000000000000000000000000000000000000000000000000000000000000000000000000000000024
:405C800000000000000000000000000000000000000000000000000000000000000000000000000000000000000000000000000000000000000000000000000000000000E4
:405CC00000000000000000000000000000000000000000000000000000000000000000000000000000000000000000000000000000000000000000000000000000000000A4
:405D00000000000000000000000000000000000000000000000000000000000000000000000000000000000000000000000000000000000000000000000000000000000063
:405D40000000000000000000000000000000000000000000000000000000000000000000000000000000000000000000000000000000000000000000000000000000000023
:405D800000000000000000000000000000000000000000000000000000000000000000000000000000000000000000000000000000000000000000000000000000000000E3
:405DC00000000000000000000000000000000000000000000000000000000000000000000000000000000000000000000000000000000000000000000000000000000000A3
:405E00000000000000000000000000000000000000000000000000000000000000000000000000000000000000000000000000000000000000000000000000000000000062
:405E40000000000000000000000000000000000000000000000000000000000000000000000000000000000000000000000000000000000000000000000000000000000022
:405E800000000000000000000000000000000000000000000000000000000000000000000000000000000000000000000000000000000000000000000000000000000000E2
:405EC00000000000000000000000000000000000000000000000000000000000000000000000000000000000000000000000000000000000000000000000000000000000A2
:405F00000000000000000000000000000000000000000000000000000000000000000000000000000000000000000000000000000000000000000000000000000000000061
:405F40000000000000000000000000000000000000000000000000000000000000000000000000000000000000000000000000000000000000000000000000000000000021
:405F800000000000000000000000000000000000000000000000000000000000000000000000000000000000000000000000000000000000000000000000000000000000E1
:405FC00000000000000000000000000000000000000000000000000000000000000000000000000000000000000000000000000000000000000000000000000000000000A1
:406000000000000000000000000000000000000000000000000000000000000000000000000000000000000000000000000000000000000000000000000000000000000060
:406040000000000000000000000000000000000000000000000000000000000000000000000000000000000000000000000000000000000000000000000000000000000020
:4060800000000000000000000000000000000000000000000000000000000000000000000000000000000000000000000000000000000000000000000000000000000000E0
:4060C00000000000000000000000000000000000000000000000000000000000000000000000000000000000000000000000000000000000000000000000000000000000A0
:40610000000000000000000000000000000000000000000000000000000000000000000000000000000000000000000000000000000000000000000000000000000000005F
:40614000000000000000000000000000000000000000000000000000000000000000000000000000000000000000000000000000000000000000000000000000000000001F
:4061800000000000000000000000000000000000000000000000000000000000000000000000000000000000000000000000000000000000000000000000000000000000DF
:4061C000000000000000000000000000000000000000000000000000000000000000000000000000000000000000000000000000000000000000000000000000000000009F
:40620000000000000000000000000000000000000000000000000000000000000000000000000000000000000000000000000000000000000000000000000000000000005E
:40624000000000000000000000000000000000000000000000000000000000000000000000000000000000000000000000000000000000000000000000000000000000001E
:4062800000000000000000000000000000000000000000000000000000000000000000000000000000000000000000000000000000000000000000000000000000000000DE
:4062C000000000000000000000000000000000000000000000000000000000000000000000000000000000000000000000000000000000000000000000000000000000009E
:40630000000000000000000000000000000000000000000000000000000000000000000000000000000000000000000000000000000000000000000000000000000000005D
:40634000000000000000000000000000000000000000000000000000000000000000000000000000000000000000000000000000000000000000000000000000000000001D
:4063800000000000000000000000000000000000000000000000000000000000000000000000000000000000000000000000000000000000000000000000000000000000DD
:4063C000000000000000000000000000000000000000000000000000000000000000000000000000000000000000000000000000000000000000000000000000000000009D
:40640000000000000000000000000000000000000000000000000000000000000000000000000000000000000000000000000000000000000000000000000000000000005C
:40644000000000000000000000000000000000000000000000000000000000000000000000000000000000000000000000000000000000000000000000000000000000001C
:4064800000000000000000000000000000000000000000000000000000000000000000000000000000000000000000000000000000000000000000000000000000000000DC
:4064C000000000000000000000000000000000000000000000000000000000000000000000000000000000000000000000000000000000000000000000000000000000009C
:40650000000000000000000000000000000000000000000000000000000000000000000000000000000000000000000000000000000000000000000000000000000000005B
:40654000000000000000000000000000000000000000000000000000000000000000000000000000000000000000000000000000000000000000000000000000000000001B
:4065800000000000000000000000000000000000000000000000000000000000000000000000000000000000000000000000000000000000000000000000000000000000DB
:4065C000000000000000000000000000000000000000000000000000000000000000000000000000000000000000000000000000000000000000000000000000000000009B
:40660000000000000000000000000000000000000000000000000000000000000000000000000000000000000000000000000000000000000000000000000000000000005A
:40664000000000000000000000000000000000000000000000000000000000000000000000000000000000000000000000000000000000000000000000000000000000001A
:4066800000000000000000000000000000000000000000000000000000000000000000000000000000000000000000000000000000000000000000000000000000000000DA
:4066C000000000000000000000000000000000000000000000000000000000000000000000000000000000000000000000000000000000000000000000000000000000009A
:406700000000000000000000000000000000000000000000000000000000000000000000000000000000000000000000000000000000000000000000000000000000000059
:406740000000000000000000000000000000000000000000000000000000000000000000000000000000000000000000000000000000000000000000000000000000000019
:4067800000000000000000000000000000000000000000000000000000000000000000000000000000000000000000000000000000000000000000000000000000000000D9
:4067C0000000000000000000000000000000000000000000000000000000000000000000000000000000000000000000000000000000000000000000000000000000000099
:406800000000000000000000000000000000000000000000000000000000000000000000000000000000000000000000000000000000000000000000000000000000000058
:406840000000000000000000000000000000000000000000000000000000000000000000000000000000000000000000000000000000000000000000000000000000000018
:4068800000000000000000000000000000000000000000000000000000000000000000000000000000000000000000000000000000000000000000000000000000000000D8
:4068C0000000000000000000000000000000000000000000000000000000000000000000000000000000000000000000000000000000000000000000000000000000000098
:406900000000000000000000000000000000000000000000000000000000000000000000000000000000000000000000000000000000000000000000000000000000000057
:406940000000000000000000000000000000000000000000000000000000000000000000000000000000000000000000000000000000000000000000000000000000000017
:4069800000000000000000000000000000000000000000000000000000000000000000000000000000000000000000000000000000000000000000000000000000000000D7
:4069C0000000000000000000000000000000000000000000000000000000000000000000000000000000000000000000000000000000000000000000000000000000000097
:406A00000000000000000000000000000000000000000000000000000000000000000000000000000000000000000000000000000000000000000000000000000000000056
:406A40000000000000000000000000000000000000000000000000000000000000000000000000000000000000000000000000000000000000000000000000000000000016
:406A800000000000000000000000000000000000000000000000000000000000000000000000000000000000000000000000000000000000000000000000000000000000D6
:406AC0000000000000000000000000000000000000000000000000000000000000000000000000000000000000000000000000000000000000000000000000000000000096
:406B00000000000000000000000000000000000000000000000000000000000000000000000000000000000000000000000000000000000000000000000000000000000055
:406B40000000000000000000000000000000000000000000000000000000000000000000000000000000000000000000000000000000000000000000000000000000000015
:406B800000000000000000000000000000000000000000000000000000000000000000000000000000000000000000000000000000000000000000000000000000000000D5
:406BC0000000000000000000000000000000000000000000000000000000000000000000000000000000000000000000000000000000000000000000000000000000000095
:406C00000000000000000000000000000000000000000000000000000000000000000000000000000000000000000000000000000000000000000000000000000000000054
:406C40000000000000000000000000000000000000000000000000000000000000000000000000000000000000000000000000000000000000000000000000000000000014
:406C800000000000000000000000000000000000000000000000000000000000000000000000000000000000000000000000000000000000000000000000000000000000D4
:406CC0000000000000000000000000000000000000000000000000000000000000000000000000000000000000000000000000000000000000000000000000000000000094
:406D00000000000000000000000000000000000000000000000000000000000000000000000000000000000000000000000000000000000000000000000000000000000053
:406D40000000000000000000000000000000000000000000000000000000000000000000000000000000000000000000000000000000000000000000000000000000000013
:406D800000000000000000000000000000000000000000000000000000000000000000000000000000000000000000000000000000000000000000000000000000000000D3
:406DC0000000000000000000000000000000000000000000000000000000000000000000000000000000000000000000000000000000000000000000000000000000000093
:406E00000000000000000000000000000000000000000000000000000000000000000000000000000000000000000000000000000000000000000000000000000000000052
:406E40000000000000000000000000000000000000000000000000000000000000000000000000000000000000000000000000000000000000000000000000000000000012
:406E800000000000000000000000000000000000000000000000000000000000000000000000000000000000000000000000000000000000000000000000000000000000D2
:406EC0000000000000000000000000000000000000000000000000000000000000000000000000000000000000000000000000000000000000000000000000000000000092
:406F00000000000000000000000000000000000000000000000000000000000000000000000000000000000000000000000000000000000000000000000000000000000051
:406F40000000000000000000000000000000000000000000000000000000000000000000000000000000000000000000000000000000000000000000000000000000000011
:406F800000000000000000000000000000000000000000000000000000000000000000000000000000000000000000000000000000000000000000000000000000000000D1
:406FC0000000000000000000000000000000000000000000000000000000000000000000000000000000000000000000000000000000000000000000000000000000000091
:407000000000000000000000000000000000000000000000000000000000000000000000000000000000000000000000000000000000000000000000000000000000000050
:407040000000000000000000000000000000000000000000000000000000000000000000000000000000000000000000000000000000000000000000000000000000000010
:4070800000000000000000000000000000000000000000000000000000000000000000000000000000000000000000000000000000000000000000000000000000000000D0
:4070C0000000000000000000000000000000000000000000000000000000000000000000000000000000000000000000000000000000000000000000000000000000000090
:40710000000000000000000000000000000000000000000000000000000000000000000000000000000000000000000000000000000000000000000000000000000000004F
:40714000000000000000000000000000000000000000000000000000000000000000000000000000000000000000000000000000000000000000000000000000000000000F
:4071800000000000000000000000000000000000000000000000000000000000000000000000000000000000000000000000000000000000000000000000000000000000CF
:4071C000000000000000000000000000000000000000000000000000000000000000000000000000000000000000000000000000000000000000000000000000000000008F
:40720000000000000000000000000000000000000000000000000000000000000000000000000000000000000000000000000000000000000000000000000000000000004E
:40724000000000000000000000000000000000000000000000000000000000000000000000000000000000000000000000000000000000000000000000000000000000000E
:4072800000000000000000000000000000000000000000000000000000000000000000000000000000000000000000000000000000000000000000000000000000000000CE
:4072C000000000000000000000000000000000000000000000000000000000000000000000000000000000000000000000000000000000000000000000000000000000008E
:40730000000000000000000000000000000000000000000000000000000000000000000000000000000000000000000000000000000000000000000000000000000000004D
:40734000000000000000000000000000000000000000000000000000000000000000000000000000000000000000000000000000000000000000000000000000000000000D
:4073800000000000000000000000000000000000000000000000000000000000000000000000000000000000000000000000000000000000000000000000000000000000CD
:4073C000000000000000000000000000000000000000000000000000000000000000000000000000000000000000000000000000000000000000000000000000000000008D
:40740000000000000000000000000000000000000000000000000000000000000000000000000000000000000000000000000000000000000000000000000000000000004C
:40744000000000000000000000000000000000000000000000000000000000000000000000000000000000000000000000000000000000000000000000000000000000000C
:4074800000000000000000000000000000000000000000000000000000000000000000000000000000000000000000000000000000000000000000000000000000000000CC
:4074C000000000000000000000000000000000000000000000000000000000000000000000000000000000000000000000000000000000000000000000000000000000008C
:40750000000000000000000000000000000000000000000000000000000000000000000000000000000000000000000000000000000000000000000000000000000000004B
:40754000000000000000000000000000000000000000000000000000000000000000000000000000000000000000000000000000000000000000000000000000000000000B
:4075800000000000000000000000000000000000000000000000000000000000000000000000000000000000000000000000000000000000000000000000000000000000CB
:4075C000000000000000000000000000000000000000000000000000000000000000000000000000000000000000000000000000000000000000000000000000000000008B
:40760000000000000000000000000000000000000000000000000000000000000000000000000000000000000000000000000000000000000000000000000000000000004A
:40764000000000000000000000000000000000000000000000000000000000000000000000000000000000000000000000000000000000000000000000000000000000000A
:4076800000000000000000000000000000000000000000000000000000000000000000000000000000000000000000000000000000000000000000000000000000000000CA
:4076C000000000000000000000000000000000000000000000000000000000000000000000000000000000000000000000000000000000000000000000000000000000008A
:407700000000000000000000000000000000000000000000000000000000000000000000000000000000000000000000000000000000000000000000000000000000000049
:407740000000000000000000000000000000000000000000000000000000000000000000000000000000000000000000000000000000000000000000000000000000000009
:4077800000000000000000000000000000000000000000000000000000000000000000000000000000000000000000000000000000000000000000000000000000000000C9
:4077C0000000000000000000000000000000000000000000000000000000000000000000000000000000000000000000000000000000000000000000000000000000000089
:407800000000000000000000000000000000000000000000000000000000000000000000000000000000000000000000000000000000000000000000000000000000000048
:407840000000000000000000000000000000000000000000000000000000000000000000000000000000000000000000000000000000000000000000000000000000000008
:4078800000000000000000000000000000000000000000000000000000000000000000000000000000000000000000000000000000000000000000000000000000000000C8
:4078C0000000000000000000000000000000000000000000000000000000000000000000000000000000000000000000000000000000000000000000000000000000000088
:407900000000000000000000000000000000000000000000000000000000000000000000000000000000000000000000000000000000000000000000000000000000000047
:407940000000000000000000000000000000000000000000000000000000000000000000000000000000000000000000000000000000000000000000000000000000000007
:4079800000000000000000000000000000000000000000000000000000000000000000000000000000000000000000000000000000000000000000000000000000000000C7
:4079C0000000000000000000000000000000000000000000000000000000000000000000000000000000000000000000000000000000000000000000000000000000000087
:407A00000000000000000000000000000000000000000000000000000000000000000000000000000000000000000000000000000000000000000000000000000000000046
:407A40000000000000000000000000000000000000000000000000000000000000000000000000000000000000000000000000000000000000000000000000000000000006
:407A800000000000000000000000000000000000000000000000000000000000000000000000000000000000000000000000000000000000000000000000000000000000C6
:407AC0000000000000000000000000000000000000000000000000000000000000000000000000000000000000000000000000000000000000000000000000000000000086
:407B00000000000000000000000000000000000000000000000000000000000000000000000000000000000000000000000000000000000000000000000000000000000045
:407B40000000000000000000000000000000000000000000000000000000000000000000000000000000000000000000000000000000000000000000000000000000000005
:407B800000000000000000000000000000000000000000000000000000000000000000000000000000000000000000000000000000000000000000000000000000000000C5
:407BC0000000000000000000000000000000000000000000000000000000000000000000000000000000000000000000000000000000000000000000000000000000000085
:407C00000000000000000000000000000000000000000000000000000000000000000000000000000000000000000000000000000000000000000000000000000000000044
:407C40000000000000000000000000000000000000000000000000000000000000000000000000000000000000000000000000000000000000000000000000000000000004
:407C800000000000000000000000000000000000000000000000000000000000000000000000000000000000000000000000000000000000000000000000000000000000C4
:407CC0000000000000000000000000000000000000000000000000000000000000000000000000000000000000000000000000000000000000000000000000000000000084
:407D00000000000000000000000000000000000000000000000000000000000000000000000000000000000000000000000000000000000000000000000000000000000043
:407D40000000000000000000000000000000000000000000000000000000000000000000000000000000000000000000000000000000000000000000000000000000000003
:407D800000000000000000000000000000000000000000000000000000000000000000000000000000000000000000000000000000000000000000000000000000000000C3
:407DC0000000000000000000000000000000000000000000000000000000000000000000000000000000000000000000000000000000000000000000000000000000000083
:407E00000000000000000000000000000000000000000000000000000000000000000000000000000000000000000000000000000000000000000000000000000000000042
:407E40000000000000000000000000000000000000000000000000000000000000000000000000000000000000000000000000000000000000000000000000000000000002
:407E800000000000000000000000000000000000000000000000000000000000000000000000000000000000000000000000000000000000000000000000000000000000C2
:407EC0000000000000000000000000000000000000000000000000000000000000000000000000000000000000000000000000000000000000000000000000000000000082
:407F00000000000000000000000000000000000000000000000000000000000000000000000000000000000000000000000000000000000000000000000000000000000041
:407F40000000000000000000000000000000000000000000000000000000000000000000000000000000000000000000000000000000000000000000000000000000000001
:407F800000000000000000000000000000000000000000000000000000000000000000000000000000000000000000000000000000000000000000000000000000000000C1
:407FC0000000000000000000000000000000000000000000000000000000000000000000000000000000000000000000000000000000000000000000000000000000000081
:408000000000000000000000000000000000000000000000000000000000000000000000000000000000000000000000000000000000000000000000000000000000000040
:408040000000000000000000000000000000000000000000000000000000000000000000000000000000000000000000000000000000000000000000000000000000000000
:4080800000000000000000000000000000000000000000000000000000000000000000000000000000000000000000000000000000000000000000000000000000000000C0
:4080C0000000000000000000000000000000000000000000000000000000000000000000000000000000000000000000000000000000000000000000000000000000000080
:40810000000000000000000000000000000000000000000000000000000000000000000000000000000000000000000000000000000000000000000000000000000000003F
:4081400000000000000000000000000000000000000000000000000000000000000000000000000000000000000000000000000000000000000000000000000000000000FF
:4081800000000000000000000000000000000000000000000000000000000000000000000000000000000000000000000000000000000000000000000000000000000000BF
:4081C000000000000000000000000000000000000000000000000000000000000000000000000000000000000000000000000000000000000000000000000000000000007F
:40820000000000000000000000000000000000000000000000000000000000000000000000000000000000000000000000000000000000000000000000000000000000003E
:4082400000000000000000000000000000000000000000000000000000000000000000000000000000000000000000000000000000000000000000000000000000000000FE
:4082800000000000000000000000000000000000000000000000000000000000000000000000000000000000000000000000000000000000000000000000000000000000BE
:4082C000000000000000000000000000000000000000000000000000000000000000000000000000000000000000000000000000000000000000000000000000000000007E
:40830000000000000000000000000000000000000000000000000000000000000000000000000000000000000000000000000000000000000000000000000000000000003D
:4083400000000000000000000000000000000000000000000000000000000000000000000000000000000000000000000000000000000000000000000000000000000000FD
:4083800000000000000000000000000000000000000000000000000000000000000000000000000000000000000000000000000000000000000000000000000000000000BD
:4083C000000000000000000000000000000000000000000000000000000000000000000000000000000000000000000000000000000000000000000000000000000000007D
:40840000000000000000000000000000000000000000000000000000000000000000000000000000000000000000000000000000000000000000000000000000000000003C
:4084400000000000000000000000000000000000000000000000000000000000000000000000000000000000000000000000000000000000000000000000000000000000FC
:4084800000000000000000000000000000000000000000000000000000000000000000000000000000000000000000000000000000000000000000000000000000000000BC
:4084C000000000000000000000000000000000000000000000000000000000000000000000000000000000000000000000000000000000000000000000000000000000007C
:40850000000000000000000000000000000000000000000000000000000000000000000000000000000000000000000000000000000000000000000000000000000000003B
:4085400000000000000000000000000000000000000000000000000000000000000000000000000000000000000000000000000000000000000000000000000000000000FB
:4085800000000000000000000000000000000000000000000000000000000000000000000000000000000000000000000000000000000000000000000000000000000000BB
:4085C000000000000000000000000000000000000000000000000000000000000000000000000000000000000000000000000000000000000000000000000000000000007B
:40860000000000000000000000000000000000000000000000000000000000000000000000000000000000000000000000000000000000000000000000000000000000003A
:4086400000000000000000000000000000000000000000000000000000000000000000000000000000000000000000000000000000000000000000000000000000000000FA
:4086800000000000000000000000000000000000000000000000000000000000000000000000000000000000000000000000000000000000000000000000000000000000BA
:4086C000000000000000000000000000000000000000000000000000000000000000000000000000000000000000000000000000000000000000000000000000000000007A
:408700000000000000000000000000000000000000000000000000000000000000000000000000000000000000000000000000000000000000000000000000000000000039
:4087400000000000000000000000000000000000000000000000000000000000000000000000000000000000000000000000000000000000000000000000000000000000F9
:4087800000000000000000000000000000000000000000000000000000000000000000000000000000000000000000000000000000000000000000000000000000000000B9
:4087C0000000000000000000000000000000000000000000000000000000000000000000000000000000000000000000000000000000000000000000000000000000000079
:408800000000000000000000000000000000000000000000000000000000000000000000000000000000000000000000000000000000000000000000000000000000000038
:4088400000000000000000000000000000000000000000000000000000000000000000000000000000000000000000000000000000000000000000000000000000000000F8
:4088800000000000000000000000000000000000000000000000000000000000000000000000000000000000000000000000000000000000000000000000000000000000B8
:4088C0000000000000000000000000000000000000000000000000000000000000000000000000000000000000000000000000000000000000000000000000000000000078
:408900000000000000000000000000000000000000000000000000000000000000000000000000000000000000000000000000000000000000000000000000000000000037
:4089400000000000000000000000000000000000000000000000000000000000000000000000000000000000000000000000000000000000000000000000000000000000F7
:4089800000000000000000000000000000000000000000000000000000000000000000000000000000000000000000000000000000000000000000000000000000000000B7
:4089C0000000000000000000000000000000000000000000000000000000000000000000000000000000000000000000000000000000000000000000000000000000000077
:408A00000000000000000000000000000000000000000000000000000000000000000000000000000000000000000000000000000000000000000000000000000000000036
:408A400000000000000000000000000000000000000000000000000000000000000000000000000000000000000000000000000000000000000000000000000000000000F6
:408A800000000000000000000000000000000000000000000000000000000000000000000000000000000000000000000000000000000000000000000000000000000000B6
:408AC0000000000000000000000000000000000000000000000000000000000000000000000000000000000000000000000000000000000000000000000000000000000076
:408B00000000000000000000000000000000000000000000000000000000000000000000000000000000000000000000000000000000000000000000000000000000000035
:408B400000000000000000000000000000000000000000000000000000000000000000000000000000000000000000000000000000000000000000000000000000000000F5
:408B800000000000000000000000000000000000000000000000000000000000000000000000000000000000000000000000000000000000000000000000000000000000B5
:408BC0000000000000000000000000000000000000000000000000000000000000000000000000000000000000000000000000000000000000000000000000000000000075
:408C00000000000000000000000000000000000000000000000000000000000000000000000000000000000000000000000000000000000000000000000000000000000034
:408C400000000000000000000000000000000000000000000000000000000000000000000000000000000000000000000000000000000000000000000000000000000000F4
:408C800000000000000000000000000000000000000000000000000000000000000000000000000000000000000000000000000000000000000000000000000000000000B4
:408CC0000000000000000000000000000000000000000000000000000000000000000000000000000000000000000000000000000000000000000000000000000000000074
:408D00000000000000000000000000000000000000000000000000000000000000000000000000000000000000000000000000000000000000000000000000000000000033
:408D400000000000000000000000000000000000000000000000000000000000000000000000000000000000000000000000000000000000000000000000000000000000F3
:408D800000000000000000000000000000000000000000000000000000000000000000000000000000000000000000000000000000000000000000000000000000000000B3
:408DC0000000000000000000000000000000000000000000000000000000000000000000000000000000000000000000000000000000000000000000000000000000000073
:408E00000000000000000000000000000000000000000000000000000000000000000000000000000000000000000000000000000000000000000000000000000000000032
:408E400000000000000000000000000000000000000000000000000000000000000000000000000000000000000000000000000000000000000000000000000000000000F2
:408E800000000000000000000000000000000000000000000000000000000000000000000000000000000000000000000000000000000000000000000000000000000000B2
:408EC0000000000000000000000000000000000000000000000000000000000000000000000000000000000000000000000000000000000000000000000000000000000072
:408F00000000000000000000000000000000000000000000000000000000000000000000000000000000000000000000000000000000000000000000000000000000000031
:408F400000000000000000000000000000000000000000000000000000000000000000000000000000000000000000000000000000000000000000000000000000000000F1
:408F800000000000000000000000000000000000000000000000000000000000000000000000000000000000000000000000000000000000000000000000000000000000B1
:408FC0000000000000000000000000000000000000000000000000000000000000000000000000000000000000000000000000000000000000000000000000000000000071
:409000000000000000000000000000000000000000000000000000000000000000000000000000000000000000000000000000000000000000000000000000000000000030
:4090400000000000000000000000000000000000000000000000000000000000000000000000000000000000000000000000000000000000000000000000000000000000F0
:4090800000000000000000000000000000000000000000000000000000000000000000000000000000000000000000000000000000000000000000000000000000000000B0
:4090C0000000000000000000000000000000000000000000000000000000000000000000000000000000000000000000000000000000000000000000000000000000000070
:40910000000000000000000000000000000000000000000000000000000000000000000000000000000000000000000000000000000000000000000000000000000000002F
:4091400000000000000000000000000000000000000000000000000000000000000000000000000000000000000000000000000000000000000000000000000000000000EF
:4091800000000000000000000000000000000000000000000000000000000000000000000000000000000000000000000000000000000000000000000000000000000000AF
:4091C000000000000000000000000000000000000000000000000000000000000000000000000000000000000000000000000000000000000000000000000000000000006F
:40920000000000000000000000000000000000000000000000000000000000000000000000000000000000000000000000000000000000000000000000000000000000002E
:4092400000000000000000000000000000000000000000000000000000000000000000000000000000000000000000000000000000000000000000000000000000000000EE
:4092800000000000000000000000000000000000000000000000000000000000000000000000000000000000000000000000000000000000000000000000000000000000AE
:4092C000000000000000000000000000000000000000000000000000000000000000000000000000000000000000000000000000000000000000000000000000000000006E
:40930000000000000000000000000000000000000000000000000000000000000000000000000000000000000000000000000000000000000000000000000000000000002D
:4093400000000000000000000000000000000000000000000000000000000000000000000000000000000000000000000000000000000000000000000000000000000000ED
:4093800000000000000000000000000000000000000000000000000000000000000000000000000000000000000000000000000000000000000000000000000000000000AD
:4093C000000000000000000000000000000000000000000000000000000000000000000000000000000000000000000000000000000000000000000000000000000000006D
:40940000000000000000000000000000000000000000000000000000000000000000000000000000000000000000000000000000000000000000000000000000000000002C
:4094400000000000000000000000000000000000000000000000000000000000000000000000000000000000000000000000000000000000000000000000000000000000EC
:4094800000000000000000000000000000000000000000000000000000000000000000000000000000000000000000000000000000000000000000000000000000000000AC
:4094C000000000000000000000000000000000000000000000000000000000000000000000000000000000000000000000000000000000000000000000000000000000006C
:40950000000000000000000000000000000000000000000000000000000000000000000000000000000000000000000000000000000000000000000000000000000000002B
:4095400000000000000000000000000000000000000000000000000000000000000000000000000000000000000000000000000000000000000000000000000000000000EB
:4095800000000000000000000000000000000000000000000000000000000000000000000000000000000000000000000000000000000000000000000000000000000000AB
:4095C000000000000000000000000000000000000000000000000000000000000000000000000000000000000000000000000000000000000000000000000000000000006B
:40960000000000000000000000000000000000000000000000000000000000000000000000000000000000000000000000000000000000000000000000000000000000002A
:4096400000000000000000000000000000000000000000000000000000000000000000000000000000000000000000000000000000000000000000000000000000000000EA
:4096800000000000000000000000000000000000000000000000000000000000000000000000000000000000000000000000000000000000000000000000000000000000AA
:4096C000000000000000000000000000000000000000000000000000000000000000000000000000000000000000000000000000000000000000000000000000000000006A
:409700000000000000000000000000000000000000000000000000000000000000000000000000000000000000000000000000000000000000000000000000000000000029
:4097400000000000000000000000000000000000000000000000000000000000000000000000000000000000000000000000000000000000000000000000000000000000E9
:4097800000000000000000000000000000000000000000000000000000000000000000000000000000000000000000000000000000000000000000000000000000000000A9
:4097C0000000000000000000000000000000000000000000000000000000000000000000000000000000000000000000000000000000000000000000000000000000000069
:409800000000000000000000000000000000000000000000000000000000000000000000000000000000000000000000000000000000000000000000000000000000000028
:4098400000000000000000000000000000000000000000000000000000000000000000000000000000000000000000000000000000000000000000000000000000000000E8
:4098800000000000000000000000000000000000000000000000000000000000000000000000000000000000000000000000000000000000000000000000000000000000A8
:4098C0000000000000000000000000000000000000000000000000000000000000000000000000000000000000000000000000000000000000000000000000000000000068
:409900000000000000000000000000000000000000000000000000000000000000000000000000000000000000000000000000000000000000000000000000000000000027
:4099400000000000000000000000000000000000000000000000000000000000000000000000000000000000000000000000000000000000000000000000000000000000E7
:4099800000000000000000000000000000000000000000000000000000000000000000000000000000000000000000000000000000000000000000000000000000000000A7
:4099C0000000000000000000000000000000000000000000000000000000000000000000000000000000000000000000000000000000000000000000000000000000000067
:409A00000000000000000000000000000000000000000000000000000000000000000000000000000000000000000000000000000000000000000000000000000000000026
:409A400000000000000000000000000000000000000000000000000000000000000000000000000000000000000000000000000000000000000000000000000000000000E6
:409A800000000000000000000000000000000000000000000000000000000000000000000000000000000000000000000000000000000000000000000000000000000000A6
:409AC0000000000000000000000000000000000000000000000000000000000000000000000000000000000000000000000000000000000000000000000000000000000066
:409B00000000000000000000000000000000000000000000000000000000000000000000000000000000000000000000000000000000000000000000000000000000000025
:409B400000000000000000000000000000000000000000000000000000000000000000000000000000000000000000000000000000000000000000000000000000000000E5
:409B800000000000000000000000000000000000000000000000000000000000000000000000000000000000000000000000000000000000000000000000000000000000A5
:409BC0000000000000000000000000000000000000000000000000000000000000000000000000000000000000000000000000000000000000000000000000000000000065
:409C00000000000000000000000000000000000000000000000000000000000000000000000000000000000000000000000000000000000000000000000000000000000024
:409C400000000000000000000000000000000000000000000000000000000000000000000000000000000000000000000000000000000000000000000000000000000000E4
:409C800000000000000000000000000000000000000000000000000000000000000000000000000000000000000000000000000000000000000000000000000000000000A4
:409CC0000000000000000000000000000000000000000000000000000000000000000000000000000000000000000000000000000000000000000000000000000000000064
:409D00000000000000000000000000000000000000000000000000000000000000000000000000000000000000000000000000000000000000000000000000000000000023
:409D400000000000000000000000000000000000000000000000000000000000000000000000000000000000000000000000000000000000000000000000000000000000E3
:409D800000000000000000000000000000000000000000000000000000000000000000000000000000000000000000000000000000000000000000000000000000000000A3
:409DC0000000000000000000000000000000000000000000000000000000000000000000000000000000000000000000000000000000000000000000000000000000000063
:409E00000000000000000000000000000000000000000000000000000000000000000000000000000000000000000000000000000000000000000000000000000000000022
:409E400000000000000000000000000000000000000000000000000000000000000000000000000000000000000000000000000000000000000000000000000000000000E2
:409E800000000000000000000000000000000000000000000000000000000000000000000000000000000000000000000000000000000000000000000000000000000000A2
:409EC0000000000000000000000000000000000000000000000000000000000000000000000000000000000000000000000000000000000000000000000000000000000062
:409F00000000000000000000000000000000000000000000000000000000000000000000000000000000000000000000000000000000000000000000000000000000000021
:409F400000000000000000000000000000000000000000000000000000000000000000000000000000000000000000000000000000000000000000000000000000000000E1
:409F800000000000000000000000000000000000000000000000000000000000000000000000000000000000000000000000000000000000000000000000000000000000A1
:409FC0000000000000000000000000000000000000000000000000000000000000000000000000000000000000000000000000000000000000000000000000000000000061
:40A000000000000000000000000000000000000000000000000000000000000000000000000000000000000000000000000000000000000000000000000000000000000020
:40A0400000000000000000000000000000000000000000000000000000000000000000000000000000000000000000000000000000000000000000000000000000000000E0
:40A0800000000000000000000000000000000000000000000000000000000000000000000000000000000000000000000000000000000000000000000000000000000000A0
:40A0C0000000000000000000000000000000000000000000000000000000000000000000000000000000000000000000000000000000000000000000000000000000000060
:40A10000000000000000000000000000000000000000000000000000000000000000000000000000000000000000000000000000000000000000000000000000000000001F
:40A1400000000000000000000000000000000000000000000000000000000000000000000000000000000000000000000000000000000000000000000000000000000000DF
:40A18000000000000000000000000000000000000000000000000000000000000000000000000000000000000000000000000000000000000000000000000000000000009F
:40A1C000000000000000000000000000000000000000000000000000000000000000000000000000000000000000000000000000000000000000000000000000000000005F
:40A20000000000000000000000000000000000000000000000000000000000000000000000000000000000000000000000000000000000000000000000000000000000001E
:40A2400000000000000000000000000000000000000000000000000000000000000000000000000000000000000000000000000000000000000000000000000000000000DE
:40A28000000000000000000000000000000000000000000000000000000000000000000000000000000000000000000000000000000000000000000000000000000000009E
:40A2C000000000000000000000000000000000000000000000000000000000000000000000000000000000000000000000000000000000000000000000000000000000005E
:40A30000000000000000000000000000000000000000000000000000000000000000000000000000000000000000000000000000000000000000000000000000000000001D
:40A3400000000000000000000000000000000000000000000000000000000000000000000000000000000000000000000000000000000000000000000000000000000000DD
:40A38000000000000000000000000000000000000000000000000000000000000000000000000000000000000000000000000000000000000000000000000000000000009D
:40A3C000000000000000000000000000000000000000000000000000000000000000000000000000000000000000000000000000000000000000000000000000000000005D
:40A40000000000000000000000000000000000000000000000000000000000000000000000000000000000000000000000000000000000000000000000000000000000001C
:40A4400000000000000000000000000000000000000000000000000000000000000000000000000000000000000000000000000000000000000000000000000000000000DC
:40A48000000000000000000000000000000000000000000000000000000000000000000000000000000000000000000000000000000000000000000000000000000000009C
:40A4C000000000000000000000000000000000000000000000000000000000000000000000000000000000000000000000000000000000000000000000000000000000005C
:40A50000000000000000000000000000000000000000000000000000000000000000000000000000000000000000000000000000000000000000000000000000000000001B
:40A5400000000000000000000000000000000000000000000000000000000000000000000000000000000000000000000000000000000000000000000000000000000000DB
:40A58000000000000000000000000000000000000000000000000000000000000000000000000000000000000000000000000000000000000000000000000000000000009B
:40A5C000000000000000000000000000000000000000000000000000000000000000000000000000000000000000000000000000000000000000000000000000000000005B
:40A60000000000000000000000000000000000000000000000000000000000000000000000000000000000000000000000000000000000000000000000000000000000001A
:40A6400000000000000000000000000000000000000000000000000000000000000000000000000000000000000000000000000000000000000000000000000000000000DA
:40A68000000000000000000000000000000000000000000000000000000000000000000000000000000000000000000000000000000000000000000000000000000000009A
:40A6C000000000000000000000000000000000000000000000000000000000000000000000000000000000000000000000000000000000000000000000000000000000005A
:40A700000000000000000000000000000000000000000000000000000000000000000000000000000000000000000000000000000000000000000000000000000000000019
:40A7400000000000000000000000000000000000000000000000000000000000000000000000000000000000000000000000000000000000000000000000000000000000D9
:40A780000000000000000000000000000000000000000000000000000000000000000000000000000000000000000000000000000000000000000000000000000000000099
:40A7C0000000000000000000000000000000000000000000000000000000000000000000000000000000000000000000000000000000000000000000000000000000000059
:40A800000000000000000000000000000000000000000000000000000000000000000000000000000000000000000000000000000000000000000000000000000000000018
:40A8400000000000000000000000000000000000000000000000000000000000000000000000000000000000000000000000000000000000000000000000000000000000D8
:40A880000000000000000000000000000000000000000000000000000000000000000000000000000000000000000000000000000000000000000000000000000000000098
:40A8C0000000000000000000000000000000000000000000000000000000000000000000000000000000000000000000000000000000000000000000000000000000000058
:40A900000000000000000000000000000000000000000000000000000000000000000000000000000000000000000000000000000000000000000000000000000000000017
:40A9400000000000000000000000000000000000000000000000000000000000000000000000000000000000000000000000000000000000000000000000000000000000D7
:40A980000000000000000000000000000000000000000000000000000000000000000000000000000000000000000000000000000000000000000000000000000000000097
:40A9C0000000000000000000000000000000000000000000000000000000000000000000000000000000000000000000000000000000000000000000000000000000000057
:40AA00000000000000000000000000000000000000000000000000000000000000000000000000000000000000000000000000000000000000000000000000000000000016
:40AA400000000000000000000000000000000000000000000000000000000000000000000000000000000000000000000000000000000000000000000000000000000000D6
:40AA80000000000000000000000000000000000000000000000000000000000000000000000000000000000000000000000000000000000000000000000000000000000096
:40AAC0000000000000000000000000000000000000000000000000000000000000000000000000000000000000000000000000000000000000000000000000000000000056
:40AB00000000000000000000000000000000000000000000000000000000000000000000000000000000000000000000000000000000000000000000000000000000000015
:40AB400000000000000000000000000000000000000000000000000000000000000000000000000000000000000000000000000000000000000000000000000000000000D5
:40AB80000000000000000000000000000000000000000000000000000000000000000000000000000000000000000000000000000000000000000000000000000000000095
:40ABC0000000000000000000000000000000000000000000000000000000000000000000000000000000000000000000000000000000000000000000000000000000000055
:40AC00000000000000000000000000000000000000000000000000000000000000000000000000000000000000000000000000000000000000000000000000000000000014
:40AC400000000000000000000000000000000000000000000000000000000000000000000000000000000000000000000000000000000000000000000000000000000000D4
:40AC80000000000000000000000000000000000000000000000000000000000000000000000000000000000000000000000000000000000000000000000000000000000094
:40ACC0000000000000000000000000000000000000000000000000000000000000000000000000000000000000000000000000000000000000000000000000000000000054
:40AD00000000000000000000000000000000000000000000000000000000000000000000000000000000000000000000000000000000000000000000000000000000000013
:40AD400000000000000000000000000000000000000000000000000000000000000000000000000000000000000000000000000000000000000000000000000000000000D3
:40AD80000000000000000000000000000000000000000000000000000000000000000000000000000000000000000000000000000000000000000000000000000000000093
:40ADC0000000000000000000000000000000000000000000000000000000000000000000000000000000000000000000000000000000000000000000000000000000000053
:40AE00000000000000000000000000000000000000000000000000000000000000000000000000000000000000000000000000000000000000000000000000000000000012
:40AE400000000000000000000000000000000000000000000000000000000000000000000000000000000000000000000000000000000000000000000000000000000000D2
:40AE80000000000000000000000000000000000000000000000000000000000000000000000000000000000000000000000000000000000000000000000000000000000092
:40AEC0000000000000000000000000000000000000000000000000000000000000000000000000000000000000000000000000000000000000000000000000000000000052
:40AF00000000000000000000000000000000000000000000000000000000000000000000000000000000000000000000000000000000000000000000000000000000000011
:40AF400000000000000000000000000000000000000000000000000000000000000000000000000000000000000000000000000000000000000000000000000000000000D1
:40AF80000000000000000000000000000000000000000000000000000000000000000000000000000000000000000000000000000000000000000000000000000000000091
:40AFC0000000000000000000000000000000000000000000000000000000000000000000000000000000000000000000000000000000000000000000000000000000000051
:40B000000000000000000000000000000000000000000000000000000000000000000000000000000000000000000000000000000000000000000000000000000000000010
:40B0400000000000000000000000000000000000000000000000000000000000000000000000000000000000000000000000000000000000000000000000000000000000D0
:40B080000000000000000000000000000000000000000000000000000000000000000000000000000000000000000000000000000000000000000000000000000000000090
:40B0C0000000000000000000000000000000000000000000000000000000000000000000000000000000000000000000000000000000000000000000000000000000000050
:40B10000000000000000000000000000000000000000000000000000000000000000000000000000000000000000000000000000000000000000000000000000000000000F
:40B1400000000000000000000000000000000000000000000000000000000000000000000000000000000000000000000000000000000000000000000000000000000000CF
:40B18000000000000000000000000000000000000000000000000000000000000000000000000000000000000000000000000000000000000000000000000000000000008F
:40B1C000000000000000000000000000000000000000000000000000000000000000000000000000000000000000000000000000000000000000000000000000000000004F
:40B20000000000000000000000000000000000000000000000000000000000000000000000000000000000000000000000000000000000000000000000000000000000000E
:40B2400000000000000000000000000000000000000000000000000000000000000000000000000000000000000000000000000000000000000000000000000000000000CE
:40B28000000000000000000000000000000000000000000000000000000000000000000000000000000000000000000000000000000000000000000000000000000000008E
:40B2C000000000000000000000000000000000000000000000000000000000000000000000000000000000000000000000000000000000000000000000000000000000004E
:40B30000000000000000000000000000000000000000000000000000000000000000000000000000000000000000000000000000000000000000000000000000000000000D
:40B3400000000000000000000000000000000000000000000000000000000000000000000000000000000000000000000000000000000000000000000000000000000000CD
:40B38000000000000000000000000000000000000000000000000000000000000000000000000000000000000000000000000000000000000000000000000000000000008D
:40B3C000000000000000000000000000000000000000000000000000000000000000000000000000000000000000000000000000000000000000000000000000000000004D
:40B40000000000000000000000000000000000000000000000000000000000000000000000000000000000000000000000000000000000000000000000000000000000000C
:40B4400000000000000000000000000000000000000000000000000000000000000000000000000000000000000000000000000000000000000000000000000000000000CC
:40B48000000000000000000000000000000000000000000000000000000000000000000000000000000000000000000000000000000000000000000000000000000000008C
:40B4C000000000000000000000000000000000000000000000000000000000000000000000000000000000000000000000000000000000000000000000000000000000004C
:40B50000000000000000000000000000000000000000000000000000000000000000000000000000000000000000000000000000000000000000000000000000000000000B
:40B5400000000000000000000000000000000000000000000000000000000000000000000000000000000000000000000000000000000000000000000000000000000000CB
:40B58000000000000000000000000000000000000000000000000000000000000000000000000000000000000000000000000000000000000000000000000000000000008B
:40B5C000000000000000000000000000000000000000000000000000000000000000000000000000000000000000000000000000000000000000000000000000000000004B
:40B60000000000000000000000000000000000000000000000000000000000000000000000000000000000000000000000000000000000000000000000000000000000000A
:40B6400000000000000000000000000000000000000000000000000000000000000000000000000000000000000000000000000000000000000000000000000000000000CA
:40B68000000000000000000000000000000000000000000000000000000000000000000000000000000000000000000000000000000000000000000000000000000000008A
:40B6C000000000000000000000000000000000000000000000000000000000000000000000000000000000000000000000000000000000000000000000000000000000004A
:40B700000000000000000000000000000000000000000000000000000000000000000000000000000000000000000000000000000000000000000000000000000000000009
:40B7400000000000000000000000000000000000000000000000000000000000000000000000000000000000000000000000000000000000000000000000000000000000C9
:40B780000000000000000000000000000000000000000000000000000000000000000000000000000000000000000000000000000000000000000000000000000000000089
:40B7C0000000000000000000000000000000000000000000000000000000000000000000000000000000000000000000000000000000000000000000000000000000000049
:40B800000000000000000000000000000000000000000000000000000000000000000000000000000000000000000000000000000000000000000000000000000000000008
:40B8400000000000000000000000000000000000000000000000000000000000000000000000000000000000000000000000000000000000000000000000000000000000C8
:40B880000000000000000000000000000000000000000000000000000000000000000000000000000000000000000000000000000000000000000000000000000000000088
:40B8C0000000000000000000000000000000000000000000000000000000000000000000000000000000000000000000000000000000000000000000000000000000000048
:40B900000000000000000000000000000000000000000000000000000000000000000000000000000000000000000000000000000000000000000000000000000000000007
:40B9400000000000000000000000000000000000000000000000000000000000000000000000000000000000000000000000000000000000000000000000000000000000C7
:40B980000000000000000000000000000000000000000000000000000000000000000000000000000000000000000000000000000000000000000000000000000000000087
:40B9C0000000000000000000000000000000000000000000000000000000000000000000000000000000000000000000000000000000000000000000000000000000000047
:40BA00000000000000000000000000000000000000000000000000000000000000000000000000000000000000000000000000000000000000000000000000000000000006
:40BA400000000000000000000000000000000000000000000000000000000000000000000000000000000000000000000000000000000000000000000000000000000000C6
:40BA80000000000000000000000000000000000000000000000000000000000000000000000000000000000000000000000000000000000000000000000000000000000086
:40BAC0000000000000000000000000000000000000000000000000000000000000000000000000000000000000000000000000000000000000000000000000000000000046
:40BB00000000000000000000000000000000000000000000000000000000000000000000000000000000000000000000000000000000000000000000000000000000000005
:40BB400000000000000000000000000000000000000000000000000000000000000000000000000000000000000000000000000000000000000000000000000000000000C5
:40BB80000000000000000000000000000000000000000000000000000000000000000000000000000000000000000000000000000000000000000000000000000000000085
:40BBC0000000000000000000000000000000000000000000000000000000000000000000000000000000000000000000000000000000000000000000000000000000000045
:40BC00000000000000000000000000000000000000000000000000000000000000000000000000000000000000000000000000000000000000000000000000000000000004
:40BC400000000000000000000000000000000000000000000000000000000000000000000000000000000000000000000000000000000000000000000000000000000000C4
:40BC80000000000000000000000000000000000000000000000000000000000000000000000000000000000000000000000000000000000000000000000000000000000084
:40BCC0000000000000000000000000000000000000000000000000000000000000000000000000000000000000000000000000000000000000000000000000000000000044
:40BD00000000000000000000000000000000000000000000000000000000000000000000000000000000000000000000000000000000000000000000000000000000000003
:40BD400000000000000000000000000000000000000000000000000000000000000000000000000000000000000000000000000000000000000000000000000000000000C3
:40BD80000000000000000000000000000000000000000000000000000000000000000000000000000000000000000000000000000000000000000000000000000000000083
:40BDC0000000000000000000000000000000000000000000000000000000000000000000000000000000000000000000000000000000000000000000000000000000000043
:40BE00000000000000000000000000000000000000000000000000000000000000000000000000000000000000000000000000000000000000000000000000000000000002
:40BE400000000000000000000000000000000000000000000000000000000000000000000000000000000000000000000000000000000000000000000000000000000000C2
:40BE80000000000000000000000000000000000000000000000000000000000000000000000000000000000000000000000000000000000000000000000000000000000082
:40BEC0000000000000000000000000000000000000000000000000000000000000000000000000000000000000000000000000000000000000000000000000000000000042
:40BF00000000000000000000000000000000000000000000000000000000000000000000000000000000000000000000000000000000000000000000000000000000000001
:40BF400000000000000000000000000000000000000000000000000000000000000000000000000000000000000000000000000000000000000000000000000000000000C1
:40BF80000000000000000000000000000000000000000000000000000000000000000000000000000000000000000000000000000000000000000000000000000000000081
:40BFC0000000000000000000000000000000000000000000000000000000000000000000000000000000000000000000000000000000000000000000000000000000000041
:40C000000000000000000000000000000000000000000000000000000000000000000000000000000000000000000000000000000000000000000000000000000000000000
:40C0400000000000000000000000000000000000000000000000000000000000000000000000000000000000000000000000000000000000000000000000000000000000C0
:40C080000000000000000000000000000000000000000000000000000000000000000000000000000000000000000000000000000000000000000000000000000000000080
:40C0C0000000000000000000000000000000000000000000000000000000000000000000000000000000000000000000000000000000000000000000000000000000000040
:40C1000000000000000000000000000000000000000000000000000000000000000000000000000000000000000000000000000000000000000000000000000000000000FF
:40C1400000000000000000000000000000000000000000000000000000000000000000000000000000000000000000000000000000000000000000000000000000000000BF
:40C18000000000000000000000000000000000000000000000000000000000000000000000000000000000000000000000000000000000000000000000000000000000007F
:40C1C000000000000000000000000000000000000000000000000000000000000000000000000000000000000000000000000000000000000000000000000000000000003F
:40C2000000000000000000000000000000000000000000000000000000000000000000000000000000000000000000000000000000000000000000000000000000000000FE
:40C2400000000000000000000000000000000000000000000000000000000000000000000000000000000000000000000000000000000000000000000000000000000000BE
:40C28000000000000000000000000000000000000000000000000000000000000000000000000000000000000000000000000000000000000000000000000000000000007E
:40C2C000000000000000000000000000000000000000000000000000000000000000000000000000000000000000000000000000000000000000000000000000000000003E
:40C3000000000000000000000000000000000000000000000000000000000000000000000000000000000000000000000000000000000000000000000000000000000000FD
:40C3400000000000000000000000000000000000000000000000000000000000000000000000000000000000000000000000000000000000000000000000000000000000BD
:40C38000000000000000000000000000000000000000000000000000000000000000000000000000000000000000000000000000000000000000000000000000000000007D
:40C3C000000000000000000000000000000000000000000000000000000000000000000000000000000000000000000000000000000000000000000000000000000000003D
:40C4000000000000000000000000000000000000000000000000000000000000000000000000000000000000000000000000000000000000000000000000000000000000FC
:40C4400000000000000000000000000000000000000000000000000000000000000000000000000000000000000000000000000000000000000000000000000000000000BC
:40C48000000000000000000000000000000000000000000000000000000000000000000000000000000000000000000000000000000000000000000000000000000000007C
:40C4C000000000000000000000000000000000000000000000000000000000000000000000000000000000000000000000000000000000000000000000000000000000003C
:40C5000000000000000000000000000000000000000000000000000000000000000000000000000000000000000000000000000000000000000000000000000000000000FB
:40C5400000000000000000000000000000000000000000000000000000000000000000000000000000000000000000000000000000000000000000000000000000000000BB
:40C58000000000000000000000000000000000000000000000000000000000000000000000000000000000000000000000000000000000000000000000000000000000007B
:40C5C000000000000000000000000000000000000000000000000000000000000000000000000000000000000000000000000000000000000000000000000000000000003B
:40C6000000000000000000000000000000000000000000000000000000000000000000000000000000000000000000000000000000000000000000000000000000000000FA
:40C6400000000000000000000000000000000000000000000000000000000000000000000000000000000000000000000000000000000000000000000000000000000000BA
:40C68000000000000000000000000000000000000000000000000000000000000000000000000000000000000000000000000000000000000000000000000000000000007A
:40C6C000000000000000000000000000000000000000000000000000000000000000000000000000000000000000000000000000000000000000000000000000000000003A
:40C7000000000000000000000000000000000000000000000000000000000000000000000000000000000000000000000000000000000000000000000000000000000000F9
:40C7400000000000000000000000000000000000000000000000000000000000000000000000000000000000000000000000000000000000000000000000000000000000B9
:40C780000000000000000000000000000000000000000000000000000000000000000000000000000000000000000000000000000000000000000000000000000000000079
:40C7C0000000000000000000000000000000000000000000000000000000000000000000000000000000000000000000000000000000000000000000000000000000000039
:40C8000000000000000000000000000000000000000000000000000000000000000000000000000000000000000000000000000000000000000000000000000000000000F8
:40C8400000000000000000000000000000000000000000000000000000000000000000000000000000000000000000000000000000000000000000000000000000000000B8
:40C880000000000000000000000000000000000000000000000000000000000000000000000000000000000000000000000000000000000000000000000000000000000078
:40C8C0000000000000000000000000000000000000000000000000000000000000000000000000000000000000000000000000000000000000000000000000000000000038
:40C9000000000000000000000000000000000000000000000000000000000000000000000000000000000000000000000000000000000000000000000000000000000000F7
:40C9400000000000000000000000000000000000000000000000000000000000000000000000000000000000000000000000000000000000000000000000000000000000B7
:40C980000000000000000000000000000000000000000000000000000000000000000000000000000000000000000000000000000000000000000000000000000000000077
:40C9C0000000000000000000000000000000000000000000000000000000000000000000000000000000000000000000000000000000000000000000000000000000000037
:40CA000000000000000000000000000000000000000000000000000000000000000000000000000000000000000000000000000000000000000000000000000000000000F6
:40CA400000000000000000000000000000000000000000000000000000000000000000000000000000000000000000000000000000000000000000000000000000000000B6
:40CA80000000000000000000000000000000000000000000000000000000000000000000000000000000000000000000000000000000000000000000000000000000000076
:40CAC0000000000000000000000000000000000000000000000000000000000000000000000000000000000000000000000000000000000000000000000000000000000036
:40CB000000000000000000000000000000000000000000000000000000000000000000000000000000000000000000000000000000000000000000000000000000000000F5
:40CB400000000000000000000000000000000000000000000000000000000000000000000000000000000000000000000000000000000000000000000000000000000000B5
:40CB80000000000000000000000000000000000000000000000000000000000000000000000000000000000000000000000000000000000000000000000000000000000075
:40CBC0000000000000000000000000000000000000000000000000000000000000000000000000000000000000000000000000000000000000000000000000000000000035
:40CC000000000000000000000000000000000000000000000000000000000000000000000000000000000000000000000000000000000000000000000000000000000000F4
:40CC400000000000000000000000000000000000000000000000000000000000000000000000000000000000000000000000000000000000000000000000000000000000B4
:40CC80000000000000000000000000000000000000000000000000000000000000000000000000000000000000000000000000000000000000000000000000000000000074
:40CCC0000000000000000000000000000000000000000000000000000000000000000000000000000000000000000000000000000000000000000000000000000000000034
:40CD000000000000000000000000000000000000000000000000000000000000000000000000000000000000000000000000000000000000000000000000000000000000F3
:40CD400000000000000000000000000000000000000000000000000000000000000000000000000000000000000000000000000000000000000000000000000000000000B3
:40CD80000000000000000000000000000000000000000000000000000000000000000000000000000000000000000000000000000000000000000000000000000000000073
:40CDC0000000000000000000000000000000000000000000000000000000000000000000000000000000000000000000000000000000000000000000000000000000000033
:40CE000000000000000000000000000000000000000000000000000000000000000000000000000000000000000000000000000000000000000000000000000000000000F2
:40CE400000000000000000000000000000000000000000000000000000000000000000000000000000000000000000000000000000000000000000000000000000000000B2
:40CE80000000000000000000000000000000000000000000000000000000000000000000000000000000000000000000000000000000000000000000000000000000000072
:40CEC0000000000000000000000000000000000000000000000000000000000000000000000000000000000000000000000000000000000000000000000000000000000032
:40CF000000000000000000000000000000000000000000000000000000000000000000000000000000000000000000000000000000000000000000000000000000000000F1
:40CF400000000000000000000000000000000000000000000000000000000000000000000000000000000000000000000000000000000000000000000000000000000000B1
:40CF80000000000000000000000000000000000000000000000000000000000000000000000000000000000000000000000000000000000000000000000000000000000071
:40CFC0000000000000000000000000000000000000000000000000000000000000000000000000000000000000000000000000000000000000000000000000000000000031
:40D0000000000000000000000000000000000000000000000000000000000000000000000000000000000000000000000000000000000000000000000000000000000000F0
:40D0400000000000000000000000000000000000000000000000000000000000000000000000000000000000000000000000000000000000000000000000000000000000B0
:40D080000000000000000000000000000000000000000000000000000000000000000000000000000000000000000000000000000000000000000000000000000000000070
:40D0C0000000000000000000000000000000000000000000000000000000000000000000000000000000000000000000000000000000000000000000000000000000000030
:40D1000000000000000000000000000000000000000000000000000000000000000000000000000000000000000000000000000000000000000000000000000000000000EF
:40D1400000000000000000000000000000000000000000000000000000000000000000000000000000000000000000000000000000000000000000000000000000000000AF
:40D18000000000000000000000000000000000000000000000000000000000000000000000000000000000000000000000000000000000000000000000000000000000006F
:40D1C000000000000000000000000000000000000000000000000000000000000000000000000000000000000000000000000000000000000000000000000000000000002F
:40D2000000000000000000000000000000000000000000000000000000000000000000000000000000000000000000000000000000000000000000000000000000000000EE
:40D2400000000000000000000000000000000000000000000000000000000000000000000000000000000000000000000000000000000000000000000000000000000000AE
:40D28000000000000000000000000000000000000000000000000000000000000000000000000000000000000000000000000000000000000000000000000000000000006E
:40D2C000000000000000000000000000000000000000000000000000000000000000000000000000000000000000000000000000000000000000000000000000000000002E
:40D3000000000000000000000000000000000000000000000000000000000000000000000000000000000000000000000000000000000000000000000000000000000000ED
:40D3400000000000000000000000000000000000000000000000000000000000000000000000000000000000000000000000000000000000000000000000000000000000AD
:40D38000000000000000000000000000000000000000000000000000000000000000000000000000000000000000000000000000000000000000000000000000000000006D
:40D3C000000000000000000000000000000000000000000000000000000000000000000000000000000000000000000000000000000000000000000000000000000000002D
:40D4000000000000000000000000000000000000000000000000000000000000000000000000000000000000000000000000000000000000000000000000000000000000EC
:40D4400000000000000000000000000000000000000000000000000000000000000000000000000000000000000000000000000000000000000000000000000000000000AC
:40D48000000000000000000000000000000000000000000000000000000000000000000000000000000000000000000000000000000000000000000000000000000000006C
:40D4C000000000000000000000000000000000000000000000000000000000000000000000000000000000000000000000000000000000000000000000000000000000002C
:40D5000000000000000000000000000000000000000000000000000000000000000000000000000000000000000000000000000000000000000000000000000000000000EB
:40D5400000000000000000000000000000000000000000000000000000000000000000000000000000000000000000000000000000000000000000000000000000000000AB
:40D58000000000000000000000000000000000000000000000000000000000000000000000000000000000000000000000000000000000000000000000000000000000006B
:40D5C000000000000000000000000000000000000000000000000000000000000000000000000000000000000000000000000000000000000000000000000000000000002B
:40D6000000000000000000000000000000000000000000000000000000000000000000000000000000000000000000000000000000000000000000000000000000000000EA
:40D6400000000000000000000000000000000000000000000000000000000000000000000000000000000000000000000000000000000000000000000000000000000000AA
:40D68000000000000000000000000000000000000000000000000000000000000000000000000000000000000000000000000000000000000000000000000000000000006A
:40D6C000000000000000000000000000000000000000000000000000000000000000000000000000000000000000000000000000000000000000000000000000000000002A
:40D7000000000000000000000000000000000000000000000000000000000000000000000000000000000000000000000000000000000000000000000000000000000000E9
:40D7400000000000000000000000000000000000000000000000000000000000000000000000000000000000000000000000000000000000000000000000000000000000A9
:40D780000000000000000000000000000000000000000000000000000000000000000000000000000000000000000000000000000000000000000000000000000000000069
:40D7C0000000000000000000000000000000000000000000000000000000000000000000000000000000000000000000000000000000000000000000000000000000000029
:40D8000000000000000000000000000000000000000000000000000000000000000000000000000000000000000000000000000000000000000000000000000000000000E8
:40D8400000000000000000000000000000000000000000000000000000000000000000000000000000000000000000000000000000000000000000000000000000000000A8
:40D880000000000000000000000000000000000000000000000000000000000000000000000000000000000000000000000000000000000000000000000000000000000068
:40D8C0000000000000000000000000000000000000000000000000000000000000000000000000000000000000000000000000000000000000000000000000000000000028
:40D9000000000000000000000000000000000000000000000000000000000000000000000000000000000000000000000000000000000000000000000000000000000000E7
:40D9400000000000000000000000000000000000000000000000000000000000000000000000000000000000000000000000000000000000000000000000000000000000A7
:40D980000000000000000000000000000000000000000000000000000000000000000000000000000000000000000000000000000000000000000000000000000000000067
:40D9C0000000000000000000000000000000000000000000000000000000000000000000000000000000000000000000000000000000000000000000000000000000000027
:40DA000000000000000000000000000000000000000000000000000000000000000000000000000000000000000000000000000000000000000000000000000000000000E6
:40DA400000000000000000000000000000000000000000000000000000000000000000000000000000000000000000000000000000000000000000000000000000000000A6
:40DA80000000000000000000000000000000000000000000000000000000000000000000000000000000000000000000000000000000000000000000000000000000000066
:40DAC0000000000000000000000000000000000000000000000000000000000000000000000000000000000000000000000000000000000000000000000000000000000026
:40DB000000000000000000000000000000000000000000000000000000000000000000000000000000000000000000000000000000000000000000000000000000000000E5
:40DB400000000000000000000000000000000000000000000000000000000000000000000000000000000000000000000000000000000000000000000000000000000000A5
:40DB80000000000000000000000000000000000000000000000000000000000000000000000000000000000000000000000000000000000000000000000000000000000065
:40DBC0000000000000000000000000000000000000000000000000000000000000000000000000000000000000000000000000000000000000000000000000000000000025
:40DC000000000000000000000000000000000000000000000000000000000000000000000000000000000000000000000000000000000000000000000000000000000000E4
:40DC400000000000000000000000000000000000000000000000000000000000000000000000000000000000000000000000000000000000000000000000000000000000A4
:40DC80000000000000000000000000000000000000000000000000000000000000000000000000000000000000000000000000000000000000000000000000000000000064
:40DCC0000000000000000000000000000000000000000000000000000000000000000000000000000000000000000000000000000000000000000000000000000000000024
:40DD000000000000000000000000000000000000000000000000000000000000000000000000000000000000000000000000000000000000000000000000000000000000E3
:40DD400000000000000000000000000000000000000000000000000000000000000000000000000000000000000000000000000000000000000000000000000000000000A3
:40DD80000000000000000000000000000000000000000000000000000000000000000000000000000000000000000000000000000000000000000000000000000000000063
:40DDC0000000000000000000000000000000000000000000000000000000000000000000000000000000000000000000000000000000000000000000000000000000000023
:40DE000000000000000000000000000000000000000000000000000000000000000000000000000000000000000000000000000000000000000000000000000000000000E2
:40DE400000000000000000000000000000000000000000000000000000000000000000000000000000000000000000000000000000000000000000000000000000000000A2
:40DE80000000000000000000000000000000000000000000000000000000000000000000000000000000000000000000000000000000000000000000000000000000000062
:40DEC0000000000000000000000000000000000000000000000000000000000000000000000000000000000000000000000000000000000000000000000000000000000022
:40DF000000000000000000000000000000000000000000000000000000000000000000000000000000000000000000000000000000000000000000000000000000000000E1
:40DF400000000000000000000000000000000000000000000000000000000000000000000000000000000000000000000000000000000000000000000000000000000000A1
:40DF80000000000000000000000000000000000000000000000000000000000000000000000000000000000000000000000000000000000000000000000000000000000061
:40DFC0000000000000000000000000000000000000000000000000000000000000000000000000000000000000000000000000000000000000000000000000000000000021
:40E0000000000000000000000000000000000000000000000000000000000000000000000000000000000000000000000000000000000000000000000000000000000000E0
:40E0400000000000000000000000000000000000000000000000000000000000000000000000000000000000000000000000000000000000000000000000000000000000A0
:40E080000000000000000000000000000000000000000000000000000000000000000000000000000000000000000000000000000000000000000000000000000000000060
:40E0C0000000000000000000000000000000000000000000000000000000000000000000000000000000000000000000000000000000000000000000000000000000000020
:40E1000000000000000000000000000000000000000000000000000000000000000000000000000000000000000000000000000000000000000000000000000000000000DF
:40E14000000000000000000000000000000000000000000000000000000000000000000000000000000000000000000000000000000000000000000000000000000000009F
:40E18000000000000000000000000000000000000000000000000000000000000000000000000000000000000000000000000000000000000000000000000000000000005F
:40E1C000000000000000000000000000000000000000000000000000000000000000000000000000000000000000000000000000000000000000000000000000000000001F
:40E2000000000000000000000000000000000000000000000000000000000000000000000000000000000000000000000000000000000000000000000000000000000000DE
:40E24000000000000000000000000000000000000000000000000000000000000000000000000000000000000000000000000000000000000000000000000000000000009E
:40E28000000000000000000000000000000000000000000000000000000000000000000000000000000000000000000000000000000000000000000000000000000000005E
:40E2C000000000000000000000000000000000000000000000000000000000000000000000000000000000000000000000000000000000000000000000000000000000001E
:40E3000000000000000000000000000000000000000000000000000000000000000000000000000000000000000000000000000000000000000000000000000000000000DD
:40E34000000000000000000000000000000000000000000000000000000000000000000000000000000000000000000000000000000000000000000000000000000000009D
:40E38000000000000000000000000000000000000000000000000000000000000000000000000000000000000000000000000000000000000000000000000000000000005D
:40E3C000000000000000000000000000000000000000000000000000000000000000000000000000000000000000000000000000000000000000000000000000000000001D
:40E4000000000000000000000000000000000000000000000000000000000000000000000000000000000000000000000000000000000000000000000000000000000000DC
:40E44000000000000000000000000000000000000000000000000000000000000000000000000000000000000000000000000000000000000000000000000000000000009C
:40E48000000000000000000000000000000000000000000000000000000000000000000000000000000000000000000000000000000000000000000000000000000000005C
:40E4C000000000000000000000000000000000000000000000000000000000000000000000000000000000000000000000000000000000000000000000000000000000001C
:40E5000000000000000000000000000000000000000000000000000000000000000000000000000000000000000000000000000000000000000000000000000000000000DB
:40E54000000000000000000000000000000000000000000000000000000000000000000000000000000000000000000000000000000000000000000000000000000000009B
:40E58000000000000000000000000000000000000000000000000000000000000000000000000000000000000000000000000000000000000000000000000000000000005B
:40E5C000000000000000000000000000000000000000000000000000000000000000000000000000000000000000000000000000000000000000000000000000000000001B
:40E6000000000000000000000000000000000000000000000000000000000000000000000000000000000000000000000000000000000000000000000000000000000000DA
:40E64000000000000000000000000000000000000000000000000000000000000000000000000000000000000000000000000000000000000000000000000000000000009A
:40E68000000000000000000000000000000000000000000000000000000000000000000000000000000000000000000000000000000000000000000000000000000000005A
:40E6C000000000000000000000000000000000000000000000000000000000000000000000000000000000000000000000000000000000000000000000000000000000001A
:40E7000000000000000000000000000000000000000000000000000000000000000000000000000000000000000000000000000000000000000000000000000000000000D9
:40E740000000000000000000000000000000000000000000000000000000000000000000000000000000000000000000000000000000000000000000000000000000000099
:40E780000000000000000000000000000000000000000000000000000000000000000000000000000000000000000000000000000000000000000000000000000000000059
:40E7C0000000000000000000000000000000000000000000000000000000000000000000000000000000000000000000000000000000000000000000000000000000000019
:40E8000000000000000000000000000000000000000000000000000000000000000000000000000000000000000000000000000000000000000000000000000000000000D8
:40E840000000000000000000000000000000000000000000000000000000000000000000000000000000000000000000000000000000000000000000000000000000000098
:40E880000000000000000000000000000000000000000000000000000000000000000000000000000000000000000000000000000000000000000000000000000000000058
:40E8C0000000000000000000000000000000000000000000000000000000000000000000000000000000000000000000000000000000000000000000000000000000000018
:40E9000000000000000000000000000000000000000000000000000000000000000000000000000000000000000000000000000000000000000000000000000000000000D7
:40E940000000000000000000000000000000000000000000000000000000000000000000000000000000000000000000000000000000000000000000000000000000000097
:40E980000000000000000000000000000000000000000000000000000000000000000000000000000000000000000000000000000000000000000000000000000000000057
:40E9C0000000000000000000000000000000000000000000000000000000000000000000000000000000000000000000000000000000000000000000000000000000000017
:40EA000000000000000000000000000000000000000000000000000000000000000000000000000000000000000000000000000000000000000000000000000000000000D6
:40EA40000000000000000000000000000000000000000000000000000000000000000000000000000000000000000000000000000000000000000000000000000000000096
:40EA80000000000000000000000000000000000000000000000000000000000000000000000000000000000000000000000000000000000000000000000000000000000056
:40EAC0000000000000000000000000000000000000000000000000000000000000000000000000000000000000000000000000000000000000000000000000000000000016
:40EB000000000000000000000000000000000000000000000000000000000000000000000000000000000000000000000000000000000000000000000000000000000000D5
:40EB40000000000000000000000000000000000000000000000000000000000000000000000000000000000000000000000000000000000000000000000000000000000095
:40EB80000000000000000000000000000000000000000000000000000000000000000000000000000000000000000000000000000000000000000000000000000000000055
:40EBC0000000000000000000000000000000000000000000000000000000000000000000000000000000000000000000000000000000000000000000000000000000000015
:40EC000000000000000000000000000000000000000000000000000000000000000000000000000000000000000000000000000000000000000000000000000000000000D4
:40EC40000000000000000000000000000000000000000000000000000000000000000000000000000000000000000000000000000000000000000000000000000000000094
:40EC80000000000000000000000000000000000000000000000000000000000000000000000000000000000000000000000000000000000000000000000000000000000054
:40ECC0000000000000000000000000000000000000000000000000000000000000000000000000000000000000000000000000000000000000000000000000000000000014
:40ED000000000000000000000000000000000000000000000000000000000000000000000000000000000000000000000000000000000000000000000000000000000000D3
:40ED40000000000000000000000000000000000000000000000000000000000000000000000000000000000000000000000000000000000000000000000000000000000093
:40ED80000000000000000000000000000000000000000000000000000000000000000000000000000000000000000000000000000000000000000000000000000000000053
:40EDC0000000000000000000000000000000000000000000000000000000000000000000000000000000000000000000000000000000000000000000000000000000000013
:40EE000000000000000000000000000000000000000000000000000000000000000000000000000000000000000000000000000000000000000000000000000000000000D2
:40EE40000000000000000000000000000000000000000000000000000000000000000000000000000000000000000000000000000000000000000000000000000000000092
:40EE80000000000000000000000000000000000000000000000000000000000000000000000000000000000000000000000000000000000000000000000000000000000052
:40EEC0000000000000000000000000000000000000000000000000000000000000000000000000000000000000000000000000000000000000000000000000000000000012
:40EF000000000000000000000000000000000000000000000000000000000000000000000000000000000000000000000000000000000000000000000000000000000000D1
:40EF40000000000000000000000000000000000000000000000000000000000000000000000000000000000000000000000000000000000000000000000000000000000091
:40EF80000000000000000000000000000000000000000000000000000000000000000000000000000000000000000000000000000000000000000000000000000000000051
:40EFC0000000000000000000000000000000000000000000000000000000000000000000000000000000000000000000000000000000000000000000000000000000000011
:40F0000000000000000000000000000000000000000000000000000000000000000000000000000000000000000000000000000000000000000000000000000000000000D0
:40F040000000000000000000000000000000000000000000000000000000000000000000000000000000000000000000000000000000000000000000000000000000000090
:40F080000000000000000000000000000000000000000000000000000000000000000000000000000000000000000000000000000000000000000000000000000000000050
:40F0C0000000000000000000000000000000000000000000000000000000000000000000000000000000000000000000000000000000000000000000000000000000000010
:40F1000000000000000000000000000000000000000000000000000000000000000000000000000000000000000000000000000000000000000000000000000000000000CF
:40F14000000000000000000000000000000000000000000000000000000000000000000000000000000000000000000000000000000000000000000000000000000000008F
:40F18000000000000000000000000000000000000000000000000000000000000000000000000000000000000000000000000000000000000000000000000000000000004F
:40F1C000000000000000000000000000000000000000000000000000000000000000000000000000000000000000000000000000000000000000000000000000000000000F
:40F2000000000000000000000000000000000000000000000000000000000000000000000000000000000000000000000000000000000000000000000000000000000000CE
:40F24000000000000000000000000000000000000000000000000000000000000000000000000000000000000000000000000000000000000000000000000000000000008E
:40F28000000000000000000000000000000000000000000000000000000000000000000000000000000000000000000000000000000000000000000000000000000000004E
:40F2C000000000000000000000000000000000000000000000000000000000000000000000000000000000000000000000000000000000000000000000000000000000000E
:40F3000000000000000000000000000000000000000000000000000000000000000000000000000000000000000000000000000000000000000000000000000000000000CD
:40F34000000000000000000000000000000000000000000000000000000000000000000000000000000000000000000000000000000000000000000000000000000000008D
:40F38000000000000000000000000000000000000000000000000000000000000000000000000000000000000000000000000000000000000000000000000000000000004D
:40F3C000000000000000000000000000000000000000000000000000000000000000000000000000000000000000000000000000000000000000000000000000000000000D
:40F4000000000000000000000000000000000000000000000000000000000000000000000000000000000000000000000000000000000000000000000000000000000000CC
:40F44000000000000000000000000000000000000000000000000000000000000000000000000000000000000000000000000000000000000000000000000000000000008C
:40F48000000000000000000000000000000000000000000000000000000000000000000000000000000000000000000000000000000000000000000000000000000000004C
:40F4C000000000000000000000000000000000000000000000000000000000000000000000000000000000000000000000000000000000000000000000000000000000000C
:40F5000000000000000000000000000000000000000000000000000000000000000000000000000000000000000000000000000000000000000000000000000000000000CB
:40F54000000000000000000000000000000000000000000000000000000000000000000000000000000000000000000000000000000000000000000000000000000000008B
:40F58000000000000000000000000000000000000000000000000000000000000000000000000000000000000000000000000000000000000000000000000000000000004B
:40F5C000000000000000000000000000000000000000000000000000000000000000000000000000000000000000000000000000000000000000000000000000000000000B
:40F6000000000000000000000000000000000000000000000000000000000000000000000000000000000000000000000000000000000000000000000000000000000000CA
:40F64000000000000000000000000000000000000000000000000000000000000000000000000000000000000000000000000000000000000000000000000000000000008A
:40F68000000000000000000000000000000000000000000000000000000000000000000000000000000000000000000000000000000000000000000000000000000000004A
:40F6C000000000000000000000000000000000000000000000000000000000000000000000000000000000000000000000000000000000000000000000000000000000000A
:40F7000000000000000000000000000000000000000000000000000000000000000000000000000000000000000000000000000000000000000000000000000000000000C9
:40F740000000000000000000000000000000000000000000000000000000000000000000000000000000000000000000000000000000000000000000000000000000000089
:40F780000000000000000000000000000000000000000000000000000000000000000000000000000000000000000000000000000000000000000000000000000000000049
:40F7C0000000000000000000000000000000000000000000000000000000000000000000000000000000000000000000000000000000000000000000000000000000000009
:40F8000000000000000000000000000000000000000000000000000000000000000000000000000000000000000000000000000000000000000000000000000000000000C8
:40F840000000000000000000000000000000000000000000000000000000000000000000000000000000000000000000000000000000000000000000000000000000000088
:40F880000000000000000000000000000000000000000000000000000000000000000000000000000000000000000000000000000000000000000000000000000000000048
:40F8C0000000000000000000000000000000000000000000000000000000000000000000000000000000000000000000000000000000000000000000000000000000000008
:40F9000000000000000000000000000000000000000000000000000000000000000000000000000000000000000000000000000000000000000000000000000000000000C7
:40F940000000000000000000000000000000000000000000000000000000000000000000000000000000000000000000000000000000000000000000000000000000000087
:40F980000000000000000000000000000000000000000000000000000000000000000000000000000000000000000000000000000000000000000000000000000000000047
:40F9C0000000000000000000000000000000000000000000000000000000000000000000000000000000000000000000000000000000000000000000000000000000000007
:40FA000000000000000000000000000000000000000000000000000000000000000000000000000000000000000000000000000000000000000000000000000000000000C6
:40FA40000000000000000000000000000000000000000000000000000000000000000000000000000000000000000000000000000000000000000000000000000000000086
:40FA80000000000000000000000000000000000000000000000000000000000000000000000000000000000000000000000000000000000000000000000000000000000046
:40FAC0000000000000000000000000000000000000000000000000000000000000000000000000000000000000000000000000000000000000000000000000000000000006
:40FB000000000000000000000000000000000000000000000000000000000000000000000000000000000000000000000000000000000000000000000000000000000000C5
:40FB40000000000000000000000000000000000000000000000000000000000000000000000000000000000000000000000000000000000000000000000000000000000085
:40FB80000000000000000000000000000000000000000000000000000000000000000000000000000000000000000000000000000000000000000000000000000000000045
:40FBC0000000000000000000000000000000000000000000000000000000000000000000000000000000000000000000000000000000000000000000000000000000000005
:40FC000000000000000000000000000000000000000000000000000000000000000000000000000000000000000000000000000000000000000000000000000000000000C4
:40FC40000000000000000000000000000000000000000000000000000000000000000000000000000000000000000000000000000000000000000000000000000000000084
:40FC80000000000000000000000000000000000000000000000000000000000000000000000000000000000000000000000000000000000000000000000000000000000044
:40FCC0000000000000000000000000000000000000000000000000000000000000000000000000000000000000000000000000000000000000000000000000000000000004
:40FD000000000000000000000000000000000000000000000000000000000000000000000000000000000000000000000000000000000000000000000000000000000000C3
:40FD40000000000000000000000000000000000000000000000000000000000000000000000000000000000000000000000000000000000000000000000000000000000083
:40FD80000000000000000000000000000000000000000000000000000000000000000000000000000000000000000000000000000000000000000000000000000000000043
:40FDC0000000000000000000000000000000000000000000000000000000000000000000000000000000000000000000000000000000000000000000000000000000000003
:40FE000000000000000000000000000000000000000000000000000000000000000000000000000000000000000000000000000000000000000000000000000000000000C2
:40FE40000000000000000000000000000000000000000000000000000000000000000000000000000000000000000000000000000000000000000000000000000000000082
:40FE80000000000000000000000000000000000000000000000000000000000000000000000000000000000000000000000000000000000000000000000000000000000042
:40FEC0000000000000000000000000000000000000000000000000000000000000000000000000000000000000000000000000000000000000000000000000000000000002
:40FF000000000000000000000000000000000000000000000000000000000000000000000000000000000000000000000000000000000000000000000000000000000000C1
:40FF40000000000000000000000000000000000000000000000000000000000000000000000000000000000000000000000000000000000000000000000000000000000081
:40FF80000000000000000000000000000000000000000000000000000000000000000000000000000000000000000000000000000000000000000000000000000000000041
:40FFC0000000000000000000000000000000000000000000000000000000000000000000000000000000000000000000000000000000000000000000000000000000000001
:020000040003F7
:4000000000000000000000000000000000000000000000000000000000000000000000000000000000000000000000000000000000000000000000000000000000000000C0
:400040000000000000000000000000000000000000000000000000000000000000000000000000000000000000000000000000000000000000000000000000000000000080
:400080000000000000000000000000000000000000000000000000000000000000000000000000000000000000000000000000000000000000000000000000000000000040
:4000C0000000000000000000000000000000000000000000000000000000000000000000000000000000000000000000000000000000000000000000000000000000000000
:4001000000000000000000000000000000000000000000000000000000000000000000000000000000000000000000000000000000000000000000000000000000000000BF
:40014000000000000000000000000000000000000000000000000000000000000000000000000000000000000000000000000000000000000000000000000000000000007F
:40018000000000000000000000000000000000000000000000000000000000000000000000000000000000000000000000000000000000000000000000000000000000003F
:4001C00000000000000000000000000000000000000000000000000000000000000000000000000000000000000000000000000000000000000000000000000000000000FF
:4002000000000000000000000000000000000000000000000000000000000000000000000000000000000000000000000000000000000000000000000000000000000000BE
:40024000000000000000000000000000000000000000000000000000000000000000000000000000000000000000000000000000000000000000000000000000000000007E
:40028000000000000000000000000000000000000000000000000000000000000000000000000000000000000000000000000000000000000000000000000000000000003E
:4002C00000000000000000000000000000000000000000000000000000000000000000000000000000000000000000000000000000000000000000000000000000000000FE
:4003000000000000000000000000000000000000000000000000000000000000000000000000000000000000000000000000000000000000000000000000000000000000BD
:40034000000000000000000000000000000000000000000000000000000000000000000000000000000000000000000000000000000000000000000000000000000000007D
:40038000000000000000000000000000000000000000000000000000000000000000000000000000000000000000000000000000000000000000000000000000000000003D
:4003C00000000000000000000000000000000000000000000000000000000000000000000000000000000000000000000000000000000000000000000000000000000000FD
:4004000000000000000000000000000000000000000000000000000000000000000000000000000000000000000000000000000000000000000000000000000000000000BC
:40044000000000000000000000000000000000000000000000000000000000000000000000000000000000000000000000000000000000000000000000000000000000007C
:40048000000000000000000000000000000000000000000000000000000000000000000000000000000000000000000000000000000000000000000000000000000000003C
:4004C00000000000000000000000000000000000000000000000000000000000000000000000000000000000000000000000000000000000000000000000000000000000FC
:4005000000000000000000000000000000000000000000000000000000000000000000000000000000000000000000000000000000000000000000000000000000000000BB
:40054000000000000000000000000000000000000000000000000000000000000000000000000000000000000000000000000000000000000000000000000000000000007B
:40058000000000000000000000000000000000000000000000000000000000000000000000000000000000000000000000000000000000000000000000000000000000003B
:4005C00000000000000000000000000000000000000000000000000000000000000000000000000000000000000000000000000000000000000000000000000000000000FB
:4006000000000000000000000000000000000000000000000000000000000000000000000000000000000000000000000000000000000000000000000000000000000000BA
:40064000000000000000000000000000000000000000000000000000000000000000000000000000000000000000000000000000000000000000000000000000000000007A
:40068000000000000000000000000000000000000000000000000000000000000000000000000000000000000000000000000000000000000000000000000000000000003A
:4006C00000000000000000000000000000000000000000000000000000000000000000000000000000000000000000000000000000000000000000000000000000000000FA
:4007000000000000000000000000000000000000000000000000000000000000000000000000000000000000000000000000000000000000000000000000000000000000B9
:400740000000000000000000000000000000000000000000000000000000000000000000000000000000000000000000000000000000000000000000000000000000000079
:400780000000000000000000000000000000000000000000000000000000000000000000000000000000000000000000000000000000000000000000000000000000000039
:4007C00000000000000000000000000000000000000000000000000000000000000000000000000000000000000000000000000000000000000000000000000000000000F9
:4008000000000000000000000000000000000000000000000000000000000000000000000000000000000000000000000000000000000000000000000000000000000000B8
:400840000000000000000000000000000000000000000000000000000000000000000000000000000000000000000000000000000000000000000000000000000000000078
:400880000000000000000000000000000000000000000000000000000000000000000000000000000000000000000000000000000000000000000000000000000000000038
:4008C00000000000000000000000000000000000000000000000000000000000000000000000000000000000000000000000000000000000000000000000000000000000F8
:4009000000000000000000000000000000000000000000000000000000000000000000000000000000000000000000000000000000000000000000000000000000000000B7
:400940000000000000000000000000000000000000000000000000000000000000000000000000000000000000000000000000000000000000000000000000000000000077
:400980000000000000000000000000000000000000000000000000000000000000000000000000000000000000000000000000000000000000000000000000000000000037
:4009C00000000000000000000000000000000000000000000000000000000000000000000000000000000000000000000000000000000000000000000000000000000000F7
:400A000000000000000000000000000000000000000000000000000000000000000000000000000000000000000000000000000000000000000000000000000000000000B6
:400A40000000000000000000000000000000000000000000000000000000000000000000000000000000000000000000000000000000000000000000000000000000000076
:400A80000000000000000000000000000000000000000000000000000000000000000000000000000000000000000000000000000000000000000000000000000000000036
:400AC00000000000000000000000000000000000000000000000000000000000000000000000000000000000000000000000000000000000000000000000000000000000F6
:400B000000000000000000000000000000000000000000000000000000000000000000000000000000000000000000000000000000000000000000000000000000000000B5
:400B40000000000000000000000000000000000000000000000000000000000000000000000000000000000000000000000000000000000000000000000000000000000075
:400B80000000000000000000000000000000000000000000000000000000000000000000000000000000000000000000000000000000000000000000000000000000000035
:400BC00000000000000000000000000000000000000000000000000000000000000000000000000000000000000000000000000000000000000000000000000000000000F5
:400C000000000000000000000000000000000000000000000000000000000000000000000000000000000000000000000000000000000000000000000000000000000000B4
:400C40000000000000000000000000000000000000000000000000000000000000000000000000000000000000000000000000000000000000000000000000000000000074
:400C80000000000000000000000000000000000000000000000000000000000000000000000000000000000000000000000000000000000000000000000000000000000034
:400CC00000000000000000000000000000000000000000000000000000000000000000000000000000000000000000000000000000000000000000000000000000000000F4
:400D000000000000000000000000000000000000000000000000000000000000000000000000000000000000000000000000000000000000000000000000000000000000B3
:400D40000000000000000000000000000000000000000000000000000000000000000000000000000000000000000000000000000000000000000000000000000000000073
:400D80000000000000000000000000000000000000000000000000000000000000000000000000000000000000000000000000000000000000000000000000000000000033
:400DC00000000000000000000000000000000000000000000000000000000000000000000000000000000000000000000000000000000000000000000000000000000000F3
:400E000000000000000000000000000000000000000000000000000000000000000000000000000000000000000000000000000000000000000000000000000000000000B2
:400E40000000000000000000000000000000000000000000000000000000000000000000000000000000000000000000000000000000000000000000000000000000000072
:400E80000000000000000000000000000000000000000000000000000000000000000000000000000000000000000000000000000000000000000000000000000000000032
:400EC00000000000000000000000000000000000000000000000000000000000000000000000000000000000000000000000000000000000000000000000000000000000F2
:400F000000000000000000000000000000000000000000000000000000000000000000000000000000000000000000000000000000000000000000000000000000000000B1
:400F40000000000000000000000000000000000000000000000000000000000000000000000000000000000000000000000000000000000000000000000000000000000071
:400F80000000000000000000000000000000000000000000000000000000000000000000000000000000000000000000000000000000000000000000000000000000000031
:400FC00000000000000000000000000000000000000000000000000000000000000000000000000000000000000000000000000000000000000000000000000000000000F1
:4010000000000000000000000000000000000000000000000000000000000000000000000000000000000000000000000000000000000000000000000000000000000000B0
:401040000000000000000000000000000000000000000000000000000000000000000000000000000000000000000000000000000000000000000000000000000000000070
:401080000000000000000000000000000000000000000000000000000000000000000000000000000000000000000000000000000000000000000000000000000000000030
:4010C00000000000000000000000000000000000000000000000000000000000000000000000000000000000000000000000000000000000000000000000000000000000F0
:4011000000000000000000000000000000000000000000000000000000000000000000000000000000000000000000000000000000000000000000000000000000000000AF
:40114000000000000000000000000000000000000000000000000000000000000000000000000000000000000000000000000000000000000000000000000000000000006F
:40118000000000000000000000000000000000000000000000000000000000000000000000000000000000000000000000000000000000000000000000000000000000002F
:4011C00000000000000000000000000000000000000000000000000000000000000000000000000000000000000000000000000000000000000000000000000000000000EF
:4012000000000000000000000000000000000000000000000000000000000000000000000000000000000000000000000000000000000000000000000000000000000000AE
:40124000000000000000000000000000000000000000000000000000000000000000000000000000000000000000000000000000000000000000000000000000000000006E
:40128000000000000000000000000000000000000000000000000000000000000000000000000000000000000000000000000000000000000000000000000000000000002E
:4012C00000000000000000000000000000000000000000000000000000000000000000000000000000000000000000000000000000000000000000000000000000000000EE
:4013000000000000000000000000000000000000000000000000000000000000000000000000000000000000000000000000000000000000000000000000000000000000AD
:40134000000000000000000000000000000000000000000000000000000000000000000000000000000000000000000000000000000000000000000000000000000000006D
:40138000000000000000000000000000000000000000000000000000000000000000000000000000000000000000000000000000000000000000000000000000000000002D
:4013C00000000000000000000000000000000000000000000000000000000000000000000000000000000000000000000000000000000000000000000000000000000000ED
:4014000000000000000000000000000000000000000000000000000000000000000000000000000000000000000000000000000000000000000000000000000000000000AC
:40144000000000000000000000000000000000000000000000000000000000000000000000000000000000000000000000000000000000000000000000000000000000006C
:40148000000000000000000000000000000000000000000000000000000000000000000000000000000000000000000000000000000000000000000000000000000000002C
:4014C00000000000000000000000000000000000000000000000000000000000000000000000000000000000000000000000000000000000000000000000000000000000EC
:4015000000000000000000000000000000000000000000000000000000000000000000000000000000000000000000000000000000000000000000000000000000000000AB
:40154000000000000000000000000000000000000000000000000000000000000000000000000000000000000000000000000000000000000000000000000000000000006B
:40158000000000000000000000000000000000000000000000000000000000000000000000000000000000000000000000000000000000000000000000000000000000002B
:4015C00000000000000000000000000000000000000000000000000000000000000000000000000000000000000000000000000000000000000000000000000000000000EB
:4016000000000000000000000000000000000000000000000000000000000000000000000000000000000000000000000000000000000000000000000000000000000000AA
:40164000000000000000000000000000000000000000000000000000000000000000000000000000000000000000000000000000000000000000000000000000000000006A
:40168000000000000000000000000000000000000000000000000000000000000000000000000000000000000000000000000000000000000000000000000000000000002A
:4016C00000000000000000000000000000000000000000000000000000000000000000000000000000000000000000000000000000000000000000000000000000000000EA
:4017000000000000000000000000000000000000000000000000000000000000000000000000000000000000000000000000000000000000000000000000000000000000A9
:401740000000000000000000000000000000000000000000000000000000000000000000000000000000000000000000000000000000000000000000000000000000000069
:401780000000000000000000000000000000000000000000000000000000000000000000000000000000000000000000000000000000000000000000000000000000000029
:4017C00000000000000000000000000000000000000000000000000000000000000000000000000000000000000000000000000000000000000000000000000000000000E9
:4018000000000000000000000000000000000000000000000000000000000000000000000000000000000000000000000000000000000000000000000000000000000000A8
:401840000000000000000000000000000000000000000000000000000000000000000000000000000000000000000000000000000000000000000000000000000000000068
:401880000000000000000000000000000000000000000000000000000000000000000000000000000000000000000000000000000000000000000000000000000000000028
:4018C00000000000000000000000000000000000000000000000000000000000000000000000000000000000000000000000000000000000000000000000000000000000E8
:4019000000000000000000000000000000000000000000000000000000000000000000000000000000000000000000000000000000000000000000000000000000000000A7
:401940000000000000000000000000000000000000000000000000000000000000000000000000000000000000000000000000000000000000000000000000000000000067
:401980000000000000000000000000000000000000000000000000000000000000000000000000000000000000000000000000000000000000000000000000000000000027
:4019C00000000000000000000000000000000000000000000000000000000000000000000000000000000000000000000000000000000000000000000000000000000000E7
:401A000000000000000000000000000000000000000000000000000000000000000000000000000000000000000000000000000000000000000000000000000000000000A6
:401A40000000000000000000000000000000000000000000000000000000000000000000000000000000000000000000000000000000000000000000000000000000000066
:401A80000000000000000000000000000000000000000000000000000000000000000000000000000000000000000000000000000000000000000000000000000000000026
:401AC00000000000000000000000000000000000000000000000000000000000000000000000000000000000000000000000000000000000000000000000000000000000E6
:401B000000000000000000000000000000000000000000000000000000000000000000000000000000000000000000000000000000000000000000000000000000000000A5
:401B40000000000000000000000000000000000000000000000000000000000000000000000000000000000000000000000000000000000000000000000000000000000065
:401B80000000000000000000000000000000000000000000000000000000000000000000000000000000000000000000000000000000000000000000000000000000000025
:401BC00000000000000000000000000000000000000000000000000000000000000000000000000000000000000000000000000000000000000000000000000000000000E5
:401C000000000000000000000000000000000000000000000000000000000000000000000000000000000000000000000000000000000000000000000000000000000000A4
:401C40000000000000000000000000000000000000000000000000000000000000000000000000000000000000000000000000000000000000000000000000000000000064
:401C80000000000000000000000000000000000000000000000000000000000000000000000000000000000000000000000000000000000000000000000000000000000024
:401CC00000000000000000000000000000000000000000000000000000000000000000000000000000000000000000000000000000000000000000000000000000000000E4
:401D000000000000000000000000000000000000000000000000000000000000000000000000000000000000000000000000000000000000000000000000000000000000A3
:401D40000000000000000000000000000000000000000000000000000000000000000000000000000000000000000000000000000000000000000000000000000000000063
:401D80000000000000000000000000000000000000000000000000000000000000000000000000000000000000000000000000000000000000000000000000000000000023
:401DC00000000000000000000000000000000000000000000000000000000000000000000000000000000000000000000000000000000000000000000000000000000000E3
:401E000000000000000000000000000000000000000000000000000000000000000000000000000000000000000000000000000000000000000000000000000000000000A2
:401E40000000000000000000000000000000000000000000000000000000000000000000000000000000000000000000000000000000000000000000000000000000000062
:401E80000000000000000000000000000000000000000000000000000000000000000000000000000000000000000000000000000000000000000000000000000000000022
:401EC00000000000000000000000000000000000000000000000000000000000000000000000000000000000000000000000000000000000000000000000000000000000E2
:401F000000000000000000000000000000000000000000000000000000000000000000000000000000000000000000000000000000000000000000000000000000000000A1
:401F40000000000000000000000000000000000000000000000000000000000000000000000000000000000000000000000000000000000000000000000000000000000061
:401F80000000000000000000000000000000000000000000000000000000000000000000000000000000000000000000000000000000000000000000000000000000000021
:401FC00000000000000000000000000000000000000000000000000000000000000000000000000000000000000000000000000000000000000000000000000000000000E1
:4020000000000000000000000000000000000000000000000000000000000000000000000000000000000000000000000000000000000000000000000000000000000000A0
:402040000000000000000000000000000000000000000000000000000000000000000000000000000000000000000000000000000000000000000000000000000000000060
:402080000000000000000000000000000000000000000000000000000000000000000000000000000000000000000000000000000000000000000000000000000000000020
:4020C00000000000000000000000000000000000000000000000000000000000000000000000000000000000000000000000000000000000000000000000000000000000E0
:40210000000000000000000000000000000000000000000000000000000000000000000000000000000000000000000000000000000000000000000000000000000000009F
:40214000000000000000000000000000000000000000000000000000000000000000000000000000000000000000000000000000000000000000000000000000000000005F
:40218000000000000000000000000000000000000000000000000000000000000000000000000000000000000000000000000000000000000000000000000000000000001F
:4021C00000000000000000000000000000000000000000000000000000000000000000000000000000000000000000000000000000000000000000000000000000000000DF
:40220000000000000000000000000000000000000000000000000000000000000000000000000000000000000000000000000000000000000000000000000000000000009E
:40224000000000000000000000000000000000000000000000000000000000000000000000000000000000000000000000000000000000000000000000000000000000005E
:40228000000000000000000000000000000000000000000000000000000000000000000000000000000000000000000000000000000000000000000000000000000000001E
:4022C00000000000000000000000000000000000000000000000000000000000000000000000000000000000000000000000000000000000000000000000000000000000DE
:40230000000000000000000000000000000000000000000000000000000000000000000000000000000000000000000000000000000000000000000000000000000000009D
:40234000000000000000000000000000000000000000000000000000000000000000000000000000000000000000000000000000000000000000000000000000000000005D
:40238000000000000000000000000000000000000000000000000000000000000000000000000000000000000000000000000000000000000000000000000000000000001D
:4023C00000000000000000000000000000000000000000000000000000000000000000000000000000000000000000000000000000000000000000000000000000000000DD
:40240000000000000000000000000000000000000000000000000000000000000000000000000000000000000000000000000000000000000000000000000000000000009C
:40244000000000000000000000000000000000000000000000000000000000000000000000000000000000000000000000000000000000000000000000000000000000005C
:40248000000000000000000000000000000000000000000000000000000000000000000000000000000000000000000000000000000000000000000000000000000000001C
:4024C00000000000000000000000000000000000000000000000000000000000000000000000000000000000000000000000000000000000000000000000000000000000DC
:40250000000000000000000000000000000000000000000000000000000000000000000000000000000000000000000000000000000000000000000000000000000000009B
:40254000000000000000000000000000000000000000000000000000000000000000000000000000000000000000000000000000000000000000000000000000000000005B
:40258000000000000000000000000000000000000000000000000000000000000000000000000000000000000000000000000000000000000000000000000000000000001B
:4025C00000000000000000000000000000000000000000000000000000000000000000000000000000000000000000000000000000000000000000000000000000000000DB
:40260000000000000000000000000000000000000000000000000000000000000000000000000000000000000000000000000000000000000000000000000000000000009A
:40264000000000000000000000000000000000000000000000000000000000000000000000000000000000000000000000000000000000000000000000000000000000005A
:40268000000000000000000000000000000000000000000000000000000000000000000000000000000000000000000000000000000000000000000000000000000000001A
:4026C00000000000000000000000000000000000000000000000000000000000000000000000000000000000000000000000000000000000000000000000000000000000DA
:402700000000000000000000000000000000000000000000000000000000000000000000000000000000000000000000000000000000000000000000000000000000000099
:402740000000000000000000000000000000000000000000000000000000000000000000000000000000000000000000000000000000000000000000000000000000000059
:402780000000000000000000000000000000000000000000000000000000000000000000000000000000000000000000000000000000000000000000000000000000000019
:4027C00000000000000000000000000000000000000000000000000000000000000000000000000000000000000000000000000000000000000000000000000000000000D9
:402800000000000000000000000000000000000000000000000000000000000000000000000000000000000000000000000000000000000000000000000000000000000098
:402840000000000000000000000000000000000000000000000000000000000000000000000000000000000000000000000000000000000000000000000000000000000058
:402880000000000000000000000000000000000000000000000000000000000000000000000000000000000000000000000000000000000000000000000000000000000018
:4028C00000000000000000000000000000000000000000000000000000000000000000000000000000000000000000000000000000000000000000000000000000000000D8
:402900000000000000000000000000000000000000000000000000000000000000000000000000000000000000000000000000000000000000000000000000000000000097
:402940000000000000000000000000000000000000000000000000000000000000000000000000000000000000000000000000000000000000000000000000000000000057
:402980000000000000000000000000000000000000000000000000000000000000000000000000000000000000000000000000000000000000000000000000000000000017
:4029C00000000000000000000000000000000000000000000000000000000000000000000000000000000000000000000000000000000000000000000000000000000000D7
:402A00000000000000000000000000000000000000000000000000000000000000000000000000000000000000000000000000000000000000000000000000000000000096
:402A40000000000000000000000000000000000000000000000000000000000000000000000000000000000000000000000000000000000000000000000000000000000056
:402A80000000000000000000000000000000000000000000000000000000000000000000000000000000000000000000000000000000000000000000000000000000000016
:402AC00000000000000000000000000000000000000000000000000000000000000000000000000000000000000000000000000000000000000000000000000000000000D6
:402B00000000000000000000000000000000000000000000000000000000000000000000000000000000000000000000000000000000000000000000000000000000000095
:402B40000000000000000000000000000000000000000000000000000000000000000000000000000000000000000000000000000000000000000000000000000000000055
:402B80000000000000000000000000000000000000000000000000000000000000000000000000000000000000000000000000000000000000000000000000000000000015
:402BC00000000000000000000000000000000000000000000000000000000000000000000000000000000000000000000000000000000000000000000000000000000000D5
:402C00000000000000000000000000000000000000000000000000000000000000000000000000000000000000000000000000000000000000000000000000000000000094
:402C40000000000000000000000000000000000000000000000000000000000000000000000000000000000000000000000000000000000000000000000000000000000054
:402C80000000000000000000000000000000000000000000000000000000000000000000000000000000000000000000000000000000000000000000000000000000000014
:402CC00000000000000000000000000000000000000000000000000000000000000000000000000000000000000000000000000000000000000000000000000000000000D4
:402D00000000000000000000000000000000000000000000000000000000000000000000000000000000000000000000000000000000000000000000000000000000000093
:402D40000000000000000000000000000000000000000000000000000000000000000000000000000000000000000000000000000000000000000000000000000000000053
:402D80000000000000000000000000000000000000000000000000000000000000000000000000000000000000000000000000000000000000000000000000000000000013
:402DC00000000000000000000000000000000000000000000000000000000000000000000000000000000000000000000000000000000000000000000000000000000000D3
:402E00000000000000000000000000000000000000000000000000000000000000000000000000000000000000000000000000000000000000000000000000000000000092
:402E40000000000000000000000000000000000000000000000000000000000000000000000000000000000000000000000000000000000000000000000000000000000052
:402E80000000000000000000000000000000000000000000000000000000000000000000000000000000000000000000000000000000000000000000000000000000000012
:402EC00000000000000000000000000000000000000000000000000000000000000000000000000000000000000000000000000000000000000000000000000000000000D2
:402F00000000000000000000000000000000000000000000000000000000000000000000000000000000000000000000000000000000000000000000000000000000000091
:402F40000000000000000000000000000000000000000000000000000000000000000000000000000000000000000000000000000000000000000000000000000000000051
:402F80000000000000000000000000000000000000000000000000000000000000000000000000000000000000000000000000000000000000000000000000000000000011
:402FC00000000000000000000000000000000000000000000000000000000000000000000000000000000000000000000000000000000000000000000000000000000000D1
:403000000000000000000000000000000000000000000000000000000000000000000000000000000000000000000000000000000000000000000000000000000000000090
:403040000000000000000000000000000000000000000000000000000000000000000000000000000000000000000000000000000000000000000000000000000000000050
:403080000000000000000000000000000000000000000000000000000000000000000000000000000000000000000000000000000000000000000000000000000000000010
:4030C00000000000000000000000000000000000000000000000000000000000000000000000000000000000000000000000000000000000000000000000000000000000D0
:40310000000000000000000000000000000000000000000000000000000000000000000000000000000000000000000000000000000000000000000000000000000000008F
:40314000000000000000000000000000000000000000000000000000000000000000000000000000000000000000000000000000000000000000000000000000000000004F
:40318000000000000000000000000000000000000000000000000000000000000000000000000000000000000000000000000000000000000000000000000000000000000F
:4031C00000000000000000000000000000000000000000000000000000000000000000000000000000000000000000000000000000000000000000000000000000000000CF
:40320000000000000000000000000000000000000000000000000000000000000000000000000000000000000000000000000000000000000000000000000000000000008E
:40324000000000000000000000000000000000000000000000000000000000000000000000000000000000000000000000000000000000000000000000000000000000004E
:40328000000000000000000000000000000000000000000000000000000000000000000000000000000000000000000000000000000000000000000000000000000000000E
:4032C00000000000000000000000000000000000000000000000000000000000000000000000000000000000000000000000000000000000000000000000000000000000CE
:40330000000000000000000000000000000000000000000000000000000000000000000000000000000000000000000000000000000000000000000000000000000000008D
:40334000000000000000000000000000000000000000000000000000000000000000000000000000000000000000000000000000000000000000000000000000000000004D
:40338000000000000000000000000000000000000000000000000000000000000000000000000000000000000000000000000000000000000000000000000000000000000D
:4033C00000000000000000000000000000000000000000000000000000000000000000000000000000000000000000000000000000000000000000000000000000000000CD
:40340000000000000000000000000000000000000000000000000000000000000000000000000000000000000000000000000000000000000000000000000000000000008C
:40344000000000000000000000000000000000000000000000000000000000000000000000000000000000000000000000000000000000000000000000000000000000004C
:40348000000000000000000000000000000000000000000000000000000000000000000000000000000000000000000000000000000000000000000000000000000000000C
:4034C00000000000000000000000000000000000000000000000000000000000000000000000000000000000000000000000000000000000000000000000000000000000CC
:40350000000000000000000000000000000000000000000000000000000000000000000000000000000000000000000000000000000000000000000000000000000000008B
:40354000000000000000000000000000000000000000000000000000000000000000000000000000000000000000000000000000000000000000000000000000000000004B
:40358000000000000000000000000000000000000000000000000000000000000000000000000000000000000000000000000000000000000000000000000000000000000B
:4035C00000000000000000000000000000000000000000000000000000000000000000000000000000000000000000000000000000000000000000000000000000000000CB
:40360000000000000000000000000000000000000000000000000000000000000000000000000000000000000000000000000000000000000000000000000000000000008A
:40364000000000000000000000000000000000000000000000000000000000000000000000000000000000000000000000000000000000000000000000000000000000004A
:40368000000000000000000000000000000000000000000000000000000000000000000000000000000000000000000000000000000000000000000000000000000000000A
:4036C00000000000000000000000000000000000000000000000000000000000000000000000000000000000000000000000000000000000000000000000000000000000CA
:403700000000000000000000000000000000000000000000000000000000000000000000000000000000000000000000000000000000000000000000000000000000000089
:403740000000000000000000000000000000000000000000000000000000000000000000000000000000000000000000000000000000000000000000000000000000000049
:403780000000000000000000000000000000000000000000000000000000000000000000000000000000000000000000000000000000000000000000000000000000000009
:4037C00000000000000000000000000000000000000000000000000000000000000000000000000000000000000000000000000000000000000000000000000000000000C9
:403800000000000000000000000000000000000000000000000000000000000000000000000000000000000000000000000000000000000000000000000000000000000088
:403840000000000000000000000000000000000000000000000000000000000000000000000000000000000000000000000000000000000000000000000000000000000048
:403880000000000000000000000000000000000000000000000000000000000000000000000000000000000000000000000000000000000000000000000000000000000008
:4038C00000000000000000000000000000000000000000000000000000000000000000000000000000000000000000000000000000000000000000000000000000000000C8
:403900000000000000000000000000000000000000000000000000000000000000000000000000000000000000000000000000000000000000000000000000000000000087
:403940000000000000000000000000000000000000000000000000000000000000000000000000000000000000000000000000000000000000000000000000000000000047
:403980000000000000000000000000000000000000000000000000000000000000000000000000000000000000000000000000000000000000000000000000000000000007
:4039C00000000000000000000000000000000000000000000000000000000000000000000000000000000000000000000000000000000000000000000000000000000000C7
:403A00000000000000000000000000000000000000000000000000000000000000000000000000000000000000000000000000000000000000000000000000000000000086
:403A40000000000000000000000000000000000000000000000000000000000000000000000000000000000000000000000000000000000000000000000000000000000046
:403A80000000000000000000000000000000000000000000000000000000000000000000000000000000000000000000000000000000000000000000000000000000000006
:403AC00000000000000000000000000000000000000000000000000000000000000000000000000000000000000000000000000000000000000000000000000000000000C6
:403B00000000000000000000000000000000000000000000000000000000000000000000000000000000000000000000000000000000000000000000000000000000000085
:403B40000000000000000000000000000000000000000000000000000000000000000000000000000000000000000000000000000000000000000000000000000000000045
:403B80000000000000000000000000000000000000000000000000000000000000000000000000000000000000000000000000000000000000000000000000000000000005
:403BC00000000000000000000000000000000000000000000000000000000000000000000000000000000000000000000000000000000000000000000000000000000000C5
:403C00000000000000000000000000000000000000000000000000000000000000000000000000000000000000000000000000000000000000000000000000000000000084
:403C40000000000000000000000000000000000000000000000000000000000000000000000000000000000000000000000000000000000000000000000000000000000044
:403C80000000000000000000000000000000000000000000000000000000000000000000000000000000000000000000000000000000000000000000000000000000000004
:403CC00000000000000000000000000000000000000000000000000000000000000000000000000000000000000000000000000000000000000000000000000000000000C4
:403D00000000000000000000000000000000000000000000000000000000000000000000000000000000000000000000000000000000000000000000000000000000000083
:403D40000000000000000000000000000000000000000000000000000000000000000000000000000000000000000000000000000000000000000000000000000000000043
:403D80000000000000000000000000000000000000000000000000000000000000000000000000000000000000000000000000000000000000000000000000000000000003
:403DC00000000000000000000000000000000000000000000000000000000000000000000000000000000000000000000000000000000000000000000000000000000000C3
:403E00000000000000000000000000000000000000000000000000000000000000000000000000000000000000000000000000000000000000000000000000000000000082
:403E40000000000000000000000000000000000000000000000000000000000000000000000000000000000000000000000000000000000000000000000000000000000042
:403E80000000000000000000000000000000000000000000000000000000000000000000000000000000000000000000000000000000000000000000000000000000000002
:403EC00000000000000000000000000000000000000000000000000000000000000000000000000000000000000000000000000000000000000000000000000000000000C2
:403F00000000000000000000000000000000000000000000000000000000000000000000000000000000000000000000000000000000000000000000000000000000000081
:403F40000000000000000000000000000000000000000000000000000000000000000000000000000000000000000000000000000000000000000000000000000000000041
:403F80000000000000000000000000000000000000000000000000000000000000000000000000000000000000000000000000000000000000000000000000000000000001
:403FC00000000000000000000000000000000000000000000000000000000000000000000000000000000000000000000000000000000000000000000000000000000000C1
:404000000000000000000000000000000000000000000000000000000000000000000000000000000000000000000000000000000000000000000000000000000000000080
:404040000000000000000000000000000000000000000000000000000000000000000000000000000000000000000000000000000000000000000000000000000000000040
:404080000000000000000000000000000000000000000000000000000000000000000000000000000000000000000000000000000000000000000000000000000000000000
:4040C00000000000000000000000000000000000000000000000000000000000000000000000000000000000000000000000000000000000000000000000000000000000C0
:40410000000000000000000000000000000000000000000000000000000000000000000000000000000000000000000000000000000000000000000000000000000000007F
:40414000000000000000000000000000000000000000000000000000000000000000000000000000000000000000000000000000000000000000000000000000000000003F
:4041800000000000000000000000000000000000000000000000000000000000000000000000000000000000000000000000000000000000000000000000000000000000FF
:4041C00000000000000000000000000000000000000000000000000000000000000000000000000000000000000000000000000000000000000000000000000000000000BF
:40420000000000000000000000000000000000000000000000000000000000000000000000000000000000000000000000000000000000000000000000000000000000007E
:40424000000000000000000000000000000000000000000000000000000000000000000000000000000000000000000000000000000000000000000000000000000000003E
:4042800000000000000000000000000000000000000000000000000000000000000000000000000000000000000000000000000000000000000000000000000000000000FE
:4042C00000000000000000000000000000000000000000000000000000000000000000000000000000000000000000000000000000000000000000000000000000000000BE
:40430000000000000000000000000000000000000000000000000000000000000000000000000000000000000000000000000000000000000000000000000000000000007D
:40434000000000000000000000000000000000000000000000000000000000000000000000000000000000000000000000000000000000000000000000000000000000003D
:4043800000000000000000000000000000000000000000000000000000000000000000000000000000000000000000000000000000000000000000000000000000000000FD
:4043C00000000000000000000000000000000000000000000000000000000000000000000000000000000000000000000000000000000000000000000000000000000000BD
:40440000000000000000000000000000000000000000000000000000000000000000000000000000000000000000000000000000000000000000000000000000000000007C
:40444000000000000000000000000000000000000000000000000000000000000000000000000000000000000000000000000000000000000000000000000000000000003C
:4044800000000000000000000000000000000000000000000000000000000000000000000000000000000000000000000000000000000000000000000000000000000000FC
:4044C00000000000000000000000000000000000000000000000000000000000000000000000000000000000000000000000000000000000000000000000000000000000BC
:40450000000000000000000000000000000000000000000000000000000000000000000000000000000000000000000000000000000000000000000000000000000000007B
:40454000000000000000000000000000000000000000000000000000000000000000000000000000000000000000000000000000000000000000000000000000000000003B
:4045800000000000000000000000000000000000000000000000000000000000000000000000000000000000000000000000000000000000000000000000000000000000FB
:4045C00000000000000000000000000000000000000000000000000000000000000000000000000000000000000000000000000000000000000000000000000000000000BB
:40460000000000000000000000000000000000000000000000000000000000000000000000000000000000000000000000000000000000000000000000000000000000007A
:40464000000000000000000000000000000000000000000000000000000000000000000000000000000000000000000000000000000000000000000000000000000000003A
:4046800000000000000000000000000000000000000000000000000000000000000000000000000000000000000000000000000000000000000000000000000000000000FA
:4046C00000000000000000000000000000000000000000000000000000000000000000000000000000000000000000000000000000000000000000000000000000000000BA
:404700000000000000000000000000000000000000000000000000000000000000000000000000000000000000000000000000000000000000000000000000000000000079
:404740000000000000000000000000000000000000000000000000000000000000000000000000000000000000000000000000000000000000000000000000000000000039
:4047800000000000000000000000000000000000000000000000000000000000000000000000000000000000000000000000000000000000000000000000000000000000F9
:4047C00000000000000000000000000000000000000000000000000000000000000000000000000000000000000000000000000000000000000000000000000000000000B9
:404800000000000000000000000000000000000000000000000000000000000000000000000000000000000000000000000000000000000000000000000000000000000078
:404840000000000000000000000000000000000000000000000000000000000000000000000000000000000000000000000000000000000000000000000000000000000038
:4048800000000000000000000000000000000000000000000000000000000000000000000000000000000000000000000000000000000000000000000000000000000000F8
:4048C00000000000000000000000000000000000000000000000000000000000000000000000000000000000000000000000000000000000000000000000000000000000B8
:404900000000000000000000000000000000000000000000000000000000000000000000000000000000000000000000000000000000000000000000000000000000000077
:404940000000000000000000000000000000000000000000000000000000000000000000000000000000000000000000000000000000000000000000000000000000000037
:4049800000000000000000000000000000000000000000000000000000000000000000000000000000000000000000000000000000000000000000000000000000000000F7
:4049C00000000000000000000000000000000000000000000000000000000000000000000000000000000000000000000000000000000000000000000000000000000000B7
:404A00000000000000000000000000000000000000000000000000000000000000000000000000000000000000000000000000000000000000000000000000000000000076
:404A40000000000000000000000000000000000000000000000000000000000000000000000000000000000000000000000000000000000000000000000000000000000036
:404A800000000000000000000000000000000000000000000000000000000000000000000000000000000000000000000000000000000000000000000000000000000000F6
:404AC00000000000000000000000000000000000000000000000000000000000000000000000000000000000000000000000000000000000000000000000000000000000B6
:404B00000000000000000000000000000000000000000000000000000000000000000000000000000000000000000000000000000000000000000000000000000000000075
:404B40000000000000000000000000000000000000000000000000000000000000000000000000000000000000000000000000000000000000000000000000000000000035
:404B800000000000000000000000000000000000000000000000000000000000000000000000000000000000000000000000000000000000000000000000000000000000F5
:404BC00000000000000000000000000000000000000000000000000000000000000000000000000000000000000000000000000000000000000000000000000000000000B5
:404C00000000000000000000000000000000000000000000000000000000000000000000000000000000000000000000000000000000000000000000000000000000000074
:404C40000000000000000000000000000000000000000000000000000000000000000000000000000000000000000000000000000000000000000000000000000000000034
:404C800000000000000000000000000000000000000000000000000000000000000000000000000000000000000000000000000000000000000000000000000000000000F4
:404CC00000000000000000000000000000000000000000000000000000000000000000000000000000000000000000000000000000000000000000000000000000000000B4
:404D00000000000000000000000000000000000000000000000000000000000000000000000000000000000000000000000000000000000000000000000000000000000073
:404D40000000000000000000000000000000000000000000000000000000000000000000000000000000000000000000000000000000000000000000000000000000000033
:404D800000000000000000000000000000000000000000000000000000000000000000000000000000000000000000000000000000000000000000000000000000000000F3
:404DC00000000000000000000000000000000000000000000000000000000000000000000000000000000000000000000000000000000000000000000000000000000000B3
:404E00000000000000000000000000000000000000000000000000000000000000000000000000000000000000000000000000000000000000000000000000000000000072
:404E40000000000000000000000000000000000000000000000000000000000000000000000000000000000000000000000000000000000000000000000000000000000032
:404E800000000000000000000000000000000000000000000000000000000000000000000000000000000000000000000000000000000000000000000000000000000000F2
:404EC00000000000000000000000000000000000000000000000000000000000000000000000000000000000000000000000000000000000000000000000000000000000B2
:404F00000000000000000000000000000000000000000000000000000000000000000000000000000000000000000000000000000000000000000000000000000000000071
:404F40000000000000000000000000000000000000000000000000000000000000000000000000000000000000000000000000000000000000000000000000000000000031
:404F800000000000000000000000000000000000000000000000000000000000000000000000000000000000000000000000000000000000000000000000000000000000F1
:404FC00000000000000000000000000000000000000000000000000000000000000000000000000000000000000000000000000000000000000000000000000000000000B1
:405000000000000000000000000000000000000000000000000000000000000000000000000000000000000000000000000000000000000000000000000000000000000070
:405040000000000000000000000000000000000000000000000000000000000000000000000000000000000000000000000000000000000000000000000000000000000030
:4050800000000000000000000000000000000000000000000000000000000000000000000000000000000000000000000000000000000000000000000000000000000000F0
:4050C00000000000000000000000000000000000000000000000000000000000000000000000000000000000000000000000000000000000000000000000000000000000B0
:40510000000000000000000000000000000000000000000000000000000000000000000000000000000000000000000000000000000000000000000000000000000000006F
:40514000000000000000000000000000000000000000000000000000000000000000000000000000000000000000000000000000000000000000000000000000000000002F
:4051800000000000000000000000000000000000000000000000000000000000000000000000000000000000000000000000000000000000000000000000000000000000EF
:4051C00000000000000000000000000000000000000000000000000000000000000000000000000000000000000000000000000000000000000000000000000000000000AF
:40520000000000000000000000000000000000000000000000000000000000000000000000000000000000000000000000000000000000000000000000000000000000006E
:40524000000000000000000000000000000000000000000000000000000000000000000000000000000000000000000000000000000000000000000000000000000000002E
:4052800000000000000000000000000000000000000000000000000000000000000000000000000000000000000000000000000000000000000000000000000000000000EE
:4052C00000000000000000000000000000000000000000000000000000000000000000000000000000000000000000000000000000000000000000000000000000000000AE
:40530000000000000000000000000000000000000000000000000000000000000000000000000000000000000000000000000000000000000000000000000000000000006D
:40534000000000000000000000000000000000000000000000000000000000000000000000000000000000000000000000000000000000000000000000000000000000002D
:4053800000000000000000000000000000000000000000000000000000000000000000000000000000000000000000000000000000000000000000000000000000000000ED
:4053C00000000000000000000000000000000000000000000000000000000000000000000000000000000000000000000000000000000000000000000000000000000000AD
:40540000000000000000000000000000000000000000000000000000000000000000000000000000000000000000000000000000000000000000000000000000000000006C
:40544000000000000000000000000000000000000000000000000000000000000000000000000000000000000000000000000000000000000000000000000000000000002C
:4054800000000000000000000000000000000000000000000000000000000000000000000000000000000000000000000000000000000000000000000000000000000000EC
:4054C00000000000000000000000000000000000000000000000000000000000000000000000000000000000000000000000000000000000000000000000000000000000AC
:40550000000000000000000000000000000000000000000000000000000000000000000000000000000000000000000000000000000000000000000000000000000000006B
:40554000000000000000000000000000000000000000000000000000000000000000000000000000000000000000000000000000000000000000000000000000000000002B
:4055800000000000000000000000000000000000000000000000000000000000000000000000000000000000000000000000000000000000000000000000000000000000EB
:4055C00000000000000000000000000000000000000000000000000000000000000000000000000000000000000000000000000000000000000000000000000000000000AB
:40560000000000000000000000000000000000000000000000000000000000000000000000000000000000000000000000000000000000000000000000000000000000006A
:40564000000000000000000000000000000000000000000000000000000000000000000000000000000000000000000000000000000000000000000000000000000000002A
:4056800000000000000000000000000000000000000000000000000000000000000000000000000000000000000000000000000000000000000000000000000000000000EA
:4056C00000000000000000000000000000000000000000000000000000000000000000000000000000000000000000000000000000000000000000000000000000000000AA
:405700000000000000000000000000000000000000000000000000000000000000000000000000000000000000000000000000000000000000000000000000000000000069
:405740000000000000000000000000000000000000000000000000000000000000000000000000000000000000000000000000000000000000000000000000000000000029
:4057800000000000000000000000000000000000000000000000000000000000000000000000000000000000000000000000000000000000000000000000000000000000E9
:4057C00000000000000000000000000000000000000000000000000000000000000000000000000000000000000000000000000000000000000000000000000000000000A9
:405800000000000000000000000000000000000000000000000000000000000000000000000000000000000000000000000000000000000000000000000000000000000068
:405840000000000000000000000000000000000000000000000000000000000000000000000000000000000000000000000000000000000000000000000000000000000028
:4058800000000000000000000000000000000000000000000000000000000000000000000000000000000000000000000000000000000000000000000000000000000000E8
:4058C00000000000000000000000000000000000000000000000000000000000000000000000000000000000000000000000000000000000000000000000000000000000A8
:405900000000000000000000000000000000000000000000000000000000000000000000000000000000000000000000000000000000000000000000000000000000000067
:405940000000000000000000000000000000000000000000000000000000000000000000000000000000000000000000000000000000000000000000000000000000000027
:4059800000000000000000000000000000000000000000000000000000000000000000000000000000000000000000000000000000000000000000000000000000000000E7
:4059C00000000000000000000000000000000000000000000000000000000000000000000000000000000000000000000000000000000000000000000000000000000000A7
:405A00000000000000000000000000000000000000000000000000000000000000000000000000000000000000000000000000000000000000000000000000000000000066
:405A40000000000000000000000000000000000000000000000000000000000000000000000000000000000000000000000000000000000000000000000000000000000026
:405A800000000000000000000000000000000000000000000000000000000000000000000000000000000000000000000000000000000000000000000000000000000000E6
:405AC00000000000000000000000000000000000000000000000000000000000000000000000000000000000000000000000000000000000000000000000000000000000A6
:405B00000000000000000000000000000000000000000000000000000000000000000000000000000000000000000000000000000000000000000000000000000000000065
:405B40000000000000000000000000000000000000000000000000000000000000000000000000000000000000000000000000000000000000000000000000000000000025
:405B800000000000000000000000000000000000000000000000000000000000000000000000000000000000000000000000000000000000000000000000000000000000E5
:405BC00000000000000000000000000000000000000000000000000000000000000000000000000000000000000000000000000000000000000000000000000000000000A5
:405C00000000000000000000000000000000000000000000000000000000000000000000000000000000000000000000000000000000000000000000000000000000000064
:405C40000000000000000000000000000000000000000000000000000000000000000000000000000000000000000000000000000000000000000000000000000000000024
:405C800000000000000000000000000000000000000000000000000000000000000000000000000000000000000000000000000000000000000000000000000000000000E4
:405CC00000000000000000000000000000000000000000000000000000000000000000000000000000000000000000000000000000000000000000000000000000000000A4
:405D00000000000000000000000000000000000000000000000000000000000000000000000000000000000000000000000000000000000000000000000000000000000063
:405D40000000000000000000000000000000000000000000000000000000000000000000000000000000000000000000000000000000000000000000000000000000000023
:405D800000000000000000000000000000000000000000000000000000000000000000000000000000000000000000000000000000000000000000000000000000000000E3
:405DC00000000000000000000000000000000000000000000000000000000000000000000000000000000000000000000000000000000000000000000000000000000000A3
:405E00000000000000000000000000000000000000000000000000000000000000000000000000000000000000000000000000000000000000000000000000000000000062
:405E40000000000000000000000000000000000000000000000000000000000000000000000000000000000000000000000000000000000000000000000000000000000022
:405E800000000000000000000000000000000000000000000000000000000000000000000000000000000000000000000000000000000000000000000000000000000000E2
:405EC00000000000000000000000000000000000000000000000000000000000000000000000000000000000000000000000000000000000000000000000000000000000A2
:405F00000000000000000000000000000000000000000000000000000000000000000000000000000000000000000000000000000000000000000000000000000000000061
:405F40000000000000000000000000000000000000000000000000000000000000000000000000000000000000000000000000000000000000000000000000000000000021
:405F800000000000000000000000000000000000000000000000000000000000000000000000000000000000000000000000000000000000000000000000000000000000E1
:405FC00000000000000000000000000000000000000000000000000000000000000000000000000000000000000000000000000000000000000000000000000000000000A1
:406000000000000000000000000000000000000000000000000000000000000000000000000000000000000000000000000000000000000000000000000000000000000060
:406040000000000000000000000000000000000000000000000000000000000000000000000000000000000000000000000000000000000000000000000000000000000020
:4060800000000000000000000000000000000000000000000000000000000000000000000000000000000000000000000000000000000000000000000000000000000000E0
:4060C00000000000000000000000000000000000000000000000000000000000000000000000000000000000000000000000000000000000000000000000000000000000A0
:40610000000000000000000000000000000000000000000000000000000000000000000000000000000000000000000000000000000000000000000000000000000000005F
:40614000000000000000000000000000000000000000000000000000000000000000000000000000000000000000000000000000000000000000000000000000000000001F
:4061800000000000000000000000000000000000000000000000000000000000000000000000000000000000000000000000000000000000000000000000000000000000DF
:4061C000000000000000000000000000000000000000000000000000000000000000000000000000000000000000000000000000000000000000000000000000000000009F
:40620000000000000000000000000000000000000000000000000000000000000000000000000000000000000000000000000000000000000000000000000000000000005E
:40624000000000000000000000000000000000000000000000000000000000000000000000000000000000000000000000000000000000000000000000000000000000001E
:4062800000000000000000000000000000000000000000000000000000000000000000000000000000000000000000000000000000000000000000000000000000000000DE
:4062C000000000000000000000000000000000000000000000000000000000000000000000000000000000000000000000000000000000000000000000000000000000009E
:40630000000000000000000000000000000000000000000000000000000000000000000000000000000000000000000000000000000000000000000000000000000000005D
:40634000000000000000000000000000000000000000000000000000000000000000000000000000000000000000000000000000000000000000000000000000000000001D
:4063800000000000000000000000000000000000000000000000000000000000000000000000000000000000000000000000000000000000000000000000000000000000DD
:4063C000000000000000000000000000000000000000000000000000000000000000000000000000000000000000000000000000000000000000000000000000000000009D
:40640000000000000000000000000000000000000000000000000000000000000000000000000000000000000000000000000000000000000000000000000000000000005C
:40644000000000000000000000000000000000000000000000000000000000000000000000000000000000000000000000000000000000000000000000000000000000001C
:4064800000000000000000000000000000000000000000000000000000000000000000000000000000000000000000000000000000000000000000000000000000000000DC
:4064C000000000000000000000000000000000000000000000000000000000000000000000000000000000000000000000000000000000000000000000000000000000009C
:40650000000000000000000000000000000000000000000000000000000000000000000000000000000000000000000000000000000000000000000000000000000000005B
:40654000000000000000000000000000000000000000000000000000000000000000000000000000000000000000000000000000000000000000000000000000000000001B
:4065800000000000000000000000000000000000000000000000000000000000000000000000000000000000000000000000000000000000000000000000000000000000DB
:4065C000000000000000000000000000000000000000000000000000000000000000000000000000000000000000000000000000000000000000000000000000000000009B
:40660000000000000000000000000000000000000000000000000000000000000000000000000000000000000000000000000000000000000000000000000000000000005A
:40664000000000000000000000000000000000000000000000000000000000000000000000000000000000000000000000000000000000000000000000000000000000001A
:4066800000000000000000000000000000000000000000000000000000000000000000000000000000000000000000000000000000000000000000000000000000000000DA
:4066C000000000000000000000000000000000000000000000000000000000000000000000000000000000000000000000000000000000000000000000000000000000009A
:406700000000000000000000000000000000000000000000000000000000000000000000000000000000000000000000000000000000000000000000000000000000000059
:406740000000000000000000000000000000000000000000000000000000000000000000000000000000000000000000000000000000000000000000000000000000000019
:4067800000000000000000000000000000000000000000000000000000000000000000000000000000000000000000000000000000000000000000000000000000000000D9
:4067C0000000000000000000000000000000000000000000000000000000000000000000000000000000000000000000000000000000000000000000000000000000000099
:406800000000000000000000000000000000000000000000000000000000000000000000000000000000000000000000000000000000000000000000000000000000000058
:406840000000000000000000000000000000000000000000000000000000000000000000000000000000000000000000000000000000000000000000000000000000000018
:4068800000000000000000000000000000000000000000000000000000000000000000000000000000000000000000000000000000000000000000000000000000000000D8
:4068C0000000000000000000000000000000000000000000000000000000000000000000000000000000000000000000000000000000000000000000000000000000000098
:406900000000000000000000000000000000000000000000000000000000000000000000000000000000000000000000000000000000000000000000000000000000000057
:406940000000000000000000000000000000000000000000000000000000000000000000000000000000000000000000000000000000000000000000000000000000000017
:4069800000000000000000000000000000000000000000000000000000000000000000000000000000000000000000000000000000000000000000000000000000000000D7
:4069C0000000000000000000000000000000000000000000000000000000000000000000000000000000000000000000000000000000000000000000000000000000000097
:406A00000000000000000000000000000000000000000000000000000000000000000000000000000000000000000000000000000000000000000000000000000000000056
:406A40000000000000000000000000000000000000000000000000000000000000000000000000000000000000000000000000000000000000000000000000000000000016
:406A800000000000000000000000000000000000000000000000000000000000000000000000000000000000000000000000000000000000000000000000000000000000D6
:406AC0000000000000000000000000000000000000000000000000000000000000000000000000000000000000000000000000000000000000000000000000000000000096
:406B00000000000000000000000000000000000000000000000000000000000000000000000000000000000000000000000000000000000000000000000000000000000055
:406B40000000000000000000000000000000000000000000000000000000000000000000000000000000000000000000000000000000000000000000000000000000000015
:406B800000000000000000000000000000000000000000000000000000000000000000000000000000000000000000000000000000000000000000000000000000000000D5
:406BC0000000000000000000000000000000000000000000000000000000000000000000000000000000000000000000000000000000000000000000000000000000000095
:406C00000000000000000000000000000000000000000000000000000000000000000000000000000000000000000000000000000000000000000000000000000000000054
:406C40000000000000000000000000000000000000000000000000000000000000000000000000000000000000000000000000000000000000000000000000000000000014
:406C800000000000000000000000000000000000000000000000000000000000000000000000000000000000000000000000000000000000000000000000000000000000D4
:406CC0000000000000000000000000000000000000000000000000000000000000000000000000000000000000000000000000000000000000000000000000000000000094
:406D00000000000000000000000000000000000000000000000000000000000000000000000000000000000000000000000000000000000000000000000000000000000053
:406D40000000000000000000000000000000000000000000000000000000000000000000000000000000000000000000000000000000000000000000000000000000000013
:406D800000000000000000000000000000000000000000000000000000000000000000000000000000000000000000000000000000000000000000000000000000000000D3
:406DC0000000000000000000000000000000000000000000000000000000000000000000000000000000000000000000000000000000000000000000000000000000000093
:406E00000000000000000000000000000000000000000000000000000000000000000000000000000000000000000000000000000000000000000000000000000000000052
:406E40000000000000000000000000000000000000000000000000000000000000000000000000000000000000000000000000000000000000000000000000000000000012
:406E800000000000000000000000000000000000000000000000000000000000000000000000000000000000000000000000000000000000000000000000000000000000D2
:406EC0000000000000000000000000000000000000000000000000000000000000000000000000000000000000000000000000000000000000000000000000000000000092
:406F00000000000000000000000000000000000000000000000000000000000000000000000000000000000000000000000000000000000000000000000000000000000051
:406F40000000000000000000000000000000000000000000000000000000000000000000000000000000000000000000000000000000000000000000000000000000000011
:406F800000000000000000000000000000000000000000000000000000000000000000000000000000000000000000000000000000000000000000000000000000000000D1
:406FC0000000000000000000000000000000000000000000000000000000000000000000000000000000000000000000000000000000000000000000000000000000000091
:407000000000000000000000000000000000000000000000000000000000000000000000000000000000000000000000000000000000000000000000000000000000000050
:407040000000000000000000000000000000000000000000000000000000000000000000000000000000000000000000000000000000000000000000000000000000000010
:4070800000000000000000000000000000000000000000000000000000000000000000000000000000000000000000000000000000000000000000000000000000000000D0
:4070C0000000000000000000000000000000000000000000000000000000000000000000000000000000000000000000000000000000000000000000000000000000000090
:40710000000000000000000000000000000000000000000000000000000000000000000000000000000000000000000000000000000000000000000000000000000000004F
:40714000000000000000000000000000000000000000000000000000000000000000000000000000000000000000000000000000000000000000000000000000000000000F
:4071800000000000000000000000000000000000000000000000000000000000000000000000000000000000000000000000000000000000000000000000000000000000CF
:4071C000000000000000000000000000000000000000000000000000000000000000000000000000000000000000000000000000000000000000000000000000000000008F
:40720000000000000000000000000000000000000000000000000000000000000000000000000000000000000000000000000000000000000000000000000000000000004E
:40724000000000000000000000000000000000000000000000000000000000000000000000000000000000000000000000000000000000000000000000000000000000000E
:4072800000000000000000000000000000000000000000000000000000000000000000000000000000000000000000000000000000000000000000000000000000000000CE
:4072C000000000000000000000000000000000000000000000000000000000000000000000000000000000000000000000000000000000000000000000000000000000008E
:40730000000000000000000000000000000000000000000000000000000000000000000000000000000000000000000000000000000000000000000000000000000000004D
:40734000000000000000000000000000000000000000000000000000000000000000000000000000000000000000000000000000000000000000000000000000000000000D
:4073800000000000000000000000000000000000000000000000000000000000000000000000000000000000000000000000000000000000000000000000000000000000CD
:4073C000000000000000000000000000000000000000000000000000000000000000000000000000000000000000000000000000000000000000000000000000000000008D
:40740000000000000000000000000000000000000000000000000000000000000000000000000000000000000000000000000000000000000000000000000000000000004C
:40744000000000000000000000000000000000000000000000000000000000000000000000000000000000000000000000000000000000000000000000000000000000000C
:4074800000000000000000000000000000000000000000000000000000000000000000000000000000000000000000000000000000000000000000000000000000000000CC
:4074C000000000000000000000000000000000000000000000000000000000000000000000000000000000000000000000000000000000000000000000000000000000008C
:40750000000000000000000000000000000000000000000000000000000000000000000000000000000000000000000000000000000000000000000000000000000000004B
:40754000000000000000000000000000000000000000000000000000000000000000000000000000000000000000000000000000000000000000000000000000000000000B
:4075800000000000000000000000000000000000000000000000000000000000000000000000000000000000000000000000000000000000000000000000000000000000CB
:4075C000000000000000000000000000000000000000000000000000000000000000000000000000000000000000000000000000000000000000000000000000000000008B
:40760000000000000000000000000000000000000000000000000000000000000000000000000000000000000000000000000000000000000000000000000000000000004A
:40764000000000000000000000000000000000000000000000000000000000000000000000000000000000000000000000000000000000000000000000000000000000000A
:4076800000000000000000000000000000000000000000000000000000000000000000000000000000000000000000000000000000000000000000000000000000000000CA
:4076C000000000000000000000000000000000000000000000000000000000000000000000000000000000000000000000000000000000000000000000000000000000008A
:407700000000000000000000000000000000000000000000000000000000000000000000000000000000000000000000000000000000000000000000000000000000000049
:407740000000000000000000000000000000000000000000000000000000000000000000000000000000000000000000000000000000000000000000000000000000000009
:4077800000000000000000000000000000000000000000000000000000000000000000000000000000000000000000000000000000000000000000000000000000000000C9
:4077C0000000000000000000000000000000000000000000000000000000000000000000000000000000000000000000000000000000000000000000000000000000000089
:407800000000000000000000000000000000000000000000000000000000000000000000000000000000000000000000000000000000000000000000000000000000000048
:407840000000000000000000000000000000000000000000000000000000000000000000000000000000000000000000000000000000000000000000000000000000000008
:4078800000000000000000000000000000000000000000000000000000000000000000000000000000000000000000000000000000000000000000000000000000000000C8
:4078C0000000000000000000000000000000000000000000000000000000000000000000000000000000000000000000000000000000000000000000000000000000000088
:407900000000000000000000000000000000000000000000000000000000000000000000000000000000000000000000000000000000000000000000000000000000000047
:407940000000000000000000000000000000000000000000000000000000000000000000000000000000000000000000000000000000000000000000000000000000000007
:4079800000000000000000000000000000000000000000000000000000000000000000000000000000000000000000000000000000000000000000000000000000000000C7
:4079C0000000000000000000000000000000000000000000000000000000000000000000000000000000000000000000000000000000000000000000000000000000000087
:407A00000000000000000000000000000000000000000000000000000000000000000000000000000000000000000000000000000000000000000000000000000000000046
:407A40000000000000000000000000000000000000000000000000000000000000000000000000000000000000000000000000000000000000000000000000000000000006
:407A800000000000000000000000000000000000000000000000000000000000000000000000000000000000000000000000000000000000000000000000000000000000C6
:407AC0000000000000000000000000000000000000000000000000000000000000000000000000000000000000000000000000000000000000000000000000000000000086
:407B00000000000000000000000000000000000000000000000000000000000000000000000000000000000000000000000000000000000000000000000000000000000045
:407B40000000000000000000000000000000000000000000000000000000000000000000000000000000000000000000000000000000000000000000000000000000000005
:407B800000000000000000000000000000000000000000000000000000000000000000000000000000000000000000000000000000000000000000000000000000000000C5
:407BC0000000000000000000000000000000000000000000000000000000000000000000000000000000000000000000000000000000000000000000000000000000000085
:407C00000000000000000000000000000000000000000000000000000000000000000000000000000000000000000000000000000000000000000000000000000000000044
:407C40000000000000000000000000000000000000000000000000000000000000000000000000000000000000000000000000000000000000000000000000000000000004
:407C800000000000000000000000000000000000000000000000000000000000000000000000000000000000000000000000000000000000000000000000000000000000C4
:407CC0000000000000000000000000000000000000000000000000000000000000000000000000000000000000000000000000000000000000000000000000000000000084
:407D00000000000000000000000000000000000000000000000000000000000000000000000000000000000000000000000000000000000000000000000000000000000043
:407D40000000000000000000000000000000000000000000000000000000000000000000000000000000000000000000000000000000000000000000000000000000000003
:407D800000000000000000000000000000000000000000000000000000000000000000000000000000000000000000000000000000000000000000000000000000000000C3
:407DC0000000000000000000000000000000000000000000000000000000000000000000000000000000000000000000000000000000000000000000000000000000000083
:407E00000000000000000000000000000000000000000000000000000000000000000000000000000000000000000000000000000000000000000000000000000000000042
:407E40000000000000000000000000000000000000000000000000000000000000000000000000000000000000000000000000000000000000000000000000000000000002
:407E800000000000000000000000000000000000000000000000000000000000000000000000000000000000000000000000000000000000000000000000000000000000C2
:407EC0000000000000000000000000000000000000000000000000000000000000000000000000000000000000000000000000000000000000000000000000000000000082
:407F00000000000000000000000000000000000000000000000000000000000000000000000000000000000000000000000000000000000000000000000000000000000041
:407F40000000000000000000000000000000000000000000000000000000000000000000000000000000000000000000000000000000000000000000000000000000000001
:407F800000000000000000000000000000000000000000000000000000000000000000000000000000000000000000000000000000000000000000000000000000000000C1
:407FC0000000000000000000000000000000000000000000000000000000000000000000000000000000000000000000000000000000000000000000000000000000000081
:408000000000000000000000000000000000000000000000000000000000000000000000000000000000000000000000000000000000000000000000000000000000000040
:408040000000000000000000000000000000000000000000000000000000000000000000000000000000000000000000000000000000000000000000000000000000000000
:4080800000000000000000000000000000000000000000000000000000000000000000000000000000000000000000000000000000000000000000000000000000000000C0
:4080C0000000000000000000000000000000000000000000000000000000000000000000000000000000000000000000000000000000000000000000000000000000000080
:40810000000000000000000000000000000000000000000000000000000000000000000000000000000000000000000000000000000000000000000000000000000000003F
:4081400000000000000000000000000000000000000000000000000000000000000000000000000000000000000000000000000000000000000000000000000000000000FF
:4081800000000000000000000000000000000000000000000000000000000000000000000000000000000000000000000000000000000000000000000000000000000000BF
:4081C000000000000000000000000000000000000000000000000000000000000000000000000000000000000000000000000000000000000000000000000000000000007F
:40820000000000000000000000000000000000000000000000000000000000000000000000000000000000000000000000000000000000000000000000000000000000003E
:4082400000000000000000000000000000000000000000000000000000000000000000000000000000000000000000000000000000000000000000000000000000000000FE
:4082800000000000000000000000000000000000000000000000000000000000000000000000000000000000000000000000000000000000000000000000000000000000BE
:4082C000000000000000000000000000000000000000000000000000000000000000000000000000000000000000000000000000000000000000000000000000000000007E
:40830000000000000000000000000000000000000000000000000000000000000000000000000000000000000000000000000000000000000000000000000000000000003D
:4083400000000000000000000000000000000000000000000000000000000000000000000000000000000000000000000000000000000000000000000000000000000000FD
:4083800000000000000000000000000000000000000000000000000000000000000000000000000000000000000000000000000000000000000000000000000000000000BD
:4083C000000000000000000000000000000000000000000000000000000000000000000000000000000000000000000000000000000000000000000000000000000000007D
:40840000000000000000000000000000000000000000000000000000000000000000000000000000000000000000000000000000000000000000000000000000000000003C
:4084400000000000000000000000000000000000000000000000000000000000000000000000000000000000000000000000000000000000000000000000000000000000FC
:4084800000000000000000000000000000000000000000000000000000000000000000000000000000000000000000000000000000000000000000000000000000000000BC
:4084C000000000000000000000000000000000000000000000000000000000000000000000000000000000000000000000000000000000000000000000000000000000007C
:40850000000000000000000000000000000000000000000000000000000000000000000000000000000000000000000000000000000000000000000000000000000000003B
:4085400000000000000000000000000000000000000000000000000000000000000000000000000000000000000000000000000000000000000000000000000000000000FB
:4085800000000000000000000000000000000000000000000000000000000000000000000000000000000000000000000000000000000000000000000000000000000000BB
:4085C000000000000000000000000000000000000000000000000000000000000000000000000000000000000000000000000000000000000000000000000000000000007B
:40860000000000000000000000000000000000000000000000000000000000000000000000000000000000000000000000000000000000000000000000000000000000003A
:4086400000000000000000000000000000000000000000000000000000000000000000000000000000000000000000000000000000000000000000000000000000000000FA
:4086800000000000000000000000000000000000000000000000000000000000000000000000000000000000000000000000000000000000000000000000000000000000BA
:4086C000000000000000000000000000000000000000000000000000000000000000000000000000000000000000000000000000000000000000000000000000000000007A
:408700000000000000000000000000000000000000000000000000000000000000000000000000000000000000000000000000000000000000000000000000000000000039
:4087400000000000000000000000000000000000000000000000000000000000000000000000000000000000000000000000000000000000000000000000000000000000F9
:4087800000000000000000000000000000000000000000000000000000000000000000000000000000000000000000000000000000000000000000000000000000000000B9
:4087C0000000000000000000000000000000000000000000000000000000000000000000000000000000000000000000000000000000000000000000000000000000000079
:408800000000000000000000000000000000000000000000000000000000000000000000000000000000000000000000000000000000000000000000000000000000000038
:4088400000000000000000000000000000000000000000000000000000000000000000000000000000000000000000000000000000000000000000000000000000000000F8
:4088800000000000000000000000000000000000000000000000000000000000000000000000000000000000000000000000000000000000000000000000000000000000B8
:4088C0000000000000000000000000000000000000000000000000000000000000000000000000000000000000000000000000000000000000000000000000000000000078
:408900000000000000000000000000000000000000000000000000000000000000000000000000000000000000000000000000000000000000000000000000000000000037
:4089400000000000000000000000000000000000000000000000000000000000000000000000000000000000000000000000000000000000000000000000000000000000F7
:4089800000000000000000000000000000000000000000000000000000000000000000000000000000000000000000000000000000000000000000000000000000000000B7
:4089C0000000000000000000000000000000000000000000000000000000000000000000000000000000000000000000000000000000000000000000000000000000000077
:408A00000000000000000000000000000000000000000000000000000000000000000000000000000000000000000000000000000000000000000000000000000000000036
:408A400000000000000000000000000000000000000000000000000000000000000000000000000000000000000000000000000000000000000000000000000000000000F6
:408A800000000000000000000000000000000000000000000000000000000000000000000000000000000000000000000000000000000000000000000000000000000000B6
:408AC0000000000000000000000000000000000000000000000000000000000000000000000000000000000000000000000000000000000000000000000000000000000076
:408B00000000000000000000000000000000000000000000000000000000000000000000000000000000000000000000000000000000000000000000000000000000000035
:408B400000000000000000000000000000000000000000000000000000000000000000000000000000000000000000000000000000000000000000000000000000000000F5
:408B800000000000000000000000000000000000000000000000000000000000000000000000000000000000000000000000000000000000000000000000000000000000B5
:408BC0000000000000000000000000000000000000000000000000000000000000000000000000000000000000000000000000000000000000000000000000000000000075
:408C00000000000000000000000000000000000000000000000000000000000000000000000000000000000000000000000000000000000000000000000000000000000034
:408C400000000000000000000000000000000000000000000000000000000000000000000000000000000000000000000000000000000000000000000000000000000000F4
:408C800000000000000000000000000000000000000000000000000000000000000000000000000000000000000000000000000000000000000000000000000000000000B4
:408CC0000000000000000000000000000000000000000000000000000000000000000000000000000000000000000000000000000000000000000000000000000000000074
:408D00000000000000000000000000000000000000000000000000000000000000000000000000000000000000000000000000000000000000000000000000000000000033
:408D400000000000000000000000000000000000000000000000000000000000000000000000000000000000000000000000000000000000000000000000000000000000F3
:408D800000000000000000000000000000000000000000000000000000000000000000000000000000000000000000000000000000000000000000000000000000000000B3
:408DC0000000000000000000000000000000000000000000000000000000000000000000000000000000000000000000000000000000000000000000000000000000000073
:408E00000000000000000000000000000000000000000000000000000000000000000000000000000000000000000000000000000000000000000000000000000000000032
:408E400000000000000000000000000000000000000000000000000000000000000000000000000000000000000000000000000000000000000000000000000000000000F2
:408E800000000000000000000000000000000000000000000000000000000000000000000000000000000000000000000000000000000000000000000000000000000000B2
:408EC0000000000000000000000000000000000000000000000000000000000000000000000000000000000000000000000000000000000000000000000000000000000072
:408F00000000000000000000000000000000000000000000000000000000000000000000000000000000000000000000000000000000000000000000000000000000000031
:408F400000000000000000000000000000000000000000000000000000000000000000000000000000000000000000000000000000000000000000000000000000000000F1
:408F800000000000000000000000000000000000000000000000000000000000000000000000000000000000000000000000000000000000000000000000000000000000B1
:408FC0000000000000000000000000000000000000000000000000000000000000000000000000000000000000000000000000000000000000000000000000000000000071
:409000000000000000000000000000000000000000000000000000000000000000000000000000000000000000000000000000000000000000000000000000000000000030
:4090400000000000000000000000000000000000000000000000000000000000000000000000000000000000000000000000000000000000000000000000000000000000F0
:4090800000000000000000000000000000000000000000000000000000000000000000000000000000000000000000000000000000000000000000000000000000000000B0
:4090C0000000000000000000000000000000000000000000000000000000000000000000000000000000000000000000000000000000000000000000000000000000000070
:40910000000000000000000000000000000000000000000000000000000000000000000000000000000000000000000000000000000000000000000000000000000000002F
:4091400000000000000000000000000000000000000000000000000000000000000000000000000000000000000000000000000000000000000000000000000000000000EF
:4091800000000000000000000000000000000000000000000000000000000000000000000000000000000000000000000000000000000000000000000000000000000000AF
:4091C000000000000000000000000000000000000000000000000000000000000000000000000000000000000000000000000000000000000000000000000000000000006F
:40920000000000000000000000000000000000000000000000000000000000000000000000000000000000000000000000000000000000000000000000000000000000002E
:4092400000000000000000000000000000000000000000000000000000000000000000000000000000000000000000000000000000000000000000000000000000000000EE
:4092800000000000000000000000000000000000000000000000000000000000000000000000000000000000000000000000000000000000000000000000000000000000AE
:4092C000000000000000000000000000000000000000000000000000000000000000000000000000000000000000000000000000000000000000000000000000000000006E
:40930000000000000000000000000000000000000000000000000000000000000000000000000000000000000000000000000000000000000000000000000000000000002D
:4093400000000000000000000000000000000000000000000000000000000000000000000000000000000000000000000000000000000000000000000000000000000000ED
:4093800000000000000000000000000000000000000000000000000000000000000000000000000000000000000000000000000000000000000000000000000000000000AD
:4093C000000000000000000000000000000000000000000000000000000000000000000000000000000000000000000000000000000000000000000000000000000000006D
:40940000000000000000000000000000000000000000000000000000000000000000000000000000000000000000000000000000000000000000000000000000000000002C
:4094400000000000000000000000000000000000000000000000000000000000000000000000000000000000000000000000000000000000000000000000000000000000EC
:4094800000000000000000000000000000000000000000000000000000000000000000000000000000000000000000000000000000000000000000000000000000000000AC
:4094C000000000000000000000000000000000000000000000000000000000000000000000000000000000000000000000000000000000000000000000000000000000006C
:40950000000000000000000000000000000000000000000000000000000000000000000000000000000000000000000000000000000000000000000000000000000000002B
:4095400000000000000000000000000000000000000000000000000000000000000000000000000000000000000000000000000000000000000000000000000000000000EB
:4095800000000000000000000000000000000000000000000000000000000000000000000000000000000000000000000000000000000000000000000000000000000000AB
:4095C000000000000000000000000000000000000000000000000000000000000000000000000000000000000000000000000000000000000000000000000000000000006B
:40960000000000000000000000000000000000000000000000000000000000000000000000000000000000000000000000000000000000000000000000000000000000002A
:4096400000000000000000000000000000000000000000000000000000000000000000000000000000000000000000000000000000000000000000000000000000000000EA
:4096800000000000000000000000000000000000000000000000000000000000000000000000000000000000000000000000000000000000000000000000000000000000AA
:4096C000000000000000000000000000000000000000000000000000000000000000000000000000000000000000000000000000000000000000000000000000000000006A
:409700000000000000000000000000000000000000000000000000000000000000000000000000000000000000000000000000000000000000000000000000000000000029
:4097400000000000000000000000000000000000000000000000000000000000000000000000000000000000000000000000000000000000000000000000000000000000E9
:4097800000000000000000000000000000000000000000000000000000000000000000000000000000000000000000000000000000000000000000000000000000000000A9
:4097C0000000000000000000000000000000000000000000000000000000000000000000000000000000000000000000000000000000000000000000000000000000000069
:409800000000000000000000000000000000000000000000000000000000000000000000000000000000000000000000000000000000000000000000000000000000000028
:4098400000000000000000000000000000000000000000000000000000000000000000000000000000000000000000000000000000000000000000000000000000000000E8
:4098800000000000000000000000000000000000000000000000000000000000000000000000000000000000000000000000000000000000000000000000000000000000A8
:4098C0000000000000000000000000000000000000000000000000000000000000000000000000000000000000000000000000000000000000000000000000000000000068
:409900000000000000000000000000000000000000000000000000000000000000000000000000000000000000000000000000000000000000000000000000000000000027
:4099400000000000000000000000000000000000000000000000000000000000000000000000000000000000000000000000000000000000000000000000000000000000E7
:4099800000000000000000000000000000000000000000000000000000000000000000000000000000000000000000000000000000000000000000000000000000000000A7
:4099C0000000000000000000000000000000000000000000000000000000000000000000000000000000000000000000000000000000000000000000000000000000000067
:409A00000000000000000000000000000000000000000000000000000000000000000000000000000000000000000000000000000000000000000000000000000000000026
:409A400000000000000000000000000000000000000000000000000000000000000000000000000000000000000000000000000000000000000000000000000000000000E6
:409A800000000000000000000000000000000000000000000000000000000000000000000000000000000000000000000000000000000000000000000000000000000000A6
:409AC0000000000000000000000000000000000000000000000000000000000000000000000000000000000000000000000000000000000000000000000000000000000066
:409B00000000000000000000000000000000000000000000000000000000000000000000000000000000000000000000000000000000000000000000000000000000000025
:409B400000000000000000000000000000000000000000000000000000000000000000000000000000000000000000000000000000000000000000000000000000000000E5
:409B800000000000000000000000000000000000000000000000000000000000000000000000000000000000000000000000000000000000000000000000000000000000A5
:409BC0000000000000000000000000000000000000000000000000000000000000000000000000000000000000000000000000000000000000000000000000000000000065
:409C00000000000000000000000000000000000000000000000000000000000000000000000000000000000000000000000000000000000000000000000000000000000024
:409C400000000000000000000000000000000000000000000000000000000000000000000000000000000000000000000000000000000000000000000000000000000000E4
:409C800000000000000000000000000000000000000000000000000000000000000000000000000000000000000000000000000000000000000000000000000000000000A4
:409CC0000000000000000000000000000000000000000000000000000000000000000000000000000000000000000000000000000000000000000000000000000000000064
:409D00000000000000000000000000000000000000000000000000000000000000000000000000000000000000000000000000000000000000000000000000000000000023
:409D400000000000000000000000000000000000000000000000000000000000000000000000000000000000000000000000000000000000000000000000000000000000E3
:409D800000000000000000000000000000000000000000000000000000000000000000000000000000000000000000000000000000000000000000000000000000000000A3
:409DC0000000000000000000000000000000000000000000000000000000000000000000000000000000000000000000000000000000000000000000000000000000000063
:409E00000000000000000000000000000000000000000000000000000000000000000000000000000000000000000000000000000000000000000000000000000000000022
:409E400000000000000000000000000000000000000000000000000000000000000000000000000000000000000000000000000000000000000000000000000000000000E2
:409E800000000000000000000000000000000000000000000000000000000000000000000000000000000000000000000000000000000000000000000000000000000000A2
:409EC0000000000000000000000000000000000000000000000000000000000000000000000000000000000000000000000000000000000000000000000000000000000062
:409F00000000000000000000000000000000000000000000000000000000000000000000000000000000000000000000000000000000000000000000000000000000000021
:409F400000000000000000000000000000000000000000000000000000000000000000000000000000000000000000000000000000000000000000000000000000000000E1
:409F800000000000000000000000000000000000000000000000000000000000000000000000000000000000000000000000000000000000000000000000000000000000A1
:409FC0000000000000000000000000000000000000000000000000000000000000000000000000000000000000000000000000000000000000000000000000000000000061
:40A000000000000000000000000000000000000000000000000000000000000000000000000000000000000000000000000000000000000000000000000000000000000020
:40A0400000000000000000000000000000000000000000000000000000000000000000000000000000000000000000000000000000000000000000000000000000000000E0
:40A0800000000000000000000000000000000000000000000000000000000000000000000000000000000000000000000000000000000000000000000000000000000000A0
:40A0C0000000000000000000000000000000000000000000000000000000000000000000000000000000000000000000000000000000000000000000000000000000000060
:40A10000000000000000000000000000000000000000000000000000000000000000000000000000000000000000000000000000000000000000000000000000000000001F
:40A1400000000000000000000000000000000000000000000000000000000000000000000000000000000000000000000000000000000000000000000000000000000000DF
:40A18000000000000000000000000000000000000000000000000000000000000000000000000000000000000000000000000000000000000000000000000000000000009F
:40A1C000000000000000000000000000000000000000000000000000000000000000000000000000000000000000000000000000000000000000000000000000000000005F
:40A20000000000000000000000000000000000000000000000000000000000000000000000000000000000000000000000000000000000000000000000000000000000001E
:40A2400000000000000000000000000000000000000000000000000000000000000000000000000000000000000000000000000000000000000000000000000000000000DE
:40A28000000000000000000000000000000000000000000000000000000000000000000000000000000000000000000000000000000000000000000000000000000000009E
:40A2C000000000000000000000000000000000000000000000000000000000000000000000000000000000000000000000000000000000000000000000000000000000005E
:40A30000000000000000000000000000000000000000000000000000000000000000000000000000000000000000000000000000000000000000000000000000000000001D
:40A3400000000000000000000000000000000000000000000000000000000000000000000000000000000000000000000000000000000000000000000000000000000000DD
:40A38000000000000000000000000000000000000000000000000000000000000000000000000000000000000000000000000000000000000000000000000000000000009D
:40A3C000000000000000000000000000000000000000000000000000000000000000000000000000000000000000000000000000000000000000000000000000000000005D
:40A40000000000000000000000000000000000000000000000000000000000000000000000000000000000000000000000000000000000000000000000000000000000001C
:40A4400000000000000000000000000000000000000000000000000000000000000000000000000000000000000000000000000000000000000000000000000000000000DC
:40A48000000000000000000000000000000000000000000000000000000000000000000000000000000000000000000000000000000000000000000000000000000000009C
:40A4C000000000000000000000000000000000000000000000000000000000000000000000000000000000000000000000000000000000000000000000000000000000005C
:40A50000000000000000000000000000000000000000000000000000000000000000000000000000000000000000000000000000000000000000000000000000000000001B
:40A5400000000000000000000000000000000000000000000000000000000000000000000000000000000000000000000000000000000000000000000000000000000000DB
:40A58000000000000000000000000000000000000000000000000000000000000000000000000000000000000000000000000000000000000000000000000000000000009B
:40A5C000000000000000000000000000000000000000000000000000000000000000000000000000000000000000000000000000000000000000000000000000000000005B
:40A60000000000000000000000000000000000000000000000000000000000000000000000000000000000000000000000000000000000000000000000000000000000001A
:40A6400000000000000000000000000000000000000000000000000000000000000000000000000000000000000000000000000000000000000000000000000000000000DA
:40A68000000000000000000000000000000000000000000000000000000000000000000000000000000000000000000000000000000000000000000000000000000000009A
:40A6C000000000000000000000000000000000000000000000000000000000000000000000000000000000000000000000000000000000000000000000000000000000005A
:40A700000000000000000000000000000000000000000000000000000000000000000000000000000000000000000000000000000000000000000000000000000000000019
:40A7400000000000000000000000000000000000000000000000000000000000000000000000000000000000000000000000000000000000000000000000000000000000D9
:40A780000000000000000000000000000000000000000000000000000000000000000000000000000000000000000000000000000000000000000000000000000000000099
:40A7C0000000000000000000000000000000000000000000000000000000000000000000000000000000000000000000000000000000000000000000000000000000000059
:40A800000000000000000000000000000000000000000000000000000000000000000000000000000000000000000000000000000000000000000000000000000000000018
:40A8400000000000000000000000000000000000000000000000000000000000000000000000000000000000000000000000000000000000000000000000000000000000D8
:40A880000000000000000000000000000000000000000000000000000000000000000000000000000000000000000000000000000000000000000000000000000000000098
:40A8C0000000000000000000000000000000000000000000000000000000000000000000000000000000000000000000000000000000000000000000000000000000000058
:40A900000000000000000000000000000000000000000000000000000000000000000000000000000000000000000000000000000000000000000000000000000000000017
:40A9400000000000000000000000000000000000000000000000000000000000000000000000000000000000000000000000000000000000000000000000000000000000D7
:40A980000000000000000000000000000000000000000000000000000000000000000000000000000000000000000000000000000000000000000000000000000000000097
:40A9C0000000000000000000000000000000000000000000000000000000000000000000000000000000000000000000000000000000000000000000000000000000000057
:40AA00000000000000000000000000000000000000000000000000000000000000000000000000000000000000000000000000000000000000000000000000000000000016
:40AA400000000000000000000000000000000000000000000000000000000000000000000000000000000000000000000000000000000000000000000000000000000000D6
:40AA80000000000000000000000000000000000000000000000000000000000000000000000000000000000000000000000000000000000000000000000000000000000096
:40AAC0000000000000000000000000000000000000000000000000000000000000000000000000000000000000000000000000000000000000000000000000000000000056
:40AB00000000000000000000000000000000000000000000000000000000000000000000000000000000000000000000000000000000000000000000000000000000000015
:40AB400000000000000000000000000000000000000000000000000000000000000000000000000000000000000000000000000000000000000000000000000000000000D5
:40AB80000000000000000000000000000000000000000000000000000000000000000000000000000000000000000000000000000000000000000000000000000000000095
:40ABC0000000000000000000000000000000000000000000000000000000000000000000000000000000000000000000000000000000000000000000000000000000000055
:40AC00000000000000000000000000000000000000000000000000000000000000000000000000000000000000000000000000000000000000000000000000000000000014
:40AC400000000000000000000000000000000000000000000000000000000000000000000000000000000000000000000000000000000000000000000000000000000000D4
:40AC80000000000000000000000000000000000000000000000000000000000000000000000000000000000000000000000000000000000000000000000000000000000094
:40ACC0000000000000000000000000000000000000000000000000000000000000000000000000000000000000000000000000000000000000000000000000000000000054
:40AD00000000000000000000000000000000000000000000000000000000000000000000000000000000000000000000000000000000000000000000000000000000000013
:40AD400000000000000000000000000000000000000000000000000000000000000000000000000000000000000000000000000000000000000000000000000000000000D3
:40AD80000000000000000000000000000000000000000000000000000000000000000000000000000000000000000000000000000000000000000000000000000000000093
:40ADC0000000000000000000000000000000000000000000000000000000000000000000000000000000000000000000000000000000000000000000000000000000000053
:40AE00000000000000000000000000000000000000000000000000000000000000000000000000000000000000000000000000000000000000000000000000000000000012
:40AE400000000000000000000000000000000000000000000000000000000000000000000000000000000000000000000000000000000000000000000000000000000000D2
:40AE80000000000000000000000000000000000000000000000000000000000000000000000000000000000000000000000000000000000000000000000000000000000092
:40AEC0000000000000000000000000000000000000000000000000000000000000000000000000000000000000000000000000000000000000000000000000000000000052
:40AF00000000000000000000000000000000000000000000000000000000000000000000000000000000000000000000000000000000000000000000000000000000000011
:40AF400000000000000000000000000000000000000000000000000000000000000000000000000000000000000000000000000000000000000000000000000000000000D1
:40AF80000000000000000000000000000000000000000000000000000000000000000000000000000000000000000000000000000000000000000000000000000000000091
:40AFC0000000000000000000000000000000000000000000000000000000000000000000000000000000000000000000000000000000000000000000000000000000000051
:40B000000000000000000000000000000000000000000000000000000000000000000000000000000000000000000000000000000000000000000000000000000000000010
:40B0400000000000000000000000000000000000000000000000000000000000000000000000000000000000000000000000000000000000000000000000000000000000D0
:40B080000000000000000000000000000000000000000000000000000000000000000000000000000000000000000000000000000000000000000000000000000000000090
:40B0C0000000000000000000000000000000000000000000000000000000000000000000000000000000000000000000000000000000000000000000000000000000000050
:40B10000000000000000000000000000000000000000000000000000000000000000000000000000000000000000000000000000000000000000000000000000000000000F
:40B1400000000000000000000000000000000000000000000000000000000000000000000000000000000000000000000000000000000000000000000000000000000000CF
:40B18000000000000000000000000000000000000000000000000000000000000000000000000000000000000000000000000000000000000000000000000000000000008F
:40B1C000000000000000000000000000000000000000000000000000000000000000000000000000000000000000000000000000000000000000000000000000000000004F
:40B20000000000000000000000000000000000000000000000000000000000000000000000000000000000000000000000000000000000000000000000000000000000000E
:40B2400000000000000000000000000000000000000000000000000000000000000000000000000000000000000000000000000000000000000000000000000000000000CE
:40B28000000000000000000000000000000000000000000000000000000000000000000000000000000000000000000000000000000000000000000000000000000000008E
:40B2C000000000000000000000000000000000000000000000000000000000000000000000000000000000000000000000000000000000000000000000000000000000004E
:40B30000000000000000000000000000000000000000000000000000000000000000000000000000000000000000000000000000000000000000000000000000000000000D
:40B3400000000000000000000000000000000000000000000000000000000000000000000000000000000000000000000000000000000000000000000000000000000000CD
:40B38000000000000000000000000000000000000000000000000000000000000000000000000000000000000000000000000000000000000000000000000000000000008D
:40B3C000000000000000000000000000000000000000000000000000000000000000000000000000000000000000000000000000000000000000000000000000000000004D
:40B40000000000000000000000000000000000000000000000000000000000000000000000000000000000000000000000000000000000000000000000000000000000000C
:40B4400000000000000000000000000000000000000000000000000000000000000000000000000000000000000000000000000000000000000000000000000000000000CC
:40B48000000000000000000000000000000000000000000000000000000000000000000000000000000000000000000000000000000000000000000000000000000000008C
:40B4C000000000000000000000000000000000000000000000000000000000000000000000000000000000000000000000000000000000000000000000000000000000004C
:40B50000000000000000000000000000000000000000000000000000000000000000000000000000000000000000000000000000000000000000000000000000000000000B
:40B5400000000000000000000000000000000000000000000000000000000000000000000000000000000000000000000000000000000000000000000000000000000000CB
:40B58000000000000000000000000000000000000000000000000000000000000000000000000000000000000000000000000000000000000000000000000000000000008B
:40B5C000000000000000000000000000000000000000000000000000000000000000000000000000000000000000000000000000000000000000000000000000000000004B
:40B60000000000000000000000000000000000000000000000000000000000000000000000000000000000000000000000000000000000000000000000000000000000000A
:40B6400000000000000000000000000000000000000000000000000000000000000000000000000000000000000000000000000000000000000000000000000000000000CA
:40B68000000000000000000000000000000000000000000000000000000000000000000000000000000000000000000000000000000000000000000000000000000000008A
:40B6C000000000000000000000000000000000000000000000000000000000000000000000000000000000000000000000000000000000000000000000000000000000004A
:40B700000000000000000000000000000000000000000000000000000000000000000000000000000000000000000000000000000000000000000000000000000000000009
:40B7400000000000000000000000000000000000000000000000000000000000000000000000000000000000000000000000000000000000000000000000000000000000C9
:40B780000000000000000000000000000000000000000000000000000000000000000000000000000000000000000000000000000000000000000000000000000000000089
:40B7C0000000000000000000000000000000000000000000000000000000000000000000000000000000000000000000000000000000000000000000000000000000000049
:40B800000000000000000000000000000000000000000000000000000000000000000000000000000000000000000000000000000000000000000000000000000000000008
:40B8400000000000000000000000000000000000000000000000000000000000000000000000000000000000000000000000000000000000000000000000000000000000C8
:40B880000000000000000000000000000000000000000000000000000000000000000000000000000000000000000000000000000000000000000000000000000000000088
:40B8C0000000000000000000000000000000000000000000000000000000000000000000000000000000000000000000000000000000000000000000000000000000000048
:40B900000000000000000000000000000000000000000000000000000000000000000000000000000000000000000000000000000000000000000000000000000000000007
:40B9400000000000000000000000000000000000000000000000000000000000000000000000000000000000000000000000000000000000000000000000000000000000C7
:40B980000000000000000000000000000000000000000000000000000000000000000000000000000000000000000000000000000000000000000000000000000000000087
:40B9C0000000000000000000000000000000000000000000000000000000000000000000000000000000000000000000000000000000000000000000000000000000000047
:40BA00000000000000000000000000000000000000000000000000000000000000000000000000000000000000000000000000000000000000000000000000000000000006
:40BA400000000000000000000000000000000000000000000000000000000000000000000000000000000000000000000000000000000000000000000000000000000000C6
:40BA80000000000000000000000000000000000000000000000000000000000000000000000000000000000000000000000000000000000000000000000000000000000086
:40BAC0000000000000000000000000000000000000000000000000000000000000000000000000000000000000000000000000000000000000000000000000000000000046
:40BB00000000000000000000000000000000000000000000000000000000000000000000000000000000000000000000000000000000000000000000000000000000000005
:40BB400000000000000000000000000000000000000000000000000000000000000000000000000000000000000000000000000000000000000000000000000000000000C5
:40BB80000000000000000000000000000000000000000000000000000000000000000000000000000000000000000000000000000000000000000000000000000000000085
:40BBC0000000000000000000000000000000000000000000000000000000000000000000000000000000000000000000000000000000000000000000000000000000000045
:40BC00000000000000000000000000000000000000000000000000000000000000000000000000000000000000000000000000000000000000000000000000000000000004
:40BC400000000000000000000000000000000000000000000000000000000000000000000000000000000000000000000000000000000000000000000000000000000000C4
:40BC80000000000000000000000000000000000000000000000000000000000000000000000000000000000000000000000000000000000000000000000000000000000084
:40BCC0000000000000000000000000000000000000000000000000000000000000000000000000000000000000000000000000000000000000000000000000000000000044
:40BD00000000000000000000000000000000000000000000000000000000000000000000000000000000000000000000000000000000000000000000000000000000000003
:40BD400000000000000000000000000000000000000000000000000000000000000000000000000000000000000000000000000000000000000000000000000000000000C3
:40BD80000000000000000000000000000000000000000000000000000000000000000000000000000000000000000000000000000000000000000000000000000000000083
:40BDC0000000000000000000000000000000000000000000000000000000000000000000000000000000000000000000000000000000000000000000000000000000000043
:40BE00000000000000000000000000000000000000000000000000000000000000000000000000000000000000000000000000000000000000000000000000000000000002
:40BE400000000000000000000000000000000000000000000000000000000000000000000000000000000000000000000000000000000000000000000000000000000000C2
:40BE80000000000000000000000000000000000000000000000000000000000000000000000000000000000000000000000000000000000000000000000000000000000082
:40BEC0000000000000000000000000000000000000000000000000000000000000000000000000000000000000000000000000000000000000000000000000000000000042
:40BF00000000000000000000000000000000000000000000000000000000000000000000000000000000000000000000000000000000000000000000000000000000000001
:40BF400000000000000000000000000000000000000000000000000000000000000000000000000000000000000000000000000000000000000000000000000000000000C1
:40BF80000000000000000000000000000000000000000000000000000000000000000000000000000000000000000000000000000000000000000000000000000000000081
:40BFC0000000000000000000000000000000000000000000000000000000000000000000000000000000000000000000000000000000000000000000000000000000000041
:40C000000000000000000000000000000000000000000000000000000000000000000000000000000000000000000000000000000000000000000000000000000000000000
:40C0400000000000000000000000000000000000000000000000000000000000000000000000000000000000000000000000000000000000000000000000000000000000C0
:40C080000000000000000000000000000000000000000000000000000000000000000000000000000000000000000000000000000000000000000000000000000000000080
:40C0C0000000000000000000000000000000000000000000000000000000000000000000000000000000000000000000000000000000000000000000000000000000000040
:40C1000000000000000000000000000000000000000000000000000000000000000000000000000000000000000000000000000000000000000000000000000000000000FF
:40C1400000000000000000000000000000000000000000000000000000000000000000000000000000000000000000000000000000000000000000000000000000000000BF
:40C18000000000000000000000000000000000000000000000000000000000000000000000000000000000000000000000000000000000000000000000000000000000007F
:40C1C000000000000000000000000000000000000000000000000000000000000000000000000000000000000000000000000000000000000000000000000000000000003F
:40C2000000000000000000000000000000000000000000000000000000000000000000000000000000000000000000000000000000000000000000000000000000000000FE
:40C2400000000000000000000000000000000000000000000000000000000000000000000000000000000000000000000000000000000000000000000000000000000000BE
:40C28000000000000000000000000000000000000000000000000000000000000000000000000000000000000000000000000000000000000000000000000000000000007E
:40C2C000000000000000000000000000000000000000000000000000000000000000000000000000000000000000000000000000000000000000000000000000000000003E
:40C3000000000000000000000000000000000000000000000000000000000000000000000000000000000000000000000000000000000000000000000000000000000000FD
:40C3400000000000000000000000000000000000000000000000000000000000000000000000000000000000000000000000000000000000000000000000000000000000BD
:40C38000000000000000000000000000000000000000000000000000000000000000000000000000000000000000000000000000000000000000000000000000000000007D
:40C3C000000000000000000000000000000000000000000000000000000000000000000000000000000000000000000000000000000000000000000000000000000000003D
:40C4000000000000000000000000000000000000000000000000000000000000000000000000000000000000000000000000000000000000000000000000000000000000FC
:40C4400000000000000000000000000000000000000000000000000000000000000000000000000000000000000000000000000000000000000000000000000000000000BC
:40C48000000000000000000000000000000000000000000000000000000000000000000000000000000000000000000000000000000000000000000000000000000000007C
:40C4C000000000000000000000000000000000000000000000000000000000000000000000000000000000000000000000000000000000000000000000000000000000003C
:40C5000000000000000000000000000000000000000000000000000000000000000000000000000000000000000000000000000000000000000000000000000000000000FB
:40C5400000000000000000000000000000000000000000000000000000000000000000000000000000000000000000000000000000000000000000000000000000000000BB
:40C58000000000000000000000000000000000000000000000000000000000000000000000000000000000000000000000000000000000000000000000000000000000007B
:40C5C000000000000000000000000000000000000000000000000000000000000000000000000000000000000000000000000000000000000000000000000000000000003B
:40C6000000000000000000000000000000000000000000000000000000000000000000000000000000000000000000000000000000000000000000000000000000000000FA
:40C6400000000000000000000000000000000000000000000000000000000000000000000000000000000000000000000000000000000000000000000000000000000000BA
:40C68000000000000000000000000000000000000000000000000000000000000000000000000000000000000000000000000000000000000000000000000000000000007A
:40C6C000000000000000000000000000000000000000000000000000000000000000000000000000000000000000000000000000000000000000000000000000000000003A
:40C7000000000000000000000000000000000000000000000000000000000000000000000000000000000000000000000000000000000000000000000000000000000000F9
:40C7400000000000000000000000000000000000000000000000000000000000000000000000000000000000000000000000000000000000000000000000000000000000B9
:40C780000000000000000000000000000000000000000000000000000000000000000000000000000000000000000000000000000000000000000000000000000000000079
:40C7C0000000000000000000000000000000000000000000000000000000000000000000000000000000000000000000000000000000000000000000000000000000000039
:40C8000000000000000000000000000000000000000000000000000000000000000000000000000000000000000000000000000000000000000000000000000000000000F8
:40C8400000000000000000000000000000000000000000000000000000000000000000000000000000000000000000000000000000000000000000000000000000000000B8
:40C880000000000000000000000000000000000000000000000000000000000000000000000000000000000000000000000000000000000000000000000000000000000078
:40C8C0000000000000000000000000000000000000000000000000000000000000000000000000000000000000000000000000000000000000000000000000000000000038
:40C9000000000000000000000000000000000000000000000000000000000000000000000000000000000000000000000000000000000000000000000000000000000000F7
:40C9400000000000000000000000000000000000000000000000000000000000000000000000000000000000000000000000000000000000000000000000000000000000B7
:40C980000000000000000000000000000000000000000000000000000000000000000000000000000000000000000000000000000000000000000000000000000000000077
:40C9C0000000000000000000000000000000000000000000000000000000000000000000000000000000000000000000000000000000000000000000000000000000000037
:40CA000000000000000000000000000000000000000000000000000000000000000000000000000000000000000000000000000000000000000000000000000000000000F6
:40CA400000000000000000000000000000000000000000000000000000000000000000000000000000000000000000000000000000000000000000000000000000000000B6
:40CA80000000000000000000000000000000000000000000000000000000000000000000000000000000000000000000000000000000000000000000000000000000000076
:40CAC0000000000000000000000000000000000000000000000000000000000000000000000000000000000000000000000000000000000000000000000000000000000036
:40CB000000000000000000000000000000000000000000000000000000000000000000000000000000000000000000000000000000000000000000000000000000000000F5
:40CB400000000000000000000000000000000000000000000000000000000000000000000000000000000000000000000000000000000000000000000000000000000000B5
:40CB80000000000000000000000000000000000000000000000000000000000000000000000000000000000000000000000000000000000000000000000000000000000075
:40CBC0000000000000000000000000000000000000000000000000000000000000000000000000000000000000000000000000000000000000000000000000000000000035
:40CC000000000000000000000000000000000000000000000000000000000000000000000000000000000000000000000000000000000000000000000000000000000000F4
:40CC400000000000000000000000000000000000000000000000000000000000000000000000000000000000000000000000000000000000000000000000000000000000B4
:40CC80000000000000000000000000000000000000000000000000000000000000000000000000000000000000000000000000000000000000000000000000000000000074
:40CCC0000000000000000000000000000000000000000000000000000000000000000000000000000000000000000000000000000000000000000000000000000000000034
:40CD000000000000000000000000000000000000000000000000000000000000000000000000000000000000000000000000000000000000000000000000000000000000F3
:40CD400000000000000000000000000000000000000000000000000000000000000000000000000000000000000000000000000000000000000000000000000000000000B3
:40CD80000000000000000000000000000000000000000000000000000000000000000000000000000000000000000000000000000000000000000000000000000000000073
:40CDC0000000000000000000000000000000000000000000000000000000000000000000000000000000000000000000000000000000000000000000000000000000000033
:40CE000000000000000000000000000000000000000000000000000000000000000000000000000000000000000000000000000000000000000000000000000000000000F2
:40CE400000000000000000000000000000000000000000000000000000000000000000000000000000000000000000000000000000000000000000000000000000000000B2
:40CE80000000000000000000000000000000000000000000000000000000000000000000000000000000000000000000000000000000000000000000000000000000000072
:40CEC0000000000000000000000000000000000000000000000000000000000000000000000000000000000000000000000000000000000000000000000000000000000032
:40CF000000000000000000000000000000000000000000000000000000000000000000000000000000000000000000000000000000000000000000000000000000000000F1
:40CF400000000000000000000000000000000000000000000000000000000000000000000000000000000000000000000000000000000000000000000000000000000000B1
:40CF80000000000000000000000000000000000000000000000000000000000000000000000000000000000000000000000000000000000000000000000000000000000071
:40CFC0000000000000000000000000000000000000000000000000000000000000000000000000000000000000000000000000000000000000000000000000000000000031
:40D0000000000000000000000000000000000000000000000000000000000000000000000000000000000000000000000000000000000000000000000000000000000000F0
:40D0400000000000000000000000000000000000000000000000000000000000000000000000000000000000000000000000000000000000000000000000000000000000B0
:40D080000000000000000000000000000000000000000000000000000000000000000000000000000000000000000000000000000000000000000000000000000000000070
:40D0C0000000000000000000000000000000000000000000000000000000000000000000000000000000000000000000000000000000000000000000000000000000000030
:40D1000000000000000000000000000000000000000000000000000000000000000000000000000000000000000000000000000000000000000000000000000000000000EF
:40D1400000000000000000000000000000000000000000000000000000000000000000000000000000000000000000000000000000000000000000000000000000000000AF
:40D18000000000000000000000000000000000000000000000000000000000000000000000000000000000000000000000000000000000000000000000000000000000006F
:40D1C000000000000000000000000000000000000000000000000000000000000000000000000000000000000000000000000000000000000000000000000000000000002F
:40D2000000000000000000000000000000000000000000000000000000000000000000000000000000000000000000000000000000000000000000000000000000000000EE
:40D2400000000000000000000000000000000000000000000000000000000000000000000000000000000000000000000000000000000000000000000000000000000000AE
:40D28000000000000000000000000000000000000000000000000000000000000000000000000000000000000000000000000000000000000000000000000000000000006E
:40D2C000000000000000000000000000000000000000000000000000000000000000000000000000000000000000000000000000000000000000000000000000000000002E
:40D3000000000000000000000000000000000000000000000000000000000000000000000000000000000000000000000000000000000000000000000000000000000000ED
:40D3400000000000000000000000000000000000000000000000000000000000000000000000000000000000000000000000000000000000000000000000000000000000AD
:40D38000000000000000000000000000000000000000000000000000000000000000000000000000000000000000000000000000000000000000000000000000000000006D
:40D3C000000000000000000000000000000000000000000000000000000000000000000000000000000000000000000000000000000000000000000000000000000000002D
:40D4000000000000000000000000000000000000000000000000000000000000000000000000000000000000000000000000000000000000000000000000000000000000EC
:40D4400000000000000000000000000000000000000000000000000000000000000000000000000000000000000000000000000000000000000000000000000000000000AC
:40D48000000000000000000000000000000000000000000000000000000000000000000000000000000000000000000000000000000000000000000000000000000000006C
:40D4C000000000000000000000000000000000000000000000000000000000000000000000000000000000000000000000000000000000000000000000000000000000002C
:40D5000000000000000000000000000000000000000000000000000000000000000000000000000000000000000000000000000000000000000000000000000000000000EB
:40D5400000000000000000000000000000000000000000000000000000000000000000000000000000000000000000000000000000000000000000000000000000000000AB
:40D58000000000000000000000000000000000000000000000000000000000000000000000000000000000000000000000000000000000000000000000000000000000006B
:40D5C000000000000000000000000000000000000000000000000000000000000000000000000000000000000000000000000000000000000000000000000000000000002B
:40D6000000000000000000000000000000000000000000000000000000000000000000000000000000000000000000000000000000000000000000000000000000000000EA
:40D6400000000000000000000000000000000000000000000000000000000000000000000000000000000000000000000000000000000000000000000000000000000000AA
:40D68000000000000000000000000000000000000000000000000000000000000000000000000000000000000000000000000000000000000000000000000000000000006A
:40D6C000000000000000000000000000000000000000000000000000000000000000000000000000000000000000000000000000000000000000000000000000000000002A
:40D7000000000000000000000000000000000000000000000000000000000000000000000000000000000000000000000000000000000000000000000000000000000000E9
:40D7400000000000000000000000000000000000000000000000000000000000000000000000000000000000000000000000000000000000000000000000000000000000A9
:40D780000000000000000000000000000000000000000000000000000000000000000000000000000000000000000000000000000000000000000000000000000000000069
:40D7C0000000000000000000000000000000000000000000000000000000000000000000000000000000000000000000000000000000000000000000000000000000000029
:40D8000000000000000000000000000000000000000000000000000000000000000000000000000000000000000000000000000000000000000000000000000000000000E8
:40D8400000000000000000000000000000000000000000000000000000000000000000000000000000000000000000000000000000000000000000000000000000000000A8
:40D880000000000000000000000000000000000000000000000000000000000000000000000000000000000000000000000000000000000000000000000000000000000068
:40D8C0000000000000000000000000000000000000000000000000000000000000000000000000000000000000000000000000000000000000000000000000000000000028
:40D9000000000000000000000000000000000000000000000000000000000000000000000000000000000000000000000000000000000000000000000000000000000000E7
:40D9400000000000000000000000000000000000000000000000000000000000000000000000000000000000000000000000000000000000000000000000000000000000A7
:40D980000000000000000000000000000000000000000000000000000000000000000000000000000000000000000000000000000000000000000000000000000000000067
:40D9C0000000000000000000000000000000000000000000000000000000000000000000000000000000000000000000000000000000000000000000000000000000000027
:40DA000000000000000000000000000000000000000000000000000000000000000000000000000000000000000000000000000000000000000000000000000000000000E6
:40DA400000000000000000000000000000000000000000000000000000000000000000000000000000000000000000000000000000000000000000000000000000000000A6
:40DA80000000000000000000000000000000000000000000000000000000000000000000000000000000000000000000000000000000000000000000000000000000000066
:40DAC0000000000000000000000000000000000000000000000000000000000000000000000000000000000000000000000000000000000000000000000000000000000026
:40DB000000000000000000000000000000000000000000000000000000000000000000000000000000000000000000000000000000000000000000000000000000000000E5
:40DB400000000000000000000000000000000000000000000000000000000000000000000000000000000000000000000000000000000000000000000000000000000000A5
:40DB80000000000000000000000000000000000000000000000000000000000000000000000000000000000000000000000000000000000000000000000000000000000065
:40DBC0000000000000000000000000000000000000000000000000000000000000000000000000000000000000000000000000000000000000000000000000000000000025
:40DC000000000000000000000000000000000000000000000000000000000000000000000000000000000000000000000000000000000000000000000000000000000000E4
:40DC400000000000000000000000000000000000000000000000000000000000000000000000000000000000000000000000000000000000000000000000000000000000A4
:40DC80000000000000000000000000000000000000000000000000000000000000000000000000000000000000000000000000000000000000000000000000000000000064
:40DCC0000000000000000000000000000000000000000000000000000000000000000000000000000000000000000000000000000000000000000000000000000000000024
:40DD000000000000000000000000000000000000000000000000000000000000000000000000000000000000000000000000000000000000000000000000000000000000E3
:40DD400000000000000000000000000000000000000000000000000000000000000000000000000000000000000000000000000000000000000000000000000000000000A3
:40DD80000000000000000000000000000000000000000000000000000000000000000000000000000000000000000000000000000000000000000000000000000000000063
:40DDC0000000000000000000000000000000000000000000000000000000000000000000000000000000000000000000000000000000000000000000000000000000000023
:40DE000000000000000000000000000000000000000000000000000000000000000000000000000000000000000000000000000000000000000000000000000000000000E2
:40DE400000000000000000000000000000000000000000000000000000000000000000000000000000000000000000000000000000000000000000000000000000000000A2
:40DE80000000000000000000000000000000000000000000000000000000000000000000000000000000000000000000000000000000000000000000000000000000000062
:40DEC0000000000000000000000000000000000000000000000000000000000000000000000000000000000000000000000000000000000000000000000000000000000022
:40DF000000000000000000000000000000000000000000000000000000000000000000000000000000000000000000000000000000000000000000000000000000000000E1
:40DF400000000000000000000000000000000000000000000000000000000000000000000000000000000000000000000000000000000000000000000000000000000000A1
:40DF80000000000000000000000000000000000000000000000000000000000000000000000000000000000000000000000000000000000000000000000000000000000061
:40DFC0000000000000000000000000000000000000000000000000000000000000000000000000000000000000000000000000000000000000000000000000000000000021
:40E0000000000000000000000000000000000000000000000000000000000000000000000000000000000000000000000000000000000000000000000000000000000000E0
:40E0400000000000000000000000000000000000000000000000000000000000000000000000000000000000000000000000000000000000000000000000000000000000A0
:40E080000000000000000000000000000000000000000000000000000000000000000000000000000000000000000000000000000000000000000000000000000000000060
:40E0C0000000000000000000000000000000000000000000000000000000000000000000000000000000000000000000000000000000000000000000000000000000000020
:40E1000000000000000000000000000000000000000000000000000000000000000000000000000000000000000000000000000000000000000000000000000000000000DF
:40E14000000000000000000000000000000000000000000000000000000000000000000000000000000000000000000000000000000000000000000000000000000000009F
:40E18000000000000000000000000000000000000000000000000000000000000000000000000000000000000000000000000000000000000000000000000000000000005F
:40E1C000000000000000000000000000000000000000000000000000000000000000000000000000000000000000000000000000000000000000000000000000000000001F
:40E2000000000000000000000000000000000000000000000000000000000000000000000000000000000000000000000000000000000000000000000000000000000000DE
:40E24000000000000000000000000000000000000000000000000000000000000000000000000000000000000000000000000000000000000000000000000000000000009E
:40E28000000000000000000000000000000000000000000000000000000000000000000000000000000000000000000000000000000000000000000000000000000000005E
:40E2C000000000000000000000000000000000000000000000000000000000000000000000000000000000000000000000000000000000000000000000000000000000001E
:40E3000000000000000000000000000000000000000000000000000000000000000000000000000000000000000000000000000000000000000000000000000000000000DD
:40E34000000000000000000000000000000000000000000000000000000000000000000000000000000000000000000000000000000000000000000000000000000000009D
:40E38000000000000000000000000000000000000000000000000000000000000000000000000000000000000000000000000000000000000000000000000000000000005D
:40E3C000000000000000000000000000000000000000000000000000000000000000000000000000000000000000000000000000000000000000000000000000000000001D
:40E4000000000000000000000000000000000000000000000000000000000000000000000000000000000000000000000000000000000000000000000000000000000000DC
:40E44000000000000000000000000000000000000000000000000000000000000000000000000000000000000000000000000000000000000000000000000000000000009C
:40E48000000000000000000000000000000000000000000000000000000000000000000000000000000000000000000000000000000000000000000000000000000000005C
:40E4C000000000000000000000000000000000000000000000000000000000000000000000000000000000000000000000000000000000000000000000000000000000001C
:40E5000000000000000000000000000000000000000000000000000000000000000000000000000000000000000000000000000000000000000000000000000000000000DB
:40E54000000000000000000000000000000000000000000000000000000000000000000000000000000000000000000000000000000000000000000000000000000000009B
:40E58000000000000000000000000000000000000000000000000000000000000000000000000000000000000000000000000000000000000000000000000000000000005B
:40E5C000000000000000000000000000000000000000000000000000000000000000000000000000000000000000000000000000000000000000000000000000000000001B
:40E6000000000000000000000000000000000000000000000000000000000000000000000000000000000000000000000000000000000000000000000000000000000000DA
:40E64000000000000000000000000000000000000000000000000000000000000000000000000000000000000000000000000000000000000000000000000000000000009A
:40E68000000000000000000000000000000000000000000000000000000000000000000000000000000000000000000000000000000000000000000000000000000000005A
:40E6C000000000000000000000000000000000000000000000000000000000000000000000000000000000000000000000000000000000000000000000000000000000001A
:40E7000000000000000000000000000000000000000000000000000000000000000000000000000000000000000000000000000000000000000000000000000000000000D9
:40E740000000000000000000000000000000000000000000000000000000000000000000000000000000000000000000000000000000000000000000000000000000000099
:40E780000000000000000000000000000000000000000000000000000000000000000000000000000000000000000000000000000000000000000000000000000000000059
:40E7C0000000000000000000000000000000000000000000000000000000000000000000000000000000000000000000000000000000000000000000000000000000000019
:40E8000000000000000000000000000000000000000000000000000000000000000000000000000000000000000000000000000000000000000000000000000000000000D8
:40E840000000000000000000000000000000000000000000000000000000000000000000000000000000000000000000000000000000000000000000000000000000000098
:40E880000000000000000000000000000000000000000000000000000000000000000000000000000000000000000000000000000000000000000000000000000000000058
:40E8C0000000000000000000000000000000000000000000000000000000000000000000000000000000000000000000000000000000000000000000000000000000000018
:40E9000000000000000000000000000000000000000000000000000000000000000000000000000000000000000000000000000000000000000000000000000000000000D7
:40E940000000000000000000000000000000000000000000000000000000000000000000000000000000000000000000000000000000000000000000000000000000000097
:40E980000000000000000000000000000000000000000000000000000000000000000000000000000000000000000000000000000000000000000000000000000000000057
:40E9C0000000000000000000000000000000000000000000000000000000000000000000000000000000000000000000000000000000000000000000000000000000000017
:40EA000000000000000000000000000000000000000000000000000000000000000000000000000000000000000000000000000000000000000000000000000000000000D6
:40EA40000000000000000000000000000000000000000000000000000000000000000000000000000000000000000000000000000000000000000000000000000000000096
:40EA80000000000000000000000000000000000000000000000000000000000000000000000000000000000000000000000000000000000000000000000000000000000056
:40EAC0000000000000000000000000000000000000000000000000000000000000000000000000000000000000000000000000000000000000000000000000000000000016
:40EB000000000000000000000000000000000000000000000000000000000000000000000000000000000000000000000000000000000000000000000000000000000000D5
:40EB40000000000000000000000000000000000000000000000000000000000000000000000000000000000000000000000000000000000000000000000000000000000095
:40EB80000000000000000000000000000000000000000000000000000000000000000000000000000000000000000000000000000000000000000000000000000000000055
:40EBC0000000000000000000000000000000000000000000000000000000000000000000000000000000000000000000000000000000000000000000000000000000000015
:40EC000000000000000000000000000000000000000000000000000000000000000000000000000000000000000000000000000000000000000000000000000000000000D4
:40EC40000000000000000000000000000000000000000000000000000000000000000000000000000000000000000000000000000000000000000000000000000000000094
:40EC80000000000000000000000000000000000000000000000000000000000000000000000000000000000000000000000000000000000000000000000000000000000054
:40ECC0000000000000000000000000000000000000000000000000000000000000000000000000000000000000000000000000000000000000000000000000000000000014
:40ED000000000000000000000000000000000000000000000000000000000000000000000000000000000000000000000000000000000000000000000000000000000000D3
:40ED40000000000000000000000000000000000000000000000000000000000000000000000000000000000000000000000000000000000000000000000000000000000093
:40ED80000000000000000000000000000000000000000000000000000000000000000000000000000000000000000000000000000000000000000000000000000000000053
:40EDC0000000000000000000000000000000000000000000000000000000000000000000000000000000000000000000000000000000000000000000000000000000000013
:40EE000000000000000000000000000000000000000000000000000000000000000000000000000000000000000000000000000000000000000000000000000000000000D2
:40EE40000000000000000000000000000000000000000000000000000000000000000000000000000000000000000000000000000000000000000000000000000000000092
:40EE80000000000000000000000000000000000000000000000000000000000000000000000000000000000000000000000000000000000000000000000000000000000052
:40EEC0000000000000000000000000000000000000000000000000000000000000000000000000000000000000000000000000000000000000000000000000000000000012
:40EF000000000000000000000000000000000000000000000000000000000000000000000000000000000000000000000000000000000000000000000000000000000000D1
:40EF40000000000000000000000000000000000000000000000000000000000000000000000000000000000000000000000000000000000000000000000000000000000091
:40EF80000000000000000000000000000000000000000000000000000000000000000000000000000000000000000000000000000000000000000000000000000000000051
:40EFC0000000000000000000000000000000000000000000000000000000000000000000000000000000000000000000000000000000000000000000000000000000000011
:40F0000000000000000000000000000000000000000000000000000000000000000000000000000000000000000000000000000000000000000000000000000000000000D0
:40F040000000000000000000000000000000000000000000000000000000000000000000000000000000000000000000000000000000000000000000000000000000000090
:40F080000000000000000000000000000000000000000000000000000000000000000000000000000000000000000000000000000000000000000000000000000000000050
:40F0C0000000000000000000000000000000000000000000000000000000000000000000000000000000000000000000000000000000000000000000000000000000000010
:40F1000000000000000000000000000000000000000000000000000000000000000000000000000000000000000000000000000000000000000000000000000000000000CF
:40F14000000000000000000000000000000000000000000000000000000000000000000000000000000000000000000000000000000000000000000000000000000000008F
:40F18000000000000000000000000000000000000000000000000000000000000000000000000000000000000000000000000000000000000000000000000000000000004F
:40F1C000000000000000000000000000000000000000000000000000000000000000000000000000000000000000000000000000000000000000000000000000000000000F
:40F2000000000000000000000000000000000000000000000000000000000000000000000000000000000000000000000000000000000000000000000000000000000000CE
:40F24000000000000000000000000000000000000000000000000000000000000000000000000000000000000000000000000000000000000000000000000000000000008E
:40F28000000000000000000000000000000000000000000000000000000000000000000000000000000000000000000000000000000000000000000000000000000000004E
:40F2C000000000000000000000000000000000000000000000000000000000000000000000000000000000000000000000000000000000000000000000000000000000000E
:40F3000000000000000000000000000000000000000000000000000000000000000000000000000000000000000000000000000000000000000000000000000000000000CD
:40F34000000000000000000000000000000000000000000000000000000000000000000000000000000000000000000000000000000000000000000000000000000000008D
:40F38000000000000000000000000000000000000000000000000000000000000000000000000000000000000000000000000000000000000000000000000000000000004D
:40F3C000000000000000000000000000000000000000000000000000000000000000000000000000000000000000000000000000000000000000000000000000000000000D
:40F4000000000000000000000000000000000000000000000000000000000000000000000000000000000000000000000000000000000000000000000000000000000000CC
:40F44000000000000000000000000000000000000000000000000000000000000000000000000000000000000000000000000000000000000000000000000000000000008C
:40F48000000000000000000000000000000000000000000000000000000000000000000000000000000000000000000000000000000000000000000000000000000000004C
:40F4C000000000000000000000000000000000000000000000000000000000000000000000000000000000000000000000000000000000000000000000000000000000000C
:40F5000000000000000000000000000000000000000000000000000000000000000000000000000000000000000000000000000000000000000000000000000000000000CB
:40F54000000000000000000000000000000000000000000000000000000000000000000000000000000000000000000000000000000000000000000000000000000000008B
:40F58000000000000000000000000000000000000000000000000000000000000000000000000000000000000000000000000000000000000000000000000000000000004B
:40F5C000000000000000000000000000000000000000000000000000000000000000000000000000000000000000000000000000000000000000000000000000000000000B
:40F6000000000000000000000000000000000000000000000000000000000000000000000000000000000000000000000000000000000000000000000000000000000000CA
:40F64000000000000000000000000000000000000000000000000000000000000000000000000000000000000000000000000000000000000000000000000000000000008A
:40F68000000000000000000000000000000000000000000000000000000000000000000000000000000000000000000000000000000000000000000000000000000000004A
:40F6C000000000000000000000000000000000000000000000000000000000000000000000000000000000000000000000000000000000000000000000000000000000000A
:40F7000000000000000000000000000000000000000000000000000000000000000000000000000000000000000000000000000000000000000000000000000000000000C9
:40F740000000000000000000000000000000000000000000000000000000000000000000000000000000000000000000000000000000000000000000000000000000000089
:40F780000000000000000000000000000000000000000000000000000000000000000000000000000000000000000000000000000000000000000000000000000000000049
:40F7C0000000000000000000000000000000000000000000000000000000000000000000000000000000000000000000000000000000000000000000000000000000000009
:40F8000000000000000000000000000000000000000000000000000000000000000000000000000000000000000000000000000000000000000000000000000000000000C8
:40F840000000000000000000000000000000000000000000000000000000000000000000000000000000000000000000000000000000000000000000000000000000000088
:40F880000000000000000000000000000000000000000000000000000000000000000000000000000000000000000000000000000000000000000000000000000000000048
:40F8C0000000000000000000000000000000000000000000000000000000000000000000000000000000000000000000000000000000000000000000000000000000000008
:40F9000000000000000000000000000000000000000000000000000000000000000000000000000000000000000000000000000000000000000000000000000000000000C7
:40F940000000000000000000000000000000000000000000000000000000000000000000000000000000000000000000000000000000000000000000000000000000000087
:40F980000000000000000000000000000000000000000000000000000000000000000000000000000000000000000000000000000000000000000000000000000000000047
:40F9C0000000000000000000000000000000000000000000000000000000000000000000000000000000000000000000000000000000000000000000000000000000000007
:40FA000000000000000000000000000000000000000000000000000000000000000000000000000000000000000000000000000000000000000000000000000000000000C6
:40FA40000000000000000000000000000000000000000000000000000000000000000000000000000000000000000000000000000000000000000000000000000000000086
:40FA80000000000000000000000000000000000000000000000000000000000000000000000000000000000000000000000000000000000000000000000000000000000046
:40FAC0000000000000000000000000000000000000000000000000000000000000000000000000000000000000000000000000000000000000000000000000000000000006
:40FB000000000000000000000000000000000000000000000000000000000000000000000000000000000000000000000000000000000000000000000000000000000000C5
:40FB40000000000000000000000000000000000000000000000000000000000000000000000000000000000000000000000000000000000000000000000000000000000085
:40FB80000000000000000000000000000000000000000000000000000000000000000000000000000000000000000000000000000000000000000000000000000000000045
:40FBC0000000000000000000000000000000000000000000000000000000000000000000000000000000000000000000000000000000000000000000000000000000000005
:40FC000000000000000000000000000000000000000000000000000000000000000000000000000000000000000000000000000000000000000000000000000000000000C4
:40FC40000000000000000000000000000000000000000000000000000000000000000000000000000000000000000000000000000000000000000000000000000000000084
:40FC80000000000000000000000000000000000000000000000000000000000000000000000000000000000000000000000000000000000000000000000000000000000044
:40FCC0000000000000000000000000000000000000000000000000000000000000000000000000000000000000000000000000000000000000000000000000000000000004
:40FD000000000000000000000000000000000000000000000000000000000000000000000000000000000000000000000000000000000000000000000000000000000000C3
:40FD40000000000000000000000000000000000000000000000000000000000000000000000000000000000000000000000000000000000000000000000000000000000083
:40FD80000000000000000000000000000000000000000000000000000000000000000000000000000000000000000000000000000000000000000000000000000000000043
:40FDC0000000000000000000000000000000000000000000000000000000000000000000000000000000000000000000000000000000000000000000000000000000000003
:40FE00000000000000000000000000000000000000000000000000000000000000000000000000000000000000000000000000000000000000000026050000000000000097
:40FE40000000000000000000000000000000000000000000000000000000000000000000000000000000000000000000000000000000000000000000000000000000000082
:40FE80000000000000000000000000000000000000000000000000000000000000000000000000000000000000000000000000000000000000000000000000000000000042
:40FEC0000000000000000000000000000000000000000000000000000000000000000000000000000000000000000000000000000000000000000000000000000000000002
:40FF000000000000000000000000000000000000000000000000000000000000000000000000000000000000000000000000000000000000000000000000000000000000C1
:40FF40000000000000000000000000000000000000000000000000000000000000000000000000000000000000000000000000000000000000000000000000000000000081
:40FF80000000000000000000000000000000000000000000000000000000000000000000000000000000000000000000000000000000000000000000000000000000000041
:40FFC00051111C00001B000000009A010000000000000000000000000000000000000000390300000000000000000000000000000000000000000000000000000000000091
:0200000490303A
:02000000690A8B
:0200000490402A
:4000000000000000000000000000000000000000000000000000000000000000000000000000000000000000000000000000000000000000000000000000000000000000C0
:400040000000000000000000000000000000000000000000000000000000000000000000000000000000000000000000000000000000000000000000000000000000000080
:0200000490501A
:0C00000000021A6F11AA00011B007AB464
:0200000490600A
:0100000001FE
:00000001FF